{"text": "本公司目前拥有散装水泥罐车240辆的使用权（该车所有权属于铁道部），分十二次以购买方式取得，分别按10年摊销，最早取得时间是1994年12月，最近取得时间是2001年6月。截止2002年6月30日该无形资产帐面净值为14,901,753.72元。", "spo_list": [{"predicate": "无形资产", "object_type": "金额", "subject_type": "日期", "object": "14,901,753.72元", "subject": "2002年6月30日", "subject_index": {"begin": 88, "end": 98}, "object_index": {"begin": 108, "end": 122}}]}
{"text": "技术中心财务实行独立核算，所需资金纳入本公司年度预算。2000年本公司技术中心研发费用为28.3万元，占主营业务收入比重为0.08%。", "spo_list": [{"predicate": "研发费用", "object_type": "金额", "subject_type": "日期", "object": "28.3万元", "subject": "2000年", "subject_index": {"begin": 27, "end": 32}, "object_index": {"begin": 44, "end": 50}}]}
{"text": "2、1993年3月12日本公司与原太行集团订立《关于“太行山”牌水泥商标许可使用的协议》。原太行集团许可本公司有偿使用“太行山”牌水泥商标。本公司每年向原太行集团支付商标使用费人民币15万元。2001年1月1日，双方订立《注册商标权转让协议》，原太行集团将其合法拥有的“太行山牌”水泥注册商标的商标权无偿转让于本公司，相关手续已经办理完毕，本公司已合法取得该商标所有权。", "spo_list": [{"predicate": "转让日期", "object_type": "日期", "subject_type": "公司", "object": "2001年1月1日", "subject": "原太行集团", "subject_index": {"begin": 122, "end": 127}, "object_index": {"begin": 96, "end": 105}}]}
{"text": "1、本公司于2000年3月31日与原太行集团、中国工商银行邯郸市峰峰支行订立《债务变更协议》和《债务转让协议》，将1999年6月至1999年12月在中国工商银行邯郸市峰峰支行借款19笔，合计本金20000万元，自2000年4月1日起转让至原太行集团承接，原太行集团自愿承担本公司上述债务及2000年4月1日起的贷款利息。中国工商银行邯郸市峰峰支行同意本公司与河北太行集团公司之间19笔贷款合同合计20000万元的债务转让。本公司对原太行集团负有与本协议变更债务等额的负债。至2002年6月30日，本公司已全部清偿此项债务。", "spo_list": [{"predicate": "短期借款", "object_type": "金额", "subject_type": "日期", "object": "20000万元", "subject": "1999年6月至1999年12月", "subject_index": {"begin": 57, "end": 73}, "object_index": {"begin": 97, "end": 104}}]}
{"text": "4、1999年12月20日，本公司与原太行集团签订《出资转让协议》，经协商,本公司将所持有邯济铁路有限责任公司的出资1,000万股计1,000万元，转让给原太行集团。", "spo_list": [{"predicate": "转让日期", "object_type": "日期", "subject_type": "公司", "object": "1999年12月20日", "subject": "原太行集团", "subject_index": {"begin": 18, "end": 23}, "object_index": {"begin": 2, "end": 13}}]}
{"text": "5、本公司2001年1至12月，支付给关键管理人员的报酬总额为477,200.00元，2002年1-6月支付给关键管理人员的报酬总额为227,150.00元。", "spo_list": [{"predicate": "应付职工薪酬", "object_type": "金额", "subject_type": "日期", "object": "477,200.00元", "subject": "2001年1至12月", "subject_index": {"begin": 5, "end": 15}, "object_index": {"begin": 31, "end": 42}}, {"predicate": "应付职工薪酬", "object_type": "金额", "subject_type": "日期", "object": "227,150.00元", "subject": "2002年1-6月", "subject_index": {"begin": 43, "end": 52}, "object_index": {"begin": 67, "end": 78}}]}
{"text": "2000年本公司向关联企业采购货物金额5,411,201.39元，占当年主营业务成本的2.91%；向关联企业销售货物金额5,433,948.63元，占当年主营业务收入的1.61%。", "spo_list": [{"predicate": "财务费用", "object_type": "金额", "subject_type": "日期", "object": "5,411,201.39元", "subject": "2000年", "subject_index": {"begin": 0, "end": 5}, "object_index": {"begin": 19, "end": 32}}, {"predicate": "财务费用", "object_type": "金额", "subject_type": "日期", "object": "5,433,948.63元", "subject": "2000年", "subject_index": {"begin": 0, "end": 5}, "object_index": {"begin": 60, "end": 73}}]}
{"text": "邱承玉先生，中国籍，本公司董事，59岁，大专学历，高级工程师。1989年至1993年任河北省邯郸水泥厂副厂长，1993年至1998年任原太行集团副总经理，1998年至2000年任原太行集团总经理并兼任本公司总经理，2000年5月至今任本公司董事长。2001年度从本公司领取收入共计76,000元。", "spo_list": [{"predicate": "国籍", "object_type": "国家", "subject_type": "人物", "object": "中国", "subject": "邱承玉", "subject_index": {"begin": 0, "end": 3}, "object_index": {"begin": 6, "end": 8}}, {"predicate": "大专", "object_type": "学历", "subject_type": "人物", "object": "大专", "subject": "邱承玉", "subject_index": {"begin": 0, "end": 3}, "object_index": {"begin": 20, "end": 22}}, {"predicate": "任职日期", "object_type": "日期", "subject_type": "人物", "object": "1989年至1993年", "subject": "邱承玉", "subject_index": {"begin": 0, "end": 3}, "object_index": {"begin": 31, "end": 42}}, {"predicate": "任职公司", "object_type": "公司", "subject_type": "人物", "object": "河北省邯郸水泥厂", "subject": "邱承玉", "subject_index": {"begin": 0, "end": 3}, "object_index": {"begin": 43, "end": 51}}, {"predicate": "任职日期", "object_type": "日期", "subject_type": "人物", "object": "1993年至1998年", "subject": "邱承玉", "subject_index": {"begin": 0, "end": 3}, "object_index": {"begin": 55, "end": 66}}, {"predicate": "任职公司", "object_type": "公司", "subject_type": "人物", "object": "原太行集团", "subject": "邱承玉", "subject_index": {"begin": 0, "end": 3}, "object_index": {"begin": 67, "end": 72}}, {"predicate": "任职日期", "object_type": "日期", "subject_type": "人物", "object": "1998年至2000年", "subject": "邱承玉", "subject_index": {"begin": 0, "end": 3}, "object_index": {"begin": 77, "end": 88}}, {"predicate": "任职日期", "object_type": "日期", "subject_type": "人物", "object": "2000年5月至今", "subject": "邱承玉", "subject_index": {"begin": 0, "end": 3}, "object_index": {"begin": 107, "end": 116}}]}
{"text": "孙新民先生，中国籍，本公司董事，50岁，大专学历。1998年3月至今任太行股份副总经理。2001年度从本公司领取收入共计68,400元。", "spo_list": [{"predicate": "国籍", "object_type": "国家", "subject_type": "人物", "object": "中国", "subject": "孙新民", "subject_index": {"begin": 0, "end": 3}, "object_index": {"begin": 6, "end": 8}}, {"predicate": "大专", "object_type": "学历", "subject_type": "人物", "object": "大专", "subject": "孙新民", "subject_index": {"begin": 0, "end": 3}, "object_index": {"begin": 20, "end": 22}}, {"predicate": "任职日期", "object_type": "日期", "subject_type": "人物", "object": "1998年3月至今", "subject": "孙新民", "subject_index": {"begin": 0, "end": 3}, "object_index": {"begin": 25, "end": 34}}, {"predicate": "任职公司", "object_type": "公司", "subject_type": "人物", "object": "太行股份", "subject": "孙新民", "subject_index": {"begin": 0, "end": 3}, "object_index": {"begin": 35, "end": 39}}]}
{"text": "李怀江先生，中国籍，本公司董事，由原太行集团委派，44岁，硕士学历。1995年至1996年任原太行集团总经理助理、企管处处长，1996年至今任原太行集团工会主席。2001年度未从本公司领取收入，从原太行集团领取收入共计68,400元。", "spo_list": [{"predicate": "国籍", "object_type": "国家", "subject_type": "人物", "object": "中国", "subject": "李怀江", "subject_index": {"begin": 0, "end": 3}, "object_index": {"begin": 6, "end": 8}}, {"predicate": "任职公司", "object_type": "公司", "subject_type": "人物", "object": "原太行集团", "subject": "李怀江", "subject_index": {"begin": 0, "end": 3}, "object_index": {"begin": 17, "end": 22}}, {"predicate": "任职日期", "object_type": "日期", "subject_type": "人物", "object": "1995年至1996年", "subject": "李怀江", "subject_index": {"begin": 0, "end": 3}, "object_index": {"begin": 34, "end": 45}}, {"predicate": "任职公司", "object_type": "公司", "subject_type": "人物", "object": "原太行集团", "subject": "李怀江", "subject_index": {"begin": 0, "end": 3}, "object_index": {"begin": 46, "end": 51}}, {"predicate": "任职日期", "object_type": "日期", "subject_type": "人物", "object": "1996年至今", "subject": "李怀江", "subject_index": {"begin": 0, "end": 3}, "object_index": {"begin": 63, "end": 70}}]}
{"text": "郑宝金先生，中国籍，本公司董事，35岁，大专学历，经济师。1994年至2000年任太行股份资金证券部副主任、主任，2000年5月至今任太行股份总经理助理、财务负责人，2001年度从本公司领取收入共计40,000元。", "spo_list": [{"predicate": "国籍", "object_type": "国家", "subject_type": "人物", "object": "中国", "subject": "郑宝金", "subject_index": {"begin": 0, "end": 3}, "object_index": {"begin": 6, "end": 8}}, {"predicate": "大专", "object_type": "学历", "subject_type": "人物", "object": "大专", "subject": "郑宝金", "subject_index": {"begin": 0, "end": 3}, "object_index": {"begin": 20, "end": 22}}, {"predicate": "任职日期", "object_type": "日期", "subject_type": "人物", "object": "1994年至2000年", "subject": "郑宝金", "subject_index": {"begin": 0, "end": 3}, "object_index": {"begin": 29, "end": 40}}, {"predicate": "任职公司", "object_type": "公司", "subject_type": "人物", "object": "太行股份资金证券部", "subject": "郑宝金", "subject_index": {"begin": 0, "end": 3}, "object_index": {"begin": 41, "end": 50}}, {"predicate": "任职日期", "object_type": "日期", "subject_type": "人物", "object": "2000年5月至今", "subject": "郑宝金", "subject_index": {"begin": 0, "end": 3}, "object_index": {"begin": 57, "end": 66}}, {"predicate": "任职公司", "object_type": "公司", "subject_type": "人物", "object": "太行股份", "subject": "郑宝金", "subject_index": {"begin": 0, "end": 3}, "object_index": {"begin": 67, "end": 71}}]}
{"text": "韩宝林先生，中国籍，本公司监事，由原太行集团委派，54岁，大专学历，政工师。现任原太行集团公司组织部部长。2001年度未从本公司领取收入，从原太行集团领取收入共计26,000元", "spo_list": [{"predicate": "国籍", "object_type": "国家", "subject_type": "人物", "object": "中国", "subject": "韩宝林", "subject_index": {"begin": 0, "end": 3}, "object_index": {"begin": 6, "end": 8}}, {"predicate": "任职公司", "object_type": "公司", "subject_type": "人物", "object": "原太行集团", "subject": "韩宝林", "subject_index": {"begin": 0, "end": 3}, "object_index": {"begin": 17, "end": 22}}, {"predicate": "大专", "object_type": "学历", "subject_type": "人物", "object": "大专", "subject": "韩宝林", "subject_index": {"begin": 0, "end": 3}, "object_index": {"begin": 29, "end": 31}}, {"predicate": "任职公司", "object_type": "公司", "subject_type": "人物", "object": "原太行集团公司", "subject": "韩宝林", "subject_index": {"begin": 0, "end": 3}, "object_index": {"begin": 40, "end": 47}}]}
{"text": "王卫平先生，中国籍，本公司监事，38岁，大专学历，经济师。现任本公司企业管理部副部长。2001年度从本公司领取收入共计26,000元", "spo_list": [{"predicate": "国籍", "object_type": "国家", "subject_type": "人物", "object": "中国", "subject": "王卫平", "subject_index": {"begin": 0, "end": 3}, "object_index": {"begin": 6, "end": 8}}, {"predicate": "大专", "object_type": "学历", "subject_type": "人物", "object": "大专", "subject": "王卫平", "subject_index": {"begin": 0, "end": 3}, "object_index": {"begin": 20, "end": 22}}]}
{"text": "2001年1月1日本公司与原太行集团订立《矿石合作开采与供应协议》。原太行集团以其合法拥有的位于邯郸市峰峰矿区的矿山开采设备、运输设备、铁路专用线和地面设施、石灰石采矿权、管理人员投入，本公司以人员劳务和监督管理人员投入，合作开采位于邯郸市峰峰矿区矿山的石灰岩矿石，本公司以每吨矿石3.30元向原太行集团支付矿石供应费，用于原太行集团支付资源税、补偿矿山资产及设施的折旧费等。据此，2001年本公司向原太行集团采购石灰岩矿石2,105,888吨，价款6,949,430元。考虑到开采石灰石所需的火工品、动力用电、员工工资及附加均由本公司支付等因素，本公司2001年度石灰石综合实际成本为每吨8.83元。", "spo_list": [{"predicate": "财务费用", "object_type": "金额", "subject_type": "日期", "object": "6,949,430元", "subject": "2001年", "subject_index": {"begin": 191, "end": 196}, "object_index": {"begin": 225, "end": 235}}]}
{"text": "4、2000年12月20日本公司与原太行集团订立《资产转让协议》，本公司将部分固定资产产权转让给原太行集团，资产转让价格为本公司2000年10月31日该部分资产的评估净值27,224,112.00元。双方同意本次转让的价金以债权债务抵销的方式结清。", "spo_list": [{"predicate": "净资产评估值", "object_type": "金额", "subject_type": "日期", "object": "27,224,112.00元", "subject": "2000年10月31日", "subject_index": {"begin": 64, "end": 75}, "object_index": {"begin": 85, "end": 99}}, {"predicate": "转让日期", "object_type": "日期", "subject_type": "公司", "object": "2000年12月20日", "subject": "原太行集团", "subject_index": {"begin": 17, "end": 22}, "object_index": {"begin": 2, "end": 13}}]}
{"text": "2、2000年8月14日、8月17日原太行集团与中国建设银行邯郸峰峰办事处签订《保证合同》，原太行集团对本公司与该行同日签订的金额分别为人民币3,000万元、人民币2,000万元的《借款合同》提供连带责任担保。1998年12月原太行集团为本公司与河北省经贸委节约处、河北省财政厅工交处签订的金额为50万元的《节约能源技术进步基金借款合同》提供担保。", "spo_list": [{"predicate": "关联方", "object_type": "公司", "subject_type": "公司", "object": "中国建设银行", "subject": "原太行集团", "subject_index": {"begin": 18, "end": 23}, "object_index": {"begin": 24, "end": 30}}]}
{"text": "1999年本公司向关联企业采购货物金额2,353,073.59元，占当年主营业务成本的1.22%；向关联企业销售货物金额8,038,272.05元，占当年主营业务收入的2.49%", "spo_list": [{"predicate": "财务费用", "object_type": "金额", "subject_type": "日期", "object": "2,353,073.59元", "subject": "1999年", "subject_index": {"begin": 0, "end": 5}, "object_index": {"begin": 19, "end": 32}}, {"predicate": "营业收入", "object_type": "金额", "subject_type": "日期", "object": "8,038,272.05元", "subject": "1999年", "subject_index": {"begin": 0, "end": 5}, "object_index": {"begin": 60, "end": 73}}]}
{"text": "王里顺先生，中国籍，本公司董事，54岁，大专学历，高级工程师。1984年至1993年任河北省邯郸水泥厂副厂长，1993至2000年5月任本公司副总经理，2000年5月至今任本公司总经理。2001年度从本公司领取收入共计76,000元", "spo_list": [{"predicate": "国籍", "object_type": "国家", "subject_type": "人物", "object": "中国", "subject": "王里顺", "subject_index": {"begin": 0, "end": 3}, "object_index": {"begin": 6, "end": 8}}, {"predicate": "大专", "object_type": "学历", "subject_type": "人物", "object": "大专", "subject": "王里顺", "subject_index": {"begin": 0, "end": 3}, "object_index": {"begin": 20, "end": 22}}, {"predicate": "任职日期", "object_type": "日期", "subject_type": "人物", "object": "1984年至1993年", "subject": "王里顺", "subject_index": {"begin": 0, "end": 3}, "object_index": {"begin": 31, "end": 42}}, {"predicate": "任职公司", "object_type": "公司", "subject_type": "人物", "object": "河北省邯郸水泥厂", "subject": "王里顺", "subject_index": {"begin": 0, "end": 3}, "object_index": {"begin": 43, "end": 51}}, {"predicate": "任职日期", "object_type": "日期", "subject_type": "人物", "object": "1993至2000年5月", "subject": "王里顺", "subject_index": {"begin": 0, "end": 3}, "object_index": {"begin": 55, "end": 67}}, {"predicate": "任职日期", "object_type": "日期", "subject_type": "人物", "object": "2000年5月至今", "subject": "王里顺", "subject_index": {"begin": 0, "end": 3}, "object_index": {"begin": 76, "end": 85}}, {"predicate": "应付职工薪酬", "object_type": "金额", "subject_type": "日期", "object": "76,000元", "subject": "2001年", "subject_index": {"begin": 93, "end": 98}, "object_index": {"begin": 109, "end": 116}}]}
{"text": "范国良先生，中国籍，本公司董事，42岁，大专学历，工程师。1995年至1996年任原太行集团总经理助理，1996年至今任太行股份副总经理。2001年度从本公司领取收入共计68,400元。", "spo_list": [{"predicate": "国籍", "object_type": "国家", "subject_type": "人物", "object": "中国", "subject": "范国良", "subject_index": {"begin": 0, "end": 3}, "object_index": {"begin": 6, "end": 8}}, {"predicate": "大专", "object_type": "学历", "subject_type": "人物", "object": "大专", "subject": "范国良", "subject_index": {"begin": 0, "end": 3}, "object_index": {"begin": 20, "end": 22}}, {"predicate": "任职日期", "object_type": "日期", "subject_type": "人物", "object": "1995年至1996年", "subject": "范国良", "subject_index": {"begin": 0, "end": 3}, "object_index": {"begin": 29, "end": 40}}, {"predicate": "任职公司", "object_type": "公司", "subject_type": "人物", "object": "原太行集团", "subject": "范国良", "subject_index": {"begin": 0, "end": 3}, "object_index": {"begin": 41, "end": 46}}, {"predicate": "任职日期", "object_type": "日期", "subject_type": "人物", "object": "1996年至今", "subject": "范国良", "subject_index": {"begin": 0, "end": 3}, "object_index": {"begin": 52, "end": 59}}, {"predicate": "任职公司", "object_type": "公司", "subject_type": "人物", "object": "太行股份", "subject": "范国良", "subject_index": {"begin": 0, "end": 3}, "object_index": {"begin": 60, "end": 64}}, {"predicate": "任职日期", "object_type": "日期", "subject_type": "人物", "object": "2001年度", "subject": "范国良", "subject_index": {"begin": 0, "end": 3}, "object_index": {"begin": 69, "end": 75}}, {"predicate": "应付职工薪酬", "object_type": "金额", "subject_type": "日期", "object": "68,400元", "subject": "1995年至1996年", "subject_index": {"begin": 29, "end": 40}, "object_index": {"begin": 85, "end": 92}}]}
{"text": "杨广林先生，中国籍，本公司董事，由原太行集团委派，49岁，中专学历。1994年至2000年5月任太行股份水泥制成分厂副厂长、生产处处长，2000年5月至今任原太行集团公司总经理助理。2001年度未从本公司领取收入，从原太行集团领取收入共计40,000元。", "spo_list": [{"predicate": "国籍", "object_type": "国家", "subject_type": "人物", "object": "中国", "subject": "杨广林", "subject_index": {"begin": 0, "end": 3}, "object_index": {"begin": 6, "end": 8}}, {"predicate": "任职日期", "object_type": "日期", "subject_type": "人物", "object": "1994年至2000年5月", "subject": "杨广林", "subject_index": {"begin": 0, "end": 3}, "object_index": {"begin": 34, "end": 47}}, {"predicate": "任职公司", "object_type": "公司", "subject_type": "人物", "object": "太行股份水泥制成分厂", "subject": "杨广林", "subject_index": {"begin": 0, "end": 3}, "object_index": {"begin": 48, "end": 58}}, {"predicate": "任职日期", "object_type": "日期", "subject_type": "人物", "object": "2000年5月至今", "subject": "杨广林", "subject_index": {"begin": 0, "end": 3}, "object_index": {"begin": 68, "end": 77}}, {"predicate": "任职公司", "object_type": "公司", "subject_type": "人物", "object": "原太行集团公司", "subject": "杨广林", "subject_index": {"begin": 0, "end": 3}, "object_index": {"begin": 78, "end": 85}}, {"predicate": "任职日期", "object_type": "日期", "subject_type": "人物", "object": "2001年度", "subject": "杨广林", "subject_index": {"begin": 0, "end": 3}, "object_index": {"begin": 91, "end": 97}}, {"predicate": "应付职工薪酬", "object_type": "金额", "subject_type": "日期", "object": "40,000元", "subject": "2001年度", "subject_index": {"begin": 91, "end": 97}, "object_index": {"begin": 119, "end": 126}}]}
{"text": "本公司无合并报表的控股子公司，以下数据均经2002年7月15日中喜会计师事务所有限责任公司出具的中喜审字（2002）第00297号审计报告审计。", "spo_list": [{"predicate": "出具日期", "object_type": "日期", "subject_type": "文件", "object": "2002年7月15日", "subject": "中喜审字（2002）第00297号审计报告审计", "subject_index": {"begin": 48, "end": 71}, "object_index": {"begin": 21, "end": 31}}]}
{"text": "1993年1月11日，本公司发起人原河北省邯郸水泥厂以邯泥[93]3号文向邯郸市国有资产管理局提出资产评估立项申请，1993年1月12日，邯郸市国有资产管理局以（93）市国资字第18号文批复，同意资产评估立项。1993年2月15日，邯郸会计师事务所出具相应资产评估报告，评估基准日为1993年1月31日。1993年2月20日，邯郸市国有资产管理局以市国资字[1993]第29号文批复，对资产评估结果予以确认。总资产评估值为15,944万元，净资产评估值为10,118万元，增值幅度为27%，本公司设立时已根据评估结果进行帐务调整。", "spo_list": [{"predicate": "发起人", "object_type": "公司", "subject_type": "公司", "object": "邯郸市国有资产管理局", "subject": "原河北省邯郸水泥厂", "subject_index": {"begin": 17, "end": 26}, "object_index": {"begin": 37, "end": 47}}, {"predicate": "出具日期", "object_type": "日期", "subject_type": "文件", "object": "1993年2月15日", "subject": "相应资产评估报告", "subject_index": {"begin": 126, "end": 134}, "object_index": {"begin": 105, "end": 115}}, {"predicate": "净资产评估值", "object_type": "金额", "subject_type": "日期", "object": "10,118万元", "subject": "1993年2月20日", "subject_index": {"begin": 152, "end": 162}, "object_index": {"begin": 227, "end": 235}}, {"predicate": "出资额评估值", "object_type": "金额", "subject_type": "日期", "object": "15,944万元", "subject": "1993年2月20日", "subject_index": {"begin": 152, "end": 162}, "object_index": {"begin": 211, "end": 219}}]}
{"text": "2001年度经营活动产生的现金流量净额50,888,539.20元，资金运转情况良好。偿债能力近三年来得到较大提高，流动比率2001年、2000年、1999年分别为1.70、1.27、0.61。", "spo_list": [{"predicate": "公司经营活动产生的现金流量净额", "object_type": "金额", "subject_type": "日期", "object": "50,888,539.20元", "subject": "2001年", "subject_index": {"begin": 0, "end": 5}, "object_index": {"begin": 19, "end": 33}}, {"predicate": "流动比率", "object_type": "日期", "subject_type": "比率", "object": "2001年", "subject": "1.70", "subject_index": {"begin": 82, "end": 86}, "object_index": {"begin": 62, "end": 67}}, {"predicate": "流动比率", "object_type": "日期", "subject_type": "比率", "object": "2000年", "subject": "1.27", "subject_index": {"begin": 87, "end": 91}, "object_index": {"begin": 68, "end": 73}}, {"predicate": "流动比率", "object_type": "日期", "subject_type": "比率", "object": "1999年", "subject": "0.61", "subject_index": {"begin": 92, "end": 96}, "object_index": {"begin": 74, "end": 79}}]}
{"text": "（8）2001年1-7月本公司以货币资金还款1,500万元；", "spo_list": [{"predicate": "货币资金", "object_type": "金额", "subject_type": "日期", "object": "1,500万元", "subject": "2001年1-7月", "subject_index": {"begin": 3, "end": 12}, "object_index": {"begin": 22, "end": 29}}]}
{"text": "2002年上半年本公司利用工业废渣生产的普通硅酸盐（PO42.5R）销售量为41万吨，销售收入为7,861万元。本公司享有资源综合利用产品（PO42.5R）免征增值税的优惠政策，2001年前按照国家有关规定，销售免税产品只有开具普通销售发票的收入部分免增值税，对开具增值税专用发票部分不享受优惠政策。本年度根据税务机关的新政策，按资源综合利用产品实际实现税额免征增值税，因此该项补贴收入高于以往年度。", "spo_list": [{"predicate": "营业收入", "object_type": "金额", "subject_type": "日期", "object": "7,861万元", "subject": "2002年", "subject_index": {"begin": 0, "end": 5}, "object_index": {"begin": 48, "end": 55}}]}
{"text": "（4）本公司截止2001年12月31日资产负债率为45.79%，居于正常水平，还本付息压力较小，经营安全性较好。流动比率和速动比率均超过1，资产流动性和短期偿债能力较强，均处于较好水平。", "spo_list": [{"predicate": "资产负债率", "object_type": "日期", "subject_type": "比率", "object": "2001年12月31日", "subject": "45.79%", "subject_index": {"begin": 25, "end": 31}, "object_index": {"begin": 8, "end": 19}}]}
{"text": "2、2000年12月20日，北京六合正旭资产评估有限责任公司出具资产评估报告北京六合正旭评报字（2000）第054号，对本公司拟对外转让的在石灰石矿、粘土矿、汽车队（部分）的房屋建筑物、构筑物、机器设备进行评估，评估方法采用重置成本法和市价法。该资产帐面净值为19,467,197.21元，评估值为27,224,112元，增值率为39.85%，评估结果已经邯郸市国有资产管理局邯国资评[2000]20号文批复。", "spo_list": [{"predicate": "出具日期", "object_type": "日期", "subject_type": "文件", "object": "、2000年12月20日", "subject": "资产评估报告北京六合正旭评报字（2000）第054号", "subject_index": {"begin": 32, "end": 58}, "object_index": {"begin": 1, "end": 13}}, {"predicate": "净资产账面价值", "object_type": "金额", "subject_type": "日期", "object": "19,467,197.21元", "subject": "、2000年12月20日", "subject_index": {"begin": 1, "end": 13}, "object_index": {"begin": 130, "end": 144}}, {"predicate": "净资产评估值", "object_type": "金额", "subject_type": "日期", "object": "27,224,112元", "subject": "、2000年12月20日", "subject_index": {"begin": 1, "end": 13}, "object_index": {"begin": 149, "end": 160}}]}
{"text": "2、盈余公积减少4,502,369.48元：2000年度免征所得税及对债务重组收益的追溯调整致使盈余公积调增155,566.92元,其中公益金调增77,783.46元；", "spo_list": [{"predicate": "盈余公积", "object_type": "金额", "subject_type": "日期", "object": "155,566.92元,", "subject": "2000年度", "subject_index": {"begin": 22, "end": 28}, "object_index": {"begin": 54, "end": 66}}]}
{"text": "（3）截止2002年6月30日存货39,693,338.30元，数量适中", "spo_list": [{"predicate": "存货", "object_type": "金额", "subject_type": "日期", "object": "39,693,338.30元", "subject": "2002年6月30日", "subject_index": {"begin": 5, "end": 15}, "object_index": {"begin": 17, "end": 31}}]}
{"text": "本公司2000年初将2亿元债务转移给原太行集团，综合考虑本公司原贷款偿还计划，此次债务转移降低本公司2000年度财务费用约600万元。", "spo_list": [{"predicate": "财务费用", "object_type": "金额", "subject_type": "日期", "object": "600万元", "subject": "2000年度", "subject_index": {"begin": 50, "end": 56}, "object_index": {"begin": 61, "end": 66}}]}
{"text": "（9）2001年1-7月，根据本公司与原太行集团签定的《关于劳务输出协作的协议书》，原太行集团应向本公司支付劳务费175万元。", "spo_list": [{"predicate": "其他成本", "object_type": "金额", "subject_type": "日期", "object": "175万元", "subject": "2001年1-7月", "subject_index": {"begin": 3, "end": 12}, "object_index": {"begin": 57, "end": 62}}]}
{"text": "臧志宪先生，中国籍，本公司董事，47岁，大专学历，经济师。1993年至1998年任原太行集团组织部部长、总经理助理，1998年至今任太行股份总经理助理、证券部部长、董事会秘书。2001年度从本公司领取收入共计40,000元。", "spo_list": [{"predicate": "国籍", "object_type": "国家", "subject_type": "人物", "object": "中国", "subject": "臧志宪", "subject_index": {"begin": 0, "end": 3}, "object_index": {"begin": 6, "end": 8}}, {"predicate": "大专", "object_type": "学历", "subject_type": "人物", "object": "大专学历", "subject": "臧志宪", "subject_index": {"begin": 0, "end": 3}, "object_index": {"begin": 20, "end": 24}}, {"predicate": "任职日期", "object_type": "日期", "subject_type": "人物", "object": "1993年至1998年", "subject": "臧志宪", "subject_index": {"begin": 0, "end": 3}, "object_index": {"begin": 29, "end": 40}}, {"predicate": "任职公司", "object_type": "公司", "subject_type": "人物", "object": "行集团组织部", "subject": "臧志宪", "subject_index": {"begin": 0, "end": 3}, "object_index": {"begin": 43, "end": 49}}, {"predicate": "任职公司", "object_type": "公司", "subject_type": "人物", "object": "1998年至今", "subject": "臧志宪", "subject_index": {"begin": 0, "end": 3}, "object_index": {"begin": 58, "end": 65}}, {"predicate": "任职公司", "object_type": "公司", "subject_type": "人物", "object": "太行股份", "subject": "臧志宪", "subject_index": {"begin": 0, "end": 3}, "object_index": {"begin": 66, "end": 70}}]}
{"text": "王维民先生，中国籍，本公司监事会主席，由原太行集团委派，54岁，大专学历，高级政工师。1996年至2000年5月任原太行集团监事会主席、纪委书记，2000年5月至今任太行股份监事会主席。2001年度未从本公司领取收入,从原太行集团领取收入共计68,400元。", "spo_list": [{"predicate": "国籍", "object_type": "国家", "subject_type": "人物", "object": "中国", "subject": "王维民", "subject_index": {"begin": 0, "end": 3}, "object_index": {"begin": 6, "end": 8}}, {"predicate": "大专", "object_type": "学历", "subject_type": "人物", "object": "大专学历", "subject": "王维民", "subject_index": {"begin": 0, "end": 3}, "object_index": {"begin": 32, "end": 36}}, {"predicate": "任职日期", "object_type": "日期", "subject_type": "人物", "object": "1996年至2000年5月", "subject": "王维民", "subject_index": {"begin": 0, "end": 3}, "object_index": {"begin": 43, "end": 56}}, {"predicate": "任职公司", "object_type": "公司", "subject_type": "人物", "object": "原太行集团", "subject": "王维民", "subject_index": {"begin": 0, "end": 3}, "object_index": {"begin": 57, "end": 62}}, {"predicate": "任职日期", "object_type": "日期", "subject_type": "人物", "object": "2000年5月至今", "subject": "王维民", "subject_index": {"begin": 0, "end": 3}, "object_index": {"begin": 73, "end": 82}}]}
{"text": "徐景阳先生，中国籍，本公司监事，43岁，大专学历。现任太行股份审计监察部副部长，2001年度从本公司领取收入共计26,000元。", "spo_list": [{"predicate": "国籍", "object_type": "国家", "subject_type": "人物", "object": "中国", "subject": "徐景阳", "subject_index": {"begin": 0, "end": 3}, "object_index": {"begin": 6, "end": 8}}, {"predicate": "大专", "object_type": "学历", "subject_type": "人物", "object": "大专学历", "subject": "徐景阳", "subject_index": {"begin": 0, "end": 3}, "object_index": {"begin": 20, "end": 24}}, {"predicate": "任职公司", "object_type": "公司", "subject_type": "人物", "object": "太行股份", "subject": "徐景阳", "subject_index": {"begin": 0, "end": 3}, "object_index": {"begin": 27, "end": 31}}]}
{"text": "1、1999年12月20日，本公司与原太行集团公司签订《出资转让协议》，经协商，本公司将所原持有的邯济铁路股权1,000万股（计1,000万元），转让给原太行集团。本次资产重组对本公司业务经营的连续性、管理层的稳定性无任何重大影响，对当年经营成果无影响。", "spo_list": [{"predicate": "股本", "object_type": "金额", "subject_type": "日期", "object": "1,000万元", "subject": "1999年12月20日", "subject_index": {"begin": 2, "end": 13}, "object_index": {"begin": 64, "end": 71}}]}
{"text": "1、1993年3月12日本公司与原太行集团订立《土地租用协议书》。本公司有偿使用原太行集团用地873亩。本公司每年付给原太行集团土地租用费人民币40万元。2001年3月19日双方对此协议予以规范，订立《国有土地使用权租赁合同》，原太行集团将其拥有合法使用权的国有土地39.50万平方米出租给本公司使用，按每年每平米1.02元人民币计收，年租金40万元人民币。各期土地租赁费用如下：(单位：人民币元)", "spo_list": [{"predicate": "其他成本", "object_type": "金额", "subject_type": "日期", "object": "40万元", "subject": "1993年3月12日", "subject_index": {"begin": 2, "end": 12}, "object_index": {"begin": 171, "end": 175}}, {"predicate": "其他成本", "object_type": "金额", "subject_type": "日期", "object": "40万元", "subject": "1993年3月12日", "subject_index": {"begin": 2, "end": 12}, "object_index": {"begin": 72, "end": 76}}]}
{"text": "4、窑灰处理与委托再加工服务：原太行集团的附属企业为本公司水泥生产过程中产生的窑灰提供清理、运输、收集和处理服务，每年收取窑灰清理和处理费用260,000.00元人民币；本公司委托原太行集团的附属企业对其清理的窑灰进行再加工或深加工利用，在其生产的窑灰再制熟料符合标准的情况下，按每吨60.00元支付委托加工费，年加工量预计为6万吨窑灰再制熟料，年加工费预计为360万元人民币。2001年本公司向原太行集团的附属企业河北太行集团青年综合利用厂支付窑灰清理和处理费用260万元；2001年委托其加工窑灰再制熟料支付委托加工费2,662,131元。2002年1-6月支付窑灰清理和处理费用130,000.00元；2002年1-6月委托其加工窑灰再制熟料42,306.00吨，支付委托加工费2,538,360.00元。", "spo_list": [{"predicate": "应付账款", "object_type": "金额", "subject_type": "日期", "object": "260万元", "subject": "2001年", "subject_index": {"begin": 189, "end": 194}, "object_index": {"begin": 232, "end": 237}}, {"predicate": "应付账款", "object_type": "金额", "subject_type": "日期", "object": "130,000.00元", "subject": "2002年1-6月", "subject_index": {"begin": 272, "end": 281}, "object_index": {"begin": 292, "end": 303}}, {"predicate": "应付账款", "object_type": "金额", "subject_type": "日期", "object": "2,538,360.00元", "subject": "2002年1-6月", "subject_index": {"begin": 304, "end": 313}, "object_index": {"begin": 342, "end": 355}}, {"predicate": "应付账款", "object_type": "金额", "subject_type": "日期", "object": "2,662,131元", "subject": "2001年", "subject_index": {"begin": 238, "end": 243}, "object_index": {"begin": 261, "end": 271}}]}
{"text": "2001年本公司向关联企业采购货物金额7,865,155.75元，占当年主营业务成本的4%；向关联企业销售货物金额6,748,562.5元，占当年主营业务收入的2%。", "spo_list": [{"predicate": "其他成本", "object_type": "金额", "subject_type": "日期", "object": "7,865,155.75元", "subject": "2001年", "subject_index": {"begin": 0, "end": 5}, "object_index": {"begin": 19, "end": 32}}, {"predicate": "其他成本", "object_type": "金额", "subject_type": "日期", "object": "6,748,562.5元", "subject": "2001年", "subject_index": {"begin": 0, "end": 5}, "object_index": {"begin": 57, "end": 69}}]}
{"text": "李安飞先生，中国籍，本公司董事，由原太行集团委派，56岁，大专学历,经济师。1998年3月至2000年5月任原太行集团副总经理，2000年5月至今任原太行集团董事长兼总经理。2001年度未从本公司领取收入，从原太行集团领取收入共计76,000元", "spo_list": [{"predicate": "国籍", "object_type": "国家", "subject_type": "人物", "object": "中国", "subject": "李安飞", "subject_index": {"begin": 0, "end": 3}, "object_index": {"begin": 6, "end": 8}}, {"predicate": "大专", "object_type": "学历", "subject_type": "人物", "object": "大专", "subject": "李安飞", "subject_index": {"begin": 0, "end": 3}, "object_index": {"begin": 29, "end": 31}}, {"predicate": "任职日期", "object_type": "日期", "subject_type": "人物", "object": "1998年3月至2000年5月", "subject": "李安飞", "subject_index": {"begin": 0, "end": 3}, "object_index": {"begin": 38, "end": 53}}, {"predicate": "任职公司", "object_type": "公司", "subject_type": "人物", "object": "太行集团", "subject": "李安飞", "subject_index": {"begin": 0, "end": 3}, "object_index": {"begin": 55, "end": 59}}, {"predicate": "任职日期", "object_type": "日期", "subject_type": "人物", "object": "2000年5月至今", "subject": "李安飞", "subject_index": {"begin": 0, "end": 3}, "object_index": {"begin": 64, "end": 73}}, {"predicate": "应付职工薪酬", "object_type": "金额", "subject_type": "日期", "object": "76,000元", "subject": "2000年5月至今", "subject_index": {"begin": 64, "end": 73}, "object_index": {"begin": 115, "end": 122}}]}
{"text": "史国林先生，中国籍，本公司董事，50岁，大专学历，经济师。1995年至1996年任原太行集团总经理助理，1996年至今任太行股份副总经理。2001年度从本公司领取收入共计68,400元。", "spo_list": [{"predicate": "国籍", "object_type": "国家", "subject_type": "人物", "object": "中国", "subject": "史国林", "subject_index": {"begin": 0, "end": 3}, "object_index": {"begin": 6, "end": 8}}, {"predicate": "大专", "object_type": "学历", "subject_type": "人物", "object": "大专", "subject": "史国林", "subject_index": {"begin": 0, "end": 3}, "object_index": {"begin": 20, "end": 22}}, {"predicate": "任职日期", "object_type": "日期", "subject_type": "人物", "object": "1995年至1996年", "subject": "史国林", "subject_index": {"begin": 0, "end": 3}, "object_index": {"begin": 29, "end": 40}}, {"predicate": "任职公司", "object_type": "公司", "subject_type": "人物", "object": "太行集团", "subject": "史国林", "subject_index": {"begin": 0, "end": 3}, "object_index": {"begin": 42, "end": 46}}, {"predicate": "任职日期", "object_type": "日期", "subject_type": "人物", "object": "1996年至今", "subject": "史国林", "subject_index": {"begin": 0, "end": 3}, "object_index": {"begin": 52, "end": 59}}, {"predicate": "任职公司", "object_type": "公司", "subject_type": "人物", "object": "太行股份", "subject": "史国林", "subject_index": {"begin": 0, "end": 3}, "object_index": {"begin": 60, "end": 64}}, {"predicate": "任职日期", "object_type": "日期", "subject_type": "人物", "object": "2001年度", "subject": "史国林", "subject_index": {"begin": 0, "end": 3}, "object_index": {"begin": 69, "end": 75}}, {"predicate": "应付职工薪酬", "object_type": "金额", "subject_type": "日期", "object": "68,400元", "subject": "2001年度", "subject_index": {"begin": 69, "end": 75}, "object_index": {"begin": 85, "end": 92}}]}
{"text": "冯志宏先生，中国籍，本公司董事，40岁，大专学历，工程师。1994年至1999年任太行股份熟料分厂厂长，1999年至今任太行股份总经理助理。2001年度从本公司领取收入共计40,000元", "spo_list": [{"predicate": "应付职工薪酬", "object_type": "金额", "subject_type": "日期", "object": "40,000元", "subject": "2001年", "subject_index": {"begin": 70, "end": 75}, "object_index": {"begin": 86, "end": 93}}, {"predicate": "国籍", "object_type": "国家", "subject_type": "人物", "object": "中国", "subject": "冯志宏", "subject_index": {"begin": 0, "end": 3}, "object_index": {"begin": 6, "end": 8}}, {"predicate": "大专", "object_type": "学历", "subject_type": "人物", "object": "大专", "subject": "冯志宏", "subject_index": {"begin": 0, "end": 3}, "object_index": {"begin": 20, "end": 22}}, {"predicate": "任职日期", "object_type": "日期", "subject_type": "人物", "object": "1994年至1999年", "subject": "冯志宏", "subject_index": {"begin": 0, "end": 3}, "object_index": {"begin": 29, "end": 40}}, {"predicate": "任职公司", "object_type": "公司", "subject_type": "人物", "object": "太行股份熟料分厂", "subject": "冯志宏", "subject_index": {"begin": 0, "end": 3}, "object_index": {"begin": 41, "end": 49}}, {"predicate": "任职日期", "object_type": "日期", "subject_type": "人物", "object": "1999年至今", "subject": "冯志宏", "subject_index": {"begin": 0, "end": 3}, "object_index": {"begin": 52, "end": 59}}]}
{"text": "李平先生，中国籍，本公司监事，由本公司职工代表出任，44岁。现任本公司监事会监事。2001年度从本公司领取收入共计17,596元。", "spo_list": [{"predicate": "应付职工薪酬", "object_type": "金额", "subject_type": "日期", "object": "17,596元", "subject": "2001年度", "subject_index": {"begin": 41, "end": 47}, "object_index": {"begin": 57, "end": 64}}, {"predicate": "国籍", "object_type": "国家", "subject_type": "人物", "object": "中国", "subject": "李平", "subject_index": {"begin": 0, "end": 2}, "object_index": {"begin": 5, "end": 7}}]}
{"text": "本公司2001年度、2000年度、1999年度利润总额分别为51,318,902.02元、47,851,141.44元、29,377,861.45元，呈现稳步上升态势，主要原因在于本公司从原材料采购、生产工艺改进、销售费用控制等多环节入手，采取积极成本控制手段，使报告期内主营业务成本呈较为稳定的态势，2001年、2000年、1999年的主营业务成本分别209,808,389.05元、186,201,017.45元、192,849,431.53元。", "spo_list": [{"predicate": "营业利润", "object_type": "金额", "subject_type": "日期", "object": "51,318,902.02元", "subject": "2001年度", "subject_index": {"begin": 3, "end": 9}, "object_index": {"begin": 30, "end": 44}}, {"predicate": "营业利润", "object_type": "金额", "subject_type": "日期", "object": "47,851,141.44元", "subject": "2000年度", "subject_index": {"begin": 10, "end": 16}, "object_index": {"begin": 45, "end": 59}}, {"predicate": "营业利润", "object_type": "金额", "subject_type": "日期", "object": "29,377,861.45元", "subject": "1999年度", "subject_index": {"begin": 17, "end": 23}, "object_index": {"begin": 60, "end": 74}}, {"predicate": "主营业务成本", "object_type": "金额", "subject_type": "日期", "object": "209,808,389.05元", "subject": "2001年", "subject_index": {"begin": 151, "end": 156}, "object_index": {"begin": 177, "end": 192}}, {"predicate": "主营业务成本", "object_type": "金额", "subject_type": "日期", "object": "186,201,017.45元", "subject": "2000年", "subject_index": {"begin": 157, "end": 162}, "object_index": {"begin": 193, "end": 208}}, {"predicate": "主营业务成本", "object_type": "金额", "subject_type": "日期", "object": "192,849,431.53元", "subject": "1999年", "subject_index": {"begin": 163, "end": 168}, "object_index": {"begin": 209, "end": 224}}]}
{"text": "3、2001年3月3日，北京六合正旭资产评估有限责任公司出具六合正旭评报字[2001]第006号资产评估报告书，对本公司的资产负债情况进行评估。对非实物性流动资产主要以审查、核实为主，在核实其债权真实性基础上，以核实后的账面值计评估值。对实物性流动资产，特别是存货中的材料，是在核实其数量的基础上，通过查询基准日市场价格确定评估值。对固定资产采用重置成本法及市价法。同时采用收益现值法对评估结果进行验证", "spo_list": [{"predicate": "出具日期", "object_type": "日期", "subject_type": "文件", "object": "2001年3月3日", "subject": "六合正旭评报字[2001]第006号资产评估报告书", "subject_index": {"begin": 30, "end": 55}, "object_index": {"begin": 2, "end": 11}}]}
{"text": "2、1993年6月15日，经河北省体改委冀体改委股字[1993]43号文《关于同意河北太行水泥股份有限公司募集法人股并挂牌上市的批复》批准，本公司以1.98元/股的价格定向募集社会法人股4,000万股。1993年9月19日北京会计师事务所出具（93）京会师字第3243号股本验证报告，所募集资金78,170,400元（已扣除发行费用1,029,600元）已全额到位，总股本增加至14,000万股。", "spo_list": [{"predicate": "每股净现金流量", "object_type": "金额", "subject_type": "日期", "object": "1.98元", "subject": "1993年6月15日", "subject_index": {"begin": 2, "end": 12}, "object_index": {"begin": 74, "end": 79}}, {"predicate": "出具日期", "object_type": "日期", "subject_type": "文件", "object": "1993年9月19日", "subject": "（93）京会师字第3243号股本验证报告", "subject_index": {"begin": 121, "end": 141}, "object_index": {"begin": 101, "end": 111}}, {"predicate": "股本", "object_type": "金额", "subject_type": "日期", "object": "78,170,400元", "subject": "1993年9月19日", "subject_index": {"begin": 101, "end": 111}, "object_index": {"begin": 147, "end": 158}}]}
{"text": "本公司资本公积中含有3,168万元矿山维简费，将矿山维简费列入资本公积的依据为是：根据财政部93年财会字第29号文《关于印发《工业企业会计制度若干问题的补充规定》的通知》，第六条关于矿山维简费的会计处理：矿山企业提取维简费时，应按实际提取的金额，借记有关的费用科目，按固定资产折旧方法计算的折旧，贷记“累计折旧”科目，按其差额，贷记“资本公积”科目。截止1997年12月31日，本公司累计计提矿山维简费3,168万元，列入“资本公积”科目。1998年5月22日召开的本公司第二届董事会第四次会议通过决议，考虑本公司矿山设备运行状况良好，按正常标准提取折旧完全可以满足公司需要，从1998年1月1日起已停提维简费。", "spo_list": [{"predicate": "资本公积", "object_type": "金额", "subject_type": "日期", "object": "3,168万元", "subject": "1997年12月31日", "subject_index": {"begin": 177, "end": 188}, "object_index": {"begin": 10, "end": 17}}, {"predicate": "资本公积", "object_type": "金额", "subject_type": "日期", "object": "3,168万元", "subject": "1997年12月31日", "subject_index": {"begin": 177, "end": 188}, "object_index": {"begin": 201, "end": 208}}]}
{"text": "（3）根据2000年10月11日本公司与原太行集团签订的《资产转让协议》，本公司将所属摄录像等非经营性资产转让给原太行集团，转让价格为截止2000年10月31日该部分资产的帐面净值441,299.25元；", "spo_list": [{"predicate": "净资产账面价值", "object_type": "金额", "subject_type": "日期", "object": "441,299.25元", "subject": "2000年10月31日", "subject_index": {"begin": 69, "end": 80}, "object_index": {"begin": 90, "end": 101}}]}
{"text": "（6）根据2000年12月20日本公司与原太行集团签订的《资产转让协议》，本公司将部分资产按照评估价值（包括房屋建筑物、构筑物、机器设备等）转让给原太行集团，原太行集团应付本公司27,224,112.00元", "spo_list": [{"predicate": "应付账款", "object_type": "金额", "subject_type": "日期", "object": "27,224,112.00元", "subject": "2000年12月20日", "subject_index": {"begin": 5, "end": 16}, "object_index": {"begin": 89, "end": 103}}]}
{"text": "本次股票发行价格为5.73元/股，发行数量为5,000万股，扣除发行费用后，预计募集资金为27,558万元，根据本公司2000年年度股东大会决议及2001年年度股东大会对董事会的授权，本次募集资金将全部用于以下项目：控股设立河北省冀中水泥有限责任公司（建设日产熟料4,000吨水泥生产线）、立波尔窑烧成系统技改工程、粉料输送及原煤均化（节能）技改工程。实际募集资金数量不足拟投资项目资金需求量，本公司将向银行申请贷款解决资金不足问题。", "spo_list": [{"predicate": "每股净现金流量", "object_type": "金额", "subject_type": "日期", "object": "5.73元", "subject": "2000年年度股东大会决议及2001年年度", "subject_index": {"begin": 59, "end": 80}, "object_index": {"begin": 9, "end": 14}}, {"predicate": "流动资产", "object_type": "金额", "subject_type": "日期", "object": "27,558万元", "subject": "2000年年度股东大会决议及2001年年度", "subject_index": {"begin": 59, "end": 80}, "object_index": {"begin": 45, "end": 53}}]}
{"text": "2、2001年3月13日本公司与峰峰矿区昌达劳动服务公司签署《工矿产品订货合同》，依据该协议，峰峰矿区昌达劳动服务公司每年向本公司提供800万条水泥包装袋，质量标准应符合国家标准GB9774-1966，每个包装袋按0.90元价格计价（扣税价），本公司验收合格后按月结算，合同金额约为720万元。如本公司在使用过程中出现产品质量问题而造成的损失由供货方承担，如出现纠纷由双方协商解决。", "spo_list": [{"predicate": "预收款项", "object_type": "金额", "subject_type": "日期", "object": "为720万元", "subject": "2001年3月13日", "subject_index": {"begin": 2, "end": 12}, "object_index": {"begin": 140, "end": 146}}]}
{"text": "贾华平先生，中国籍，本公司技术负责人，43岁，大学学历，高级工程师。历任河北省邯郸水泥厂技术处工程师，太行股份熟料制备分厂厂长。现任技术质量部部长兼副总工程师。", "spo_list": [{"predicate": "国籍", "object_type": "国家", "subject_type": "人物", "object": "中国", "subject": "贾华平", "subject_index": {"begin": 0, "end": 3}, "object_index": {"begin": 6, "end": 8}}, {"predicate": "本科", "object_type": "学历", "subject_type": "人物", "object": "大学", "subject": "贾华平", "subject_index": {"begin": 0, "end": 3}, "object_index": {"begin": 23, "end": 25}}, {"predicate": "任职公司", "object_type": "公司", "subject_type": "人物", "object": "河北省邯郸水泥厂", "subject": "贾华平", "subject_index": {"begin": 0, "end": 3}, "object_index": {"begin": 36, "end": 44}}, {"predicate": "任职公司", "object_type": "公司", "subject_type": "人物", "object": "太行股份熟料制备分厂", "subject": "贾华平", "subject_index": {"begin": 0, "end": 3}, "object_index": {"begin": 51, "end": 61}}]}
{"text": "2000年5月本公司董事长由赵炳吉先生变更为邱承玉先生，原因为董事会换届改选。2000年5月本公司总经理由邱承玉先生变更为王里顺先生，原因为任期满后董事会另行聘任。2000年5月本公司财务负责人由李安飞先生变更为郑宝金先生，原因为任期满后董事会另行聘任。2000年5月本公司技术负责人由李友田先生变更为贾华平先生，原因为任期满后董事会另行聘任。", "spo_list": [{"predicate": "任职日期", "object_type": "日期", "subject_type": "人物", "object": "2000年5月", "subject": "邱承玉", "subject_index": {"begin": 22, "end": 25}, "object_index": {"begin": 0, "end": 7}}, {"predicate": "任职日期", "object_type": "日期", "subject_type": "人物", "object": "2000年5月", "subject": "王里顺", "subject_index": {"begin": 61, "end": 64}, "object_index": {"begin": 39, "end": 46}}, {"predicate": "任职日期", "object_type": "日期", "subject_type": "人物", "object": "2000年5月", "subject": "郑宝金", "subject_index": {"begin": 106, "end": 109}, "object_index": {"begin": 82, "end": 89}}]}
{"text": "本公司截止2002年6月30日，总资产为680,055,535.63元，扣除无形资产、待摊费用、长期待摊费用后，有形资产净值为665,153,781.91元。", "spo_list": [{"predicate": "总资产", "object_type": "金额", "subject_type": "日期", "object": "680,055,535.63元", "subject": "2002年6月30日", "subject_index": {"begin": 5, "end": 15}, "object_index": {"begin": 20, "end": 35}}]}
{"text": "1、1996年10月30日，邯郸会计师事务所出具评估报告，对原太行集团下属的拟对外转让的60万吨水泥熟料生产线包括房屋建筑物及机器设备进行评估，评估方法采用重置成本法，该资产帐面净值为213,640,950.34元，评估值为217,936,161.46元，增值率为2.01%，评估结果已经邯郸市国有资产管理局邯国资企字[1997]第19号文确认。", "spo_list": [{"predicate": "净资产账面价值", "object_type": "金额", "subject_type": "日期", "object": "213,640,950.34元", "subject": "1996年10月30日", "subject_index": {"begin": 2, "end": 13}, "object_index": {"begin": 92, "end": 107}}]}
{"text": "1、1993年2月27日，经河北省体改委冀体改委股字[1993]8-1号文《关于同意河北省邯郸水泥厂设立河北太行水泥股份有限公司的批复》批准，由河北省邯郸水泥厂以独家发起、定向募集方式设立河北太行水泥股份有限公司。1993年3月1日，邯郸会计师事务所出具（93）邯会事字第61号验资报告，河北省邯郸水泥厂出资及内部职工出资均已全额到位，总股本为10,000万股。", "spo_list": [{"predicate": "出具日期", "object_type": "日期", "subject_type": "文件", "object": "1993年3月1日", "subject": "（93）邯会事字第61号验资报告", "subject_index": {"begin": 127, "end": 143}, "object_index": {"begin": 107, "end": 116}}, {"predicate": "股本", "object_type": "金额", "subject_type": "日期", "object": "10,000万股", "subject": "1993年3月1日", "subject_index": {"begin": 107, "end": 116}, "object_index": {"begin": 172, "end": 180}}]}
{"text": "2、一年内到期的长期负债增加500,000.00元，长期借款减少500,000.00元：将长期借款中于2000年12月到期的借款500,000.00元调整到一年内到期的长期负债。", "spo_list": [{"predicate": "短期借款", "object_type": "金额", "subject_type": "日期", "object": "500,000.00元", "subject": "2000年12月", "subject_index": {"begin": 51, "end": 59}, "object_index": {"begin": 64, "end": 75}}]}
{"text": "调整1998年度固定资产折旧8,581,585.88元，从而调减盈余公积1,149,932.50元，其中公益金调减574,966.25元。", "spo_list": [{"predicate": "固定资产", "object_type": "金额", "subject_type": "日期", "object": "8,581,585.88元", "subject": "1998年", "subject_index": {"begin": 2, "end": 7}, "object_index": {"begin": 14, "end": 27}}, {"predicate": "盈余公积", "object_type": "金额", "subject_type": "日期", "object": "1,149,932.50元", "subject": "1998年", "subject_index": {"begin": 2, "end": 7}, "object_index": {"begin": 36, "end": 49}}, {"predicate": "营业外支出", "object_type": "金额", "subject_type": "日期", "object": "574,966.25元", "subject": "1998年", "subject_index": {"begin": 2, "end": 7}, "object_index": {"begin": 57, "end": 68}}]}
{"text": "3、未分配利润调减18,009,477.95元：2000年度免征所得税及对债务重组收益的追溯调整致使未分配利润调增622,267.75元；", "spo_list": [{"predicate": "未分配利润", "object_type": "金额", "subject_type": "日期", "object": "622,267.75元", "subject": "2000年度", "subject_index": {"begin": 24, "end": 30}, "object_index": {"begin": 57, "end": 68}}]}
{"text": "截止2001年12月31日，本公司资产负债率为44.25%，略低于同行业平均水平。发行前股权结构中国家股9,686万股，由太行华信持有，占总股本的69.18%；社会法人股2,314万股，占总股本的16.53%；内部职工股2,000万股，占总股本的14.29%，股权结构较为合理。", "spo_list": [{"predicate": "资产负债率", "object_type": "日期", "subject_type": "比率", "object": "2001年12月31日", "subject": "44.25%", "subject_index": {"begin": 23, "end": 29}, "object_index": {"begin": 2, "end": 13}}]}
{"text": "（2）根据本公司与原太行集团签订的《关于劳务输出协作的协议书》，原太行集团应向本公司支付2000年劳务费150万元；", "spo_list": []}
{"text": "（7）2000年本公司以货币资金还款6,400万元", "spo_list": [{"predicate": "货币资金", "object_type": "金额", "subject_type": "日期", "object": "6,400万元", "subject": "2000年", "subject_index": {"begin": 3, "end": 8}, "object_index": {"begin": 18, "end": 25}}]}
