{"text": "青海白唇鹿股份有限公司(筹)为发起设立的股份有限公司,申请的注册资本为人民币75,000,000.00元,?其中国有法人股本金人民币73,990,000.00元;法人股本金人民币1,010,000.00元。根据我们审验，截至1998年8月25日止,青海白唇鹿股份有限公司(筹)已收到各股东投入的资本人民币96,035,041.00元(人民币玖仟陆佰零叁万伍仟零肆拾壹元整),其中股本人民币75,000,000.00元，资本公积人民币21,035,041.00元,与上述投入资本相关的资产总额为人民币221,935,237.00元，负债总额为人民币125,900,196.00元。", "spo_list": [{"predicate": "股本", "object_type": "金额", "subject_type": "日期", "object": "75,000,000.00元", "subject": "1998年8月25日", "subject_index": {"begin": 112, "end": 122}, "object_index": {"begin": 194, "end": 208}}, {"predicate": "资本公积", "object_type": "金额", "subject_type": "日期", "object": "21,035,041.00元", "subject": "1998年8月25日", "subject_index": {"begin": 112, "end": 122}, "object_index": {"begin": 216, "end": 230}}, {"predicate": "总资产", "object_type": "金额", "subject_type": "日期", "object": "221,935,237.00元", "subject": "1998年8月25日", "subject_index": {"begin": 112, "end": 122}, "object_index": {"begin": 249, "end": 264}}, {"predicate": "总负债", "object_type": "金额", "subject_type": "日期", "object": "125,900,196.00元", "subject": "1998年8月25日", "subject_index": {"begin": 112, "end": 122}, "object_index": {"begin": 273, "end": 288}}]}
{"text": "7、三兴公司是本公司的控股子公司。本公司持有三兴公司90%的股权，三兴公司原法人名称为深圳市三兴棉布整理实业有限公司；住所为深圳市罗湖区莲塘西岭村；企业法人营业执照注册号为4403012019345；法定代表人为黄贤优；注册资本为人民币550万元；经营范围为棉布的加工、销售；国内商业、物资供销业（不含专营、专控、专卖商品）。本公司收购三兴公司之后，三兴公司于1999年8月12日办理了工商登记变更，变更后的法人名称为深圳市三兴织物整理实业有限公司。1999年10月11日三兴公司增资后再次办理工商登记变更，变更后的公司注册资本为人民币3,780万元。", "spo_list": [{"predicate": "变更日期", "object_type": "日期", "subject_type": "公司", "object": "1999年10月11日", "subject": "三兴公司", "subject_index": {"begin": 236, "end": 240}, "object_index": {"begin": 225, "end": 236}}, {"predicate": "注册资本", "object_type": "金额", "subject_type": "日期", "object": "3,780万元", "subject": "1999年10月11日", "subject_index": {"begin": 225, "end": 236}, "object_index": {"begin": 268, "end": 275}}]}
{"text": "黄贤优：董事长，男，37岁，大专学历（现就读工商管理硕士学位），助理经济师。曾任深圳金田纺织股份有限公司业务员、部门经理，中外合资嘉骐纺织有限公司董事长，西宁市国新资产经营有限责任公司董事，一九九九年五月起任青海白唇鹿股份有限公司董事长。", "spo_list": [{"predicate": "大专", "object_type": "学历", "subject_type": "人物", "object": "大专", "subject": "黄贤优", "subject_index": {"begin": 0, "end": 3}, "object_index": {"begin": 14, "end": 16}}, {"predicate": "任职公司", "object_type": "公司", "subject_type": "人物", "object": "深圳金田纺织股份有限公司", "subject": "黄贤优", "subject_index": {"begin": 0, "end": 3}, "object_index": {"begin": 40, "end": 52}}, {"predicate": "任职公司", "object_type": "公司", "subject_type": "人物", "object": "中外合资嘉骐纺织有限公司", "subject": "黄贤优", "subject_index": {"begin": 0, "end": 3}, "object_index": {"begin": 61, "end": 73}}, {"predicate": "任职公司", "object_type": "公司", "subject_type": "人物", "object": "西宁市国新资产经营有限责任公司", "subject": "黄贤优", "subject_index": {"begin": 0, "end": 3}, "object_index": {"begin": 77, "end": 92}}, {"predicate": "任职日期", "object_type": "日期", "subject_type": "人物", "object": "一九九九年五月起", "subject": "黄贤优", "subject_index": {"begin": 0, "end": 3}, "object_index": {"begin": 95, "end": 103}}, {"predicate": "任职公司", "object_type": "公司", "subject_type": "人物", "object": "青海白唇鹿股份有限公司", "subject": "黄贤优", "subject_index": {"begin": 0, "end": 3}, "object_index": {"begin": 104, "end": 115}}]}
{"text": "刘赤：董事，女，38岁，硕士研究生，曾任中山大学讲师、香港天绰实业有限公司董事长助理、广州丰瑞实业有限公司办公室主任，现任西宁市国新资产经营有限责任公司副总经理。", "spo_list": [{"predicate": "研究生", "object_type": "学历", "subject_type": "人物", "object": "硕士研究生", "subject": "刘赤", "subject_index": {"begin": 0, "end": 2}, "object_index": {"begin": 12, "end": 17}}, {"predicate": "任职公司", "object_type": "公司", "subject_type": "人物", "object": "中山大学", "subject": "刘赤", "subject_index": {"begin": 0, "end": 2}, "object_index": {"begin": 20, "end": 24}}, {"predicate": "任职公司", "object_type": "公司", "subject_type": "人物", "object": "香港天绰实业有限公司", "subject": "刘赤", "subject_index": {"begin": 0, "end": 2}, "object_index": {"begin": 27, "end": 37}}, {"predicate": "任职公司", "object_type": "公司", "subject_type": "人物", "object": "广州丰瑞实业有限公司", "subject": "刘赤", "subject_index": {"begin": 0, "end": 2}, "object_index": {"begin": 43, "end": 53}}, {"predicate": "任职公司", "object_type": "公司", "subject_type": "人物", "object": "西宁市国新资产经营有限责任公司", "subject": "刘赤", "subject_index": {"begin": 0, "end": 2}, "object_index": {"begin": 61, "end": 76}}]}
{"text": "赵兰：监事，女，46岁，中专学历，会计师，历任青海第一毛纺厂财务部会计、科长，现任青海白唇鹿股份有限公司审计监察部部长。", "spo_list": [{"predicate": "任职公司", "object_type": "公司", "subject_type": "人物", "object": "青海第一毛纺厂", "subject": "赵兰", "subject_index": {"begin": 0, "end": 2}, "object_index": {"begin": 23, "end": 30}}, {"predicate": "任职公司", "object_type": "公司", "subject_type": "人物", "object": "青海白唇鹿股份有限公司", "subject": "赵兰", "subject_index": {"begin": 0, "end": 2}, "object_index": {"begin": 41, "end": 52}}]}
{"text": "其主要内容是：计划引进德国CMS433.6（大机型）7G电脑全自动提花横机24台，电脑3台，国内空调2台，稳压器24台，由于扩大了生产能力，因此，必需对原毛车间的第一选毛工房、锅炉房、配电室进行改造。通过电脑进行提花工艺设计，会使牛绒衫的款式大为改观，向多样化、外衣化、时装化发展，同时也可使牛绒衫的质量有较大提高，为牛绒产品的集约化生产及产品进入国际市场奠定坚实的基础。该技改项目总投资3,607.85万元，其中：固定资产总投资2,925.14万元，配套流动资金682.71万元。该技改项目完成以后，可形成年产15.2万件提花牛绒衫编织能力，年销售收入约为4,256.00万元，年新增利润总额约为997.27万元，投资利润率为27.64%，投资回收期为5.39年。", "spo_list": []}
{"text": "（三）根据董事会决议，本公司2000年股利不再分配，具体实施时间由本公司股东大会决定。本次公开发行股票后，新股东将享受本公司2000年度留存未分配利润。", "spo_list": []}
{"text": "我们接受委托，对青海白唇鹿股份有限公司（筹）截至1998年8月25日止的实收股本及相关的资产和负债的真实性和合法性进行了审验。在审验过程中，我们按照《独立审计实务公告第1号－验资》的要求，实施了必要的审验程序。青海白唇鹿股份有限公司(筹)的责任是提供真实、合法、完整的验资资料，保证资产的安全、完整，我们的责任是按照《独立审计实务公告第1号－验资》的要求，出具真实、合法的验资报告。", "spo_list": []}
{"text": "本公司前身是青海第一毛纺厂，原名青海绒毛加工厂，始建于1944年，是青海省建厂最早企业之一,属国有中型一类企业。1997年，青海省政府为调整本省的毛纺行业结构，实现优势互补和规模经济，由青海省国有资产管理局批复[青国资局（1997）219号]，同意将原青海省畜产进出口公司针纺部中与牛绒衫生产经营相关的资产划拨给青海第一毛纺厂。", "spo_list": [{"predicate": "成立日期", "object_type": "日期", "subject_type": "公司", "object": "1944年", "subject": "青海绒毛加工厂", "subject_index": {"begin": 16, "end": 23}, "object_index": {"begin": 27, "end": 32}}]}
{"text": "1998年8月，经青海省人民政府青股审（1998）第004号文批准，以青海第一毛纺厂经评估确认后与牛绒衫生产经营相关的净资产作为出资，联合西宁市大什字百货商店、上海振鲁实业有限公司、西宁特殊钢集团有限责任公司、青海省集体工业物资供销处等四家以现金出资的企业法人共同发起，以发起设立方式于1998年8月28日设立本公司。", "spo_list": [{"predicate": "关联方", "object_type": "公司", "subject_type": "公司", "object": "西宁市大什字百货商店", "subject": "青海第一毛纺厂", "subject_index": {"begin": 35, "end": 42}, "object_index": {"begin": 69, "end": 79}}, {"predicate": "关联方", "object_type": "公司", "subject_type": "公司", "object": "上海振鲁实业有限公司", "subject": "青海第一毛纺厂", "subject_index": {"begin": 35, "end": 42}, "object_index": {"begin": 80, "end": 90}}, {"predicate": "关联方", "object_type": "公司", "subject_type": "公司", "object": "西宁特殊钢集团有限责任公司", "subject": "青海第一毛纺厂", "subject_index": {"begin": 35, "end": 42}, "object_index": {"begin": 91, "end": 104}}, {"predicate": "关联方", "object_type": "公司", "subject_type": "公司", "object": "青海省集体工业物资供销", "subject": "青海第一毛纺厂", "subject_index": {"begin": 35, "end": 42}, "object_index": {"begin": 105, "end": 116}}]}
{"text": "1、国新控股系本公司的最大股东，持有本公司6,758万股。国新控股成立于1998年3月18日，原名西宁市国新资产经营有限公司。注册号为：6301001200524；住所为：西宁市城北区小桥大街36号；法定代表人为：舒扬；注册资本为：人民币壹亿玖仟肆佰捌拾伍万元；经营范围为：纺织品生产、销售，房地产开发，城乡交通基础设施建设，水电，高新技术开发、推广及应用，信息技术开发、应用，农副产品加工、销售，资本运营，企业购并。本公司设立时，西宁市国有资产管理局（1998）市国资企字第50号文授权西宁市国新资产经营有限公司持有青海一毛国有资产的产权，青海省国有资产管理局以青国资字第（1998）152号文对本公司国有股权管理方案作出批复，将发起人青海一毛向本公司出资所折股份设置为国有法人股，股权持有人为西宁市国新资产经营有限公司。2000年3月8日，西宁市国新资产经营有限公司进行了增资扩股，吸收广州贤成集团有限公司等五个新股东，并变更为西宁市国新投资控股有限责任公司。根据西宁市国有资产管理局[1999]市国资企字第142号文《关于西宁市国新资产经营有限责任公司增资扩股等有关问题的批复》，同意将西宁市国新资产经营有限责任公司持有本公司的股份由国新控股继续持有。因此，国新控股成为本公司的最大股东，持有本公司6,758万股股份，在本公司本次股票发行上市后，国新控股持有本公司的股份占本公司股本总额的61.44％；", "spo_list": [{"predicate": "成立日期", "object_type": "日期", "subject_type": "公司", "object": "1998年3月18日", "subject": "国新控股", "subject_index": {"begin": 29, "end": 33}, "object_index": {"begin": 36, "end": 46}}, {"predicate": "任职公司", "object_type": "公司", "subject_type": "人物", "object": "国新控股", "subject": "舒扬", "subject_index": {"begin": 107, "end": 109}, "object_index": {"begin": 29, "end": 33}}, {"predicate": "注册资本", "object_type": "金额", "subject_type": "日期", "object": "壹亿玖仟肆佰捌拾伍万元", "subject": "1998年3月18日", "subject_index": {"begin": 36, "end": 46}, "object_index": {"begin": 119, "end": 130}}, {"predicate": "关联方", "object_type": "公司", "subject_type": "公司", "object": "广州贤成集团有限公司", "subject": "西宁市国新资产经营有限公司", "subject_index": {"begin": 372, "end": 385}, "object_index": {"begin": 395, "end": 405}}, {"predicate": "变更日期", "object_type": "日期", "subject_type": "公司", "object": "2000年3月8日", "subject": "西宁市国新投资控股有限责任公司", "subject_index": {"begin": 416, "end": 431}, "object_index": {"begin": 362, "end": 371}}, {"predicate": "关联方", "object_type": "公司", "subject_type": "公司", "object": "国新控股", "subject": "西宁市国新资产经营有限责任公司", "subject_index": {"begin": 496, "end": 511}, "object_index": {"begin": 520, "end": 524}}]}
{"text": "孟庆良：副董事长，男，38岁，本科学历，经济师，曾任兰州毛条厂设备科科长、兰州纺织机械调配站经理、甘肃省轻纺物资总公司总经理、兰州辐射玻璃厂厂长、甘肃纺织机械器材总公司总经理、中国恒天集团中恒投资控股公司副总经理、西宁市国新资产经营有限责任公司副总经理，一九九九年五月起任青海白唇鹿股份有限公司副董事长。", "spo_list": [{"predicate": "本科", "object_type": "学历", "subject_type": "人物", "object": "本科", "subject": "孟庆良", "subject_index": {"begin": 0, "end": 3}, "object_index": {"begin": 15, "end": 17}}, {"predicate": "任职公司", "object_type": "公司", "subject_type": "人物", "object": "兰州毛条厂", "subject": "孟庆良", "subject_index": {"begin": 0, "end": 3}, "object_index": {"begin": 26, "end": 31}}, {"predicate": "任职公司", "object_type": "公司", "subject_type": "人物", "object": "兰州纺织机械调配站", "subject": "孟庆良", "subject_index": {"begin": 0, "end": 3}, "object_index": {"begin": 37, "end": 46}}, {"predicate": "任职公司", "object_type": "公司", "subject_type": "人物", "object": "甘肃省轻纺物资总公司", "subject": "孟庆良", "subject_index": {"begin": 0, "end": 3}, "object_index": {"begin": 49, "end": 59}}, {"predicate": "任职公司", "object_type": "公司", "subject_type": "人物", "object": "兰州辐射玻璃厂", "subject": "孟庆良", "subject_index": {"begin": 0, "end": 3}, "object_index": {"begin": 63, "end": 70}}, {"predicate": "任职公司", "object_type": "公司", "subject_type": "人物", "object": "甘肃纺织机械器材总公司", "subject": "孟庆良", "subject_index": {"begin": 0, "end": 3}, "object_index": {"begin": 73, "end": 84}}, {"predicate": "任职公司", "object_type": "公司", "subject_type": "人物", "object": "中国恒天集团中恒投资控股公司", "subject": "孟庆良", "subject_index": {"begin": 0, "end": 3}, "object_index": {"begin": 88, "end": 102}}, {"predicate": "任职公司", "object_type": "公司", "subject_type": "人物", "object": "西宁市国新资产经营有限责任公司", "subject": "孟庆良", "subject_index": {"begin": 0, "end": 3}, "object_index": {"begin": 107, "end": 122}}, {"predicate": "任职日期", "object_type": "日期", "subject_type": "人物", "object": "一九九九年五月起", "subject": "孟庆良", "subject_index": {"begin": 0, "end": 3}, "object_index": {"begin": 127, "end": 135}}, {"predicate": "任职公司", "object_type": "公司", "subject_type": "人物", "object": "青海白唇鹿股份有限公司", "subject": "孟庆良", "subject_index": {"begin": 0, "end": 3}, "object_index": {"begin": 136, "end": 147}}]}
{"text": "高国平：董事，男，42岁，大专学历，工程师，曾任广东兴宁市第二染织厂厂长，现任深圳市三兴织物整理实业有限公司总经理。", "spo_list": [{"predicate": "大专", "object_type": "学历", "subject_type": "人物", "object": "大专", "subject": "高国平", "subject_index": {"begin": 0, "end": 3}, "object_index": {"begin": 13, "end": 15}}, {"predicate": "任职公司", "object_type": "公司", "subject_type": "人物", "object": "广东兴宁市第二染织厂", "subject": "高国平", "subject_index": {"begin": 0, "end": 3}, "object_index": {"begin": 24, "end": 34}}, {"predicate": "任职公司", "object_type": "公司", "subject_type": "人物", "object": "深圳市三兴织物整理实业有限公司", "subject": "高国平", "subject_index": {"begin": 0, "end": 3}, "object_index": {"begin": 39, "end": 54}}]}
{"text": "刘世垒：监事，男，56岁，中专学历，曾任建设兵团青海农建师、青海省畜产品进出口公司、青海省畜产品公司针纺部干事、科长、厂长、党委副书记。", "spo_list": [{"predicate": "任职公司", "object_type": "公司", "subject_type": "人物", "object": "建设兵团", "subject": "刘世垒", "subject_index": {"begin": 0, "end": 3}, "object_index": {"begin": 20, "end": 24}}, {"predicate": "任职公司", "object_type": "公司", "subject_type": "人物", "object": "青海省畜产品进出口公司", "subject": "刘世垒", "subject_index": {"begin": 0, "end": 3}, "object_index": {"begin": 30, "end": 41}}, {"predicate": "任职公司", "object_type": "公司", "subject_type": "人物", "object": "青海省畜产品公司", "subject": "刘世垒", "subject_index": {"begin": 0, "end": 3}, "object_index": {"begin": 42, "end": 50}}]}
{"text": "本公司主要的筹资渠道是银行贷款，企业盈余和将来通过发行社会公众股募集资金。截止2000年12月31日，本公司合并报表后的长期投资余额为1556,159.36元，其中，债券投资37,444元，股权投资1,518,715.36元，是本公司对三兴公司的股权投资差额。", "spo_list": []}
{"text": "本公司自1998年成立以来的分红派息方案如下：经1998、1999年度股东大会批准，本公司1998年和1999年度均未分配利润和进行资本公积金转增股本；2000年8月，经临时股东大会批准，公司将2000年1-5月实现的利润9,643,716.19元,在提取10%法定盈余公积金和5%法定公益金后，加上期初未分配利润13,788,659.67元，可供股东分配利润21,985,818.43元，以2000年5月31日的股本7500万股为基数，按每股0.19元向股东进行分配。", "spo_list": [{"predicate": "股本", "object_type": "金额", "subject_type": "日期", "object": "7500万股", "subject": "2000年5月31日", "subject_index": {"begin": 196, "end": 206}, "object_index": {"begin": 209, "end": 215}}, {"predicate": "净利润", "object_type": "金额", "subject_type": "日期", "object": "13,788,659.67元", "subject": "2000年", "subject_index": {"begin": 97, "end": 102}, "object_index": {"begin": 157, "end": 171}}, {"predicate": "未分配利润", "object_type": "金额", "subject_type": "日期", "object": "21,985,818.43元", "subject": "2000年", "subject_index": {"begin": 97, "end": 102}, "object_index": {"begin": 180, "end": 194}}]}
{"text": "8、2000年3月，根据西宁市国有资产管理局[1999]市国资企字第142号文《关于西宁市国新资产经营有限责任公司增资扩股等有关问题的批复》，本公司的控股股东西宁市国新资产经营有限责任公司进行了增资扩股，吸收了广州贤成集团有限公司等五位新股东，并变更为西宁市国新投资控股有限责任公司。增资扩股以后，西宁市国新投资控股有限责任公司的注册资本金为19485万元。其中：西宁市国有资产管理局出资5885万元，占注册资本的30.2%；广州贤成集团有限公司出资5261万元，占注册资本的27%；中恒投资控股有限公司出资1169万元，占注册资本的6%；广州天艺服装有限公司出资2533万元，占注册资本的13%；兴宁市龙飞房地产开发有限公司出资2338万元，占注册资本的12%；华南期货经纪有限责任公司出资2299万元，占注册资本的11.8%。经青海省财政厅青财企字[2001]220号文《关于青海白唇鹿股份有限公司国有股权界定的批复》，西宁市国新投资控股有限责任公司持有本公司的股权仍为国有法人股", "spo_list": [{"predicate": "注册资本", "object_type": "金额", "subject_type": "日期", "object": "19485万元", "subject": "2000年3月", "subject_index": {"begin": 2, "end": 9}, "object_index": {"begin": 171, "end": 178}}]}
{"text": "4、西宁特殊钢（集团）有限责任公司持有本公司55万股股份。该公司于1996年1月31日在青海省工商行政管理局注册成立，营业执照注册号为22659318-7；住所为西宁市柴达木路52号；法定代表人为张昭云；注册资本为75,846万元；经营范围为钢铁冶炼、金属压延加工；机械设备维修、租货及配件批零；科技咨询、技术协作；金属材料、工矿产品、冶金炉料加工等。", "spo_list": [{"predicate": "注册资本", "object_type": "金额", "subject_type": "日期", "object": "75,846万元", "subject": "1996年1月31日", "subject_index": {"begin": 33, "end": 43}, "object_index": {"begin": 107, "end": 115}}, {"predicate": "成立日期", "object_type": "日期", "subject_type": "公司", "object": "1996年1月31日", "subject": "、西宁特殊钢（集团）有限责任公司", "subject_index": {"begin": 1, "end": 17}, "object_index": {"begin": 33, "end": 43}}]}
{"text": "卫亚莉：董事，女，42岁，大专学历，曾任西宁食品厂、西宁市食品公司、西宁市商业局、西宁市五金公司团支部书记、团委副书记、党委书记，现任西宁市大什字百货商店总经理。", "spo_list": [{"predicate": "大专", "object_type": "学历", "subject_type": "人物", "object": "大专学历", "subject": "卫亚莉", "subject_index": {"begin": 0, "end": 3}, "object_index": {"begin": 13, "end": 17}}, {"predicate": "任职公司", "object_type": "公司", "subject_type": "人物", "object": "西宁食品厂", "subject": "卫亚莉", "subject_index": {"begin": 0, "end": 3}, "object_index": {"begin": 20, "end": 25}}, {"predicate": "任职公司", "object_type": "公司", "subject_type": "人物", "object": "西宁市食品公司", "subject": "卫亚莉", "subject_index": {"begin": 0, "end": 3}, "object_index": {"begin": 26, "end": 33}}, {"predicate": "任职公司", "object_type": "公司", "subject_type": "人物", "object": "西宁市商业局", "subject": "卫亚莉", "subject_index": {"begin": 0, "end": 3}, "object_index": {"begin": 34, "end": 40}}, {"predicate": "任职公司", "object_type": "公司", "subject_type": "人物", "object": "西宁市五金公司", "subject": "卫亚莉", "subject_index": {"begin": 0, "end": 3}, "object_index": {"begin": 41, "end": 48}}, {"predicate": "任职公司", "object_type": "公司", "subject_type": "人物", "object": "西宁市大什字百货商店", "subject": "卫亚莉", "subject_index": {"begin": 0, "end": 3}, "object_index": {"begin": 67, "end": 77}}]}
{"text": "徐蝶梅：董事，女，58岁，大专学历，曾任上海新乐服装公司经理，现任上海振鲁实业有限公司董事长。", "spo_list": [{"predicate": "大专", "object_type": "学历", "subject_type": "人物", "object": "大专学历", "subject": "徐蝶梅", "subject_index": {"begin": 0, "end": 3}, "object_index": {"begin": 13, "end": 17}}, {"predicate": "任职公司", "object_type": "公司", "subject_type": "人物", "object": "上海新乐服装公司", "subject": "徐蝶梅", "subject_index": {"begin": 0, "end": 3}, "object_index": {"begin": 20, "end": 28}}, {"predicate": "任职公司", "object_type": "公司", "subject_type": "人物", "object": "上海振鲁实业有限公司", "subject": "徐蝶梅", "subject_index": {"begin": 0, "end": 3}, "object_index": {"begin": 33, "end": 43}}]}
{"text": "詹立成：监事会主席，男，57岁，高中学历，政工师，曾任中国人民解放军、县人民武装部战士、政委、党委书记，青海第一毛纺厂、青海造纸厂纪委书记、党委书记。", "spo_list": [{"predicate": "任职公司", "object_type": "公司", "subject_type": "人物", "object": "中国人民解放军", "subject": "詹立成", "subject_index": {"begin": 0, "end": 3}, "object_index": {"begin": 27, "end": 34}}, {"predicate": "任职公司", "object_type": "公司", "subject_type": "人物", "object": "青海第一毛纺厂", "subject": "詹立成", "subject_index": {"begin": 0, "end": 3}, "object_index": {"begin": 52, "end": 59}}, {"predicate": "任职公司", "object_type": "公司", "subject_type": "人物", "object": "青海造纸厂", "subject": "詹立成", "subject_index": {"begin": 0, "end": 3}, "object_index": {"begin": 60, "end": 65}}]}
{"text": "马慧玲：财务负责人，女，39岁，大专学历，曾任本公司财务部副部长，财务总监助理。", "spo_list": [{"predicate": "大专", "object_type": "学历", "subject_type": "人物", "object": "大专学历", "subject": "马慧玲", "subject_index": {"begin": 0, "end": 3}, "object_index": {"begin": 16, "end": 20}}]}
{"text": "本公司是经青海省人民政府以青股审（1998）004号文批准，以青海第一毛纺厂联合西宁市大什字百货商店等其它四家企业法人，以发起设立方式设立的股份有限公司。本公司于1998年8月28日在青海省工商行政管理局注册，注册资本7,500万元，总股本7,500万股，均为面值1.00元的人民币普通股。", "spo_list": [{"predicate": "股本", "object_type": "金额", "subject_type": "日期", "object": "7,500万股", "subject": "1998年8月28日", "subject_index": {"begin": 81, "end": 91}, "object_index": {"begin": 120, "end": 127}}, {"predicate": "注册资本", "object_type": "金额", "subject_type": "日期", "object": "7,500万元", "subject": "1998年8月28日", "subject_index": {"begin": 81, "end": 91}, "object_index": {"begin": 109, "end": 116}}]}
{"text": "本公司是在青海第一毛纺厂整体改制的基础上设立的。根据青海省国有资产管理局青国资字第（1998）152号文的批复，青海第一毛纺厂将与牛绒衫生产经营相关的资产（原毛车间、牛绒衫车间、粗纺车间、染整车间、动力车间、羊绒衫车间及相关科室所属资产）及相应的负债投入本公司，该部分净资产经评估后为86,535,041元,按78.1%折为67,580,000股,占本公司股本总额的90.11%。青海第一毛纺厂投入本公司的净资产所折股份为国有法人股，由西宁市国有资产管理局授权西宁市国新资产经营有限公司持有。2000年3月8日，西宁市国新资产经营有限公司进行了增资扩股，并变更为西宁市国新投资控股有限公司。经西宁市国有资产管理局[1999]市国资企字第142号文批复，同意西宁市国新资产经营有限公司持有本公司的股份由西宁市国新投资控股有限责任公司继续持有", "spo_list": [{"predicate": "净资产评估值", "object_type": "金额", "subject_type": "日期", "object": "86,535,041元", "subject": "1998", "subject_index": {"begin": 42, "end": 46}, "object_index": {"begin": 142, "end": 153}}]}
{"text": "3、1999年9月，经本公司董事会研究和股东大会决议通过，并取得三兴公司的另一股东高国平同意后，对三兴公司进行了增资。本公司与股东高国平分别按90%和10%的股权比例，以现金增资2907万元人民币和323万元人民币。三兴公司增资后的注册资本增加至3780万元人民币，股权结构保持不变。该投资主要用于购买进口设备，使三兴公司的技术装备形成配套生产能力，并进一步增强三兴公司的开发能力和扩大经营规模，使三兴公司成为本公司的深加工基地和对外贸易窗口", "spo_list": [{"predicate": "注册资本", "object_type": "金额", "subject_type": "日期", "object": "3780万元人民币", "subject": "1999年9月", "subject_index": {"begin": 2, "end": 9}, "object_index": {"begin": 123, "end": 132}}]}
{"text": "5、上海振鲁实业有限公司持有本公司78万股股份。该公司于1996年11月26日在上海市工商行政管理局注册成立，营业执照注册号为3101091013914；住所为上海市场中路815号；法定代表人为徐蝶梅；注册资本为人民币200万元；经营范围为销售金属材料、建筑装潢材料、木材、化工原料（除危险品）、机械设备、仪器仪表、百货、五金交电等。", "spo_list": [{"predicate": "注册资本", "object_type": "金额", "subject_type": "日期", "object": "200万元", "subject": "1996年11月26日", "subject_index": {"begin": 28, "end": 39}, "object_index": {"begin": 109, "end": 114}}]}
{"text": "8、青海双蝶绒线厂系国新控股的全资附属企业。该厂成立于1998年10月12日，企业法人营业执照注册号为6301001200738；住所为西宁市城北区小桥大街36号；法定代表人为朱军；注册资本为人民币3,100万元；经营范围为主营毛纺织品，毛纺原料收购，来料加工，房地产开发，技术协作；兼营餐饮娱乐、液化气。", "spo_list": [{"predicate": "注册资本", "object_type": "金额", "subject_type": "日期", "object": "3,100万元", "subject": "1998年10月12日", "subject_index": {"begin": 27, "end": 38}, "object_index": {"begin": 99, "end": 106}}]}
{"text": "李冬生：董事，男，47岁，大专学历，高级工程师，一九八零年起历任青海第一毛纺厂技术员、厂长助理、副厂长、厂长，现任青海白唇鹿股份有限公司总经理。", "spo_list": [{"predicate": "大专", "object_type": "学历", "subject_type": "人物", "object": "大专", "subject": "李冬生", "subject_index": {"begin": 0, "end": 3}, "object_index": {"begin": 13, "end": 15}}, {"predicate": "任职日期", "object_type": "日期", "subject_type": "人物", "object": "一九八零年起", "subject": "李冬生", "subject_index": {"begin": 0, "end": 3}, "object_index": {"begin": 24, "end": 30}}, {"predicate": "任职公司", "object_type": "公司", "subject_type": "人物", "object": "青海第一毛纺厂", "subject": "李冬生", "subject_index": {"begin": 0, "end": 3}, "object_index": {"begin": 32, "end": 39}}, {"predicate": "任职公司", "object_type": "公司", "subject_type": "人物", "object": "青海白唇鹿股份有限公司", "subject": "李冬生", "subject_index": {"begin": 0, "end": 3}, "object_index": {"begin": 57, "end": 68}}]}
{"text": "黄静：董事，女，40岁，大学学历，高级工程师，自一九八三年八月起历任青海第一毛纺厂车间主任、副厂长，现任青海白唇鹿股份有限公司总工程师。", "spo_list": [{"predicate": "本科", "object_type": "学历", "subject_type": "人物", "object": "大学", "subject": "黄静", "subject_index": {"begin": 0, "end": 2}, "object_index": {"begin": 12, "end": 14}}, {"predicate": "任职日期", "object_type": "日期", "subject_type": "人物", "object": "自一九八三年八月", "subject": "黄静", "subject_index": {"begin": 0, "end": 2}, "object_index": {"begin": 23, "end": 31}}, {"predicate": "任职公司", "object_type": "公司", "subject_type": "人物", "object": "青海第一毛纺厂", "subject": "黄静", "subject_index": {"begin": 0, "end": 2}, "object_index": {"begin": 34, "end": 41}}, {"predicate": "任职公司", "object_type": "公司", "subject_type": "人物", "object": "青海白唇鹿股份有限公司", "subject": "黄静", "subject_index": {"begin": 0, "end": 2}, "object_index": {"begin": 52, "end": 63}}]}
{"text": "赵红:董事，女，31岁，大专学历，经济师，曾任中国建设银行广州市分行建设路办事处主任，现任西宁市国新投资控股有限公司办公室主任。", "spo_list": [{"predicate": "大专", "object_type": "学历", "subject_type": "人物", "object": "大专", "subject": "赵红", "subject_index": {"begin": 0, "end": 2}, "object_index": {"begin": 12, "end": 14}}, {"predicate": "任职公司", "object_type": "公司", "subject_type": "人物", "object": "中国建设银行", "subject": "赵红", "subject_index": {"begin": 0, "end": 2}, "object_index": {"begin": 23, "end": 29}}, {"predicate": "任职公司", "object_type": "公司", "subject_type": "人物", "object": "西宁市国新投资控股有限公司", "subject": "赵红", "subject_index": {"begin": 0, "end": 2}, "object_index": {"begin": 45, "end": 58}}]}
{"text": "李吉吉：董事会秘书，男，45岁，大专学历，工程师，曾任青海纺织工业总公司、青海第三毛纺厂技术员、总师办主任，青海天源纺织集团公司企管部经理，现任青海白唇鹿股份有限公司董事会秘书、董事长助理。", "spo_list": [{"predicate": "大专", "object_type": "学历", "subject_type": "人物", "object": "大专", "subject": "李吉吉", "subject_index": {"begin": 0, "end": 3}, "object_index": {"begin": 16, "end": 18}}, {"predicate": "任职公司", "object_type": "公司", "subject_type": "人物", "object": "青海纺织工业总公司", "subject": "李吉吉", "subject_index": {"begin": 0, "end": 3}, "object_index": {"begin": 27, "end": 36}}, {"predicate": "任职公司", "object_type": "公司", "subject_type": "人物", "object": "青海第三毛纺厂", "subject": "李吉吉", "subject_index": {"begin": 0, "end": 3}, "object_index": {"begin": 37, "end": 44}}, {"predicate": "任职公司", "object_type": "公司", "subject_type": "人物", "object": "青海天源纺织集团公司", "subject": "李吉吉", "subject_index": {"begin": 0, "end": 3}, "object_index": {"begin": 54, "end": 64}}, {"predicate": "任职公司", "object_type": "公司", "subject_type": "人物", "object": "青海白唇鹿股份有限公司", "subject": "李吉吉", "subject_index": {"begin": 0, "end": 3}, "object_index": {"begin": 72, "end": 83}}]}