{
  "0": "组织关系-裁员",
  "1": "司法行为-起诉",
  "2": "组织关系-解散",
  "3": "组织关系-加盟",
  "4": "司法行为-拘捕",
  "5": "组织行为-罢工",
  "6": "组织关系-辞/离职",
  "7": "财经/交易-上市",
  "8": "人生-死亡",
  "9": "灾害/意外-坍/垮塌",
  "10": "人生-失联",
  "11": "交往-感谢",
  "12": "组织关系-解约",
  "13": "交往-道歉",
  "14": "产品行为-召回",
  "15": "灾害/意外-起火",
  "16": "司法行为-约谈",
  "17": "司法行为-举报",
  "18": "司法行为-罚款",
  "19": "灾害/意外-车祸",
  "20": "交往-点赞",
  "21": "财经/交易-降息",
  "22": "财经/交易-涨价",
  "23": "灾害/意外-爆炸",
  "24": "财经/交易-降价",
  "25": "产品行为-发布",
  "26": "交往-会见",
  "27": "组织行为-开幕",
  "28": "竞赛行为-退役",
  "29": "竞赛行为-夺冠",
  "30": "人生-结婚",
  "31": "人生-产子/女",
  "32": "产品行为-下架",
  "33": "人生-怀孕",
  "34": "产品行为-获奖",
  "35": "竞赛行为-晋级",
  "36": "组织关系-退出",
  "37": "财经/交易-出售/收购",
  "38": "竞赛行为-胜负",
  "39": "产品行为-上映",
  "40": "灾害/意外-洪灾",
  "41": "交往-探班",
  "42": "组织关系-解雇",
  "43": "司法行为-入狱",
  "44": "组织关系-停职",
  "45": "财经/交易-跌停",
  "46": "司法行为-立案",
  "47": "人生-求婚",
  "48": "竞赛行为-退赛",
  "49": "人生-离婚",
  "50": "组织行为-游行",
  "51": "财经/交易-加息",
  "52": "灾害/意外-坠机",
  "53": "灾害/意外-地震",
  "54": "人生-婚礼",
  "55": "人生-分手",
  "56": "灾害/意外-袭击",
  "57": "财经/交易-融资",
  "58": "人生-订婚",
  "59": "财经/交易-涨停",
  "60": "竞赛行为-禁赛",
  "61": "司法行为-开庭",
  "62": "人生-出轨",
  "63": "人生-庆生",
  "64": "组织行为-闭幕"
}