{"text": "截至报告期末，公司预收账款账面价值为20.28万元，无预收持有本公司5%（含5%）以上表决权股份的股东单位款项。", "spo_list": [{"predicate": "预收款项余额", "object_type": "金额", "subject_type": "日期", "object": "20.28万元", "subject": "截至报告期末", "subject_index": {"begin": 0, "end": 6}, "object_index": {"begin": 18, "end": 25}}]}
{"text": "2013年至2016年6月末发行人核销的应收账款金额分别为：0元、490,167.48元、265,988.13元、0元，实际发生的坏账损失金额非常小。", "spo_list": [{"predicate": "应收帐款账面价值", "object_type": "金额", "subject_type": "日期", "object": "0元", "subject": "2013年至2016年6月末", "subject_index": {"begin": 0, "end": 14}, "object_index": {"begin": 30, "end": 32}}, {"predicate": "应收帐款账面价值", "object_type": "金额", "subject_type": "日期", "object": "490,167.48元", "subject": "2013年至2016年6月末", "subject_index": {"begin": 0, "end": 14}, "object_index": {"begin": 33, "end": 44}}, {"predicate": "应收帐款账面价值", "object_type": "金额", "subject_type": "日期", "object": "265,988.13元", "subject": "2013年至2016年6月末", "subject_index": {"begin": 0, "end": 14}, "object_index": {"begin": 45, "end": 56}}, {"predicate": "应收帐款账面价值", "object_type": "金额", "subject_type": "日期", "object": "0元", "subject": "2013年至2016年6月末", "subject_index": {"begin": 0, "end": 14}, "object_index": {"begin": 57, "end": 59}}]}
{"text": "2013年末至2016年6月末公司其他应收款账面价值分别为253.80万元、311.74万元、365.98万元、309.09万元，主要包括应收融资租赁保证金、厂房押金、职工业务备用金等。", "spo_list": [{"predicate": "其他应收账款账面价值", "object_type": "金额", "subject_type": "日期", "object": "253.80万元", "subject": "2013年末至2016年6月末", "subject_index": {"begin": 0, "end": 15}, "object_index": {"begin": 29, "end": 37}}, {"predicate": "其他应收账款账面价值", "object_type": "金额", "subject_type": "日期", "object": "311.74万元", "subject": "2013年末至2016年6月末", "subject_index": {"begin": 0, "end": 15}, "object_index": {"begin": 38, "end": 46}}, {"predicate": "其他应收账款账面价值", "object_type": "金额", "subject_type": "日期", "object": "365.98万元", "subject": "2013年末至2016年6月末", "subject_index": {"begin": 0, "end": 15}, "object_index": {"begin": 47, "end": 55}}, {"predicate": "其他应收账款账面价值", "object_type": "金额", "subject_type": "日期", "object": "309.09万元", "subject": "2013年末至2016年6月末", "subject_index": {"begin": 0, "end": 15}, "object_index": {"begin": 56, "end": 64}}]}
{"text": "2014年末、2015年末固定资产账面价值分别较上年末增长3,859.17万元、1,429.80万元，", "spo_list": [{"predicate": "固定资产账面价值", "object_type": "金额", "subject_type": "日期", "object": "3,859.17万元", "subject": "2014年末", "subject_index": {"begin": 0, "end": 6}, "object_index": {"begin": 29, "end": 39}}, {"predicate": "固定资产账面价值", "object_type": "金额", "subject_type": "日期", "object": "1,429.80万元", "subject": "2015年末", "subject_index": {"begin": 7, "end": 13}, "object_index": {"begin": 40, "end": 50}}]}
{"text": "2013年末至2016年6月末公司在建工程账面价值分别为4,140.75万元、5,508.43万元、8,916.58万元、5,978.94万元，各期末在建工程主要系加工安装中的机器设备和专用设备及在建厂房。专用设备是指生产产品所需的模具、治具。", "spo_list": [{"predicate": "在建工程净额", "object_type": "金额", "subject_type": "日期", "object": "4,140.75万元", "subject": "2013年末至2016年6月末", "subject_index": {"begin": 0, "end": 15}, "object_index": {"begin": 28, "end": 38}}, {"predicate": "在建工程净额", "object_type": "金额", "subject_type": "日期", "object": "5,508.43万元", "subject": "2013年末至2016年6月末", "subject_index": {"begin": 0, "end": 15}, "object_index": {"begin": 39, "end": 49}}, {"predicate": "在建工程净额", "object_type": "金额", "subject_type": "日期", "object": "8,916.58万元", "subject": "2013年末至2016年6月末", "subject_index": {"begin": 0, "end": 15}, "object_index": {"begin": 50, "end": 60}}, {"predicate": "在建工程净额", "object_type": "金额", "subject_type": "日期", "object": "5,978.94万元", "subject": "2013年末至2016年6月末", "subject_index": {"begin": 0, "end": 15}, "object_index": {"begin": 61, "end": 71}}]}
{"text": "2013年末至2016年6月末长期待摊费用金额分别为522.42万元、554.89万元、484.60万元、404.96万元，", "spo_list": [{"predicate": "长期待摊费用", "object_type": "金额", "subject_type": "日期", "object": "522.42万元", "subject": "2013年末至2016年6月末", "subject_index": {"begin": 0, "end": 15}, "object_index": {"begin": 26, "end": 34}}, {"predicate": "长期待摊费用", "object_type": "金额", "subject_type": "日期", "object": "554.89万元", "subject": "2013年末至2016年6月末", "subject_index": {"begin": 0, "end": 15}, "object_index": {"begin": 35, "end": 43}}, {"predicate": "长期待摊费用", "object_type": "金额", "subject_type": "日期", "object": "484.60万元", "subject": "2013年末至2016年6月末", "subject_index": {"begin": 0, "end": 15}, "object_index": {"begin": 44, "end": 52}}, {"predicate": "长期待摊费用", "object_type": "金额", "subject_type": "日期", "object": "404.96万元", "subject": "2013年末至2016年6月末", "subject_index": {"begin": 0, "end": 15}, "object_index": {"begin": 53, "end": 61}}]}
{"text": "2013年末至2016年6月末公司非流动负债主要为长期借款，余额分别为4,700万元、5,245万元、2,685万元、2,690万元，占非流动负债总额的比例分别为88.06%、84.34%、69.45%、76.93%。2013年末公司长期借款主要为2011年、2012年分别从国家开发银行借入4,750万元、950万元长期贷款。2014年末长期借款较2013年末增加主要系公司从南京银行、上海银行新增长期借款所致。2015年末长期借款较2014年末减少主要系部分长期借款转入了一年内到期的长期借款所致。2016年6月末长期借款较2015年末稳定。", "spo_list": [{"predicate": "长期借款余额", "object_type": "金额", "subject_type": "日期", "object": "4,700万元", "subject": "2013年末至2016年6月末", "subject_index": {"begin": 0, "end": 15}, "object_index": {"begin": 35, "end": 42}}, {"predicate": "长期借款余额", "object_type": "金额", "subject_type": "日期", "object": "5,245万元", "subject": "2013年末至2016年6月末", "subject_index": {"begin": 0, "end": 15}, "object_index": {"begin": 43, "end": 50}}, {"predicate": "长期借款余额", "object_type": "金额", "subject_type": "日期", "object": "2,685万元", "subject": "2013年末至2016年6月末", "subject_index": {"begin": 0, "end": 15}, "object_index": {"begin": 51, "end": 58}}, {"predicate": "长期借款余额", "object_type": "金额", "subject_type": "日期", "object": "2,690万元", "subject": "2013年末至2016年6月末", "subject_index": {"begin": 0, "end": 15}, "object_index": {"begin": 59, "end": 66}}]}
{"text": "为适应业务发展需要，2013年、2014年、2015年、2016年1至6月，公司“购建固定资产、无形资产及其他长期资产支付的现金”分别为9,662.13万元、10,322.67万元、11,302.11万元、5,143.25万元。公", "spo_list": [{"predicate": "在建工程净额", "object_type": "金额", "subject_type": "日期", "object": "9,662.13万元", "subject": "2013年", "subject_index": {"begin": 10, "end": 15}, "object_index": {"begin": 68, "end": 78}}, {"predicate": "在建工程净额", "object_type": "金额", "subject_type": "日期", "object": "10,322.67万元", "subject": "2014年", "subject_index": {"begin": 16, "end": 21}, "object_index": {"begin": 79, "end": 90}}, {"predicate": "在建工程净额", "object_type": "金额", "subject_type": "日期", "object": "11,302.11万元", "subject": "2015年", "subject_index": {"begin": 22, "end": 27}, "object_index": {"begin": 91, "end": 102}}, {"predicate": "在建工程净额", "object_type": "金额", "subject_type": "日期", "object": "5,143.25万元", "subject": "2016年1至6月", "subject_index": {"begin": 28, "end": 37}, "object_index": {"begin": 103, "end": 113}}]}
{"text": "截至报告期末，公司还有3,070万元长期借款将在一年内到期，已在一年内到期的非流动负债中列示。", "spo_list": [{"predicate": "长期借款余额", "object_type": "金额", "subject_type": "日期", "object": "3,070万元", "subject": "截至报告期末", "subject_index": {"begin": 0, "end": 6}, "object_index": {"begin": 11, "end": 18}}]}
{"text": "2013年末至2016年6月末公司预付账款账面价值分别为1,478.78万元、1,897.83万元、1,567.21万元、1,596.76万元，预付款主要由材料款、设备款、租金等构成。", "spo_list": [{"predicate": "预付款项余额", "object_type": "金额", "subject_type": "日期", "object": "1,478.78万元", "subject": "2013年末至2016年6月", "subject_index": {"begin": 0, "end": 14}, "object_index": {"begin": 28, "end": 38}}, {"predicate": "预付款项余额", "object_type": "金额", "subject_type": "日期", "object": "1,897.83万元", "subject": "2013年末至2016年6月", "subject_index": {"begin": 0, "end": 14}, "object_index": {"begin": 39, "end": 49}}, {"predicate": "预付款项余额", "object_type": "金额", "subject_type": "日期", "object": "1,567.21万元", "subject": "2013年末至2016年6月", "subject_index": {"begin": 0, "end": 14}, "object_index": {"begin": 50, "end": 60}}, {"predicate": "预付款项余额", "object_type": "金额", "subject_type": "日期", "object": "1,596.76万元", "subject": "2013年末至2016年6月", "subject_index": {"begin": 0, "end": 14}, "object_index": {"begin": 61, "end": 71}}]}
{"text": "2013年末至2016年6月末公司存货账面价值分别为14,538.62万元、17,649.22万元、19,480.40万元、19,333.40万元，占流动资产的比例从2013年末的43.78%升至2015年末的48.23%，2016年6月末略有下降为46.88%。", "spo_list": [{"predicate": "存货余额", "object_type": "金额", "subject_type": "日期", "object": "14,538.62万元", "subject": "2013年末至2016年6月末", "subject_index": {"begin": 0, "end": 15}, "object_index": {"begin": 26, "end": 37}}, {"predicate": "存货余额", "object_type": "金额", "subject_type": "日期", "object": "17,649.22万元", "subject": "2013年末至2016年6月末", "subject_index": {"begin": 0, "end": 15}, "object_index": {"begin": 38, "end": 49}}, {"predicate": "存货余额", "object_type": "金额", "subject_type": "日期", "object": "19,480.40万元", "subject": "2013年末至2016年6月末", "subject_index": {"begin": 0, "end": 15}, "object_index": {"begin": 50, "end": 61}}, {"predicate": "存货余额", "object_type": "金额", "subject_type": "日期", "object": "19,333.40万元", "subject": "2013年末至2016年6月末", "subject_index": {"begin": 0, "end": 15}, "object_index": {"begin": 62, "end": 73}}]}
{"text": "2016年6月末固定资产账面价值较2015年末增加4,122.92万元，主要原因系公司房屋及建筑物的增加。", "spo_list": [{"predicate": "固定资产账面价值", "object_type": "金额", "subject_type": "日期", "object": "4,122.92万元", "subject": "2016年6月", "subject_index": {"begin": 0, "end": 7}, "object_index": {"begin": 25, "end": 35}}]}
{"text": "2014年末无形资产账面价值较2013年末增加39.04万元，主要是公司购置了软件。2015年末无形资产账面价值较2014年末减少108.88万元，主要系无形资产摊销所致。", "spo_list": [{"predicate": "无形资产账面价值", "object_type": "金额", "subject_type": "日期", "object": "39.04万元", "subject": "2014年", "subject_index": {"begin": 0, "end": 5}, "object_index": {"begin": 23, "end": 30}}, {"predicate": "无形资产账面价值", "object_type": "金额", "subject_type": "日期", "object": "108.88万元", "subject": "2015年", "subject_index": {"begin": 42, "end": 47}, "object_index": {"begin": 65, "end": 73}}]}
{"text": "2013年末至2016年6月末预收账款余额为14.59万元、45.14万元、9.71万元、20.28万元，主要为向客户预收的货款。", "spo_list": [{"predicate": "预收账款余额", "object_type": "金额", "subject_type": "日期", "object": "14.59万元", "subject": "2013年末至2016年6月", "subject_index": {"begin": 0, "end": 14}, "object_index": {"begin": 22, "end": 29}}, {"predicate": "预收账款余额", "object_type": "金额", "subject_type": "日期", "object": "45.14万元", "subject": "2013年末至2016年6月", "subject_index": {"begin": 0, "end": 14}, "object_index": {"begin": 30, "end": 37}}, {"predicate": "预收账款余额", "object_type": "金额", "subject_type": "日期", "object": "9.71万元", "subject": "2013年末至2016年6月", "subject_index": {"begin": 0, "end": 14}, "object_index": {"begin": 38, "end": 44}}, {"predicate": "预收账款余额", "object_type": "金额", "subject_type": "日期", "object": "20.28万元", "subject": "2013年末至2016年6月", "subject_index": {"begin": 0, "end": 14}, "object_index": {"begin": 45, "end": 52}}]}
{"text": "公司2013年末至2016年6月末的应收账款账面价值分别为12,590.49万元、12,960.23万元、14,145.03万元和14,272.41万元，占流动资产比重分别为37.92%、33.35%、35.02%和34.61%。", "spo_list": [{"predicate": "其他应收账款账面价值", "object_type": "金额", "subject_type": "日期", "object": "12,590.49万元", "subject": "2013年末至2016年6月末", "subject_index": {"begin": 2, "end": 17}, "object_index": {"begin": 29, "end": 40}}, {"predicate": "其他应收账款账面价值", "object_type": "金额", "subject_type": "日期", "object": "12,960.23万元", "subject": "2013年末至2016年6月末", "subject_index": {"begin": 2, "end": 17}, "object_index": {"begin": 41, "end": 52}}, {"predicate": "其他应收账款账面价值", "object_type": "金额", "subject_type": "日期", "object": "14,145.03万元", "subject": "2013年末至2016年6月末", "subject_index": {"begin": 2, "end": 17}, "object_index": {"begin": 53, "end": 64}}, {"predicate": "其他应收账款账面价值", "object_type": "金额", "subject_type": "日期", "object": "14,272.41万元", "subject": "2013年末至2016年6月末", "subject_index": {"begin": 2, "end": 17}, "object_index": {"begin": 65, "end": 76}}]}
{"text": "报告期各期末公司分别计提存货跌价准备37.03万元、38.21万元、21.38万元、22.93万元。", "spo_list": [{"predicate": "存货跌价准备", "object_type": "金额", "subject_type": "日期", "object": "37.03万元", "subject": "报告期各期末", "subject_index": {"begin": 0, "end": 6}, "object_index": {"begin": 18, "end": 25}}, {"predicate": "存货跌价准备", "object_type": "金额", "subject_type": "日期", "object": "38.21万元", "subject": "报告期各期末", "subject_index": {"begin": 0, "end": 6}, "object_index": {"begin": 26, "end": 33}}, {"predicate": "存货跌价准备", "object_type": "金额", "subject_type": "日期", "object": "21.38万元", "subject": "报告期各期末", "subject_index": {"begin": 0, "end": 6}, "object_index": {"begin": 34, "end": 41}}, {"predicate": "存货跌价准备", "object_type": "金额", "subject_type": "日期", "object": "22.93万元", "subject": "报告期各期末", "subject_index": {"begin": 0, "end": 6}, "object_index": {"begin": 42, "end": 49}}]}
{"text": "在建工程中专用设备主要指模具治具，2013年、2014年、2015年、2016年6月末在建工程中新增专用设备制造、组试及安装的金额分别为5,700.72万元、4,564.01万元、5,121.85万元、2,429.83万元，当年转入固定资产的金额分别为5,035.14万元、4,880.64万元、4,740.05万元、2,449.83万元，占当年建工程中新增专用设备制造、组试及安装的比重分别为88.32%、106.94%、92.55%、100.82%。", "spo_list": [{"predicate": "在建工程净额", "object_type": "金额", "subject_type": "日期", "object": "5,700.72万元", "subject": "2013年", "subject_index": {"begin": 17, "end": 22}, "object_index": {"begin": 68, "end": 78}}, {"predicate": "在建工程净额", "object_type": "金额", "subject_type": "日期", "object": "4,564.01万元", "subject": "2014年", "subject_index": {"begin": 23, "end": 28}, "object_index": {"begin": 79, "end": 89}}, {"predicate": "在建工程净额", "object_type": "金额", "subject_type": "日期", "object": "5,121.85万元", "subject": "2015年", "subject_index": {"begin": 29, "end": 34}, "object_index": {"begin": 90, "end": 100}}, {"predicate": "在建工程净额", "object_type": "金额", "subject_type": "日期", "object": "2,429.83万元", "subject": "2016年6月末", "subject_index": {"begin": 35, "end": 43}, "object_index": {"begin": 101, "end": 111}}]}
