{"text": "立信所于2017年2月28日出具“信会师报字[2017]第ZF10070号”《验资报告》，确认公司以未分配利润18,527.9748万元转增股本至36,000万股。", "spo_list": [{"predicate": "未分配利润", "object_type": "金额", "subject_type": "日期", "object": "18,527.9748万元", "subject": "2017年2月28日", "subject_index": {"begin": 4, "end": 14}, "object_index": {"begin": 55, "end": 68}}]}
{"text": "立信所于2017年2月28日出具“信会师报字[2017]第ZF10070号”《验资报告》，确认公司以未分配利润18,527.9748万元转增股本至36,000万股。", "spo_list": [{"predicate": "未分配利润", "object_type": "金额", "subject_type": "日期", "object": "18,527.9748万元", "subject": "2017年2月28日", "subject_index": {"begin": 4, "end": 14}, "object_index": {"begin": 55, "end": 68}}]}
{"text": "2016年6月8日，上海岱美与上海冠天就厂房租赁事宜达成新的协议，约定上海岱美将位于上海市浦东新区航头镇航头路117号1幢面积为1,000平方米的厂房租赁给上海冠天使用，租赁期自2016年7月1日至2017年12月31日，租金为24万元/年，租金每年结算一次2016年，发生关联租赁金额共16.8万元；2017年1-3月，发生关联租赁租金金额共6.00万元。", "spo_list": [{"predicate": "其他成本", "object_type": "金额", "subject_type": "日期", "object": "6.00万元", "subject": "2017年1-3月", "subject_index": {"begin": 151, "end": 160}, "object_index": {"begin": 172, "end": 178}}]}
{"text": "2016年7月1日，发行人子公司舟山银岱与关联方博繁新材就厂房租赁事宜达成协议，约定自2016年7月1日起，舟山银岱将面积为1,425平方米的厂房按每月12元/平方米的价格租赁给博繁新材使用，租金标准参照周边厂房租赁市场行情确定，支付方式为每年支付一次。2016年，发生关联租赁金额13.52万元；2017年1-3月，发生关联租赁租金金额共4.81万元。", "spo_list": [{"predicate": "其他成本", "object_type": "金额", "subject_type": "日期", "object": "4.81万元", "subject": "2017年1-3月", "subject_index": {"begin": 149, "end": 158}, "object_index": {"begin": 170, "end": 176}}]}
{"text": "①将利润表中的“营业税金及附加”项目调整为“税金及附加”项目；②将自2016年5月1日起企业经营活动发生的房产税、土地使用税、车船使用税、印花税从“管理费用”项目重分类至“税金及附加”项目，2016年5月1日之前发生的税费不予调整，比较数据不予调整，结果为2016年度调增税金及附加金额191.25万元，调减管理费用金额191.25万元。", "spo_list": [{"predicate": "管理费用", "object_type": "金额", "subject_type": "日期", "object": "191.25万元", "subject": "2016年度", "subject_index": {"begin": 128, "end": 134}, "object_index": {"begin": 160, "end": 168}}]}
{"text": "截至2017年3月31日，公司应交税费为11,119.51万元，主要为应交增值税、企业所得税和代扣代缴个人所得税。", "spo_list": [{"predicate": "应交税费", "object_type": "金额", "subject_type": "日期", "object": "11,119.51万元", "subject": "2017年3月31日", "subject_index": {"begin": 2, "end": 12}, "object_index": {"begin": 20, "end": 31}}]}
{"text": "截至2017年3月31日，公司其他应付款为746.09万元，无应付关联方款项。", "spo_list": [{"predicate": "其他应付款", "object_type": "金额", "subject_type": "日期", "object": "746.09万元", "subject": "2017年3月31日", "subject_index": {"begin": 2, "end": 12}, "object_index": {"begin": 21, "end": 29}}]}
{"text": "公司应收票据主要为银行承兑汇票，报告期各期末，应收票据余额呈增长趋势，2016年末应收票据余额较2015年末增加2,337.53万元，主要系随着公司销售规模扩大，客户采用票据方式结算的比例上升，银行承兑汇票余额增加2,293.33万元所致。", "spo_list": [{"predicate": "应收票据", "object_type": "金额", "subject_type": "日期", "object": "2,337.53万元", "subject": "2016年末", "subject_index": {"begin": 35, "end": 41}, "object_index": {"begin": 56, "end": 66}}]}
{"text": "从公司应收账款周转率看，2014年至2017年1-3月公司的应收账款周转率分别为5.40次、5.35次、4.83次和1.19次，应收账款每年平均周转5次左右，与公司的信用政策相吻合，基本处于合理水平", "spo_list": [{"predicate": "应收账款周转率", "object_type": "日期", "subject_type": "比率", "object": "2014年至2017年1-3月", "subject": "5.40次", "subject_index": {"begin": 40, "end": 45}, "object_index": {"begin": 12, "end": 27}}, {"predicate": "应收账款周转率", "object_type": "日期", "subject_type": "比率", "object": "2014年至2017年1-3月", "subject": "5.35次", "subject_index": {"begin": 46, "end": 51}, "object_index": {"begin": 12, "end": 27}}, {"predicate": "应收账款周转率", "object_type": "日期", "subject_type": "比率", "object": "2014年至2017年1-3月", "subject": "4.83次", "subject_index": {"begin": 52, "end": 57}, "object_index": {"begin": 12, "end": 27}}, {"predicate": "应收账款周转率", "object_type": "日期", "subject_type": "比率", "object": "2014年至2017年1-3月", "subject": "1.19次", "subject_index": {"begin": 58, "end": 63}, "object_index": {"begin": 12, "end": 27}}]}
{"text": "2014年末至2017年3月末，公司应收账款前五名客户合计金额分别为14,387.44万元、16,741.68万元、26,301.27万元和22,083.46万元，占期末应收账款总额的比例分别为36.13%、35.48%、39.64%和38.74%，上述客户均为国内外知名整车厂商或零部件供应商，资金实力雄厚，信誉良好，应收账款发生坏账损失的可能性较低。", "spo_list": [{"predicate": "应收账款净额", "object_type": "金额", "subject_type": "日期", "object": "14,387.44万元", "subject": "2014年末至2017年3月末", "subject_index": {"begin": 0, "end": 15}, "object_index": {"begin": 34, "end": 45}}, {"predicate": "应收账款净额", "object_type": "金额", "subject_type": "日期", "object": "16,741.68万元", "subject": "2014年末至2017年3月末", "subject_index": {"begin": 0, "end": 15}, "object_index": {"begin": 46, "end": 57}}, {"predicate": "应收账款净额", "object_type": "金额", "subject_type": "日期", "object": "26,301.27万元", "subject": "2014年末至2017年3月末", "subject_index": {"begin": 0, "end": 15}, "object_index": {"begin": 58, "end": 69}}, {"predicate": "应收账款净额", "object_type": "金额", "subject_type": "日期", "object": "22,083.46万元", "subject": "2014年末至2017年3月末", "subject_index": {"begin": 0, "end": 15}, "object_index": {"begin": 70, "end": 81}}]}
{"text": "公司其他应收款主要为应收出口退税款和应收保证金。2015年末、2016年末其他应收款账面余额较前一期末增加1,777.00万元、651.37万元，主要系公司根据与平安国际融资租赁有限公司签订的《售后回租赁合同》，支付的保证金分别增加2,228.57万元、1,287.33万元所致。", "spo_list": [{"predicate": "其他应收款净额", "object_type": "金额", "subject_type": "日期", "object": "1,777.00万元", "subject": "2015年末", "subject_index": {"begin": 24, "end": 30}, "object_index": {"begin": 53, "end": 63}}, {"predicate": "其他应收款净额", "object_type": "金额", "subject_type": "日期", "object": "651.37万元", "subject": "2016年末", "subject_index": {"begin": 31, "end": 37}, "object_index": {"begin": 64, "end": 72}}]}
{"text": "2016年末公司无形资产期末余额相对前一年末增加5,937.39万元，主要系子公司舟山银岱购置东沙镇工业基地导致土地使用权金额增加。", "spo_list": [{"predicate": "无形资产", "object_type": "金额", "subject_type": "日期", "object": "5,937.39万元", "subject": "2016年末", "subject_index": {"begin": 0, "end": 6}, "object_index": {"begin": 24, "end": 34}}]}
{"text": "报告期各期末，公司其他非流动资产余额分别为678.36万元、6,237.96万元、1,110.13万元和319.10万元。2015年末其他非流动资产相对前一年末增加5,559.61万元，主要为预付岱山县国土资源局土地出让款。2016年末其他非流动资产相对前一年末减少5,127.84万元，主要系预付的土地出让款转入无形资产所致。", "spo_list": [{"predicate": "其他非流动资产", "object_type": "金额", "subject_type": "日期", "object": "5,559.61万元", "subject": "2015年末", "subject_index": {"begin": 61, "end": 67}, "object_index": {"begin": 82, "end": 92}}, {"predicate": "其他非流动资产", "object_type": "金额", "subject_type": "日期", "object": "5,127.84万元", "subject": "2016年末", "subject_index": {"begin": 112, "end": 118}, "object_index": {"begin": 133, "end": 143}}]}
{"text": "报告期各期末，公司应交税费分别为8,952.70万元、10,851.02万元、9,071.29万元和11,119.51万元，占负债总额的比例分别为9.88%、10.67%、8.58%和10.04%。公司应交税费的构成主要为增值税和企业所得税，2015年末，公司应交税费年末余额相对前一年增加1,898.32万元，主要系因公司生产经营规模扩大，年末计提的企业所得税增加所致。2017年3月末，公司应交税费余额较2016年末增加2,048.22万元，主要系公司代扣代缴的年度利润分配个人所得税金额大幅增加所致。", "spo_list": [{"predicate": "应交税费", "object_type": "金额", "subject_type": "日期", "object": "1,898.32万元", "subject": "2015年末", "subject_index": {"begin": 121, "end": 127}, "object_index": {"begin": 145, "end": 155}}, {"predicate": "应交税费", "object_type": "金额", "subject_type": "日期", "object": "2,048.22万元", "subject": "2017年3月末", "subject_index": {"begin": 186, "end": 194}, "object_index": {"begin": 212, "end": 222}}]}
{"text": "2014年末，公司长期借款余额为5,000万元，系子公司上海岱美自建设银行张江支行借入的5,000万元固定资产投资贷款，期限自2013年12月16日至2018年12月15日。2015年末，公司长期借款余额相对前一年末增加7,063.54万元，主要原因为：上海岱美及舟山银岱与平安国际融资租赁有限公司签订《售后回租赁合同》，约定上海岱美及舟山银岱将机器设备出售给给平安国际融资租赁有限公司，并回租给上海岱美及舟山银岱使用，上述融资租赁合同期末形成长期借款2015年末金额为7,263.54万元。2016年末，公司长期借款余额较2015年末减少1,502.24万元，主要系上海岱美自建设银行张江支行借入的5,000万元长期借款期末余额减少为2,700万元所致。", "spo_list": [{"predicate": "长期借款", "object_type": "金额", "subject_type": "日期", "object": "5,000万元", "subject": "2014年末", "subject_index": {"begin": 0, "end": 6}, "object_index": {"begin": 16, "end": 23}}, {"predicate": "长期借款", "object_type": "金额", "subject_type": "日期", "object": "7,063.54万元", "subject": "2015年末", "subject_index": {"begin": 87, "end": 93}, "object_index": {"begin": 110, "end": 120}}, {"predicate": "长期借款", "object_type": "金额", "subject_type": "日期", "object": "7,263.54万元", "subject": "2015年末", "subject_index": {"begin": 226, "end": 232}, "object_index": {"begin": 235, "end": 245}}]}
{"text": "2014年至2016年，公司存货周转率分别为2.61次、2.64、2.80次，保持基本稳定。", "spo_list": [{"predicate": "存货周转率", "object_type": "日期", "subject_type": "比率", "object": "2014年至2016年", "subject": "2.61次", "subject_index": {"begin": 22, "end": 27}, "object_index": {"begin": 0, "end": 11}}, {"predicate": "存货周转率", "object_type": "日期", "subject_type": "比率", "object": "2014年至2016年", "subject": "2.64", "subject_index": {"begin": 28, "end": 32}, "object_index": {"begin": 0, "end": 11}}, {"predicate": "存货周转率", "object_type": "日期", "subject_type": "比率", "object": "2014年至2016年", "subject": "2.80次", "subject_index": {"begin": 33, "end": 38}, "object_index": {"begin": 0, "end": 11}}]}
{"text": "2014至2016年，公司内销业务收入分别为44,971.98万元、50,735.53万元和64,726.44万元，年复合增长率为19.97%；外销业务收入分别为150,664.23万元、177,230.70万元和203,030.39万元，年复合增长率为16.08%。公司内销收入增长率高于外销收入增长率，公司内外销收入变动情况分析如下：", "spo_list": [{"predicate": "营业外收入", "object_type": "金额", "subject_type": "日期", "object": "150,664.23万元", "subject": "2014至2016年", "subject_index": {"begin": 0, "end": 10}, "object_index": {"begin": 81, "end": 93}}, {"predicate": "营业外收入", "object_type": "金额", "subject_type": "日期", "object": "177,230.70万元", "subject": "2014至2016年", "subject_index": {"begin": 0, "end": 10}, "object_index": {"begin": 94, "end": 106}}, {"predicate": "营业外收入", "object_type": "金额", "subject_type": "日期", "object": "203,030.39万元", "subject": "2014至2016年", "subject_index": {"begin": 0, "end": 10}, "object_index": {"begin": 107, "end": 119}}]}
{"text": "2014至2016年，运输及报关订舱费金额分别为9,638.95万元、10,075.30万元和11,688.35万元，占销售费用的比例分别为67.32%、66.16%和65.92%。报告期内，运输及报关订舱费金额随营业收入增长而有所增长。公司运输及报关订舱费较高的原因与公司的销售模式有关，公司主要生产基地在上海和舟山，服务的客户覆盖北美、欧洲和亚太地区，地域广阔的客户分布及出口为主的业务模式决定了运输及报关费用成为销售费用的主要部分。", "spo_list": [{"predicate": "销售费用", "object_type": "金额", "subject_type": "日期", "object": "9,638.95万元", "subject": "2014至2016年", "subject_index": {"begin": 0, "end": 10}, "object_index": {"begin": 24, "end": 34}}, {"predicate": "销售费用", "object_type": "金额", "subject_type": "日期", "object": "10,075.30万元", "subject": "2014至2016年", "subject_index": {"begin": 0, "end": 10}, "object_index": {"begin": 35, "end": 46}}, {"predicate": "销售费用", "object_type": "金额", "subject_type": "日期", "object": "11,688.35万元", "subject": "2014至2016年", "subject_index": {"begin": 0, "end": 10}, "object_index": {"begin": 47, "end": 58}}]}
{"text": "报告期内，公司管理费用占营业收入的比例分别为8.66%、9.30%、8.86%和9.05%，保持相对稳定。2015年度和2016年度公司管理费用分别较上年增加25.10%和12.40%，主要系工资福利、研究开发费、折旧费用增长所致。2015年度和2016年度公司研究开发费相对前一年分别增加3,352.23万元和1,584.33万元，主要原因为随着公司与整车厂商合作关系的不断深化，为适用客户产品开发需要，公司参与同步研发的项目增多。报告期内，公司新增福特林肯高端系列、一汽大众第七代GOLF轿车、奥迪改进款的A4轿车、通用新一代Camaro、克莱斯勒全新改进款的吉普车、奔驰国产化项目BENZ新C系高档车型等的遮阳板总成及一体成型聚氨酯头枕、四向头枕优化设计研发项目，研发支出相应增加。", "spo_list": [{"predicate": "研发费用", "object_type": "金额", "subject_type": "日期", "object": "3,352.23万元", "subject": "2015年度和2016年度", "subject_index": {"begin": 116, "end": 129}, "object_index": {"begin": 145, "end": 155}}, {"predicate": "研发费用", "object_type": "金额", "subject_type": "日期", "object": "1,584.33万元", "subject": "2015年度和2016年度", "subject_index": {"begin": 116, "end": 129}, "object_index": {"begin": 156, "end": 166}}]}
{"text": "2014年至2017年1-3月，公司经营活动产生的现金流量净额分别为21,848.65万元、34,907.17万元、32,260.18万元和18,840.50万元，与同期净利润之比分别为0.96、1.10、0.73和1.39，经营性净现金流量与净利润的比率年平均为1.04，表明公司在报告期内的经营性现金流状况良好。", "spo_list": [{"predicate": "公司经营活动产生的现金流量净额", "object_type": "金额", "subject_type": "日期", "object": "21,848.65万元", "subject": "2014年至2017年1-3月", "subject_index": {"begin": 0, "end": 15}, "object_index": {"begin": 34, "end": 45}}, {"predicate": "公司经营活动产生的现金流量净额", "object_type": "金额", "subject_type": "日期", "object": "34,907.17万元", "subject": "2014年至2017年1-3月", "subject_index": {"begin": 0, "end": 15}, "object_index": {"begin": 46, "end": 57}}, {"predicate": "公司经营活动产生的现金流量净额", "object_type": "金额", "subject_type": "日期", "object": "32,260.18万元", "subject": "2014年至2017年1-3月", "subject_index": {"begin": 0, "end": 15}, "object_index": {"begin": 58, "end": 69}}, {"predicate": "公司经营活动产生的现金流量净额", "object_type": "金额", "subject_type": "日期", "object": "18,840.50万元", "subject": "2014年至2017年1-3月", "subject_index": {"begin": 0, "end": 15}, "object_index": {"begin": 70, "end": 81}}]}
{"text": "2016年公司经营活动产生的现金流量净额较2015年下降2,646.99万元，比当期净利润少12,175.88万元，主要原因为受公司与部分客户之间货款结算周期影响，公司应收票据及应收账款余额相对前一年末合计增加21,390.21万元，导致销售商品、提供劳务收到的现金相对减少；同时，支付给职工以及为职工支付的现金、支付的其他与经营活动有关的现金及支付各项税费的现金增加导致经营活动现金流出增加。", "spo_list": [{"predicate": "公司经营活动产生的现金流量净额", "object_type": "金额", "subject_type": "日期", "object": "2,646.99万元", "subject": "2016年", "subject_index": {"begin": 0, "end": 5}, "object_index": {"begin": 28, "end": 38}}]}
{"text": "2014年至2017年1-3月，公司筹资活动产生的现金流量净额分别为-8,516.31万元、-8,198.99万元、-19,975.53万元和-5,488.03万元。公司筹资活动现金流入主要为借款收到的现金，现金流出主要为公司偿还债务支付的现金和支付股利，报告期内筹资活动产生的现金流量为负的主要原因是公司向股东分配的股利及支付银行借款利息支出增加及支付融资租入固定资产租赁款保证金所致。", "spo_list": [{"predicate": "公司筹资活动产生的现金流量净额", "object_type": "金额", "subject_type": "日期", "object": "-8,516.31万元", "subject": "2014年至2017年1-3月", "subject_index": {"begin": 0, "end": 15}, "object_index": {"begin": 34, "end": 45}}, {"predicate": "公司筹资活动产生的现金流量净额", "object_type": "金额", "subject_type": "日期", "object": "-8,198.99万元", "subject": "2014年至2017年1-3月", "subject_index": {"begin": 0, "end": 15}, "object_index": {"begin": 46, "end": 57}}, {"predicate": "公司筹资活动产生的现金流量净额", "object_type": "金额", "subject_type": "日期", "object": "-19,975.53万元", "subject": "2014年至2017年1-3月", "subject_index": {"begin": 0, "end": 15}, "object_index": {"begin": 58, "end": 70}}, {"predicate": "公司筹资活动产生的现金流量净额", "object_type": "金额", "subject_type": "日期", "object": "-5,488.03万元", "subject": "2014年至2017年1-3月", "subject_index": {"begin": 0, "end": 15}, "object_index": {"begin": 71, "end": 82}}]}
{"text": "上会所于2010年12月7日出具“上会师报字（2010）第2042号”《验资报告》，确认公司以未分配利润6,000万元转增股本至18,000万股。", "spo_list": []}
{"text": "上会所于2010年12月7日出具“上会师报字（2010）第2042号”《验资报告》，确认公司以未分配利润6,000万元转增股本至18,000万股。", "spo_list": [{"predicate": "未分配利润", "object_type": "金额", "subject_type": "日期", "object": "6,000万元", "subject": "2010年12月7日", "subject_index": {"begin": 4, "end": 14}, "object_index": {"begin": 52, "end": 59}}]}
{"text": "截至2017年3月31日，公司非流动负债为28,806.28万元，主要为长期借款和递延收益。", "spo_list": [{"predicate": "非流动负债", "object_type": "金额", "subject_type": "日期", "object": "28,806.28万元", "subject": "2017年3月31日", "subject_index": {"begin": 2, "end": 12}, "object_index": {"begin": 21, "end": 32}}]}
{"text": "2014年度，其他项目系公司回购股份，使得未分配利润减少938.57万元。2017年3月末，公司未分配利润余额减少，主要系2016年年度利润分配方案实施，派送现金分红和以未分配利润送股所致。", "spo_list": [{"predicate": "未分配利润", "object_type": "金额", "subject_type": "日期", "object": "938.57万元", "subject": "2014年", "subject_index": {"begin": 0, "end": 5}, "object_index": {"begin": 28, "end": 36}}]}
{"text": "岱美有限整体变更设立为股份公司时，上海东洲资产评估有限公司以2008年3月31日为评估基准日，对岱美有限进行了资产评估，并于2008年5月5日出具了《资产评估报告书》（沪东洲资评报字第DZ080187014号）。本次资产评估仅作为股份公司变更设立时折股价值的参考，公司未根据评估结果进行账务调整。本次评估的净资产评估值为37,447.71万元，评估增值9,648.67万元，增值率为34.71%。", "spo_list": [{"predicate": "净资产评估值", "object_type": "金额", "subject_type": "日期", "object": "37,447.71万元", "subject": "2008年5月5日", "subject_index": {"begin": 62, "end": 71}, "object_index": {"begin": 160, "end": 171}}]}
{"text": "2014年末至2017年3月末，公司应收账款净额分别为39,619.08万元、46,922.11万元、65,974.80万元和56,702.74万元，占当期末流动资产的比例分别为32.92%、32.28%、39.57%和32.34%；公司应收账款净额随着营业收入增长而逐年递增，占营业收入比重有所上升。2016年末应收账款净额相对前一年末增加40.60%，主要系公司营收规模扩增，2016年第四季度新增业务收入增长，同时美元相对人民币升值，美元结算部分应收账款相应升值，使得处于信用期内的应收账款余额增加所致。", "spo_list": [{"predicate": "应收账款余额", "object_type": "金额", "subject_type": "日期", "object": "39,619.08万元", "subject": "2014年末", "subject_index": {"begin": 0, "end": 6}, "object_index": {"begin": 27, "end": 38}}, {"predicate": "应收账款净额", "object_type": "金额", "subject_type": "日期", "object": "46,922.11万元", "subject": "2014年末", "subject_index": {"begin": 0, "end": 6}, "object_index": {"begin": 39, "end": 50}}, {"predicate": "应收账款净额", "object_type": "金额", "subject_type": "日期", "object": "65,974.80万元", "subject": "2017年3月末", "subject_index": {"begin": 7, "end": 15}, "object_index": {"begin": 51, "end": 62}}, {"predicate": "应收账款净额", "object_type": "金额", "subject_type": "日期", "object": "56,702.74万元", "subject": "2017年3月末", "subject_index": {"begin": 7, "end": 15}, "object_index": {"begin": 63, "end": 74}}]}
{"text": "2015年末公司在建工程期末余额相对前一年末减少11,824.05万元，主要系上海岱美的厂房及舟山银岱职工宿舍建设完工转入固定资产所致。2016年末，公司在建工程余额较2015年末增加6,933.28万元，主要系公司购建和装修星月金融湾支出较大所致。", "spo_list": [{"predicate": "在建工程净额", "object_type": "金额", "subject_type": "日期", "object": "6,933.28万元", "subject": "2016年末", "subject_index": {"begin": 68, "end": 74}, "object_index": {"begin": 92, "end": 102}}]}
{"text": "从负债规模分析，随着公司生产经营规模的扩大，负债总额也有所上升，由2014年末的90,569.27万元上升至2017年3月末的110,746.86万元，增幅为22.28%，主要系应付账款、应付职工薪酬、应交税费、递延收益和长期借款等科目余额增加所致", "spo_list": [{"predicate": "其他应付款", "object_type": "金额", "subject_type": "日期", "object": "90,569.27万元", "subject": "2014年末", "subject_index": {"begin": 33, "end": 39}, "object_index": {"begin": 40, "end": 51}}, {"predicate": "其他应付款", "object_type": "金额", "subject_type": "日期", "object": "110,746.86万元", "subject": "2017年3月末", "subject_index": {"begin": 54, "end": 62}, "object_index": {"begin": 63, "end": 75}}]}
{"text": "2014年至2016年，公司应收账款周转率分别为5.40次、5.34、4.83次，保持相对稳定，与行业平均水平相当，表明公司具备良好的应收账款管理能力。公司应收账款周转率基本反映了公司的信用政策和结算政策，公司与大部分客户形成了长期稳定的合作关系，给予客户的信用期通常为2-3个月。因此，公司应收账款周转周期一般也在2-3个月左右，与上述应收账款周转率基本一致。", "spo_list": [{"predicate": "应收账款周转率", "object_type": "日期", "subject_type": "比率", "object": "2014年至2016年", "subject": "5.40", "subject_index": {"begin": 24, "end": 28}, "object_index": {"begin": 0, "end": 11}}, {"predicate": "应收账款周转率", "object_type": "日期", "subject_type": "比率", "object": "2014年至2016年", "subject": "5.34", "subject_index": {"begin": 30, "end": 34}, "object_index": {"begin": 0, "end": 11}}, {"predicate": "应收账款周转率", "object_type": "日期", "subject_type": "比率", "object": "2014年至2016年", "subject": "4.83", "subject_index": {"begin": 35, "end": 39}, "object_index": {"begin": 0, "end": 11}}]}
{"text": "遮阳板面料和头枕面料2014年度和2015年度的采购总额分别为16,500.33万元和16,465.08万元，生产领用金额分别为15,972.12万元、17,027.31万元，2015年度因公司配套凯迪拉克头枕项目需使用真皮面料导致价格较高的成套真皮面料的采购增加，整体上提升了面料的成本比例；", "spo_list": [{"predicate": "营业外支出", "object_type": "金额", "subject_type": "日期", "object": "16,500.33万元", "subject": "2014年", "subject_index": {"begin": 10, "end": 15}, "object_index": {"begin": 31, "end": 42}}, {"predicate": "营业外支出", "object_type": "金额", "subject_type": "日期", "object": "16,465.08万元", "subject": "2015年", "subject_index": {"begin": 17, "end": 22}, "object_index": {"begin": 43, "end": 54}}]}
{"text": "2015年公司经营活动产生的现金流量净额较2014年增加13,058.52万元，主要是公司主营业务保持稳定增长，营业收入相对2014年增加32,829.50万元，导致销售商品、提供劳务收到的现金相应增加51,263.05万元。", "spo_list": [{"predicate": "公司经营活动产生的现金流量净额", "object_type": "金额", "subject_type": "日期", "object": "13,058.52万元", "subject": "2015年", "subject_index": {"begin": 0, "end": 5}, "object_index": {"begin": 28, "end": 39}}]}
{"text": "2014年至2017年1-3月，公司投资活动产生的现金流量净额分别为-9,546.21万元、-14,219.20万元、-21,040.68万元和-883.43万元。公司报告期内投资活动的现金流出较大主要是为满足发展需要，公司新购置生产设备、投资建设厂房、职工宿舍、预付土地出让金和购置房产的投资性现金支出增加所致，与公司所处发展阶段相符合。", "spo_list": [{"predicate": "公司投资活动产生的现金流量净额", "object_type": "金额", "subject_type": "日期", "object": "-9,546.21万元", "subject": "2014年至2017年1-3月", "subject_index": {"begin": 0, "end": 15}, "object_index": {"begin": 34, "end": 45}}, {"predicate": "公司投资活动产生的现金流量净额", "object_type": "金额", "subject_type": "日期", "object": "-14,219.20万元", "subject": "2014年至2017年1-3月", "subject_index": {"begin": 0, "end": 15}, "object_index": {"begin": 46, "end": 58}}, {"predicate": "公司投资活动产生的现金流量净额", "object_type": "金额", "subject_type": "日期", "object": "-21,040.68万元", "subject": "2014年至2017年1-3月", "subject_index": {"begin": 0, "end": 15}, "object_index": {"begin": 59, "end": 71}}, {"predicate": "公司投资活动产生的现金流量净额", "object_type": "金额", "subject_type": "日期", "object": "-883.43万元", "subject": "2014年至2017年1-3月", "subject_index": {"begin": 0, "end": 15}, "object_index": {"begin": 72, "end": 81}}]}
