{"text": "2007年6月25日，九江德龙联合会计师事务所出具《验资报告》（浔德龙联合验字[2007]第109号），确认：截至2006年10月13日，诺贝尔有限已收到股东香港诺贝尔首次出资，出资额为港币250万元，出资方式均为货币。诺贝尔有限首次缴纳的实收资本为港币250万元。", "spo_list": [{"predicate": "截止日期", "object_type": "日期", "subject_type": "报告", "object": "2006年10月13日", "subject": "《验资报告》", "subject_index": {"begin": 25, "end": 31}, "object_index": {"begin": 57, "end": 68}}]}
{"text": "2010年9月8日，九江钟山会计师事务所有限公司出具《验资报告》（九钟验字[2010]132号）确认：截至2010年9月8日，诺贝尔有限已收到股东香港诺贝尔缴纳的新增实收资本155.995万港元，出资方式均为货币；截至2010年9月8日，诺贝尔有限实收资本合计为856.06万港元。", "spo_list": [{"predicate": "截止日期", "object_type": "日期", "subject_type": "报告", "object": "2010年9月8日", "subject": "《验资报告》", "subject_index": {"begin": 26, "end": 32}, "object_index": {"begin": 53, "end": 62}}]}
{"text": "2011年7月21日，九江钟山会计师事务所有限公司出具《验资报告》（九钟验字[2011]116号）确认：截至2011年7月21日，诺贝尔有限已收到香港诺贝尔以货币缴纳的出资500万港元。", "spo_list": [{"predicate": "截止日期", "object_type": "日期", "subject_type": "报告", "object": "2011年7月21日", "subject": "《验资报告》", "subject_index": {"begin": 27, "end": 33}, "object_index": {"begin": 54, "end": 64}}]}
{"text": "2017年5月16日，经晨光有限董事会审议通过，将公司投资总额增加至3亿元，未分配利润4,304.20万元按股东出资比例转增注册资本。未分配利润转增后公司注册资本增至9,000万元。2019年5月20日，苏亚金诚出具《关于公司实收资本到位情况的审核报告》（苏亚核[2019]48号），对此次未分配利润转增注册资本进行了验证。", "spo_list": [{"predicate": "未分配利润", "object_type": "金额", "subject_type": "日期", "object": "4,304.20万元", "subject": "2017年5月16日", "subject_index": {"begin": 0, "end": 10}, "object_index": {"begin": 43, "end": 53}}]}
{"text": "2017年9月12日，晨光有限董事会审议通过了《关于公司整体变更为股份有限公司方案的议案》，以2017年6月30日为基准日将晨光有限整体变更为股份有限公司。同日，晨光有限全体股东作为发起人签署了《发起人协议》。本次整体变更以经苏亚金诚（苏亚审[2017]942号《审计报告》）确认的截至2017年6月30日经审计的净资产171,375,004.37元，扣除专项储备1,237,005.00元后按照1:0.5584的比例折合股份9,500.00万股，每股面值为人民币1元，剩余75,137,999.37元计入资本公积。", "spo_list": [{"predicate": "截止日期", "object_type": "日期", "subject_type": "报告", "object": "2017年6月30日", "subject": "《审计报告》", "subject_index": {"begin": 131, "end": 137}, "object_index": {"begin": 143, "end": 153}}]}
{"text": "经股权转让双方协商确定，江苏晨光100%股权的转让价格为瑞华会计师事务所（特殊普通合伙）出具的瑞华审计[2016]41070023号《审计报告》确定的江苏晨光截至2016年6月30日经审计净资产值11,530,748.19元。丁建峰、虞丹鹤、丁冰和丁洁所持江苏晨光74.9035%、11.5830%、6.7568%和6.7568%的股权分别作价8,636,931.07元、1,335,607.90元、779,104.61元和779,104.61元。", "spo_list": [{"predicate": "截止日期", "object_type": "日期", "subject_type": "报告", "object": "2016年6月30日", "subject": "《审计报告》", "subject_index": {"begin": 66, "end": 72}, "object_index": {"begin": 81, "end": 91}}]}
{"text": "2004年11月8日，丹阳中信会计师事务所有限公司出具《验资报告》（丹中会验[2004]第285号）确认：截至2004年11月8日，江苏晨光已收到全体股东缴纳的新增注册资本合计248万元，出资方式均为货币。江苏晨光变更后的累计注册资本实收金额为298万元。", "spo_list": [{"predicate": "截止日期", "object_type": "日期", "subject_type": "报告", "object": "2004年11月8日", "subject": "《验资报告》", "subject_index": {"begin": 27, "end": 33}, "object_index": {"begin": 55, "end": 65}}]}
{"text": "2013年4月17日，镇江全华永天会计师事务所出具《验资报告》（全华永天验[2013]第1120号）确认：截至2013年4月17日，建丰投资已收到全体股东缴纳的出资合计2,000万元，其中丁建峰出资1,800万元，虞丹鹤出资200万元。", "spo_list": [{"predicate": "截止日期", "object_type": "日期", "subject_type": "报告", "object": "2013年4月17日", "subject": "《验资报告》", "subject_index": {"begin": 25, "end": 31}, "object_index": {"begin": 55, "end": 65}}]}
{"text": "报告期内，丁建峰将位于江苏省南京市庐山路158号嘉业国际城4栋1301室的自有房产出租给公司全资子公司江苏晨光作为办公场所使用，每年租金44.40万元，租赁期为2018年1月1日至2020年12月31日，租赁价格系参照同一办公楼内房产租赁市场价格确定，定价公允。", "spo_list": [{"predicate": "其他成本", "object_type": "金额", "subject_type": "日期", "object": "44.40万元", "subject": "2018年1月1日至2020年12月31日", "subject_index": {"begin": 80, "end": 101}, "object_index": {"begin": 68, "end": 75}}]}
{"text": "截至2019年12月31日，公司用于抵押的无形资产账面价值为260.62万元。", "spo_list": [{"predicate": "无形资产", "object_type": "金额", "subject_type": "日期", "object": "260.62万元", "subject": "2019年12月31日", "subject_index": {"begin": 2, "end": 13}, "object_index": {"begin": 30, "end": 38}}]}
{"text": "截至2019年12月31日，公司应交税费余额为725.68万元，明细情况如下", "spo_list": [{"predicate": "应交税费", "object_type": "金额", "subject_type": "日期", "object": "725.68万元", "subject": "2019年12月31日", "subject_index": {"begin": 2, "end": 13}, "object_index": {"begin": 23, "end": 31}}]}
{"text": "根据公司2017年5月董事会决议，公司以未分配利润转增资本4,643.27万元。", "spo_list": [{"predicate": "未分配利润", "object_type": "金额", "subject_type": "日期", "object": "4,643.27万元", "subject": "2017年5月", "subject_index": {"begin": 4, "end": 11}, "object_index": {"begin": 29, "end": 39}}]}
{"text": "公司应收票据主要为银行承兑汇票。2017年末、2018年末和2019年末，应收票据账面价值分别为1,062.85万元、2,484.75万元和5,414.51万元，占流动资产的比例分别为6.35%、9.67%和16.60%。", "spo_list": [{"predicate": "应收票据", "object_type": "金额", "subject_type": "日期", "object": "1,062.85万元", "subject": "2017年末", "subject_index": {"begin": 16, "end": 22}, "object_index": {"begin": 48, "end": 58}}, {"predicate": "应收票据", "object_type": "金额", "subject_type": "日期", "object": "2,484.75万元", "subject": "2018年末", "subject_index": {"begin": 23, "end": 29}, "object_index": {"begin": 59, "end": 69}}, {"predicate": "应收票据", "object_type": "金额", "subject_type": "日期", "object": "5,414.51万元", "subject": "2019年末", "subject_index": {"begin": 30, "end": 36}, "object_index": {"begin": 70, "end": 80}}]}
{"text": "2017年末、2018年末和2019年末，公司预付款项分别为79.73万元、389.31万元和418.14万元，占流动资产比例分别为0.48%、1.51%和1.28%。公司预付款项2018年末较2017年末增长388.26%，主要系公司于2018年末淘汰燃煤锅炉并与赛得利（九江）纤维有限公司签署了《供用热合同》，预付蒸汽费270万元。2019年末，公司预付款项主要系预付中介机构拟首次公开发行股票并上市相关费用。", "spo_list": [{"predicate": "预付款项", "object_type": "金额", "subject_type": "日期", "object": "79.73万元", "subject": "2017年末", "subject_index": {"begin": 0, "end": 6}, "object_index": {"begin": 30, "end": 37}}, {"predicate": "预付款项", "object_type": "金额", "subject_type": "日期", "object": "389.31万元", "subject": "2018年末", "subject_index": {"begin": 7, "end": 13}, "object_index": {"begin": 38, "end": 46}}, {"predicate": "预付款项", "object_type": "金额", "subject_type": "日期", "object": "418.14万元", "subject": "2019年末", "subject_index": {"begin": 14, "end": 20}, "object_index": {"begin": 47, "end": 55}}]}
{"text": "2017年末、2018年末和2019年末，公司存货账面价值分别为4,175.22万元、6,643.12万元和7,359.54万元，存货占流动资产比例分别为24.94%、25.84%和22.56%，较为稳定。报告期各期末存货账面价值较高且逐年增长，主要系：报告期内公司功能性硅烷产品订单增加，公司生产及经营规模逐年增长，公司继续延伸功能性硅烷产业链，产品种类不断增加，为保障生产和及时供货，相应增加了低值易耗品、在产品和库存商品。", "spo_list": [{"predicate": "存货", "object_type": "金额", "subject_type": "日期", "object": "4,175.22万元", "subject": "2017年末", "subject_index": {"begin": 0, "end": 6}, "object_index": {"begin": 32, "end": 42}}, {"predicate": "存货", "object_type": "金额", "subject_type": "日期", "object": "6,643.12万元", "subject": "2018年末", "subject_index": {"begin": 7, "end": 13}, "object_index": {"begin": 43, "end": 53}}, {"predicate": "存货", "object_type": "金额", "subject_type": "日期", "object": "7,359.54万元", "subject": "2019年末", "subject_index": {"begin": 14, "end": 20}, "object_index": {"begin": 54, "end": 64}}]}
{"text": "公司2017年12月31日、2018年12月31日和2019年12月31日计提存货跌价准备金额分别为86.02万元、95.34万元和168.66万元；存货跌价准备占存货余额的比例分别为2.02%、1.41%和2.24%，公司存货跌价准备计提比例高于行业平均值，较为审慎。", "spo_list": [{"predicate": "存货跌价准备", "object_type": "金额", "subject_type": "日期", "object": "86.02万元", "subject": "2017年12月31日", "subject_index": {"begin": 2, "end": 13}, "object_index": {"begin": 50, "end": 57}}, {"predicate": "存货跌价准备", "object_type": "金额", "subject_type": "日期", "object": "95.34万元", "subject": "2018年12月31日", "subject_index": {"begin": 14, "end": 25}, "object_index": {"begin": 58, "end": 65}}, {"predicate": "存货跌价准备", "object_type": "金额", "subject_type": "日期", "object": "168.66万元", "subject": "2019年12月31日", "subject_index": {"begin": 26, "end": 37}, "object_index": {"begin": 66, "end": 74}}]}
{"text": "公司无形资产主要为土地使用权。2018年末无形资产较2017年末减少7.67万元，2019年末无形资产较2018年末减少42.64万元，主要系无形资产摊销所致。", "spo_list": [{"predicate": "无形资产", "object_type": "金额", "subject_type": "日期", "object": "7.67万元", "subject": "2018年末", "subject_index": {"begin": 15, "end": 21}, "object_index": {"begin": 34, "end": 40}}, {"predicate": "无形资产", "object_type": "金额", "subject_type": "日期", "object": "42.64万元", "subject": "2019年末", "subject_index": {"begin": 41, "end": 47}, "object_index": {"begin": 60, "end": 67}}]}
{"text": "报告期内，公司应付票据均为银行承兑汇票。2017年末和2018年末，公司应付票据金额分别为369.64万元和360.00万元，金额较小。", "spo_list": [{"predicate": "应付票据", "object_type": "金额", "subject_type": "日期", "object": "369.64万元", "subject": "2017年末", "subject_index": {"begin": 20, "end": 26}, "object_index": {"begin": 45, "end": 53}}, {"predicate": "应付票据", "object_type": "金额", "subject_type": "日期", "object": "360.00万元", "subject": "2018年末", "subject_index": {"begin": 27, "end": 33}, "object_index": {"begin": 54, "end": 62}}]}
{"text": "2017年末、2018年末和2019年末，公司其他应付款分别为388.10万元、39.94万元和42.31万元。2017年末其他应付款主要为应付实际控制人丁建峰借款利息344.72万元。", "spo_list": [{"predicate": "其他应付款", "object_type": "金额", "subject_type": "日期", "object": "388.10万元", "subject": "2017年末", "subject_index": {"begin": 0, "end": 6}, "object_index": {"begin": 31, "end": 39}}, {"predicate": "其他应付款", "object_type": "金额", "subject_type": "日期", "object": "39.94万元", "subject": "2018年末", "subject_index": {"begin": 7, "end": 13}, "object_index": {"begin": 40, "end": 47}}, {"predicate": "其他应付款", "object_type": "金额", "subject_type": "日期", "object": "42.31万元", "subject": "2019年末", "subject_index": {"begin": 14, "end": 20}, "object_index": {"begin": 48, "end": 55}}]}
{"text": "报告期内，公司长期借款为保证借款及抵押借款。2017年末、2018年末和2019年末，公司长期借款分别为4,450.00万元、2,330.00万元和880.00万元。报告期内，随着公司盈利能力的不断增强，公司长期借款金额逐年减少。", "spo_list": [{"predicate": "长期借款", "object_type": "金额", "subject_type": "日期", "object": "4,450.00万元", "subject": "2017年末", "subject_index": {"begin": 22, "end": 28}, "object_index": {"begin": 52, "end": 62}}, {"predicate": "长期借款", "object_type": "金额", "subject_type": "日期", "object": "2,330.00万元", "subject": "2018年末", "subject_index": {"begin": 29, "end": 35}, "object_index": {"begin": 63, "end": 73}}, {"predicate": "长期借款", "object_type": "金额", "subject_type": "日期", "object": "880.00万元", "subject": "2019年末", "subject_index": {"begin": 36, "end": 42}, "object_index": {"begin": 74, "end": 82}}]}
{"text": "2017年、2018年和2019年，公司的管理费用分别为6,344.90万元、1,959.80万元和2,069.45万元。报告期内，公司的管理费用主要由职工薪酬、业务招待费、折旧及摊销费及股份支付费用组成。2017年公司管理费用较高，主要原因系：①2017年，公司引入高管及核心业务员工持股平台晨阳投资及实际控制人持股平台晨丰投资，共确认股份支付金额1,745.00万元；②因公司股东香港诺贝尔内部股权调整，导致公司实际控制人之一丁建峰间接持有公司股权的比例增加，确认股份支付金额2,752.04万元。", "spo_list": [{"predicate": "管理费用", "object_type": "金额", "subject_type": "日期", "object": "6,344.90万元", "subject": "2017年", "subject_index": {"begin": 0, "end": 5}, "object_index": {"begin": 28, "end": 38}}, {"predicate": "管理费用", "object_type": "金额", "subject_type": "日期", "object": "1,959.80万元", "subject": "2018年", "subject_index": {"begin": 6, "end": 11}, "object_index": {"begin": 39, "end": 49}}, {"predicate": "管理费用", "object_type": "金额", "subject_type": "日期", "object": "2,069.45万元", "subject": "2019年", "subject_index": {"begin": 12, "end": 17}, "object_index": {"begin": 50, "end": 60}}]}
{"text": "报告期内，公司持续加大产品开发和技术研发方面的投入。2017年、2018年和2019年，公司研发费用投入分别为1,204.67万元、2,007.73万元和2,666.69万元。", "spo_list": [{"predicate": "研发费用", "object_type": "金额", "subject_type": "日期", "object": "1,204.67万元", "subject": "2017年", "subject_index": {"begin": 26, "end": 31}, "object_index": {"begin": 55, "end": 65}}, {"predicate": "研发费用", "object_type": "金额", "subject_type": "日期", "object": "2,007.73万元", "subject": "2018年", "subject_index": {"begin": 32, "end": 37}, "object_index": {"begin": 66, "end": 76}}, {"predicate": "研发费用", "object_type": "金额", "subject_type": "日期", "object": "2,666.69万元", "subject": "2019年", "subject_index": {"begin": 38, "end": 43}, "object_index": {"begin": 77, "end": 87}}]}
{"text": "2018年公司资产处置收益为1.04万元。", "spo_list": [{"predicate": "资产处置收益", "object_type": "金额", "subject_type": "日期", "object": "1.04万元", "subject": "2018年", "subject_index": {"begin": 0, "end": 5}, "object_index": {"begin": 14, "end": 20}}]}
{"text": "2017年、2018年和2019年，公司其他收益为399.88万元、207.95万元和1,225.80万元。报告期内，公司的其他收益来源为收到的各项政府补助。报告期内，其他收益科目列示政府补助情况如下：", "spo_list": [{"predicate": "其他收益", "object_type": "金额", "subject_type": "日期", "object": "399.88万元", "subject": "2017年", "subject_index": {"begin": 0, "end": 5}, "object_index": {"begin": 25, "end": 33}}, {"predicate": "其他收益", "object_type": "金额", "subject_type": "日期", "object": "207.95万元", "subject": "2018年", "subject_index": {"begin": 6, "end": 11}, "object_index": {"begin": 34, "end": 42}}, {"predicate": "其他收益", "object_type": "金额", "subject_type": "日期", "object": "1,225.80万元", "subject": "2019年", "subject_index": {"begin": 12, "end": 17}, "object_index": {"begin": 43, "end": 53}}]}
{"text": "告期内，公司营业外支出主要为处置固定资产损失及捐赠支出。2017年、2018年和2019年，公司营业外支出为437.31万元、509.86万元和74.99万元。报告期内，公司每年会根据自身发展需要和生产经营情况，对原有生产线做维护、技改处理，对没有后续使用价值的设备、设施，予以报废处理。", "spo_list": [{"predicate": "营业外支出", "object_type": "金额", "subject_type": "日期", "object": "437.31万元", "subject": "2017年", "subject_index": {"begin": 28, "end": 33}, "object_index": {"begin": 54, "end": 62}}, {"predicate": "营业外支出", "object_type": "金额", "subject_type": "日期", "object": "509.86万元", "subject": "2018年", "subject_index": {"begin": 34, "end": 39}, "object_index": {"begin": 63, "end": 71}}, {"predicate": "营业外支出", "object_type": "金额", "subject_type": "日期", "object": "74.99万元", "subject": "2019年", "subject_index": {"begin": 40, "end": 45}, "object_index": {"begin": 72, "end": 79}}]}
{"text": "2019年经营活动产生的现金流量净额为8,260.23万元，同比减少5,166.63万元，降幅为38.48%，主要原因系：①受中美经贸摩擦和国内经济下行压力影响，功能性硅烷行业2019年市场需求有所波动，总体呈现产品价格高位回调和外销减少的特征，公司在不利的市场环境下通过大力拓展国内市场成效较为显著，销售收入同比增长2.93%，且受下半年市场需求回升影响，2019年下半年销售收入同比增加3,322.26万元，部分四季度实现的销售尚处于信用账期内，上述因素使得2019年末应收账款余额同比增长3,521.34万元，2019年销售商品、提供劳务收到的现金同比减少1,691.78万元；②市场预期变差导致公司供应商持有现金意愿更强、接受票据付款意愿更低，2019年公司应收票据背书转让额同比减少1,899.42万元，2019年购买商品、接受劳务支付的现金同比增加2,991.81万元；③随着公司经营规模的逐步扩大，员工人数增加，薪酬支出增加，2019年支付给职工以及为职工支付的现金同比增加1,570.41万元。", "spo_list": [{"predicate": "公司经营活动产生的现金流量净额", "object_type": "金额", "subject_type": "日期", "object": "8,260.23万元", "subject": "2019年", "subject_index": {"begin": 0, "end": 5}, "object_index": {"begin": 19, "end": 29}}]}
{"text": "2019年，经营活动现金流量净额低于本期净利润3,622.75万元，主要原因系：受市场需求波动、2019年销售收入增长、四季度销售尚处于信用账期内等因素叠加影响，应收账款和应收票据等当期经营性应收增加6,541.51万元；公司合理利用供应商信用，应付账款等当期经营性应付增加1,514.70万元；公司为应对市场需求，适度增加备货，存货当期增加789.75万元。", "spo_list": [{"predicate": "公司经营活动产生的现金流量净额", "object_type": "金额", "subject_type": "日期", "object": "3,622.75万元", "subject": "2019年", "subject_index": {"begin": 0, "end": 5}, "object_index": {"begin": 23, "end": 33}}, {"predicate": "存货", "object_type": "金额", "subject_type": "日期", "object": "789.75万元", "subject": "2019年", "subject_index": {"begin": 0, "end": 5}, "object_index": {"begin": 171, "end": 179}}]}
{"text": "报告期内，公司在保证正常生产经营活动和适度扩大生产规模的基础上，对到期债务进行偿还，控制新增贷款的金额，有效降低生产经营的杠杆比例，减少公司的财务风险。2017年、2018年和2019年，公司筹资活动产生的现金流量净额分别为-2,214.69万元、-3,739.25万元和-2,983.13万元。报告期内，公司筹资产生的现金流量净额均为负数，主要系公司偿还债务及利润分配导致筹资活动现金流出金额大于筹资活动现金流入金额所致。", "spo_list": [{"predicate": "公司筹资活动产生的现金流量净额", "object_type": "金额", "subject_type": "日期", "object": "-2,214.69万元", "subject": "2017年", "subject_index": {"begin": 76, "end": 81}, "object_index": {"begin": 112, "end": 123}}, {"predicate": "公司筹资活动产生的现金流量净额", "object_type": "金额", "subject_type": "日期", "object": "-3,739.25万元", "subject": "2018年", "subject_index": {"begin": 82, "end": 87}, "object_index": {"begin": 124, "end": 135}}, {"predicate": "公司筹资活动产生的现金流量净额", "object_type": "金额", "subject_type": "日期", "object": "-2,983.13万元", "subject": "2019年", "subject_index": {"begin": 88, "end": 93}, "object_index": {"begin": 136, "end": 147}}]}
{"text": "2017年、2018年和2019年，为满足公司日常资金周转和扩大生产规模建设项目，公司取得借款收到的现金分别为9,480万元、1,000万元和2,990.00万元，同时，公司2017年向关联方借款3,000.00万元，计入收到其他与筹资活动有关的现金。", "spo_list": [{"predicate": "长期借款", "object_type": "金额", "subject_type": "日期", "object": "9,480万元", "subject": "2017年", "subject_index": {"begin": 0, "end": 5}, "object_index": {"begin": 55, "end": 62}}, {"predicate": "长期借款", "object_type": "金额", "subject_type": "日期", "object": "1,000万元", "subject": "2018年", "subject_index": {"begin": 6, "end": 11}, "object_index": {"begin": 63, "end": 70}}, {"predicate": "长期借款", "object_type": "金额", "subject_type": "日期", "object": "2,990.00万元", "subject": "2019年", "subject_index": {"begin": 12, "end": 17}, "object_index": {"begin": 71, "end": 81}}]}
{"text": "2017年5月，经公司董事会审议通过，公司以未分配利润4,304.20万元转增注册资本。2017年5月18日，晨光有限召开董事会，会议经表决一致同意补增339.07万元未分配利润用于消除前次未分配利润转增股本时注册资本币种汇率折算差异。", "spo_list": [{"predicate": "未分配利润", "object_type": "金额", "subject_type": "日期", "object": "4,304.20万元", "subject": "2017年5月", "subject_index": {"begin": 0, "end": 7}, "object_index": {"begin": 27, "end": 37}}]}
{"text": "2017年9月28日，苏亚金诚出具《验资报告》（苏亚验[2017]40号），确认截至2017年9月28日公司已收到全体发起人缴纳的注册资本（股本）合计9,500万元，各股东以晨光有限截至2017年6月30日扣除专项储备后的净资产出资折合股本9,500万元。", "spo_list": [{"predicate": "截止日期", "object_type": "日期", "subject_type": "报告", "object": "2017年9月28日", "subject": "《验资报告》（苏亚验[2017]40号", "subject_index": {"begin": 17, "end": 36}, "object_index": {"begin": 42, "end": 52}}]}
{"text": "2007年10月26日，九江德龙联合会计师事务所出具《验资报告》（浔德龙联合验字[2007]第175号）确认：截至2007年7月6日，诺贝尔有限已收到股东香港诺贝尔第2期出资，出资额为50万港元，出资方式均为货币。截至2007年7月6日，诺贝尔有限累计缴纳的实收资本为300万港元，占已登记注册资本总额的100%。", "spo_list": [{"predicate": "截止日期", "object_type": "日期", "subject_type": "报告", "object": "2007年7月6日", "subject": "《验资报告》（浔德龙联合验字[2007]第175号）", "subject_index": {"begin": 26, "end": 52}, "object_index": {"begin": 57, "end": 66}}]}
{"text": "2010年6月25日，九江钟山会计师事务所有限公司出具《验资报告》（九钟验字[2010]99号）确认：截至2010年6月25日，诺贝尔有限已收到股东香港诺贝尔缴纳的新增实收资本400.065万港元，出资方式均为货币。本次增资后，诺贝尔有限实缴资本增加至700.0650万港元。", "spo_list": [{"predicate": "截止日期", "object_type": "日期", "subject_type": "报告", "object": "截至2010年6月25日", "subject": "《验资报告》（九钟验字[2010]99号）", "subject_index": {"begin": 27, "end": 48}, "object_index": {"begin": 51, "end": 63}}]}
{"text": "2010年6月28日，江西省人民政府向诺贝尔有限换发《中华人民共和国台港澳侨投资企业批准证书》，诺贝尔有限投资总额及注册资本均变更为2,300万港元。", "spo_list": []}
{"text": "2011年7月27日，九江钟山会计师事务所有限公司出具《验资报告》（九钟验字[2011]118号）确认：截至2011年7月27日，诺贝尔有限已收到香港诺贝尔以货币缴纳的出资943.94万港元。", "spo_list": [{"predicate": "截止日期", "object_type": "日期", "subject_type": "报告", "object": "截至2011年7月27日", "subject": "《验资报告》（九钟验字[2011]118号）", "subject_index": {"begin": 27, "end": 49}, "object_index": {"begin": 52, "end": 64}}]}
{"text": "2013年4月22日，九江市商务局向晨光有限出具《关于同意江西晨光新材料有限公司变更企业类型等事项的批复》（九商务外资字[2013]69号），同意公司由外商投资企业变更为中外合资企业；同意公司投资总额及注册资本均由2,300万港元增至5,300万港元，新增注册资本分别由建丰投资和皓景博瑞以等值于2,500万港元和500万港元的货币资金出资。", "spo_list": []}
{"text": "2017年6月26日，晨丰投资和晨阳投资分别以货币资金向公司缴纳了增资款467万元和533万元。2017年6月28日，苏亚金诚出具《验资报告》（苏亚验[2017]31号）确认：截至2017年6月28日，公司已收到晨丰投资及晨阳投资出资款1,000万元，各股东均以货币出资。", "spo_list": [{"predicate": "截止日期", "object_type": "日期", "subject_type": "报告", "object": "截至2017年6月28日", "subject": "《验资报告》（苏亚验[2017]31号）", "subject_index": {"begin": 65, "end": 85}, "object_index": {"begin": 88, "end": 100}}]}
{"text": "2017年9月28日，苏亚金诚出具《验资报告》（苏亚验[2017]40号），确认截至2017年9月28日公司已收到全体发起人缴纳的注册资本（股本）合计9,500万元，各股东以晨光有限截至2017年6月30日扣除专项储备后的净资产出资折合股本9,500万元。", "spo_list": [{"predicate": "截止日期", "object_type": "日期", "subject_type": "报告", "object": "2017年9月28日", "subject": "《验资报告》（苏亚验[2017]40号）", "subject_index": {"begin": 17, "end": 37}, "object_index": {"begin": 42, "end": 52}}]}
{"text": "2018年6月28日，苏亚金诚出具《验资报告》（苏亚验[2018]17号）确认：截至2018年5月31日公司已将资本公积3,800.00万元转增股本。", "spo_list": [{"predicate": "截止日期", "object_type": "日期", "subject_type": "报告", "object": "截至2018年5月31日", "subject": "《验资报告》（苏亚验[2018]17号）", "subject_index": {"begin": 17, "end": 37}, "object_index": {"begin": 40, "end": 52}}]}
{"text": "2001年7月11日，丹阳华信会计师事务所有限公司出具《验资报告》（丹华会司验字[2001]第323号）确认：截至2001年7月11日，江苏晨光已收到其股东投入的资本50万元，其中货币资金50万元。", "spo_list": [{"predicate": "截止日期", "object_type": "日期", "subject_type": "报告", "object": "截至2001年7月11日", "subject": "验资报告》（丹华会司验字[2001]第323号）", "subject_index": {"begin": 28, "end": 52}, "object_index": {"begin": 55, "end": 67}}]}
{"text": "2005年10月31日，丹阳中信会计师事务所有限公司出具《验资报告》（丹中会验字[2005]第294号）确认：截至2005年10月31日，江苏晨光已收到全体股东缴纳的新增注册资本合计220万元，出资方式均为货币。江苏晨光变更后的累计注册资本实收金额为518万元。", "spo_list": [{"predicate": "截止日期", "object_type": "日期", "subject_type": "报告", "object": "截至2005年10月31日", "subject": "《验资报告》（丹中会验字[2005]第294号）", "subject_index": {"begin": 28, "end": 52}, "object_index": {"begin": 55, "end": 68}}]}
{"text": "2007年11月6日，香港诺贝尔董事会审议通过段东风将其持有的香港诺贝尔7,000股份、3,000股份分别转让给丁建峰、荆斌，本次转让后，丁建峰、荆斌分别持有香港诺贝尔70%、30%股权。根据2007年10月21日签署的《股权转让协议》及2008年10月15日签署的《补充转让协议》，交易总对价为305.8839万元。截至2010年3月2日，双方已结清上述交易价款", "spo_list": [{"predicate": "截止日期", "object_type": "日期", "subject_type": "报告", "object": "截至2010年3月2日", "subject": "《补充转让协议》", "subject_index": {"begin": 133, "end": 141}, "object_index": {"begin": 159, "end": 170}}]}
{"text": "2019年9月，中国银行保险监督管理委员会九江监管分局出具《证明》，确认自2016年1月1日至今，公司无不良贷款记录，且不存在因违反贷款相关法律、法规和规范性文件的行为而受到行政处罚的情形。公司与相关银行签订的贷款合同均履行了正常的贷款审批程序，贷款合同正常履行，未发现损害银行业机构利益的情形。", "spo_list": [{"predicate": "截止日期", "object_type": "日期", "subject_type": "报告", "object": "自2016年1月1日至今", "subject": "《证明》", "subject_index": {"begin": 29, "end": 33}, "object_index": {"begin": 36, "end": 48}}]}
{"text": "截至2019年12月31日，公司预收款项余额为432.86万元。", "spo_list": [{"predicate": "预收款项", "object_type": "金额", "subject_type": "日期", "object": "432.86万元", "subject": "2019年12月31日", "subject_index": {"begin": 2, "end": 13}, "object_index": {"begin": 23, "end": 31}}]}
{"text": "2017年、2018年和2019年，公司坏账核销金额分别为258.14万元、21.37万元和53.26万元，分别占当期营业收入的0.54%、0.03%和0.08%。2017年，根据江西赛维LDK太阳能多晶硅有限公司破产进度，核销坏账149.95万元。报告期内核销坏账对公司当期经营成果及财务状况影响较小。", "spo_list": [{"predicate": "坏账准备", "object_type": "金额", "subject_type": "日期", "object": "258.14万元", "subject": "2017年", "subject_index": {"begin": 0, "end": 5}, "object_index": {"begin": 29, "end": 37}}, {"predicate": "坏账准备", "object_type": "金额", "subject_type": "日期", "object": "21.37万元和", "subject": "2018年", "subject_index": {"begin": 6, "end": 11}, "object_index": {"begin": 38, "end": 46}}, {"predicate": "坏账准备", "object_type": "金额", "subject_type": "日期", "object": "53.26万元", "subject": "2019年", "subject_index": {"begin": 12, "end": 17}, "object_index": {"begin": 46, "end": 53}}]}
{"text": "2017年、2018年和2019年，公司计提存货跌价准备分别为86.02万元、95.34万元和168.66万元，占存货余额的比例分别为2.02%、1.41%和2.24%。2017年、2018年，公司原材料、在产品、库存商品和发出商品等存货未出现需要计提跌价准备的情形，计提的存货跌价准备均为低值易耗品，公司存货跌价准备提取情况与存货质量实际状况相符，计提充分、合理。2019年，公司对库存商品计提23.28万元跌价准备，主要系个别库存商品期末可变现净值低于账面价值，计提跌价准备符合谨慎性原则", "spo_list": [{"predicate": "存货", "object_type": "金额", "subject_type": "日期", "object": "86.02万元", "subject": "2017年", "subject_index": {"begin": 0, "end": 5}, "object_index": {"begin": 31, "end": 38}}, {"predicate": "存货", "object_type": "金额", "subject_type": "日期", "object": "95.34万元", "subject": "2018年", "subject_index": {"begin": 6, "end": 11}, "object_index": {"begin": 39, "end": 46}}, {"predicate": "存货", "object_type": "金额", "subject_type": "日期", "object": "168.66万", "subject": "2019年", "subject_index": {"begin": 12, "end": 17}, "object_index": {"begin": 47, "end": 54}}]}
{"text": "2017年末、2018年末和2019年末，公司其他流动资产为791.80万元、295.36万元和365.30万元，占各期末流动资产的比例分别为4.73%、1.15%和1.12%。", "spo_list": [{"predicate": "流动资产", "object_type": "金额", "subject_type": "日期", "object": "791.80万元", "subject": "2017年末", "subject_index": {"begin": 0, "end": 6}, "object_index": {"begin": 30, "end": 38}}, {"predicate": "流动资产", "object_type": "金额", "subject_type": "日期", "object": "295.36万元", "subject": "2018年末", "subject_index": {"begin": 7, "end": 13}, "object_index": {"begin": 39, "end": 47}}, {"predicate": "流动资产", "object_type": "金额", "subject_type": "日期", "object": "365.30万元", "subject": "2019年", "subject_index": {"begin": 14, "end": 19}, "object_index": {"begin": 48, "end": 56}}]}
{"text": "2017年末、2018年末和2019年末，公司在建工程分别为2,265.23万元、4,633.15万元和3,255.04万元。2018年末较2017年末在建工程金额增加2,367.92万元，增幅为104.53%，主要系公司为加强市场竞争力和持续发展能力，提高功能性硅烷产品市场渗透率，以技术为驱动，注重环境友好，加大对现有生产线和安全环保设施的更新改造力度，同时新建部分车间和厂房所致。2019年末较2018年末在建工程金额减少1,378.11万元，降幅为29.74%，主要系2018年部分大额在建工程项目于2019年转固所致。", "spo_list": [{"predicate": "在建工程账面价值", "object_type": "金额", "subject_type": "日期", "object": "2,265.23万元", "subject": "2017年末", "subject_index": {"begin": 0, "end": 6}, "object_index": {"begin": 30, "end": 40}}, {"predicate": "在建工程账面价值", "object_type": "金额", "subject_type": "日期", "object": "4,633.15万元", "subject": "2018年末", "subject_index": {"begin": 7, "end": 13}, "object_index": {"begin": 41, "end": 51}}, {"predicate": "在建工程账面价值", "object_type": "金额", "subject_type": "日期", "object": "3,255.04万元", "subject": "2019年末", "subject_index": {"begin": 14, "end": 20}, "object_index": {"begin": 52, "end": 62}}, {"predicate": "在建工程账面价值", "object_type": "金额", "subject_type": "日期", "object": "2,367.92万元", "subject": "2018年末", "subject_index": {"begin": 63, "end": 69}, "object_index": {"begin": 84, "end": 94}}, {"predicate": "在建工程账面价值", "object_type": "金额", "subject_type": "日期", "object": "1,378.11万元", "subject": "2019年末", "subject_index": {"begin": 193, "end": 199}, "object_index": {"begin": 214, "end": 224}}]}
{"text": "报告期内，公司短期借款由保证借款、信用借款和抵押借款构成。2017年末、2018年末和2019年末，公司短期借款金额分别为2,000.00万元、800.00万元和2,010.00万元。报告期内，公司短期借款未出现逾期未还情形。", "spo_list": [{"predicate": "短期借款", "object_type": "金额", "subject_type": "日期", "object": "2,000.00万元", "subject": "2017年末", "subject_index": {"begin": 29, "end": 35}, "object_index": {"begin": 61, "end": 71}}, {"predicate": "短期借款", "object_type": "金额", "subject_type": "日期", "object": "800.00万元", "subject": "2018年末", "subject_index": {"begin": 36, "end": 42}, "object_index": {"begin": 72, "end": 80}}, {"predicate": "短期借款", "object_type": "金额", "subject_type": "日期", "object": "2,010.00万元", "subject": "2019年末", "subject_index": {"begin": 43, "end": 49}, "object_index": {"begin": 81, "end": 91}}]}
{"text": "2017年末、2018年末和2019年末，公司预收款项余额分别为291.12万元、421.01万元和432.86万元。报告期内，公司预收款项为预收客户货款。", "spo_list": [{"predicate": "预收款项", "object_type": "金额", "subject_type": "日期", "object": "291.12万元", "subject": "2017年末", "subject_index": {"begin": 0, "end": 6}, "object_index": {"begin": 32, "end": 40}}, {"predicate": "预收款项", "object_type": "金额", "subject_type": "日期", "object": "421.01万元", "subject": "2018年末", "subject_index": {"begin": 7, "end": 13}, "object_index": {"begin": 41, "end": 49}}, {"predicate": "预收款项", "object_type": "金额", "subject_type": "日期", "object": "432.86万元", "subject": "2019年末", "subject_index": {"begin": 14, "end": 20}, "object_index": {"begin": 50, "end": 58}}]}
{"text": "报告期各期末，公司应交税费主要由应交增值税、应交企业所得税组成。2017年末、2018年末和2019年末，公司应交税费分别为570.25万元、355.43万元和725.68万元，占流动负债比例分别为5.47%、3.86%和6.11%。", "spo_list": [{"predicate": "应交税费", "object_type": "金额", "subject_type": "日期", "object": "570.25万元", "subject": "2017年末", "subject_index": {"begin": 32, "end": 38}, "object_index": {"begin": 62, "end": 70}}, {"predicate": "应交税费", "object_type": "金额", "subject_type": "日期", "object": "355.43万元", "subject": "2018年末", "subject_index": {"begin": 39, "end": 45}, "object_index": {"begin": 71, "end": 79}}, {"predicate": "应交税费", "object_type": "金额", "subject_type": "日期", "object": "725.68万元", "subject": "2019年末", "subject_index": {"begin": 46, "end": 52}, "object_index": {"begin": 80, "end": 88}}, {"predicate": "流动比率", "object_type": "日期", "subject_type": "比率", "object": "2017年末", "subject": "5.47%、", "subject_index": {"begin": 99, "end": 105}, "object_index": {"begin": 32, "end": 38}}, {"predicate": "流动比率", "object_type": "日期", "subject_type": "比率", "object": "2017年末", "subject": "3.86%", "subject_index": {"begin": 105, "end": 110}, "object_index": {"begin": 32, "end": 38}}, {"predicate": "流动比率", "object_type": "日期", "subject_type": "比率", "object": "2017年末", "subject": "6.11%。", "subject_index": {"begin": 111, "end": 117}, "object_index": {"begin": 32, "end": 38}}]}
{"text": "2017年、2018年和2019年，公司财务费用分别为532.24万元、-36.37万元和84.09万元。2017年利息支出主要系公司对股东及实际控制人借款产生的利息。2018年公司财务费用大幅下降，主要原因系公司偿还了对股东及实际控制人的借款以及出口业务发生的汇兑损益。", "spo_list": [{"predicate": "财务费用", "object_type": "金额", "subject_type": "日期", "object": "532.24万元", "subject": "2017年", "subject_index": {"begin": 0, "end": 5}, "object_index": {"begin": 27, "end": 35}}, {"predicate": "财务费用", "object_type": "金额", "subject_type": "日期", "object": "-36.37万元", "subject": "2018年", "subject_index": {"begin": 6, "end": 11}, "object_index": {"begin": 36, "end": 44}}, {"predicate": "财务费用", "object_type": "金额", "subject_type": "日期", "object": "84.09万", "subject": "2019年，", "subject_index": {"begin": 12, "end": 18}, "object_index": {"begin": 45, "end": 51}}]}
{"text": "2017年、2018年和2019年，公司的投资收益分别为23.42万元、18.75万元和11.83万元，均为购买理财产品产生的投资收益。", "spo_list": [{"predicate": "投资收益", "object_type": "金额", "subject_type": "日期", "object": "23.42万", "subject": "2017年", "subject_index": {"begin": 0, "end": 5}, "object_index": {"begin": 28, "end": 34}}, {"predicate": "投资收益", "object_type": "金额", "subject_type": "日期", "object": "18.75万元", "subject": "2018年", "subject_index": {"begin": 6, "end": 11}, "object_index": {"begin": 36, "end": 43}}, {"predicate": "投资收益", "object_type": "金额", "subject_type": "日期", "object": "11.83万元", "subject": "2019年", "subject_index": {"begin": 12, "end": 17}, "object_index": {"begin": 44, "end": 51}}]}
{"text": "2017年、2018年和2019年，公司营业外收入分别为7.48万元、21.00万元和427.72万元。公司营业外收入主要为政府补助收入。报告期内，营业外收入科目列示政府补助情况如下：", "spo_list": [{"predicate": "营业外收入", "object_type": "金额", "subject_type": "日期", "object": "7.48万元", "subject": "2017年", "subject_index": {"begin": 0, "end": 5}, "object_index": {"begin": 28, "end": 34}}, {"predicate": "营业外收入", "object_type": "金额", "subject_type": "日期", "object": "21.00万元", "subject": "2018年", "subject_index": {"begin": 6, "end": 11}, "object_index": {"begin": 35, "end": 42}}, {"predicate": "营业外收入", "object_type": "金额", "subject_type": "日期", "object": "427.72万", "subject": "2019年", "subject_index": {"begin": 12, "end": 17}, "object_index": {"begin": 43, "end": 50}}]}
{"text": "2017年、2018年和2019年，公司非经常性损益净额分别为-4,502.84万元、-224.69万元和1,351.11万元。2017年公司非经常性损益金额较大，主要原因系确认股份支付4,497.04万元。", "spo_list": [{"predicate": "非经常性损益", "object_type": "金额", "subject_type": "日期", "object": "-4,502.84万元", "subject": "2017年", "subject_index": {"begin": 0, "end": 5}, "object_index": {"begin": 31, "end": 42}}, {"predicate": "非经常性损益", "object_type": "金额", "subject_type": "日期", "object": "-224.69万元", "subject": "2018年", "subject_index": {"begin": 6, "end": 11}, "object_index": {"begin": 43, "end": 52}}, {"predicate": "非经常性损益", "object_type": "金额", "subject_type": "日期", "object": "1,351.11万元。", "subject": "2019年", "subject_index": {"begin": 12, "end": 17}, "object_index": {"begin": 53, "end": 64}}, {"predicate": "非经常性损益", "object_type": "金额", "subject_type": "日期", "object": "4,497.04万元", "subject": "2017年", "subject_index": {"begin": 64, "end": 69}, "object_index": {"begin": 93, "end": 103}}]}
{"text": "报告期内，公司投资活动支出主要为扩大生产规模及老设备更新改造而进行的固定资产和在建工程投资。2017年、2018年和2019年，投资活动产生的现金流量净额为-3,407.08万元、-4,422.53万元和-6,270.92万元。主要系：2017年、2018年和2019年，公司生产线扩建与技术改造等项目导致公司发生购建固定资产、无形资产和其他长期资产支付的现金累计流出14,754.68万元。", "spo_list": [{"predicate": "公司投资活动产生的现金流量净额", "object_type": "金额", "subject_type": "日期", "object": "-3,407.08万元", "subject": "2017年", "subject_index": {"begin": 46, "end": 51}, "object_index": {"begin": 78, "end": 89}}, {"predicate": "公司投资活动产生的现金流量净额", "object_type": "金额", "subject_type": "日期", "object": "-4,422.53万元", "subject": "2018年", "subject_index": {"begin": 52, "end": 57}, "object_index": {"begin": 90, "end": 101}}, {"predicate": "公司投资活动产生的现金流量净额", "object_type": "金额", "subject_type": "日期", "object": "-6,270.92万元", "subject": "2019年", "subject_index": {"begin": 58, "end": 63}, "object_index": {"begin": 102, "end": 113}}]}
{"text": "2017年、2018年和2019年，公司累计研发投入为5,879.10万元。作为高新技术企业，公司拥有功能性硅烷行业的专业技术研发团队，形成了高效的创新机制，掌握了功能性硅烷核心生产技术，具有行业领先的技术研发能力。为保持公司技术优势，未来公司将进一步完善研发体系并加大研发投入，持续提高自主研发能力和技术创新能力，以建设本次募集资金拟投资的功能性硅烷开发与应用研发中心项目为契机，进一步提高功能性硅烷生产技术的研发能力，拓展行业应用领域，扩大技术储备保障公司未来发展，坚持技术驱动型生产，遵循专业化的发展思路，走差异化发展道路，不断提升公司盈利能力和综合竞争力。", "spo_list": [{"predicate": "研发费用", "object_type": "金额", "subject_type": "日期", "object": "5,879.10万元", "subject": "2017年", "subject_index": {"begin": 0, "end": 5}, "object_index": {"begin": 27, "end": 37}}, {"predicate": "研发费用", "object_type": "金额", "subject_type": "日期", "object": "5,879.10万元", "subject": "2018年", "subject_index": {"begin": 6, "end": 11}, "object_index": {"begin": 27, "end": 37}}, {"predicate": "研发费用", "object_type": "金额", "subject_type": "日期", "object": "5,879.10万元", "subject": "2019年", "subject_index": {"begin": 12, "end": 17}, "object_index": {"begin": 27, "end": 37}}]}
