{"text": "本次增资定价3.5元/股，系以发行人截至2015年9月30日净资产评估值作为参考，按照本次增资前股本计算的每股净资产3.27元上浮一定比例确定。", "spo_list": [{"predicate": "每股净资产", "object_type": "金额", "subject_type": "日期", "object": "3.27元", "subject": "2015年9月30日", "subject_index": {"begin": 20, "end": 30}, "object_index": {"begin": 58, "end": 63}}]}
{"text": "魏新娟系公司实际控制人之一，担任公司董事和副总经理。2017年10月11日，魏新娟收到了国家外汇管理局海宁市支局于2017年9月29日出具的行政处罚决定书（海外管罚[2017]7号），魏新娟控制的香港骥飞实业有限公司于2009年1月20日接受公司原外方股东股权，成为特殊目的公司，魏新娟未在国家外汇管理局海宁市支局办理特殊目的公司登记，构成违反外汇登记管理规定的行为。根据《中华人民共和国外汇管理条例》、《国家外汇管理局关于境内居民通过特殊目的公司境外投融资及返程投资外汇管理有关问题的通知》（汇发[2014]37号）等相关法律法规的规定，对魏新娟责令改正、给予警告，处人民币1万元罚款。截至本招股说明书签署之日，魏新娟已在外汇管理部门办理了特殊目的公司补登记，并全额缴纳了1万元罚款。保荐机构、发行人律师及发行人会计师经核查后认为，魏新娟受到的上述行政处罚的金额较小，且已改正并足额缴纳了罚款，魏新娟的上述行为不构成重大违法违规行为，对本次发行不构成重大影响。", "spo_list": [{"predicate": "罚款", "object_type": "金额", "subject_type": "日期", "object": "1万元", "subject": "2017年10月11日", "subject_index": {"begin": 26, "end": 37}, "object_index": {"begin": 288, "end": 291}}]}
{"text": "2015年10月24日，坤元资产评估有限公司以2015年9月30日为评估基准日，对公司于评估基准日股份制改制所涉及的资产净额（相关资产减负债）价值进行了评估，并出具了坤元评报〔2015〕590号《资产评估报告》。本次评估采用了资产基础法进行评估。根据评估报告，截至2015年9月30日，公司资产净额账面价值为15,231.25万元，评估值为19,143.06万元。", "spo_list": [{"predicate": "净资产评估值", "object_type": "金额", "subject_type": "日期", "object": "19,143.06万元", "subject": "2015年9月30日", "subject_index": {"begin": 132, "end": 142}, "object_index": {"begin": 170, "end": 181}}, {"predicate": "截止日期", "object_type": "日期", "subject_type": "报告", "object": "2015年9月30日", "subject": "《资产评估报告》", "subject_index": {"begin": 97, "end": 105}, "object_index": {"begin": 132, "end": 142}}]}
{"text": "2014年末应收账款前五大客户中飞利浦、上海兴宏灯头及德清新明辉不属于公司营业收入前五大客户。其中，飞利浦期末应收账款余额较高主要系公司2014年对PhilipsElectronicsIndiaLimited及亮锐科技（湖北）有限公司销售金额较高，导致期末余额较高，应收账款尚在信用期内；上海兴宏灯头期末应收账款余额主要系2014年11、12月销售产生，应收账款尚在信用期内；德清新明辉应收账款余额较高主要系该公司2014年底资金紧张，还款进度放缓，应收账款177.25万元已在2015年7月全部收回。", "spo_list": [{"predicate": "应收账款净额", "object_type": "金额", "subject_type": "日期", "object": "177.25万元", "subject": "2015年7月", "subject_index": {"begin": 239, "end": 246}, "object_index": {"begin": 229, "end": 237}}]}
{"text": "2014年末及2015年末，公司应付票据余额分别为502.46万元及730.74万元，占流动负债的比例分别为4.87%及4.74%。2016年末公司应付票据余额为零。2017年6月末公司应付票据余额为151.03万元，占流动负债的比例分别为1.18%。", "spo_list": [{"predicate": "应付票据", "object_type": "金额", "subject_type": "日期", "object": "502.46万元", "subject": "2014年末", "subject_index": {"begin": 0, "end": 6}, "object_index": {"begin": 25, "end": 33}}, {"predicate": "应付账款", "object_type": "金额", "subject_type": "日期", "object": "730.74万元", "subject": "2015年末", "subject_index": {"begin": 7, "end": 13}, "object_index": {"begin": 34, "end": 42}}]}
{"text": "2017年9月30日应收账款余额为15,128.65万元，较2016年末增长28.16%，主要系发行人2017年1-9月营业收入较上年同期增长44.73%，导致期末应收账款余额相应增加。2017年1-9月公司应收账款周转率为5.75（年化），较2016年应收账款周转率5.27有所上升。", "spo_list": [{"predicate": "应收账款净额", "object_type": "金额", "subject_type": "日期", "object": "15,128.65万元", "subject": "2017年9月30日", "subject_index": {"begin": 0, "end": 10}, "object_index": {"begin": 17, "end": 28}}, {"predicate": "应收账款周转率", "object_type": "日期", "subject_type": "比率", "object": "2017年1-9月", "subject": "5.75", "subject_index": {"begin": 112, "end": 116}, "object_index": {"begin": 93, "end": 102}}]}
{"text": "截至2017年6月30日，公司未分配利润为14,499.13万元。", "spo_list": [{"predicate": "未分配利润", "object_type": "金额", "subject_type": "日期", "object": "14,499.13万元", "subject": "2017年6月30日", "subject_index": {"begin": 2, "end": 12}, "object_index": {"begin": 21, "end": 32}}]}
{"text": "2000年12月27日，晨丰有限取得浙江省人民政府核发的外经贸资浙府字[2000]10752号《外商投资企业批准证书》。", "spo_list": []}
{"text": "公司目前持有海宁市环境保护局核发的《浙江省排污许可证》（证书编号为浙FC盐A381044），有效期自2016年11月4日至2020年12月31日。江西晨航目前持有乐平市环境保护局核发的《排放污染物许可证》（许可证编号为[2015]020），许可排放污染物：COD，有效期自2015年12月10日至2018年12月9日。", "spo_list": [{"predicate": "截止日期", "object_type": "日期", "subject_type": "报告", "object": "2020年12月31日", "subject": "浙江省排污许可证》（证书编号为浙FC盐A381044）", "subject_index": {"begin": 18, "end": 45}, "object_index": {"begin": 61, "end": 72}}, {"predicate": "截止日期", "object_type": "日期", "subject_type": "报告", "object": "2018年12月9日", "subject": "《排放污染物许可证》（许可证编号为", "subject_index": {"begin": 92, "end": 109}, "object_index": {"begin": 148, "end": 158}}]}
{"text": "根据晨诚电镀的《清算报告》，截至2013年7月12日，晨诚电镀的总资产437.05万元，总负债49.31万元。截至2013年9月5日，晨诚电镀已缴清包括税款、工资、社会保险费用在内的全部债务49.31万元；剩余财产387.74万元按股东出资比例返还股东；原员工已全部遣散。晨诚电镀注销时不存在债权债务纠纷、劳资纠纷或其他纠纷。", "spo_list": [{"predicate": "截止日期", "object_type": "日期", "subject_type": "报告", "object": "2013年7月12日", "subject": "《清算报告》", "subject_index": {"begin": 7, "end": 13}, "object_index": {"begin": 16, "end": 26}}]}
{"text": "根据发行人与求精投资签订的《房屋租赁合同》以及后续协议的约定，报告期内，发行人于2014年1月至2015年7月期间将坐落于海宁市盐官镇杏花路4号面积为400.00平方米的房产出租给求精投资用于办公，2014年和2015年1月-7月分别确认租赁收入金额为3.00万元和1.63万元，租赁期间相应的水电费由发行人承担，不另行收取。", "spo_list": [{"predicate": "其他成本", "object_type": "金额", "subject_type": "日期", "object": "3.00万元", "subject": "2014年", "subject_index": {"begin": 99, "end": 104}, "object_index": {"begin": 126, "end": 132}}, {"predicate": "其他成本", "object_type": "金额", "subject_type": "日期", "object": "1.63万元", "subject": "2015年1月-7月", "subject_index": {"begin": 105, "end": 115}, "object_index": {"begin": 133, "end": 139}}]}
{"text": "2016年3月，公司与海宁市国土资源局就上述房屋所在宗地签订了《国有建设用地使用权先租后让合同》，根据合同约定，于2016年8月签署了上述厂房租赁的《终止协议书》，并于同日就该宗地上西区综合楼及1-9号车间共计23,123.27平方米的10幢建筑物签订了《房屋先租后让合同》，租赁期限自2016年3月24日起至2021年3月23日止。前述合同约定前5年土地租金为470万元，土地总价款为2,380万元；房屋租金360.18万元，房屋总价款为1,800.89万元。若5年租赁期满后未达到相关开发条件的，允许公司续租一次，但续租期限最长不超过2年，年租金按照前5年平均年租金缴纳，当达到项目建设要求后，公司可向国土资源局申请受让该地块，并由海宁市盐官镇人民政府配合办理上述房屋的契证、产权证，其需缴纳的土地出让金和房屋受让金额为土地和房屋总价款扣除已经缴纳的前期租赁款。", "spo_list": [{"predicate": "其他成本", "object_type": "金额", "subject_type": "日期", "object": "470万元", "subject": "2016年8月", "subject_index": {"begin": 57, "end": 64}, "object_index": {"begin": 181, "end": 186}}, {"predicate": "其他成本", "object_type": "金额", "subject_type": "日期", "object": "360.18万元", "subject": "2016年3月24日起至2021年3月23日止", "subject_index": {"begin": 143, "end": 166}, "object_index": {"begin": 205, "end": 213}}]}
{"text": "2016年末公司预付账款余额较上年末大幅增长，主要系公司预计2017年原材料价格将上涨，因此采用支付大额预付款的方式稳定原材料采购价格。此外公司2016年将上市费用300.00万元计入预付账款。", "spo_list": [{"predicate": "预付款项", "object_type": "金额", "subject_type": "日期", "object": "300.00万元", "subject": "2016年", "subject_index": {"begin": 72, "end": 77}, "object_index": {"begin": 82, "end": 90}}]}
{"text": "2017年9月30日货币资金余额为3,072.48万元，较2016年末减少31.56%，主要系发行人2017年进行了股利分配，同时随着生产规模扩大，相应采购支出增长。", "spo_list": [{"predicate": "货币资金余额", "object_type": "金额", "subject_type": "日期", "object": "3,072.48万元", "subject": "2017年9月30日", "subject_index": {"begin": 0, "end": 10}, "object_index": {"begin": 17, "end": 27}}]}
{"text": "2017年9月30日应收票据余额为2,915.37万元，较2016年末增长173.16%，主要系发行人2017年1-9月销售规模扩大，导致期末收到的票据结算的款项增加。", "spo_list": [{"predicate": "应收票据", "object_type": "金额", "subject_type": "日期", "object": "2,915.37万元", "subject": "2017年9月30日", "subject_index": {"begin": 0, "end": 10}, "object_index": {"begin": 17, "end": 27}}]}
{"text": "2017年9月30日存货余额为12,362.72万元，较2016年末增长20.10%，主要系发行人2017年1-9月主要原材料价格上升，导致期末原材料余额较2016年末增长39.52%；同时由于发行人产销量扩大，导致期末在产品及库存商品余额分别较2016年末增长15.59%及21.32%。2017年1-9月公司存货周转率为4.95（年化），较2016年存货周转率4.99变动较小。", "spo_list": [{"predicate": "存货", "object_type": "金额", "subject_type": "日期", "object": "12,362.72万元", "subject": "2017年9月30日", "subject_index": {"begin": 0, "end": 10}, "object_index": {"begin": 15, "end": 26}}]}
