{"text": "截至2016年6月30日，公司的固定资产原值为111，246，923.74元，累计折旧37，273，836.40元，固定资产的账面价值为73，973，087.34元。", "spo_list": [{"predicate": "固定资产净额", "object_type": "金额", "subject_type": "日期", "object": "111，246，923.74元", "subject": "截至2016年6月30日", "subject_index": {"begin": 0, "end": 12}, "object_index": {"begin": 23, "end": 38}}, {"predicate": "固定资产账面价值", "object_type": "金额", "subject_type": "日期", "object": "73，973，087.34元", "subject": "截至2016年6月30日", "subject_index": {"begin": 0, "end": 12}, "object_index": {"begin": 68, "end": 82}}]}
{"text": "截至2016年6月30日，公司的固定资产原值为111，246，923.74元，累计折旧37，273，836.40元，固定资产的账面价值为73，973，087.34元。", "spo_list": [{"predicate": "固定资产净额", "object_type": "金额", "subject_type": "日期", "object": "111，246，923.74元", "subject": "截至2016年6月30日", "subject_index": {"begin": 0, "end": 12}, "object_index": {"begin": 23, "end": 38}}, {"predicate": "固定资产账面价值", "object_type": "金额", "subject_type": "日期", "object": "73，973，087.34元", "subject": "截至2016年6月30日", "subject_index": {"begin": 0, "end": 12}, "object_index": {"begin": 68, "end": 82}}]}
{"text": "2013年末、2014年末、2015年末和2016年6月末，存货账面价值分别为4，442.50万元、4，943.04万元、4，713.13万元和6，272.65万元，占同期流动资产的比例分别为17.67%、19.82%、15.73%和20.51%。报告期各期末存货主要为原材料和库存商品。", "spo_list": [{"predicate": "存货账面价值", "object_type": "金额", "subject_type": "日期", "object": "4，442.50万元", "subject": "2013年末", "subject_index": {"begin": 0, "end": 6}, "object_index": {"begin": 39, "end": 49}}, {"predicate": "存货账面价值", "object_type": "金额", "subject_type": "日期", "object": "4，943.04万元", "subject": "2014年末", "subject_index": {"begin": 7, "end": 13}, "object_index": {"begin": 50, "end": 60}}, {"predicate": "存货账面价值", "object_type": "金额", "subject_type": "日期", "object": "4，713.13万元", "subject": "2015年末", "subject_index": {"begin": 14, "end": 20}, "object_index": {"begin": 61, "end": 71}}, {"predicate": "存货账面价值", "object_type": "金额", "subject_type": "日期", "object": "6，272.65万元", "subject": "2016年6月末", "subject_index": {"begin": 21, "end": 29}, "object_index": {"begin": 72, "end": 82}}]}
{"text": "截至2016年6月末，公司固定资产净值合计为7，397.31万元，占非流动资产总额的67.07%。房屋及建筑物、机器设备占公司固定资产比例比较高，均为生产经营所必备的资产，目前使用状况良好。", "spo_list": [{"predicate": "固定资产净额", "object_type": "金额", "subject_type": "日期", "object": "7，397.31万元", "subject": "截至2016年6月末", "subject_index": {"begin": 0, "end": 10}, "object_index": {"begin": 22, "end": 32}}]}
{"text": "2014年末，公司固定资产净值为4，357.62万元，较2013年期末增加578.28万元，增加15.30%，主要系本期购建的减震元件生产设备较多所致。", "spo_list": [{"predicate": "固定资产净额", "object_type": "金额", "subject_type": "日期", "object": "4，357.62万元", "subject": "2014年末", "subject_index": {"begin": 0, "end": 6}, "object_index": {"begin": 16, "end": 26}}]}
{"text": "2016年6月末，公司固定资产净值为7，397.31万元，较2015年期末增加31.54万元，增加0.43%，增加较少，主要原因为公司一台聚氨酯浇注发泡机在建工程转固使机器设备原值增加，但本期固定资产本期折旧计提金额与固定资产原值增加金额差异不大。", "spo_list": [{"predicate": "固定资产净额", "object_type": "金额", "subject_type": "日期", "object": "7，397.31万元", "subject": "2016年6月末", "subject_index": {"begin": 0, "end": 8}, "object_index": {"begin": 18, "end": 28}}]}
{"text": "2013年末、2014年末、2015年末和2016年6月末，在建工程余额分别为1，975.06万元、3，712.14万元、1，042.45万元和1，066.73万元，占非流动资产的比例分别为24.88%、35.06%、9.55%和9.67%。", "spo_list": [{"predicate": "在建工程余额", "object_type": "金额", "subject_type": "日期", "object": "1，975.06万元", "subject": "2013年末", "subject_index": {"begin": 0, "end": 6}, "object_index": {"begin": 39, "end": 49}}, {"predicate": "在建工程余额", "object_type": "金额", "subject_type": "日期", "object": "3，712.14万元", "subject": "2014年末", "subject_index": {"begin": 7, "end": 13}, "object_index": {"begin": 50, "end": 60}}, {"predicate": "在建工程余额", "object_type": "金额", "subject_type": "日期", "object": "1，042.45万元", "subject": "2015年末", "subject_index": {"begin": 14, "end": 20}, "object_index": {"begin": 61, "end": 71}}, {"predicate": "在建工程余额", "object_type": "金额", "subject_type": "日期", "object": "1，066.73万元", "subject": "2016年6月末", "subject_index": {"begin": 21, "end": 29}, "object_index": {"begin": 72, "end": 82}}]}
{"text": "2016年6月末，公司在建工程余额较2015年期末增加24.29万元，增加2.33%，变化较小，主要因为当期电子油门生产线、子公司凯众减震厂区工程等在建工程的本期增加与当期聚氨酯浇注发泡机转固等在建工程本期减少差异不大。", "spo_list": [{"predicate": "在建工程余额", "object_type": "金额", "subject_type": "日期", "object": "24.29万元", "subject": "2016年6月末", "subject_index": {"begin": 0, "end": 8}, "object_index": {"begin": 27, "end": 34}}]}
{"text": "2013年末、2014年末、2015年末和2016年6月末，公司无形资产账面价值分别为1，507.50万元、1，593.73万元、1，558.28万元和1，531.53万元。报告期内，公司的无形资产由土地使用权和软件构成。", "spo_list": [{"predicate": "无形资产账面价值", "object_type": "金额", "subject_type": "日期", "object": "1，507.50万元", "subject": "2013年末", "subject_index": {"begin": 0, "end": 6}, "object_index": {"begin": 43, "end": 53}}, {"predicate": "无形资产账面价值", "object_type": "金额", "subject_type": "日期", "object": "1，593.73万元", "subject": "2014年末", "subject_index": {"begin": 7, "end": 13}, "object_index": {"begin": 54, "end": 64}}, {"predicate": "无形资产账面价值", "object_type": "金额", "subject_type": "日期", "object": "1，558.28万元", "subject": "2015年末", "subject_index": {"begin": 14, "end": 20}, "object_index": {"begin": 65, "end": 75}}, {"predicate": "无形资产账面价值", "object_type": "金额", "subject_type": "日期", "object": "1，531.53万元", "subject": "2016年6月末", "subject_index": {"begin": 21, "end": 29}, "object_index": {"begin": 76, "end": 86}}]}
{"text": "2013年末、2014年末、2015年末和2016年6月末公司预收款项分别为27.16万元、68.62万元、38.59万元和76.09万元，占负债总额的比例分别为0.75%、3.14%、1.38%和1.73%，占负债总额的比例较小，主要为AM市场的部分客户预付的产品款。因公司主要客户为OEM市场的客户，公司对其一般售后有1-6个月的信用期，所以公司预收账款金额较小，与公司主要客户的结算方式相匹配。", "spo_list": [{"predicate": "预收账款余额", "object_type": "金额", "subject_type": "日期", "object": "27.16万元", "subject": "2013年末", "subject_index": {"begin": 0, "end": 6}, "object_index": {"begin": 38, "end": 45}}, {"predicate": "预收账款余额", "object_type": "金额", "subject_type": "日期", "object": "68.62万元", "subject": "2014年末", "subject_index": {"begin": 7, "end": 13}, "object_index": {"begin": 46, "end": 53}}, {"predicate": "预收账款余额", "object_type": "金额", "subject_type": "日期", "object": "38.59万元", "subject": "2015年末", "subject_index": {"begin": 14, "end": 20}, "object_index": {"begin": 54, "end": 61}}, {"predicate": "预收账款余额", "object_type": "金额", "subject_type": "日期", "object": "76.09万元", "subject": "2016年6月末", "subject_index": {"begin": 21, "end": 29}, "object_index": {"begin": 62, "end": 69}}]}
{"text": "2013年末、2014年末、2015年末，公司应付职工薪酬分别为497.73万元、434.52万元、422.35万元，占负债总额的比例分别为13.82%、19.90%、15.07%。2016年6月末应付职工薪酬无余额。公司在年末应付职工薪酬金额较高，主要是因为公司在年末计提年终奖。报告期末公司无属于拖欠性质的应付职工薪酬。", "spo_list": [{"predicate": "应付职工薪酬余额", "object_type": "金额", "subject_type": "日期", "object": "497.73万元", "subject": "2013年末", "subject_index": {"begin": 0, "end": 6}, "object_index": {"begin": 32, "end": 40}}, {"predicate": "应付职工薪酬余额", "object_type": "金额", "subject_type": "日期", "object": "434.52万元", "subject": "2014年末", "subject_index": {"begin": 7, "end": 13}, "object_index": {"begin": 41, "end": 49}}, {"predicate": "应付职工薪酬余额", "object_type": "金额", "subject_type": "日期", "object": "422.35万元", "subject": "2015年末", "subject_index": {"begin": 14, "end": 20}, "object_index": {"begin": 50, "end": 58}}]}
{"text": "2013年末、2014年末、2015年末和2016年6月末公司其他应付款金额分别为98.21万元、88.31万元、71.75万元和131.26万元，占负债总额的比例分别为2.73%、4.04%、2.56%和2.98%，金额及占比较小，主要为子公司凯众减震收取的建设单位的保证金及收取的售后市场客户的模具费。", "spo_list": [{"predicate": "长期应付款", "object_type": "金额", "subject_type": "日期", "object": "98.21万元", "subject": "2013年末", "subject_index": {"begin": 0, "end": 6}, "object_index": {"begin": 41, "end": 48}}, {"predicate": "长期应付款", "object_type": "金额", "subject_type": "日期", "object": "88.31万元", "subject": "2014年末", "subject_index": {"begin": 7, "end": 13}, "object_index": {"begin": 49, "end": 56}}, {"predicate": "长期应付款", "object_type": "金额", "subject_type": "日期", "object": "71.75万元", "subject": "2015年末", "subject_index": {"begin": 14, "end": 20}, "object_index": {"begin": 57, "end": 64}}, {"predicate": "长期应付款", "object_type": "金额", "subject_type": "日期", "object": "131.26万元", "subject": "2016年6月末", "subject_index": {"begin": 21, "end": 29}, "object_index": {"begin": 65, "end": 73}}]}
{"text": "2013年末、2014年末、2015年末和2016年6月末，应收账款净值分别为6，700.40万元、5，961.87万元、7，341.01万元和8，905.21万元，占各期末流动资产的比例分别为26.65%、23.91%、24.51%和29.12%，公司应收账款余额中90%以上在6个月内。报告期应收账款中无持有本公司5%以上（含5%）表决权股份的股东单位欠款的情形。", "spo_list": [{"predicate": "应收帐款净额", "object_type": "金额", "subject_type": "日期", "object": "8，905.21万元", "subject": "2016年6月末", "subject_index": {"begin": 21, "end": 29}, "object_index": {"begin": 72, "end": 82}}, {"predicate": "应收帐款净额", "object_type": "金额", "subject_type": "日期", "object": "7，341.01万元", "subject": "2015年末", "subject_index": {"begin": 14, "end": 20}, "object_index": {"begin": 61, "end": 71}}, {"predicate": "应收帐款净额", "object_type": "金额", "subject_type": "日期", "object": "5，961.87万元", "subject": "2014年末", "subject_index": {"begin": 7, "end": 13}, "object_index": {"begin": 50, "end": 60}}, {"predicate": "应收帐款净额", "object_type": "金额", "subject_type": "日期", "object": "6，700.40万元", "subject": "2013年末", "subject_index": {"begin": 0, "end": 6}, "object_index": {"begin": 39, "end": 49}}]}
{"text": "2015年末，公司固定资产净值为7，365.77万元，较2014年期末增加3，008.15万元，增加69.03%，主要系子公司凯众减震厂房、综合楼、办公楼等在建工程项目在本期转成固定资产所致。", "spo_list": [{"predicate": "固定资产净额", "object_type": "金额", "subject_type": "日期", "object": "7，365.77万元", "subject": "2015年末", "subject_index": {"begin": 0, "end": 6}, "object_index": {"begin": 16, "end": 26}}, {"predicate": "固定资产净额", "object_type": "金额", "subject_type": "日期", "object": "3，008.15万元", "subject": "2014年", "subject_index": {"begin": 28, "end": 33}, "object_index": {"begin": 37, "end": 47}}]}
{"text": "2014年末，公司在建工程余额较2013年增加1，737.08万元，主要系本期建设缓冲块生产线购建发泡机等生产设备以及子公司继续进行募投项目相关工程建设支出增加所致。", "spo_list": [{"predicate": "应付职工薪酬余额", "object_type": "金额", "subject_type": "日期", "object": "1，737.08万元", "subject": "2014年末", "subject_index": {"begin": 0, "end": 6}, "object_index": {"begin": 23, "end": 33}}]}
{"text": "2015年末，公司在建工程余额较2014年期末减少2，669.69万元，减少71.92%，主要系子公司凯众减震厂房、综合楼、办公楼等在建工程项目在本期转成固定资产所致。", "spo_list": [{"predicate": "应付职工薪酬余额", "object_type": "金额", "subject_type": "日期", "object": "2，669.69万元", "subject": "2015年末", "subject_index": {"begin": 0, "end": 6}, "object_index": {"begin": 25, "end": 35}}]}
{"text": "2014年末，公司工程物资金额为224.61万元，主要为子公司凯众减震项目建设所备的电缆、风机等。2015年末、2016年6月末公司工程物资金额为0。", "spo_list": [{"predicate": "在建工程余额", "object_type": "金额", "subject_type": "日期", "object": "224.61万元", "subject": "2014年末", "subject_index": {"begin": 0, "end": 6}, "object_index": {"begin": 16, "end": 24}}]}
{"text": "2013年末无形资产余额较2012年末增加911.94万元，增长153.12%，无形资产账面价值大幅上升主要是由于子公司凯众减震2013年取得孟津县麻屯镇一块价值636.00万元的土地使用权，并发生耕地占用税、契税、开垦费等相关费用259.52万元。2014年、2015年末、2016年6月末无形资产余额变化较小。", "spo_list": [{"predicate": "无形资产余额", "object_type": "金额", "subject_type": "日期", "object": "911.94万元", "subject": "2013年", "subject_index": {"begin": 0, "end": 5}, "object_index": {"begin": 21, "end": 29}}]}
{"text": "2013年末、2014年末、2015年末和2016年6月末，公司长期待摊费用账面价值分别为587.69万元、653.51万元、878.45万元和932.42万元，占非流动资产的比例分别为7.40%、6.17%、8.05%和8.45%。报告期内，公司长期待摊费用主要为生产及开发所用的模具，其在购入后按36个月平均摊销。", "spo_list": [{"predicate": "长期待摊费用", "object_type": "金额", "subject_type": "日期", "object": "932.42万元", "subject": "2016年6月末", "subject_index": {"begin": 21, "end": 29}, "object_index": {"begin": 72, "end": 80}}, {"predicate": "长期待摊费用", "object_type": "金额", "subject_type": "日期", "object": "878.45万元", "subject": "2015年末", "subject_index": {"begin": 14, "end": 20}, "object_index": {"begin": 63, "end": 71}}, {"predicate": "长期待摊费用", "object_type": "金额", "subject_type": "日期", "object": "653.51万元", "subject": "2014年末", "subject_index": {"begin": 7, "end": 13}, "object_index": {"begin": 54, "end": 62}}, {"predicate": "长期待摊费用", "object_type": "金额", "subject_type": "日期", "object": "587.69万元", "subject": "2013年末", "subject_index": {"begin": 0, "end": 6}, "object_index": {"begin": 45, "end": 53}}]}
{"text": "2013年末、2014年末、2015年末和2016年6月末公司应交税费金额分别为924.68万元、11.31万元、687.40万元和1，520.68万元，占负债总额的比例分别为25.67%、0.52%、24.53%和34.38%。2013年主要为期末计提尚未汇算清缴完税的应交企业所得税，2014年公司预缴的的企业所得税较多，所以期末应交企业所得税余额较少。2015年主要为期末计提尚未汇算清缴完税的应交企业所得税和应交增值税。2016年6月末主要为期末计提尚未缴纳的应交企业所得税和应交增值税以及股利分配形成的应交个人所得税。", "spo_list": [{"predicate": "应交税费余额", "object_type": "金额", "subject_type": "日期", "object": "1，520.68万元", "subject": "2016年6月末", "subject_index": {"begin": 21, "end": 29}, "object_index": {"begin": 66, "end": 76}}, {"predicate": "应交税费余额", "object_type": "金额", "subject_type": "日期", "object": "687.40万元", "subject": "2015年末", "subject_index": {"begin": 14, "end": 20}, "object_index": {"begin": 57, "end": 65}}, {"predicate": "应交税费余额", "object_type": "金额", "subject_type": "日期", "object": "11.31万元", "subject": "2014年末", "subject_index": {"begin": 7, "end": 13}, "object_index": {"begin": 49, "end": 56}}, {"predicate": "应交税费余额", "object_type": "金额", "subject_type": "日期", "object": "924.68万元", "subject": "2013年末", "subject_index": {"begin": 0, "end": 6}, "object_index": {"begin": 40, "end": 48}}]}
{"text": "2013年、2014年、2015年和2016年6月公司资产减值损失为存货、应收账款、其他应收款计提的存货跌价准备、坏账准备及核销的坏账损失，金额分别为50.46万元、101.04万元、28.76万元和43.87万元。", "spo_list": [{"predicate": "资产减值损失", "object_type": "金额", "subject_type": "日期", "object": "50.46万元", "subject": "2013年", "subject_index": {"begin": 0, "end": 5}, "object_index": {"begin": 75, "end": 82}}, {"predicate": "存货余额", "object_type": "金额", "subject_type": "日期", "object": "101.04万元", "subject": "2014年", "subject_index": {"begin": 6, "end": 11}, "object_index": {"begin": 83, "end": 91}}, {"predicate": "其他应收款余额", "object_type": "金额", "subject_type": "日期", "object": "28.76万元", "subject": "2015年", "subject_index": {"begin": 12, "end": 17}, "object_index": {"begin": 92, "end": 99}}, {"predicate": "存货跌价准备余额", "object_type": "金额", "subject_type": "日期", "object": "43.87万元", "subject": "2016年6月", "subject_index": {"begin": 18, "end": 25}, "object_index": {"begin": 100, "end": 107}}]}
