{"text": "截止至2003年12月31日，公司资产总计为1，502，872，179.19元，其中，流动资产合计462，226，982.77元，固定资产合计943，861，329.75元，无形资产96，783，866.67元。资产各主要科目的情况如下：", "spo_list": [{"predicate": "固定资产账面价值", "object_type": "金额", "subject_type": "日期", "object": "943，861，329.75元", "subject": "截止至2003年12月31日", "subject_index": {"begin": 0, "end": 14}, "object_index": {"begin": 71, "end": 86}}]}
{"text": "截止2003年12月31日，公司流动资产462，226，982.77元，占公司总资产的30.76%。其中：货币资金250，376，422.07元，占流动资产54.17%；应收票据121，770，000.00元，占流动资产26.34%；应收账款净额42，726，846.12元，占流动资产9.24%；其他应收款净额533，218.39元，占流动资产0.12%；预付账款3，997，941.85元，占流动资产0.87%；存货42，822，554.34元，占流动资产9.26%", "spo_list": [{"predicate": "应收帐款净额", "object_type": "金额", "subject_type": "日期", "object": "42，726，846.12元", "subject": "截止2003年12月31日", "subject_index": {"begin": 0, "end": 13}, "object_index": {"begin": 123, "end": 137}}, {"predicate": "其他应收款净额", "object_type": "金额", "subject_type": "日期", "object": "533，218.39元", "subject": "截止2003年12月31日", "subject_index": {"begin": 0, "end": 13}, "object_index": {"begin": 156, "end": 167}}]}
{"text": "．存货截止2003年12月31日余额为42，822，554.34元，其明细项目列示如下：", "spo_list": [{"predicate": "存货余额", "object_type": "金额", "subject_type": "日期", "object": "42，822，554.34元", "subject": "截止2003年12月31日", "subject_index": {"begin": 3, "end": 16}, "object_index": {"begin": 19, "end": 33}}]}
{"text": "无形资产截止2003年12月31日余额为96，783，866.67元，", "spo_list": [{"predicate": "无形资产余额", "object_type": "金额", "subject_type": "日期", "object": "96，783，866.67元", "subject": "截止2003年12月31日", "subject_index": {"begin": 4, "end": 17}, "object_index": {"begin": 20, "end": 34}}]}
{"text": "预收账款：截止2003年12月31日余额为41，033，547.87元，期末余额中无预收持本公司5%（含5%）以上股份的股东单位的款项。", "spo_list": [{"predicate": "预收账款余额", "object_type": "金额", "subject_type": "日期", "object": "41，033，547.87元", "subject": "截止2003年12月31日", "subject_index": {"begin": 5, "end": 18}, "object_index": {"begin": 21, "end": 35}}]}
{"text": "应付工资：截止2003年12月31日余额为7，707，163.87元。", "spo_list": [{"predicate": "应付职工薪酬余额", "object_type": "金额", "subject_type": "日期", "object": "7，707，163.87元", "subject": "截止2003年12月31日", "subject_index": {"begin": 5, "end": 18}, "object_index": {"begin": 21, "end": 34}}]}
{"text": "．其他应付款：截止2003年12月31日余额为10，583，980.40元。", "spo_list": [{"predicate": "其他应付款余额", "object_type": "金额", "subject_type": "日期", "object": "10，583，980.40元", "subject": "截止2003年12月31日", "subject_index": {"begin": 7, "end": 20}, "object_index": {"begin": 23, "end": 37}}]}
{"text": "盈余公积截止2003年12月31日余额为46，895，118.94元。", "spo_list": [{"predicate": "盈余公积", "object_type": "金额", "subject_type": "日期", "object": "46，895，118.94元", "subject": "截止2003年12月31日", "subject_index": {"begin": 4, "end": 17}, "object_index": {"begin": 20, "end": 34}}]}
{"text": "报告期主营业务成本差异57，582.78万元，其中：64，279.90万元为剥离的未纳入重组范围的集团公司二级单位的主营业务成本；-6，697.12万元为对纳入重组范围的范各庄、吕家坨矿业分公司的主营业务成本进行调整形成。", "spo_list": [{"predicate": "主营业务成本", "object_type": "金额", "subject_type": "日期", "object": "57，582.78万元", "subject": "报告期", "subject_index": {"begin": 0, "end": 3}, "object_index": {"begin": 11, "end": 22}}]}
{"text": "根据本公司2002年度股东大会决议，公司2002年度提取法定盈余公积金11，811，696.02元，提取法定公益金5，905，848.01元，分配普通股股利50，199，708.08元。", "spo_list": [{"predicate": "盈余公积", "object_type": "金额", "subject_type": "日期", "object": "11，811，696.02元", "subject": "2002年度", "subject_index": {"begin": 5, "end": 11}, "object_index": {"begin": 35, "end": 49}}]}
{"text": "根据本公司2003年度股东大会决议，公司2003年度提取法定盈余公积金13，903，247.98元，提取法定公益金6，951，623.99元，分配普通股股利59，088，803.90元。", "spo_list": [{"predicate": "盈余公积", "object_type": "金额", "subject_type": "日期", "object": "13，903，247.98元", "subject": "2003年度", "subject_index": {"begin": 20, "end": 26}, "object_index": {"begin": 35, "end": 49}}]}
{"text": "截止2003年12月31日，公司应收票据为121，770，000元，均系银行承兑汇票。", "spo_list": [{"predicate": "应收票据余额", "object_type": "金额", "subject_type": "日期", "object": "121，770，000元", "subject": "2003年12月31日", "subject_index": {"begin": 2, "end": 13}, "object_index": {"begin": 21, "end": 33}}]}
{"text": "短期借款：截止2003年12月31日余额为92，000，000.00元，均为担保借款。", "spo_list": [{"predicate": "短期借款余额", "object_type": "金额", "subject_type": "日期", "object": "92，000，000.00元", "subject": "2003年12月31日", "subject_index": {"begin": 7, "end": 18}, "object_index": {"begin": 21, "end": 35}}]}
{"text": "其他应交款：截止2003年12月31日余额为1，991，913.25元（含期末未交的教育附加费及矿产资源补偿费）。", "spo_list": [{"predicate": "其他应收款余额", "object_type": "金额", "subject_type": "日期", "object": "1，991，913.25元", "subject": "2003年12月31日", "subject_index": {"begin": 8, "end": 19}, "object_index": {"begin": 22, "end": 35}}]}
{"text": "其他流动负债：截止2003年12月31日余额为51，862，791.34元。", "spo_list": [{"predicate": "非流动负债", "object_type": "金额", "subject_type": "日期", "object": "51，862，791.34元", "subject": "2003年12月31日", "subject_index": {"begin": 9, "end": 20}, "object_index": {"begin": 23, "end": 37}}]}
{"text": "根据本公司2001年度股东大会决议，公司2001年度提取法定盈余公积4，178，490.07元，提取法定公益金4，178，490.07元，分配普通股股利13，076，465.18元。", "spo_list": [{"predicate": "盈余公积", "object_type": "金额", "subject_type": "日期", "object": "4，178，490.07元", "subject": "2001年度", "subject_index": {"begin": 5, "end": 11}, "object_index": {"begin": 34, "end": 47}}]}
