{"text": "报告期各期末，凯迪股份应收账款账面余额分别为20，495.38万元、25，383.31万元和27，634.27万元，应收账款坏账准备分别为1，098.32万元、1，582.57万元和2，032.74万元，应收账款账面价值分别为19，397.06万元、23，800.74万元和25，601.53万元。", "spo_list": [{"predicate": "应收账款账面余额", "object_type": "金额", "subject_type": "日期", "object": "20，495.38万元", "subject": "报告期各期末", "subject_index": {"begin": 0, "end": 6}, "object_index": {"begin": 22, "end": 33}}, {"predicate": "应收账款账面余额", "object_type": "金额", "subject_type": "日期", "object": "25，383.31万元", "subject": "报告期各期末", "subject_index": {"begin": 0, "end": 6}, "object_index": {"begin": 34, "end": 45}}, {"predicate": "应收账款账面余额", "object_type": "金额", "subject_type": "日期", "object": "27，634.27万元", "subject": "报告期各期末", "subject_index": {"begin": 0, "end": 6}, "object_index": {"begin": 46, "end": 57}}, {"predicate": "应收帐款坏账准备", "object_type": "金额", "subject_type": "日期", "object": "1，098.32万元", "subject": "报告期各期末", "subject_index": {"begin": 0, "end": 6}, "object_index": {"begin": 69, "end": 79}}, {"predicate": "应收帐款坏账准备", "object_type": "金额", "subject_type": "日期", "object": "1，582.57万元", "subject": "报告期各期末", "subject_index": {"begin": 0, "end": 6}, "object_index": {"begin": 80, "end": 90}}, {"predicate": "应收帐款坏账准备", "object_type": "金额", "subject_type": "日期", "object": "2，032.74万元", "subject": "报告期各期末", "subject_index": {"begin": 0, "end": 6}, "object_index": {"begin": 91, "end": 101}}, {"predicate": "应收帐款账面价值", "object_type": "金额", "subject_type": "日期", "object": "19，397.06万元", "subject": "报告期各期末", "subject_index": {"begin": 0, "end": 6}, "object_index": {"begin": 113, "end": 124}}, {"predicate": "应收帐款账面价值", "object_type": "金额", "subject_type": "日期", "object": "23，800.74万元", "subject": "报告期各期末", "subject_index": {"begin": 0, "end": 6}, "object_index": {"begin": 125, "end": 136}}, {"predicate": "应收帐款账面价值", "object_type": "金额", "subject_type": "日期", "object": "25，601.53万元", "subject": "报告期各期末", "subject_index": {"begin": 0, "end": 6}, "object_index": {"begin": 137, "end": 148}}]}
{"text": "报告期各期末，公司应收账款账面价值分别为19，397.06万元、23，800.74万元和25，601.53万元，期末应收款项账面价值逐年增长，主要原因是由于公司经营规模扩大和营业收入的持续增长，2017年、2018年和2019年公司营业收入分别为83，327.63万元、113，861.10万元和122，160.37万元，", "spo_list": [{"predicate": "应收帐款账面价值", "object_type": "金额", "subject_type": "日期", "object": "19，397.06万元", "subject": "报告期各期末", "subject_index": {"begin": 0, "end": 6}, "object_index": {"begin": 20, "end": 31}}, {"predicate": "应收帐款账面价值", "object_type": "金额", "subject_type": "日期", "object": "23，800.74万元", "subject": "报告期各期末", "subject_index": {"begin": 0, "end": 6}, "object_index": {"begin": 32, "end": 43}}, {"predicate": "应收帐款账面价值", "object_type": "金额", "subject_type": "日期", "object": "25，601.53万元", "subject": "报告期各期末", "subject_index": {"begin": 0, "end": 6}, "object_index": {"begin": 44, "end": 55}}]}
{"text": "2019年末，公司应收款项融资余额2，619.58万元，主要系2019年采用票据结算方式的客户收入金额增长较多所致。", "spo_list": [{"predicate": "应收账款账面余额", "object_type": "金额", "subject_type": "日期", "object": "2，619.58万元", "subject": "2019年末", "subject_index": {"begin": 0, "end": 6}, "object_index": {"begin": 17, "end": 27}}]}
{"text": "2017年末、2018年末和2019年末，公司预付款项余额分别为604.20万元、760.19万元和844.91万元，占流动资产比例为0.91%、0.89%和0.91%。公司预付款项主要系预付给供应商的材料采购款、设备采购款、燃油费、电费、房租等，预付款项账龄基本在1年以内。", "spo_list": [{"predicate": "预付账款余额", "object_type": "金额", "subject_type": "日期", "object": "604.20万元", "subject": "2017年末", "subject_index": {"begin": 0, "end": 6}, "object_index": {"begin": 32, "end": 40}}, {"predicate": "预付账款余额", "object_type": "金额", "subject_type": "日期", "object": "760.19万元", "subject": "2018年末", "subject_index": {"begin": 7, "end": 13}, "object_index": {"begin": 41, "end": 49}}, {"predicate": "预付账款余额", "object_type": "金额", "subject_type": "日期", "object": "844.91万元", "subject": "2019年末", "subject_index": {"begin": 14, "end": 20}, "object_index": {"begin": 50, "end": 58}}]}
{"text": "报告期各期末，公司产成品金额分别为4，945.45万元、5，465.21万元和9，460.55万元，发出商品金额分别为1，345.74万元、1，614.84万元和1，458.50万元，二者合计占存货余额的比例分别为49.93%、46.63%和56.75%。2018年末，为应对中美贸易摩擦影响，境外下游客户于2018年9月开始提前采购备货，使得公司期末发出商品金额有所降低。2019年末，公司产成品期末余额较2018年末增加3，995.34万元，增幅73.10%，主要系针对中美贸易摩擦及农历春节前用工趋紧情况，为确保美国客户的供货稳定，子公司越南凯迪、美国凯迪对部分库存商品进行战略备货。此外，公司2019年加强对欧洲地区客户的业务再开发，欧洲地区客户采购订单规模较2018年大幅增长，欧洲凯迪库存商品期末余额相应增长。", "spo_list": [{"predicate": "在产品余额", "object_type": "金额", "subject_type": "日期", "object": "4，945.45万元", "subject": "报告期各期末", "subject_index": {"begin": 0, "end": 6}, "object_index": {"begin": 17, "end": 27}}, {"predicate": "在产品余额", "object_type": "金额", "subject_type": "日期", "object": "5，465.21万元", "subject": "报告期各期末", "subject_index": {"begin": 0, "end": 6}, "object_index": {"begin": 28, "end": 38}}, {"predicate": "在产品余额", "object_type": "金额", "subject_type": "日期", "object": "9，460.55万元", "subject": "报告期各期末", "subject_index": {"begin": 0, "end": 6}, "object_index": {"begin": 39, "end": 49}}]}
{"text": "2017年末、2018年末和2019年末，公司固定资产账面价值分别为12，935.76万元、16，660.75万元和20，412.62万元，占非流动资产的比重分别为71.82%、54.63%和44.06%。", "spo_list": [{"predicate": "固定资产账面价值", "object_type": "金额", "subject_type": "日期", "object": "12，935.76万元", "subject": "2017年末", "subject_index": {"begin": 0, "end": 6}, "object_index": {"begin": 34, "end": 45}}, {"predicate": "固定资产账面价值", "object_type": "金额", "subject_type": "日期", "object": "16，660.75万元", "subject": "2018年末", "subject_index": {"begin": 7, "end": 13}, "object_index": {"begin": 46, "end": 57}}, {"predicate": "固定资产账面价值", "object_type": "金额", "subject_type": "日期", "object": "20，412.62万元", "subject": "2019年末", "subject_index": {"begin": 14, "end": 20}, "object_index": {"begin": 58, "end": 69}}]}
{"text": "2018年末，固定资产原值较2017年末增加5，395.10万元，主要是由于：购置专用机器设备增加固定资产原值2，963.94万元，在建工程转固增加房屋建筑物原值1，173.00万元，在建工程转固增加专用设备原值949.99万元。", "spo_list": [{"predicate": "固定资产净额", "object_type": "金额", "subject_type": "日期", "object": "5，395.10万元", "subject": "2018年末", "subject_index": {"begin": 0, "end": 6}, "object_index": {"begin": 22, "end": 32}}, {"predicate": "固定资产净额", "object_type": "金额", "subject_type": "日期", "object": "2，963.94万元", "subject": "2018年末", "subject_index": {"begin": 0, "end": 6}, "object_index": {"begin": 55, "end": 65}}]}
{"text": "2017年末、2018年末和2019年末，公司在建工程账面价值分别为2，926.21万元、5，699.93万元和14，656.78万元，占非流动资产的比重分别为16.25%、18.69%和31.64%。", "spo_list": [{"predicate": "在建工程净额", "object_type": "金额", "subject_type": "日期", "object": "2，926.21万元", "subject": "2017年末", "subject_index": {"begin": 0, "end": 6}, "object_index": {"begin": 34, "end": 44}}, {"predicate": "在建工程净额", "object_type": "金额", "subject_type": "日期", "object": "5，699.93万元", "subject": "2018年末", "subject_index": {"begin": 7, "end": 13}, "object_index": {"begin": 45, "end": 55}}, {"predicate": "在建工程净额", "object_type": "金额", "subject_type": "日期", "object": "14，656.78万元", "subject": "2019年末", "subject_index": {"begin": 14, "end": 20}, "object_index": {"begin": 56, "end": 67}}]}
{"text": "2018年末无形资产账面价值较2017年末增加420.29万元，主要是由于公司购置土地使用权增加土地使用权账面原值422.29万元。", "spo_list": [{"predicate": "无形资产账面价值", "object_type": "金额", "subject_type": "日期", "object": "420.29万元", "subject": "2018年末", "subject_index": {"begin": 0, "end": 6}, "object_index": {"begin": 23, "end": 31}}]}
{"text": "。2019年末，无形资产账面价值较2018年末增加8，800.48万元，主要系公司取得江苏省常州经济开发区横林镇横玉路南侧、朝阳路西侧的171亩土地使用权并投入使用，", "spo_list": [{"predicate": "无形资产账面价值", "object_type": "金额", "subject_type": "日期", "object": "8，800.48万元", "subject": "2019年末", "subject_index": {"begin": 1, "end": 7}, "object_index": {"begin": 25, "end": 35}}]}
{"text": "2017年末、2018年末和2019年末，公司其他非流动资产分别为354.00万元、5，938.19万元和0万元，占非流动资产的比重分别为1.97%、19.47%和0.00%。", "spo_list": [{"predicate": "其他非流动资产", "object_type": "金额", "subject_type": "日期", "object": "354.00万元", "subject": "2017年末", "subject_index": {"begin": 0, "end": 6}, "object_index": {"begin": 33, "end": 41}}, {"predicate": "其他非流动资产", "object_type": "金额", "subject_type": "日期", "object": "5，938.19万元", "subject": "2018年末", "subject_index": {"begin": 7, "end": 13}, "object_index": {"begin": 42, "end": 52}}, {"predicate": "其他非流动资产", "object_type": "金额", "subject_type": "日期", "object": "0万元", "subject": "2019年末", "subject_index": {"begin": 14, "end": 20}, "object_index": {"begin": 53, "end": 56}}]}
{"text": "2018年末，其他非流动资产较2017年末增加5，584.18万元，主要系公司向常州市武进区横林镇财政所预付坐落于江苏省常州经济开发区横林镇横玉路南侧、朝阳路西侧的面积约为171亩的土地出让款5，133.40万元。", "spo_list": [{"predicate": "其他非流动资产", "object_type": "金额", "subject_type": "日期", "object": "5，584.18万元", "subject": "2018年末", "subject_index": {"begin": 0, "end": 6}, "object_index": {"begin": 23, "end": 33}}]}
{"text": "2018年末，短期借款余额300万元系公司将部分债权通过建信融通有限责任公司以附追索权的形式对外转让取得的债权转让款。", "spo_list": [{"predicate": "短期借款余额", "object_type": "金额", "subject_type": "日期", "object": "300万元", "subject": "2018年末", "subject_index": {"begin": 0, "end": 6}, "object_index": {"begin": 13, "end": 18}}]}
{"text": "2019年末，应付账款期末余额较2018年末增加4，491.70万元，增幅26.68%，主要是因为：一方面，采用票据结算的采购规模增加使得应付货款期末金额较2018年增加2，338.36万元，", "spo_list": [{"predicate": "其他应付款余额", "object_type": "金额", "subject_type": "日期", "object": "4，491.70万元", "subject": "2019年末", "subject_index": {"begin": 0, "end": 6}, "object_index": {"begin": 24, "end": 34}}]}
{"text": "2017年末、2018年末和2019年末，公司预收款项分别为647.31万元、975.81万元和518.97万元，占流动负债的比重分别为2.21%、1.49%和0.79%。公司预收款项主要为预收客户货款，", "spo_list": [{"predicate": "预收款项余额", "object_type": "金额", "subject_type": "日期", "object": "647.31万元", "subject": "2017年末", "subject_index": {"begin": 0, "end": 6}, "object_index": {"begin": 30, "end": 38}}, {"predicate": "预收款项余额", "object_type": "金额", "subject_type": "日期", "object": "975.81万元", "subject": "2018年末", "subject_index": {"begin": 7, "end": 13}, "object_index": {"begin": 39, "end": 47}}, {"predicate": "预收款项余额", "object_type": "金额", "subject_type": "日期", "object": "518.97万元", "subject": "2019年末", "subject_index": {"begin": 14, "end": 20}, "object_index": {"begin": 48, "end": 56}}]}
{"text": "2017年末、2018年末和2019年末，公司应交税费余额分别为1，261.96万元、2，407.75万元和3，662.89万元，占流动负债的比重分别为4.32%、3.68%和5.55%。公司期末应交税费主要为企业所得税、增值税和代扣代缴个人所得税。", "spo_list": [{"predicate": "应交税费余额", "object_type": "金额", "subject_type": "日期", "object": "1，261.96万元", "subject": "2017年末", "subject_index": {"begin": 0, "end": 6}, "object_index": {"begin": 32, "end": 42}}, {"predicate": "应交税费余额", "object_type": "金额", "subject_type": "日期", "object": "2，407.75万元", "subject": "2018年末", "subject_index": {"begin": 7, "end": 13}, "object_index": {"begin": 43, "end": 53}}, {"predicate": "应交税费余额", "object_type": "金额", "subject_type": "日期", "object": "3，662.89万元", "subject": "2019年末", "subject_index": {"begin": 14, "end": 20}, "object_index": {"begin": 54, "end": 64}}]}
{"text": "2017年末、2018年末和2019年末，公司其他应付款余额分别为117.98万元、2，149.17万元和128.15万元", "spo_list": [{"predicate": "其他应付款余额", "object_type": "金额", "subject_type": "日期", "object": "117.98万元", "subject": "2017年末", "subject_index": {"begin": 0, "end": 6}, "object_index": {"begin": 33, "end": 41}}, {"predicate": "其他应付款余额", "object_type": "金额", "subject_type": "日期", "object": "2，149.17万元", "subject": "2018年末", "subject_index": {"begin": 7, "end": 13}, "object_index": {"begin": 42, "end": 52}}, {"predicate": "其他应付款余额", "object_type": "金额", "subject_type": "日期", "object": "128.15万元", "subject": "2019年末", "subject_index": {"begin": 14, "end": 20}, "object_index": {"begin": 53, "end": 61}}]}
{"text": "剔除股份支付费用、咨询服务费的偶发性影响因素后，报告期内公司期间费用金额分别为10，858.67万元、13，389.66万元和19，117.96万元，", "spo_list": [{"predicate": "期间费用", "object_type": "金额", "subject_type": "日期", "object": "10，858.67万元", "subject": "报告期内", "subject_index": {"begin": 24, "end": 28}, "object_index": {"begin": 39, "end": 50}}, {"predicate": "期间费用", "object_type": "金额", "subject_type": "日期", "object": "13，389.66万元", "subject": "报告期内", "subject_index": {"begin": 24, "end": 28}, "object_index": {"begin": 51, "end": 62}}, {"predicate": "期间费用", "object_type": "金额", "subject_type": "日期", "object": "19，117.96万元", "subject": "报告期内", "subject_index": {"begin": 24, "end": 28}, "object_index": {"begin": 63, "end": 74}}]}
{"text": "2018年末应收账款余额较2017年末增加4，887.93万元", "spo_list": [{"predicate": "应收账款账面余额", "object_type": "金额", "subject_type": "日期", "object": "4，887.93万元", "subject": "2018年末", "subject_index": {"begin": 0, "end": 6}, "object_index": {"begin": 21, "end": 31}}]}
{"text": "报告期各期末，公司应收票据余额为1，103.58万元、1，814.48万元和0万元，", "spo_list": [{"predicate": "应收票据余额", "object_type": "金额", "subject_type": "日期", "object": "1，103.58万元", "subject": "报告期各期末", "subject_index": {"begin": 0, "end": 6}, "object_index": {"begin": 16, "end": 26}}, {"predicate": "应收票据余额", "object_type": "金额", "subject_type": "日期", "object": "1，814.48万元", "subject": "报告期各期末", "subject_index": {"begin": 0, "end": 6}, "object_index": {"begin": 27, "end": 37}}, {"predicate": "应收票据余额", "object_type": "金额", "subject_type": "日期", "object": "0万元", "subject": "报告期各期末", "subject_index": {"begin": 0, "end": 6}, "object_index": {"begin": 38, "end": 41}}]}
{"text": "2017年末、2018年末和2019年末，公司应收账款余额分别为20，495.38万元、25，383.31万元和27，634.27万元，应收账款余额较大，占流动资产比例较高。虽然公司客户主要为国内外知名家居设备、办公设备、医疗器械及汽车整车生产商，应收账款发生坏账的可能性较小，但随着公司经营规模的扩大，应收账款可能进一步增加，如公司采取的收款措施不力或客户经营情况发生不利变化，应收账款发生坏账的风险可能增加", "spo_list": [{"predicate": "应收账款账面余额", "object_type": "金额", "subject_type": "日期", "object": "27，634.27万元", "subject": "2019年末", "subject_index": {"begin": 14, "end": 20}, "object_index": {"begin": 56, "end": 67}}, {"predicate": "应收账款账面余额", "object_type": "金额", "subject_type": "日期", "object": "25，383.31万元", "subject": "2018年末", "subject_index": {"begin": 7, "end": 13}, "object_index": {"begin": 44, "end": 55}}, {"predicate": "应收账款账面余额", "object_type": "金额", "subject_type": "日期", "object": "20，495.38万元", "subject": "2017年末", "subject_index": {"begin": 0, "end": 6}, "object_index": {"begin": 32, "end": 43}}]}
{"text": "截至2019年12月31日，公司预收款项余额为518.97万元，报告期末，公司无预收关联方款项的情况。", "spo_list": [{"predicate": "预收账款余额", "object_type": "金额", "subject_type": "日期", "object": "518.97万元", "subject": "2019年12月31日", "subject_index": {"begin": 2, "end": 13}, "object_index": {"begin": 23, "end": 31}}]}
{"text": "2017年末、2018年末和2019年末，公司盈余公积分别为4，021.06万元、6，956.42万元和9，412.17万元，盈余公积的增加均系按母公司净利润的10%计提法定盈余公积所致。", "spo_list": [{"predicate": "盈余公积", "object_type": "金额", "subject_type": "日期", "object": "9，412.17万元", "subject": "2019年末", "subject_index": {"begin": 14, "end": 20}, "object_index": {"begin": 52, "end": 62}}, {"predicate": "盈余公积", "object_type": "金额", "subject_type": "日期", "object": "6，956.42万元", "subject": "2018年末", "subject_index": {"begin": 7, "end": 13}, "object_index": {"begin": 41, "end": 51}}, {"predicate": "盈余公积", "object_type": "金额", "subject_type": "日期", "object": "4，021.06万元", "subject": "2017年末", "subject_index": {"begin": 0, "end": 6}, "object_index": {"begin": 30, "end": 40}}]}
{"text": "2018年末，公司资产总额较2017年末增长31，292.75万元，增幅37.08%，主要是由于：2018年公司经营活动产生的现金流量净额达28，719.87万元，公司期末货币资金及理财产品较2017年末增长11，397.39万元；2018年公司业务规模继续扩大，应收票据及应收账款期末余额较2017年末增长5，598.83万元；2018年公司扩大生产能力使得固定资产和在建工程较2017年末增长6，498.70万元，因购置土地而预付的土地购置款较2017年末增长5，584.18万元。", "spo_list": [{"predicate": "应付职工薪酬余额", "object_type": "金额", "subject_type": "日期", "object": "6，498.70万元", "subject": "2018年", "subject_index": {"begin": 165, "end": 170}, "object_index": {"begin": 198, "end": 208}}]}
{"text": "2017年末、2018年末和2019年末，公司应收票据、应收账款及应收款项融资账面价值合计数分别为20，500.64万元、25，615.22万元和28，221.11万元，占流动资产比重分别为30.88%、30.07%和30.41%。", "spo_list": [{"predicate": "应收账款账面余额", "object_type": "金额", "subject_type": "日期", "object": "25，615.22万元", "subject": "2018年末", "subject_index": {"begin": 7, "end": 13}, "object_index": {"begin": 61, "end": 72}}, {"predicate": "应收票据余额", "object_type": "金额", "subject_type": "日期", "object": "20，500.64万元", "subject": "2017年末", "subject_index": {"begin": 0, "end": 6}, "object_index": {"begin": 49, "end": 60}}]}
{"text": "报告期各期末，公司其他应收款账面价值分别为140.01万元、452.24万元和907.32万元，占流动资产的比重为0.21%、0.53%和0.98%。其他应收款的规模及占流动资产的比例较低，主要系押金保证金、应收暂付款、备用金以及中介机构上市费用等，具体构成情况如下", "spo_list": [{"predicate": "其他应收款余额", "object_type": "金额", "subject_type": "日期", "object": "140.01万元", "subject": "报告期各期末", "subject_index": {"begin": 0, "end": 6}, "object_index": {"begin": 21, "end": 29}}, {"predicate": "其他应收款余额", "object_type": "金额", "subject_type": "日期", "object": "452.24万元", "subject": "报告期各期末", "subject_index": {"begin": 0, "end": 6}, "object_index": {"begin": 30, "end": 38}}, {"predicate": "其他应收款余额", "object_type": "金额", "subject_type": "日期", "object": "907.32万元", "subject": "报告期各期末", "subject_index": {"begin": 0, "end": 6}, "object_index": {"begin": 39, "end": 47}}]}
{"text": "截至2019年12月31日，公司其他应收款账龄在一年以内的余额占比为76.37%，计提坏账准备88.69万元。其他应收款余额的账龄情况以及按照账龄分析法计提坏账准备的情况如下：", "spo_list": [{"predicate": "其他应收款余额", "object_type": "金额", "subject_type": "日期", "object": "88.69万元", "subject": "2019年12月31日", "subject_index": {"begin": 2, "end": 13}, "object_index": {"begin": 47, "end": 54}}]}
{"text": "2017年末、2018年末和2019年末，公司存货账面价值分别为12，388.79万元、14，042.73万元和19，026.34万元，占流动资产的比重分别为18.66%、16.48%和20.50%。报告期各期末，原材料和库存商品合计占存货期末余额比例为83.52%、84.76%和90.65%，为存货的主要组成部分。", "spo_list": [{"predicate": "存货账面价值", "object_type": "金额", "subject_type": "日期", "object": "19，026.34万元", "subject": "2019年末", "subject_index": {"begin": 14, "end": 20}, "object_index": {"begin": 56, "end": 67}}, {"predicate": "存货账面价值", "object_type": "金额", "subject_type": "日期", "object": "14，042.73万元", "subject": "2018年末", "subject_index": {"begin": 7, "end": 13}, "object_index": {"begin": 44, "end": 55}}, {"predicate": "存货账面价值", "object_type": "金额", "subject_type": "日期", "object": "12，388.79万元", "subject": "2017年末", "subject_index": {"begin": 0, "end": 6}, "object_index": {"begin": 32, "end": 43}}]}
{"text": "报告期内，公司发出商品期末余额分别为1，345.74万元、1，226.67万元和1，614.84万元，占存货余额的比例分别为10.68%、8.51%和8.27%。2017年末，", "spo_list": [{"predicate": "存货余额", "object_type": "金额", "subject_type": "日期", "object": "1，345.74万元", "subject": "报告期内", "subject_index": {"begin": 0, "end": 4}, "object_index": {"begin": 18, "end": 28}}, {"predicate": "存货余额", "object_type": "金额", "subject_type": "日期", "object": "1，226.67万元", "subject": "报告期内", "subject_index": {"begin": 0, "end": 4}, "object_index": {"begin": 29, "end": 39}}, {"predicate": "存货余额", "object_type": "金额", "subject_type": "日期", "object": "1，614.84万元", "subject": "报告期内", "subject_index": {"begin": 0, "end": 4}, "object_index": {"begin": 40, "end": 50}}]}
{"text": "2017年末、2018年末和2019年末，公司其他流动资产分别为17，578.41万元、22，471.05万元和5，860.02万元，占流动资产的比例为26.48%、26.35%和6.31%。", "spo_list": [{"predicate": "其他流动资产", "object_type": "金额", "subject_type": "日期", "object": "5，860.02万元", "subject": "2019年末", "subject_index": {"begin": 14, "end": 20}, "object_index": {"begin": 56, "end": 66}}, {"predicate": "其他流动资产", "object_type": "金额", "subject_type": "日期", "object": "22，471.05万元", "subject": "2018年末", "subject_index": {"begin": 7, "end": 13}, "object_index": {"begin": 44, "end": 55}}, {"predicate": "其他流动资产", "object_type": "金额", "subject_type": "日期", "object": "17，578.41万元", "subject": "2017年末", "subject_index": {"begin": 0, "end": 6}, "object_index": {"begin": 32, "end": 43}}]}
{"text": "2019年末，固定资产原值较2018年末增加6，040.37万元，主要是由于：购置专用机器设备增加固定资产原值1，376.54万元，办公家具智能推杆项目在建工程转固增加房屋建筑物原值1，528.84万元，在建工程转固增加专用设备原值3，062.32万元。", "spo_list": [{"predicate": "固定资产账面价值", "object_type": "金额", "subject_type": "日期", "object": "6，040.37万元", "subject": "2019年末", "subject_index": {"begin": 0, "end": 6}, "object_index": {"begin": 22, "end": 32}}, {"predicate": "固定资产账面价值", "object_type": "金额", "subject_type": "日期", "object": "1，376.54万元", "subject": "2019年末", "subject_index": {"begin": 0, "end": 6}, "object_index": {"begin": 55, "end": 65}}, {"predicate": "应付职工薪酬余额", "object_type": "金额", "subject_type": "日期", "object": "1，528.84万元", "subject": "2019年末", "subject_index": {"begin": 0, "end": 6}, "object_index": {"begin": 91, "end": 101}}, {"predicate": "应付职工薪酬余额", "object_type": "金额", "subject_type": "日期", "object": "3，062.32万元", "subject": "2019年末", "subject_index": {"begin": 0, "end": 6}, "object_index": {"begin": 116, "end": 126}}]}
{"text": "2017年末、2018年末和2019年末，公司无形资产账面价值分别为1，286.63万元、1，706.92万元和10，507.41万元，占非流动资产的比重分别为7.14%、5.60%和22.68%。公司无形资产主要系土地使用权和软件使用权，", "spo_list": [{"predicate": "无形资产账面价值", "object_type": "金额", "subject_type": "日期", "object": "10，507.41万元", "subject": "2019年末", "subject_index": {"begin": 14, "end": 20}, "object_index": {"begin": 56, "end": 67}}, {"predicate": "无形资产账面价值", "object_type": "金额", "subject_type": "日期", "object": "1，706.92万元", "subject": "2018年末", "subject_index": {"begin": 7, "end": 13}, "object_index": {"begin": 45, "end": 55}}, {"predicate": "无形资产账面价值", "object_type": "金额", "subject_type": "日期", "object": "1，286.63万元", "subject": "2017年末", "subject_index": {"begin": 0, "end": 6}, "object_index": {"begin": 34, "end": 44}}]}
{"text": "2017年末、2018年末和2019年末，公司长期待摊费用分别为98.27万元、235.72万元和437.97万元，主要为待摊销的装修款。", "spo_list": [{"predicate": "长期待摊费用", "object_type": "金额", "subject_type": "日期", "object": "437.97万元", "subject": "2019年末", "subject_index": {"begin": 14, "end": 20}, "object_index": {"begin": 49, "end": 57}}, {"predicate": "长期待摊费用", "object_type": "金额", "subject_type": "日期", "object": "235.72万元", "subject": "2018年末", "subject_index": {"begin": 7, "end": 13}, "object_index": {"begin": 40, "end": 48}}, {"predicate": "长期待摊费用", "object_type": "金额", "subject_type": "日期", "object": "98.27万元", "subject": "2017年末", "subject_index": {"begin": 0, "end": 6}, "object_index": {"begin": 32, "end": 39}}]}
{"text": "2019年末，短期借款余额19，355.33万元，主要是由于公司部分理财产品尚未到期，且向股东分配股利导致短期现金流出金额较大，为确保营运资金正常运转，公司相应增加短期借款，具体明细如下：", "spo_list": [{"predicate": "短期借款余额", "object_type": "金额", "subject_type": "日期", "object": "19，355.33万元", "subject": "2019年末", "subject_index": {"begin": 0, "end": 6}, "object_index": {"begin": 13, "end": 24}}]}
{"text": "2017年末、2018年末和2019年末，公司应付职工薪酬分别为1，762.63万元、2，191.93万元和2，253.71万元，占流动负债的比重分别为6.03%、3.35%和3.41%。公司应付职工薪酬主要系应付职工的工资、奖金、津贴和补贴。报", "spo_list": [{"predicate": "应付职工薪酬余额", "object_type": "金额", "subject_type": "日期", "object": "1，762.63万元", "subject": "2019年末", "subject_index": {"begin": 14, "end": 20}, "object_index": {"begin": 32, "end": 42}}, {"predicate": "应付职工薪酬余额", "object_type": "金额", "subject_type": "日期", "object": "2，191.93万元", "subject": "2018年末", "subject_index": {"begin": 7, "end": 13}, "object_index": {"begin": 43, "end": 53}}, {"predicate": "应付职工薪酬余额", "object_type": "金额", "subject_type": "日期", "object": "2，253.71万元", "subject": "2017年末", "subject_index": {"begin": 0, "end": 6}, "object_index": {"begin": 54, "end": 64}}]}
{"text": "2017年末、2018年末和2019年末，公司其他应付款余额分别为211.84万元、32，149.17万元和128.15万元，占流动负债的比重分别为0.72%、49.18%和0.19%。", "spo_list": [{"predicate": "其他应付款余额", "object_type": "金额", "subject_type": "日期", "object": "128.15万", "subject": "2019年末", "subject_index": {"begin": 14, "end": 20}, "object_index": {"begin": 54, "end": 61}}, {"predicate": "其他应付款余额", "object_type": "金额", "subject_type": "日期", "object": "32，149.17万元", "subject": "2018年末", "subject_index": {"begin": 7, "end": 13}, "object_index": {"begin": 42, "end": 53}}, {"predicate": "其他应付款余额", "object_type": "金额", "subject_type": "日期", "object": "211.84万元", "subject": "2017年末", "subject_index": {"begin": 0, "end": 6}, "object_index": {"begin": 33, "end": 41}}]}
{"text": "2018年末其它应付款余额较2017年末增长2，031.19万元，主要是因为公司因线性驱动系统生产基地及研发中心建设项目工程建设而依据合同约定应付的工程保证金2，100万元", "spo_list": [{"predicate": "其他应付款余额", "object_type": "金额", "subject_type": "日期", "object": "2，031.19万元", "subject": "2018年", "subject_index": {"begin": 0, "end": 5}, "object_index": {"begin": 22, "end": 32}}]}
{"text": "2019年末，其它应付款余额较2018年末下降2，021.02万元，主要是因为公司2019年退还线性驱动系统生产基地及研发中心建设项目工程保证金2，100万元", "spo_list": [{"predicate": "其他应付款余额", "object_type": "金额", "subject_type": "日期", "object": "2，021.02万元", "subject": "2019年", "subject_index": {"begin": 0, "end": 5}, "object_index": {"begin": 23, "end": 33}}]}
{"text": "2017年、2018年和2019年，公司期间费用合计分别为14，635.42万元、13，920.68万元和20，2129.00万元，期间费用占营业收入的比重分别为17.56%、12.23%和16.48%，其中销售费用率及研发费用率逐年小幅增长，管理费用率和财务费用率有一定波动。", "spo_list": [{"predicate": "期间费用", "object_type": "金额", "subject_type": "日期", "object": "20，2129.00万元", "subject": "2019年", "subject_index": {"begin": 12, "end": 17}, "object_index": {"begin": 53, "end": 65}}, {"predicate": "期间费用", "object_type": "金额", "subject_type": "日期", "object": "13，920.68万元", "subject": "2018年", "subject_index": {"begin": 6, "end": 11}, "object_index": {"begin": 41, "end": 52}}, {"predicate": "期间费用", "object_type": "金额", "subject_type": "日期", "object": "14，635.42万元", "subject": "2017年", "subject_index": {"begin": 0, "end": 5}, "object_index": {"begin": 29, "end": 40}}]}
{"text": "2017年末应收账款余额较2016年末增加7，364.86万元", "spo_list": [{"predicate": "应收账款账面余额", "object_type": "金额", "subject_type": "日期", "object": "7，364.86万元", "subject": "2017年", "subject_index": {"begin": 0, "end": 5}, "object_index": {"begin": 21, "end": 31}}]}
{"text": "公司2018年末应付账款较2017年末增加870.00万元", "spo_list": [{"predicate": "应付账款余额", "object_type": "金额", "subject_type": "日期", "object": "870.00万元", "subject": "2018年", "subject_index": {"begin": 2, "end": 7}, "object_index": {"begin": 21, "end": 29}}]}
{"text": "报告期各期末，公司应收票据余额为1，103.58万元、1，814.48万元和0万元，", "spo_list": [{"predicate": "应收票据余额", "object_type": "金额", "subject_type": "日期", "object": "1，103.58万元", "subject": "报告期各期末", "subject_index": {"begin": 0, "end": 6}, "object_index": {"begin": 16, "end": 26}}, {"predicate": "应收票据余额", "object_type": "金额", "subject_type": "日期", "object": "1，814.48万元", "subject": "报告期各期末", "subject_index": {"begin": 0, "end": 6}, "object_index": {"begin": 27, "end": 37}}, {"predicate": "应收票据余额", "object_type": "金额", "subject_type": "日期", "object": "0万元", "subject": "报告期各期末", "subject_index": {"begin": 0, "end": 6}, "object_index": {"begin": 38, "end": 41}}]}
