{"text": "截止2003年12月31日应收票据余额为53.00万元，为银行承兑汇票。应收票据无抵押、贴现情况。", "spo_list": [{"predicate": "应收票据余额", "object_type": "金额", "subject_type": "日期", "object": "53.00万元", "subject": "截止2003年12月31日", "subject_index": {"begin": 0, "end": 13}, "object_index": {"begin": 20, "end": 27}}]}
{"text": "截止2003年12月31日应收帐款余额为25，018.17万元，坏帐准备1，296.38万元，应收账款净额为23，721.79万元。帐龄在一年以内的应收帐款余额为23，115.88万元，占应收帐款总额的比例为92.40%，帐龄在三年以上的应收帐款余额为62.00万元，占应收帐款总额的比例仅为0.24%。前五名客户的欠款金额为11，999.02万元，占应收帐款总额的47.96%。截止2003年12月31日，公司应收帐款净额比上年末增加13，659.13万元，增加幅度135.74%。应收帐款比上年同期大幅度增加的主要原因是2003年上半年公司的业务受到“非典”的影响，下半年完成的工程量及实现主营业务收入较多，使应收帐款的增加主要集中在下半年，2003年末应收帐款余额比2003年6月30日余额(13，422.14万元)增加11，596.03万元，占2003年度应收帐款余额增加总额的84.90%。由于公路市政工程施工行业工程量较大、工期较长的业务经营特点，公司的收入确认及实际结算具有一定的周期性和季节性特征。由于2003年度公司完成的工程量及确认收入集中在下半年，受回款周期等因素的影响，期末应收帐款余额增加较多。截止2003年12月31日，公司应收帐款中无持公司5%以上表决权股份的股东单位的款项，亦未有符合坏账条件的应收帐款。", "spo_list": [{"predicate": "应收账款账面余额", "object_type": "金额", "subject_type": "日期", "object": "25，018.17万元", "subject": "截止2003年12月31日", "subject_index": {"begin": 0, "end": 13}, "object_index": {"begin": 20, "end": 31}}, {"predicate": "应收帐款净额", "object_type": "金额", "subject_type": "日期", "object": "23，721.79万元", "subject": "截止2003年12月31日", "subject_index": {"begin": 0, "end": 13}, "object_index": {"begin": 54, "end": 65}}, {"predicate": "应收账款账面余额", "object_type": "金额", "subject_type": "日期", "object": "62.00万元", "subject": "截止2003年12月31日", "subject_index": {"begin": 0, "end": 13}, "object_index": {"begin": 126, "end": 133}}, {"predicate": "应收账款账面余额", "object_type": "金额", "subject_type": "日期", "object": "23，115.88万元", "subject": "截止2003年12月31日", "subject_index": {"begin": 0, "end": 13}, "object_index": {"begin": 81, "end": 92}}, {"predicate": "应收帐款净额", "object_type": "金额", "subject_type": "日期", "object": "13，659.13万元", "subject": "截止2003年12月31日", "subject_index": {"begin": 190, "end": 203}, "object_index": {"begin": 218, "end": 229}}, {"predicate": "应收账款账面余额", "object_type": "金额", "subject_type": "日期", "object": "11，596.03万元", "subject": "2003年末", "subject_index": {"begin": 323, "end": 329}, "object_index": {"begin": 363, "end": 374}}, {"predicate": "应收账款账面余额", "object_type": "金额", "subject_type": "日期", "object": "13，422.14万元", "subject": "2003年6月30日", "subject_index": {"begin": 336, "end": 346}, "object_index": {"begin": 349, "end": 360}}]}
{"text": "截止2003年12月31日固定资产原值为28，053.44万元，累计折旧为8，571.33万元，净值为19，482.10万元。2003年12月31日固定资产原值比2001年末增加5，845.02万元，增长幅度26.32%。其中除一部分为母公司工程施工用专用设备更新改造外，其余大部分为科英公司新建厂房及新购置设备。", "spo_list": [{"predicate": "固定资产净额", "object_type": "金额", "subject_type": "日期", "object": "19，482.10万元", "subject": "截止2003年12月31日", "subject_index": {"begin": 0, "end": 13}, "object_index": {"begin": 51, "end": 62}}]}
{"text": "截止2003年12月31日无形资产余额为5，511.87万元，主要为土地使用权和专有技术。", "spo_list": [{"predicate": "无形资产余额", "object_type": "金额", "subject_type": "日期", "object": "5，511.87万元", "subject": "截止2003年12月31日", "subject_index": {"begin": 0, "end": 13}, "object_index": {"begin": 20, "end": 30}}]}
{"text": "2003年12月31日短期借款余额为16，600.00万元，较2002年末增加5，600.00万元，全部为母公司短期借款，且全部由山东省大王集团有限公司提供担保。", "spo_list": [{"predicate": "短期借款余额", "object_type": "金额", "subject_type": "日期", "object": "16，600.00万元", "subject": "2003年12月31日", "subject_index": {"begin": 0, "end": 11}, "object_index": {"begin": 18, "end": 29}}]}
{"text": "截止2003年12月31日，公司应付工资余额为517.16万元，应付福利费余额为783.53万元。由于从2001年度合并科英公司报表，使该两科目期末余额均比2000年度有所增加。", "spo_list": [{"predicate": "应付职工薪酬余额", "object_type": "金额", "subject_type": "日期", "object": "517.16万元", "subject": "截止2003年12月31日", "subject_index": {"begin": 0, "end": 13}, "object_index": {"begin": 23, "end": 31}}]}
{"text": "截止2003年12月31日，公司其他应付款余额为7，732.08万元，主要是科英公司应付4，509.80万元。其他应付款中无应付持公司5%以上表决权股份的股东单位的款项。", "spo_list": [{"predicate": "其他应付款余额", "object_type": "金额", "subject_type": "日期", "object": "7，732.08万元", "subject": "截止2003年12月31日", "subject_index": {"begin": 0, "end": 13}, "object_index": {"begin": 24, "end": 34}}]}
{"text": "截止2003年12月31日其他应收款余额为6，580.34万元，坏账准备为401.64万元，净额为6，178.70万元。其他应收款期末数较期初数增加，主要因为对东营黄河大桥有限公司借款4，700万元。帐龄在一年以内的其他应收帐款余额为5，878.95万元，占其他应收帐款总额的比例为89.34%，帐龄在三年以上的其他应收帐款余额为73.97万元，占其他应收帐款总额的比例为1.13%。其他应收款中无持公司5%以上表决权股份的股东单位的款项，亦未有符合坏账条件的其他应收款。", "spo_list": [{"predicate": "其他应收款余额", "object_type": "金额", "subject_type": "日期", "object": "6，580.34万元", "subject": "2003年12月31日", "subject_index": {"begin": 2, "end": 13}, "object_index": {"begin": 21, "end": 31}}, {"predicate": "应收帐款坏账准备", "object_type": "金额", "subject_type": "日期", "object": "401.64万元", "subject": "2003年12月31日", "subject_index": {"begin": 2, "end": 13}, "object_index": {"begin": 37, "end": 45}}, {"predicate": "其他应收款余额", "object_type": "金额", "subject_type": "日期", "object": "5，878.95万元", "subject": "2003年12月31日", "subject_index": {"begin": 2, "end": 13}, "object_index": {"begin": 117, "end": 127}}, {"predicate": "其他应收款余额", "object_type": "金额", "subject_type": "日期", "object": "73.97万元", "subject": "2003年12月31日", "subject_index": {"begin": 2, "end": 13}, "object_index": {"begin": 165, "end": 172}}]}
{"text": "截止2003年12月31日预付帐款余额为2，230.16万元，主要是为满足发展用地预付的购地款及工程材料款。公司预付帐款中帐龄在一年以内的预付帐款占预付帐款总额的100%。预付帐款中无持公司5%以上表决权股份的股东单位的款项。", "spo_list": [{"predicate": "预付账款余额", "object_type": "金额", "subject_type": "日期", "object": "2，230.16万元", "subject": "2003年12月31日", "subject_index": {"begin": 2, "end": 13}, "object_index": {"begin": 20, "end": 30}}]}
{"text": "截止2003年12月31日在建工程余额为4，958.60万元，主要是职工住宅楼及礼堂等，其中职工住宅楼在完工后由职工以成本价购买。", "spo_list": [{"predicate": "在建工程余额", "object_type": "金额", "subject_type": "日期", "object": "4，958.60万元", "subject": "2003年12月31日", "subject_index": {"begin": 2, "end": 13}, "object_index": {"begin": 20, "end": 30}}]}
{"text": "截止2003年12月31日，公司应付帐款余额为8，056.90万元，主要为应付工程款和材料款。应付帐款中无欠持公司5%以上表决权股份的股东单位的款项。", "spo_list": [{"predicate": "应付账款余额", "object_type": "金额", "subject_type": "日期", "object": "8，056.90万元", "subject": "2003年12月31日", "subject_index": {"begin": 2, "end": 13}, "object_index": {"begin": 23, "end": 33}}]}
