{"text": "2004年2月11日,北京德威评估有限责任公司出具《北京空港科技园区股份有限公司拟上市发行A股有关存货—土地开发产品及开发成本资产评报告书》（德威评报字[2004]第106号）。本次评估目的是为股份公司拟上市发行A股提供参考估价意见。本次评估的范围和对象为股份公司评估基准日资产负债表中列示的流动资产——存货（土地开发产品及开发成本项目），帐面价值为4,426.39万元。", "spo_list": [{"predicate": "存货账面价值", "object_type": "金额", "subject_type": "日期", "object": "4,426.39万元", "subject": "2004年2月11日", "subject_index": {"begin": 0, "end": 10}, "object_index": {"begin": 175, "end": 185}}]}
{"text": "截至2003年年末本公司总资产362,057,188.19元，无形资产11,064,195.32元，待摊费用181,576.60元，长期待摊费用1,355,805.34元，因此有形资产净值＝总资产－无形资产－待摊费用－长期待摊费用=349,455,610.93元。", "spo_list": [{"predicate": "无形资产账面价值", "object_type": "金额", "subject_type": "日期", "object": "11,064,195.32元", "subject": "2003年年", "subject_index": {"begin": 2, "end": 8}, "object_index": {"begin": 35, "end": 49}}, {"predicate": "长期待摊费用", "object_type": "金额", "subject_type": "日期", "object": "1,355,805.34元", "subject": "2003年年", "subject_index": {"begin": 2, "end": 8}, "object_index": {"begin": 72, "end": 85}}, {"predicate": "长期待摊费用", "object_type": "金额", "subject_type": "日期", "object": "349,455,610.93元", "subject": "2003年年", "subject_index": {"begin": 2, "end": 8}, "object_index": {"begin": 116, "end": 131}}]}
{"text": "截至2003年年末本公司预收帐款余额为4,889,733.69元，比2002年12月31日减少32.80%，主要是本公司预收地价款减少。", "spo_list": [{"predicate": "预收账款余额", "object_type": "金额", "subject_type": "日期", "object": "4,889,733.69元", "subject": "2003年", "subject_index": {"begin": 2, "end": 7}, "object_index": {"begin": 19, "end": 32}}]}
{"text": "截至2003年年末本公司流动资产216,137,299.95元，占资产总额的比例为59.70%。其中，货币资金63,015,764.81元，应收帐款（净额）74,323,552.59元，存货66,227,013.03元，占流动资产总额的比例分别为29.16%、34.39%和30.64%。", "spo_list": [{"predicate": "存货余额", "object_type": "金额", "subject_type": "日期", "object": "66,227,013.03元", "subject": "2003年", "subject_index": {"begin": 2, "end": 7}, "object_index": {"begin": 95, "end": 109}}, {"predicate": "应收帐款净额", "object_type": "金额", "subject_type": "日期", "object": "74,323,552.59元", "subject": "2003年", "subject_index": {"begin": 2, "end": 7}, "object_index": {"begin": 78, "end": 92}}]}
{"text": "截至2003年年末本公司固定资产原值106,654,377.62元，净值91,348,958.14元，", "spo_list": [{"predicate": "固定资产净额", "object_type": "金额", "subject_type": "日期", "object": "91,348,958.14元", "subject": "2003年", "subject_index": {"begin": 2, "end": 7}, "object_index": {"begin": 36, "end": 50}}]}
{"text": "截至2003年年末，本公司资产总额为362,057,188.19元，包括流动资产216,137,299.95元，长期投资3,799,699.16元，固定资产129,700,188.42元，无形资产及其它资产12,420,000.66元。", "spo_list": [{"predicate": "无形资产余额", "object_type": "金额", "subject_type": "日期", "object": "12,420,000.66元", "subject": "2003年年末", "subject_index": {"begin": 2, "end": 9}, "object_index": {"begin": 103, "end": 117}}]}
{"text": "截至2003年年末本公司其他应付款为7,133,802.29元，比2002年12月31日减少33.24%,主要是本期支付了土地出让金。", "spo_list": [{"predicate": "长期应付款", "object_type": "金额", "subject_type": "日期", "object": "7,133,802.29元", "subject": "2003年", "subject_index": {"begin": 2, "end": 7}, "object_index": {"begin": 18, "end": 31}}]}
{"text": "截至2003年年末本公司长期投资3,799,699.16元，占资产总额的比例为1.05%，股权投资差额为-3,195,384.40元。", "spo_list": [{"predicate": "长期股权投资账面价值", "object_type": "金额", "subject_type": "日期", "object": "3,799,699.16元", "subject": "2003年", "subject_index": {"begin": 2, "end": 7}, "object_index": {"begin": 16, "end": 29}}]}
{"text": "2000年8月31日，本公司与开发公司签订《委托付款协议》。本公司设立时，开发公司投入本公司的其他应付款14,660,018元，本公司已向债权人偿还230,000元，尚欠债权人债务14,430,018元。", "spo_list": [{"predicate": "长期应付款", "object_type": "金额", "subject_type": "日期", "object": "14,660,018元", "subject": "2000年8月31日", "subject_index": {"begin": 0, "end": 10}, "object_index": {"begin": 52, "end": 63}}]}
