{"text": "2013年末、2014年末、2015年末和2016年6月末，公司的应收账款余额分别为17，023.36万元、19，595.28万元、21，247.97万元和21，215.22万元。2013年末、2014年末、2015年末和2016年6月末，公司应收账款余额分别较上年末增长-2.77%、15.11%、8.43%和-0.14%，随着公司营业收入的不断增长和业务规模的逐渐扩大，公司的应收账款余额相应有所增长。", "spo_list": [{"predicate": "应收账款账面余额", "object_type": "金额", "subject_type": "日期", "object": "17，023.36万元", "subject": "2013年末", "subject_index": {"begin": 0, "end": 6}, "object_index": {"begin": 42, "end": 53}}, {"predicate": "应收账款账面余额", "object_type": "金额", "subject_type": "日期", "object": "19，595.28万元", "subject": "2014年末、", "subject_index": {"begin": 7, "end": 14}, "object_index": {"begin": 54, "end": 65}}, {"predicate": "应收账款账面余额", "object_type": "金额", "subject_type": "日期", "object": "21，247.97万元", "subject": "2015年末", "subject_index": {"begin": 14, "end": 20}, "object_index": {"begin": 66, "end": 77}}, {"predicate": "应收账款账面余额", "object_type": "金额", "subject_type": "日期", "object": "21，215.22万元", "subject": "2016年6月末", "subject_index": {"begin": 21, "end": 29}, "object_index": {"begin": 78, "end": 89}}]}
{"text": "2013年末、2014年末、2015年末和2016年6月末，公司的其他应收款余额分别为3，675.31万元、2，102.84万元、1，788.71万元和1，642.30万元。报告期内，公司的其他应收款余额较高，主要为政策性搬迁补偿尾款、IPO中介费用和应收增值税出口退税款。", "spo_list": [{"predicate": "其他应收款余额", "object_type": "金额", "subject_type": "日期", "object": "3，675.31万元", "subject": "2013年末", "subject_index": {"begin": 0, "end": 6}, "object_index": {"begin": 43, "end": 53}}, {"predicate": "其他应收款余额", "object_type": "金额", "subject_type": "日期", "object": "2，102.84万元", "subject": "2014年末", "subject_index": {"begin": 7, "end": 13}, "object_index": {"begin": 54, "end": 64}}, {"predicate": "其他应收款余额", "object_type": "金额", "subject_type": "日期", "object": "1，788.71万元", "subject": "2015年末", "subject_index": {"begin": 14, "end": 20}, "object_index": {"begin": 65, "end": 75}}, {"predicate": "其他应收款余额", "object_type": "金额", "subject_type": "日期", "object": "1，642.30万元", "subject": "2016年6月末", "subject_index": {"begin": 21, "end": 29}, "object_index": {"begin": 76, "end": 86}}]}
{"text": "2013年末，公司在建工程余额为649.28万元，较上年减少10，991.39万元，主要原因是部分在建工程完工转入固定资产。", "spo_list": [{"predicate": "在建工程余额", "object_type": "金额", "subject_type": "日期", "object": "649.28万元", "subject": "2013年末", "subject_index": {"begin": 0, "end": 6}, "object_index": {"begin": 16, "end": 24}}]}
{"text": "2014年末，公司在建工程余额为10，185.48万元，较上年增加9，536.20万元，主要是募集资金投资项目前期建设和浙江康德莱二期工程及设备安装投资增加所致。", "spo_list": [{"predicate": "在建工程余额", "object_type": "金额", "subject_type": "日期", "object": "10，185.48万元", "subject": "2014年末", "subject_index": {"begin": 0, "end": 6}, "object_index": {"begin": 16, "end": 27}}]}
{"text": "2015年末，公司在建工程余额为12，635.06万元，较上年增加了2，449.58万元，主要原因是浙江康德莱滨海厂区二期土建工程、高潮路658号厂房改扩建金额增加所致。", "spo_list": [{"predicate": "在建工程余额", "object_type": "金额", "subject_type": "日期", "object": "12，635.06万元", "subject": "2015年末", "subject_index": {"begin": 0, "end": 6}, "object_index": {"begin": 16, "end": 27}}]}
{"text": "2016年6月末，公司在建工程余额为11，022.28万元，较上年末减少1，612.78万元，主要原因是高潮路658号厂房改扩建项目在建工程完工全部转入固定资产所致。", "spo_list": [{"predicate": "在建工程余额", "object_type": "金额", "subject_type": "日期", "object": "11，022.28万元", "subject": "2016年6月末", "subject_index": {"begin": 0, "end": 8}, "object_index": {"begin": 18, "end": 29}}]}
{"text": "2013年末、2014年末、2015年末和2016年6月末，公司无形资产账面价值分别为6，935.82万元、6，643.19万元、6，457.69万元和6，402.13万元，其中主要为土地使用权，占比分别为92.56%、92.97%、93.54%和93.64%。", "spo_list": [{"predicate": "无形资产账面价值", "object_type": "金额", "subject_type": "日期", "object": "6，935.82万元", "subject": "2013年末", "subject_index": {"begin": 0, "end": 6}, "object_index": {"begin": 43, "end": 53}}, {"predicate": "无形资产账面价值", "object_type": "金额", "subject_type": "日期", "object": "6，643.19万元", "subject": "2014年末", "subject_index": {"begin": 7, "end": 13}, "object_index": {"begin": 54, "end": 64}}, {"predicate": "无形资产账面价值", "object_type": "金额", "subject_type": "日期", "object": "6，457.69万元", "subject": "2015年末", "subject_index": {"begin": 14, "end": 20}, "object_index": {"begin": 65, "end": 75}}, {"predicate": "无形资产账面价值", "object_type": "金额", "subject_type": "日期", "object": "6，402.13万元", "subject": "2016年6月末", "subject_index": {"begin": 21, "end": 29}, "object_index": {"begin": 76, "end": 86}}]}
{"text": "2013年末、2014年末、2015年末和2016年6月末，公司的预收款项分别为1，595.96万元、1，412.44万元、1，453.18万元和1，810.09万元。公司的预收款项主要为客户预付的货款。", "spo_list": [{"predicate": "预收款项余额", "object_type": "金额", "subject_type": "日期", "object": "1，595.96万元", "subject": "2013年末", "subject_index": {"begin": 0, "end": 6}, "object_index": {"begin": 40, "end": 50}}, {"predicate": "预收款项余额", "object_type": "金额", "subject_type": "日期", "object": "1，412.44万元", "subject": "2014年末", "subject_index": {"begin": 7, "end": 13}, "object_index": {"begin": 51, "end": 61}}, {"predicate": "预收款项余额", "object_type": "金额", "subject_type": "日期", "object": "1，453.18万元", "subject": "2015年末", "subject_index": {"begin": 14, "end": 20}, "object_index": {"begin": 62, "end": 72}}, {"predicate": "预收款项余额", "object_type": "金额", "subject_type": "日期", "object": "1，810.09万元", "subject": "2016年6月末", "subject_index": {"begin": 21, "end": 29}, "object_index": {"begin": 73, "end": 83}}]}
{"text": "2013年末、2014年末、2015年末和2016年6月末，公司的其他应付款余额分别为934.06万元、270.86万元、389.72万元和520.93万元。", "spo_list": [{"predicate": "其他应付款余额", "object_type": "金额", "subject_type": "日期", "object": "934.06万元", "subject": "2013年末", "subject_index": {"begin": 0, "end": 6}, "object_index": {"begin": 43, "end": 51}}, {"predicate": "其他应付款余额", "object_type": "金额", "subject_type": "日期", "object": "270.86万元", "subject": "2014年末", "subject_index": {"begin": 7, "end": 13}, "object_index": {"begin": 52, "end": 60}}, {"predicate": "其他应付款余额", "object_type": "金额", "subject_type": "日期", "object": "389.72万元", "subject": "2015年末", "subject_index": {"begin": 14, "end": 20}, "object_index": {"begin": 61, "end": 69}}, {"predicate": "其他应付款余额", "object_type": "金额", "subject_type": "日期", "object": "520.93万元", "subject": "2016年6月末", "subject_index": {"begin": 21, "end": 29}, "object_index": {"begin": 70, "end": 78}}]}
{"text": "截至2016年6月末，公司长期借款余额为10，300.00万元，分别为本公司长期借款4，500.00万元、浙江康德莱长期借款5，800.00万元。本公司及浙江康德莱长期借款合同情况详见本招股说明书“第十五节其他重要事项”之“二、重大合同”。", "spo_list": [{"predicate": "长期借款余额", "object_type": "金额", "subject_type": "日期", "object": "10，300.00万元", "subject": "截至2016年6月末", "subject_index": {"begin": 0, "end": 10}, "object_index": {"begin": 20, "end": 31}}]}
{"text": "2013年、2014年、2015年和2016年1-6月，公司的利息费用支出分别为2，359.78万元、2，215.46万元、1，742.09万元和865.00万元，占公司当年利润总额的比例分别为29.30%、26.05%、13.39%和12.70%。在一定程度上降低了公司的盈利能力。", "spo_list": [{"predicate": "应付利息", "object_type": "金额", "subject_type": "日期", "object": "2，359.78万元", "subject": "2013年", "subject_index": {"begin": 0, "end": 5}, "object_index": {"begin": 40, "end": 50}}, {"predicate": "应付利息", "object_type": "金额", "subject_type": "日期", "object": "2，215.46万元", "subject": "2014年", "subject_index": {"begin": 6, "end": 11}, "object_index": {"begin": 51, "end": 61}}, {"predicate": "应付利息", "object_type": "金额", "subject_type": "日期", "object": "1，742.09万元", "subject": "2015年", "subject_index": {"begin": 12, "end": 17}, "object_index": {"begin": 62, "end": 72}}, {"predicate": "应付利息", "object_type": "金额", "subject_type": "日期", "object": "865.00万元", "subject": "2016年1-6月", "subject_index": {"begin": 18, "end": 27}, "object_index": {"begin": 73, "end": 81}}]}
{"text": "2016年6月30日，公司不存在需计提无形资产减值准备的情况。截至2016年6月30日，公司用于抵押的无形资产原值为55，032，718.02元。", "spo_list": [{"predicate": "无形资产账面价值", "object_type": "金额", "subject_type": "日期", "object": "55，032，718.02元", "subject": "2016年6月30日", "subject_index": {"begin": 33, "end": 43}, "object_index": {"begin": 58, "end": 72}}]}
{"text": "报告期内，公司的期末存货余额分别为15，185.71万元、15，801.94万元、18，732.23万元和19，427.31万元，占各期末流动资产的比例分别为30.93%、29.06%、31.39%和33.22%，比较稳定。", "spo_list": [{"predicate": "存货余额", "object_type": "金额", "subject_type": "日期", "object": "15，185.71万元", "subject": "报告期内", "subject_index": {"begin": 0, "end": 4}, "object_index": {"begin": 17, "end": 28}}, {"predicate": "存货余额", "object_type": "金额", "subject_type": "日期", "object": "15，801.94万元", "subject": "报告期内", "subject_index": {"begin": 0, "end": 4}, "object_index": {"begin": 29, "end": 40}}, {"predicate": "存货余额", "object_type": "金额", "subject_type": "日期", "object": "18，732.23万元", "subject": "报告期内", "subject_index": {"begin": 0, "end": 4}, "object_index": {"begin": 41, "end": 52}}, {"predicate": "存货余额", "object_type": "金额", "subject_type": "日期", "object": "19，427.31万元", "subject": "报告期内", "subject_index": {"begin": 0, "end": 4}, "object_index": {"begin": 53, "end": 64}}]}
{"text": "2013年末、2014年末、2015年末和2016年6月末，公司的预付款项分别为610.32万元、590.87万元、233.87万元和332.52万元，主要为预付货款和用电费用。", "spo_list": [{"predicate": "预付账款余额", "object_type": "金额", "subject_type": "日期", "object": "332.52万元", "subject": "2016年6月末", "subject_index": {"begin": 21, "end": 29}, "object_index": {"begin": 67, "end": 75}}, {"predicate": "预付款项余额", "object_type": "金额", "subject_type": "日期", "object": "233.87万元", "subject": "2015年末", "subject_index": {"begin": 14, "end": 20}, "object_index": {"begin": 58, "end": 66}}, {"predicate": "预付款项余额", "object_type": "金额", "subject_type": "日期", "object": "590.87万元", "subject": "2014年末", "subject_index": {"begin": 7, "end": 13}, "object_index": {"begin": 49, "end": 57}}, {"predicate": "预付款项余额", "object_type": "金额", "subject_type": "日期", "object": "610.32万元", "subject": "2013年末", "subject_index": {"begin": 0, "end": 6}, "object_index": {"begin": 40, "end": 48}}]}
{"text": "2013年末、2014年末、2015年末和2016年6月末，公司的固定资产的账面价值分别为54，672.96万元、51，873.12万元、55，131.55万元和57，212.45万元，固定资产规模较大主要是因为公司为抓住市场机遇，扩大经营规模，投资建设厂房并购买了大量专用机器设备，以提升公司产能，改进公司产品结构，满足下游客户的供货需求。", "spo_list": [{"predicate": "固定资产账面价值", "object_type": "金额", "subject_type": "日期", "object": "57，212.45万元", "subject": "2016年6月末", "subject_index": {"begin": 21, "end": 29}, "object_index": {"begin": 81, "end": 92}}, {"predicate": "固定资产账面价值", "object_type": "金额", "subject_type": "日期", "object": "55，131.55万元", "subject": "2015年末", "subject_index": {"begin": 14, "end": 20}, "object_index": {"begin": 69, "end": 80}}, {"predicate": "固定资产账面价值", "object_type": "金额", "subject_type": "日期", "object": "51，873.12万元", "subject": "2014年末", "subject_index": {"begin": 7, "end": 13}, "object_index": {"begin": 57, "end": 68}}, {"predicate": "固定资产账面价值", "object_type": "金额", "subject_type": "日期", "object": "54，672.96万元", "subject": "2013年末", "subject_index": {"begin": 0, "end": 6}, "object_index": {"begin": 45, "end": 56}}]}
{"text": "2013年末、2014年末、2015年末和2016年6月末，公司短期借款余额分别为32，190.00万元、29，635.00万元、26，947.00万元和34，700.00万元。公司短期借款数额较大，主要是由于公司产值规模较大，生产周期较长导致公司的流动资金需求较大。", "spo_list": [{"predicate": "短期借款余额", "object_type": "金额", "subject_type": "日期", "object": "34，700.00万元", "subject": "2016年6月末", "subject_index": {"begin": 21, "end": 29}, "object_index": {"begin": 77, "end": 88}}, {"predicate": "短期借款余额", "object_type": "金额", "subject_type": "日期", "object": "26，947.00万元", "subject": "2015年末", "subject_index": {"begin": 14, "end": 20}, "object_index": {"begin": 65, "end": 76}}, {"predicate": "短期借款余额", "object_type": "金额", "subject_type": "日期", "object": "29，635.00万元", "subject": "2014年末", "subject_index": {"begin": 7, "end": 13}, "object_index": {"begin": 53, "end": 64}}, {"predicate": "短期借款余额", "object_type": "金额", "subject_type": "日期", "object": "32，190.00万元", "subject": "2013年末", "subject_index": {"begin": 0, "end": 6}, "object_index": {"begin": 41, "end": 52}}]}
{"text": "2013年末，公司其他应付款余额为934.06万元，", "spo_list": [{"predicate": "其他应付款余额", "object_type": "金额", "subject_type": "日期", "object": "934.06万元", "subject": "2013年末", "subject_index": {"begin": 0, "end": 6}, "object_index": {"begin": 17, "end": 25}}]}
{"text": "截至2013年末，公司的专项应付款余额为9，043.10万元，系浙江康德莱为城镇整体规划、库区建设、棚户区改造、沉陷区治理等公共利益进行搬迁，温州市龙湾中心区开发管理委员会从财政预算拨付搬迁补偿款14，583.15万元，扣除2013年已发生计入递延收益和营业外收入5，540.05万元政策性搬迁补偿款后，2013年末余额为9，043.10万元。", "spo_list": [{"predicate": "应付账款余额", "object_type": "金额", "subject_type": "日期", "object": "9，043.10万元", "subject": "2013年末", "subject_index": {"begin": 2, "end": 8}, "object_index": {"begin": 20, "end": 30}}]}
{"text": "2013年、2014年、2015年和2016年1-6月，公司购建固定资产、无形资产和其他长期资产支付的现金分别为14，969.40万元、11，661.51万元、10，483.64万元和3，899.61万元，主要原因是由于公司在报告期内加大了厂房建设投资、购买了较多的进口专用设备和以出让方式取得土地使用权，报告期内购建固定资产情况详见本节之“三、资本性支出”部分。", "spo_list": [{"predicate": "固定资产账面价值", "object_type": "金额", "subject_type": "日期", "object": "14，969.40万元", "subject": "2013年", "subject_index": {"begin": 0, "end": 5}, "object_index": {"begin": 56, "end": 67}}, {"predicate": "无形资产账面价值", "object_type": "金额", "subject_type": "日期", "object": "11，661.51万元", "subject": "2014年", "subject_index": {"begin": 6, "end": 11}, "object_index": {"begin": 68, "end": 79}}]}
