{"text": "公司的无形资产包括商标、土地使用权、专利技术。截至2015年12月31日，公司无形资产账面价值为5，898.10万元。", "spo_list": [{"predicate": "无形资产账面价值", "object_type": "金额", "subject_type": "日期", "object": "5，898.10万元", "subject": "截至2015年12月31日", "subject_index": {"begin": 23, "end": 36}, "object_index": {"begin": 48, "end": 58}}]}
{"text": "截至2015年12月31日，本公司应付账款余额为49，896，717.88元，其中，账龄超过1年以上的应付账款为48，138.38元，占年末应付账款余额的0.10%。", "spo_list": [{"predicate": "应付账款余额", "object_type": "金额", "subject_type": "日期", "object": "49，896，717.88元", "subject": "截至2015年12月31日", "subject_index": {"begin": 0, "end": 13}, "object_index": {"begin": 24, "end": 38}}]}
{"text": "截至2015年12月31日，本公司应付职工薪酬余额为8，937，218.47元，主要为公司完成本期绩效目标因而计提的绩效奖金以及计提的工会经费和职工教育经费，无属于拖欠性质的金额。2015年12月31日比2014年12月31日增加较多，主要是因为公司完成本期绩效目标因而计提的绩效奖金增加所致。", "spo_list": [{"predicate": "应付职工薪酬余额", "object_type": "金额", "subject_type": "日期", "object": "8，937，218.47元", "subject": "截至2015年12月31日", "subject_index": {"begin": 0, "end": 13}, "object_index": {"begin": 26, "end": 39}}]}
{"text": "截至2015年12月31日，本公司应交税费余额为7，566，535.26元，具体明细如下：", "spo_list": [{"predicate": "应交税费余额", "object_type": "金额", "subject_type": "日期", "object": "7，566，535.26元", "subject": "截至2015年12月31日", "subject_index": {"begin": 0, "end": 13}, "object_index": {"begin": 24, "end": 37}}]}
{"text": "截至2015年12月31日，本公司其他应付款余额为1，239，400.73元。期末其他", "spo_list": [{"predicate": "其他应付款余额", "object_type": "金额", "subject_type": "日期", "object": "1，239，400.73元", "subject": "截至2015年12月31日", "subject_index": {"begin": 0, "end": 13}, "object_index": {"begin": 25, "end": 38}}]}
{"text": "各报告期末，公司在建工程余额分别为1，330.06万元、4，729.08万元、5，991.66万元。", "spo_list": [{"predicate": "在建工程余额", "object_type": "金额", "subject_type": "日期", "object": "1，330.06万元", "subject": "各报告期末", "subject_index": {"begin": 0, "end": 5}, "object_index": {"begin": 17, "end": 27}}, {"predicate": "在建工程余额", "object_type": "金额", "subject_type": "日期", "object": "4，729.08万元", "subject": "各报告期末", "subject_index": {"begin": 0, "end": 5}, "object_index": {"begin": 28, "end": 38}}, {"predicate": "在建工程余额", "object_type": "金额", "subject_type": "日期", "object": "5，991.66万元", "subject": "各报告期末", "subject_index": {"begin": 0, "end": 5}, "object_index": {"begin": 39, "end": 49}}]}
{"text": "截至2015年12月31日，公司无形资产净值5，898.10万元，主要由土地使用权、商标、软件和专利技术构成。", "spo_list": [{"predicate": "无形资产账面价值", "object_type": "金额", "subject_type": "日期", "object": "5，898.10万元", "subject": "截至2015年12月31日", "subject_index": {"begin": 0, "end": 13}, "object_index": {"begin": 22, "end": 32}}]}
{"text": "2014年末，应付账款余额7，082.94万元，较上年末增加26.41%，主要原因系公司2014年四季度增加采购原材料所形成的应付供应商的货款增加所致。2015年末，应付账款余额4，989.67万元，较上年末减少29.55%，主要原因系公司2015年原油价格持续走低，四季度适当降低采购基础油为主的原材料，对应所形成的应付供应商的货款降低。", "spo_list": [{"predicate": "应付账款余额", "object_type": "金额", "subject_type": "日期", "object": "7，082.94万元", "subject": "2014年末", "subject_index": {"begin": 0, "end": 6}, "object_index": {"begin": 13, "end": 23}}]}
{"text": "2013年末、2014年末和2015年末，公司职工薪酬余额分别为73.00万元、98.78万元和893.72万元。2015年末应付职工薪酬情况如下：", "spo_list": [{"predicate": "应付职工薪酬余额", "object_type": "金额", "subject_type": "日期", "object": "73.00万元", "subject": "2013年末", "subject_index": {"begin": 0, "end": 6}, "object_index": {"begin": 32, "end": 39}}, {"predicate": "应付职工薪酬余额", "object_type": "金额", "subject_type": "日期", "object": "98.78万元", "subject": "2014年末", "subject_index": {"begin": 7, "end": 13}, "object_index": {"begin": 40, "end": 47}}, {"predicate": "应付职工薪酬余额", "object_type": "金额", "subject_type": "日期", "object": "893.72万元", "subject": "2015年末", "subject_index": {"begin": 14, "end": 20}, "object_index": {"begin": 48, "end": 56}}]}
{"text": "2013年末其他应付款余额66.12万元，较上年末减少90.32%，主要原因是海川化工偿还了孙涛往来款。2014年末和2015年末其他应付款余额分别为89.11万元和123.94万元，主要系宣传材料制作费、软件开发费、投标保证金等。", "spo_list": [{"predicate": "其他应付款余额", "object_type": "金额", "subject_type": "日期", "object": "66.12万元", "subject": "2013年末", "subject_index": {"begin": 0, "end": 6}, "object_index": {"begin": 13, "end": 20}}, {"predicate": "其他应付款余额", "object_type": "金额", "subject_type": "日期", "object": "89.11万元", "subject": "2014年末", "subject_index": {"begin": 52, "end": 58}, "object_index": {"begin": 75, "end": 82}}, {"predicate": "其他应付款余额", "object_type": "金额", "subject_type": "日期", "object": "123.94万元", "subject": "2015年末", "subject_index": {"begin": 59, "end": 65}, "object_index": {"begin": 83, "end": 91}}]}
{"text": "截至2015年12月31日，公司预付账款余额为9，108，043.09元，报告期预付款项中无持有公司5%（含5%）以上表决权股份的股东单位欠款。", "spo_list": [{"predicate": "预付账款余额", "object_type": "金额", "subject_type": "日期", "object": "9，108，043.09元", "subject": "2015年12月31日", "subject_index": {"begin": 2, "end": 13}, "object_index": {"begin": 23, "end": 36}}]}
{"text": "截至2015年12月31日，本公司预收账款余额为30，701，948.97元，为预收的经销商货款，其中超过1年的预收款784，885.94元，占年末预收账款余额的2.56%。", "spo_list": [{"predicate": "预收账款余额", "object_type": "金额", "subject_type": "日期", "object": "30，701，948.97元", "subject": "2015年12月31日", "subject_index": {"begin": 2, "end": 13}, "object_index": {"begin": 24, "end": 38}}, {"predicate": "预收账款余额", "object_type": "金额", "subject_type": "日期", "object": "784，885.94元", "subject": "2015年12月31日", "subject_index": {"begin": 2, "end": 13}, "object_index": {"begin": 59, "end": 70}}]}
{"text": "2013年末、2014年末、2015年末，公司应收账款金额分别为1，630.89万元、1，729.16万元、1，647.66万元，占营业收入比重仅为2.45%、2.46%、2.32%，发行人应收账款总体规模处于相对较低水平，主要原因系公司对大部分经销商客户主要采取款到发货的销售政策，仅对较大的直销集团客户和部分较大的经销商采取赊销政策，使得公司的应收账款余额总体保持的较低的水平。", "spo_list": [{"predicate": "应收账款账面余额", "object_type": "金额", "subject_type": "日期", "object": "1，647.66万元", "subject": "2015年末", "subject_index": {"begin": 14, "end": 20}, "object_index": {"begin": 54, "end": 64}}, {"predicate": "应收账款账面余额", "object_type": "金额", "subject_type": "日期", "object": "1，729.16万元", "subject": "2014年末", "subject_index": {"begin": 7, "end": 13}, "object_index": {"begin": 43, "end": 53}}, {"predicate": "应收账款账面余额", "object_type": "金额", "subject_type": "日期", "object": "1，630.89万元", "subject": "2013年末", "subject_index": {"begin": 0, "end": 6}, "object_index": {"begin": 32, "end": 42}}]}
{"text": "公司按存货账面余额与可变现净值的差额计提存货跌价准备，由于少量存货的成本高于可变现净值，2013年末、2014年末、2015年末，分别计提了38.09万元、54.33万元、209.60万元的存货跌价准备。", "spo_list": [{"predicate": "存货跌价准备", "object_type": "金额", "subject_type": "日期", "object": "209.60万元", "subject": "2015年末", "subject_index": {"begin": 58, "end": 64}, "object_index": {"begin": 86, "end": 94}}, {"predicate": "存货跌价准备", "object_type": "金额", "subject_type": "日期", "object": "54.33万元", "subject": "2014年末", "subject_index": {"begin": 51, "end": 57}, "object_index": {"begin": 78, "end": 85}}, {"predicate": "存货跌价准备", "object_type": "金额", "subject_type": "日期", "object": "38.09万元", "subject": "2013年末", "subject_index": {"begin": 44, "end": 50}, "object_index": {"begin": 70, "end": 77}}]}
