{"text": "2015年12月7日，苏州市吴中区物价局对科昂电子作出“[2015]吴价检案第7号”《行政处罚决定书》，对苏州科昂处以50,000元罚款。科昂电子已缴纳上述罚款。", "spo_list": [{"predicate": "罚款", "object_type": "金额", "subject_type": "日期", "object": "50,000元罚款", "subject": "2015年12月7日", "subject_index": {"begin": 0, "end": 10}, "object_index": {"begin": 59, "end": 68}}]}
{"text": "报告期内取得投资收益及公允价值变动损益分别为2017年度200.46万元、2016年度-935.92万元、2015年度-2,925.82万元。", "spo_list": [{"predicate": "公允价值变动损益", "object_type": "金额", "subject_type": "日期", "object": "200.46万元", "subject": "2017年", "subject_index": {"begin": 22, "end": 27}, "object_index": {"begin": 28, "end": 36}}, {"predicate": "公允价值变动损益", "object_type": "金额", "subject_type": "日期", "object": "-935.92万元", "subject": "2016年", "subject_index": {"begin": 37, "end": 42}, "object_index": {"begin": 43, "end": 52}}, {"predicate": "公允价值变动损益", "object_type": "金额", "subject_type": "日期", "object": "-2,925.82万元", "subject": "2015年度", "subject_index": {"begin": 53, "end": 59}, "object_index": {"begin": 59, "end": 70}}]}
{"text": "截至2015年12月31日、2016年12月31日和2017年12月31日，公司预收款项余额分别为3,290.54万元、8,991.66万元和10,310.70万元，预收款项占流动负债的比重为2.94%、7.22%和7.21%。", "spo_list": [{"predicate": "预收款项余额", "object_type": "金额", "subject_type": "日期", "object": "3,290.54万元", "subject": "截至2015年12月31日", "subject_index": {"begin": 0, "end": 13}, "object_index": {"begin": 49, "end": 59}}, {"predicate": "预收款项余额", "object_type": "金额", "subject_type": "日期", "object": "8,991.66万元", "subject": "2016年12月31日", "subject_index": {"begin": 14, "end": 25}, "object_index": {"begin": 60, "end": 70}}, {"predicate": "预收款项余额", "object_type": "金额", "subject_type": "日期", "object": "10,310.70万元", "subject": "2017年12月31日", "subject_index": {"begin": 26, "end": 37}, "object_index": {"begin": 71, "end": 82}}]}
{"text": "2015年7月17日，苏州市吴中区市场监督管理局对科昂电子作出“吴市监罚字[2015]1020082号”《行政处罚决定书》，责令科昂电子停止发布，公开更正，并处罚款20,000元。科昂电子已缴纳上述罚款并停止违法广告行为。", "spo_list": [{"predicate": "罚款", "object_type": "金额", "subject_type": "日期", "object": "20,000元", "subject": "2015年7月17日", "subject_index": {"begin": 0, "end": 10}, "object_index": {"begin": 82, "end": 89}}]}
{"text": "2015年12月7日，苏州市吴中区物价局对科沃斯电器作出“[2015]吴价检案第8号”《行政处罚决定书》，对科沃斯电器处以50,000元罚款。科沃斯电器已缴纳上述罚款。", "spo_list": [{"predicate": "罚款", "object_type": "金额", "subject_type": "日期", "object": "50,000元", "subject": "2015年12月7日", "subject_index": {"begin": 0, "end": 10}, "object_index": {"begin": 61, "end": 68}}]}
{"text": "截至2017年12月31日，其在交易性金融资产账面反映账面价值为25.05万元，报告期内取得投资收益及公允价值变动损益分别为2017年度88.79万元、2016年度59.03万元、2015年度21.33万元。", "spo_list": [{"predicate": "公允价值变动损益", "object_type": "金额", "subject_type": "日期", "object": "21.33万元", "subject": "2015年", "subject_index": {"begin": 90, "end": 95}, "object_index": {"begin": 96, "end": 103}}, {"predicate": "公允价值变动损益", "object_type": "金额", "subject_type": "日期", "object": "59.03万元", "subject": "2016年度", "subject_index": {"begin": 76, "end": 82}, "object_index": {"begin": 82, "end": 89}}, {"predicate": "公允价值变动损益", "object_type": "金额", "subject_type": "日期", "object": "88.79万元", "subject": "2017年", "subject_index": {"begin": 62, "end": 67}, "object_index": {"begin": 68, "end": 75}}]}
{"text": "2017年末，公司账面长期未收回的应收账款金额较小，按账龄组合计提坏账准备的应收账款中1年以上应收账款余额合计为399.89万元。", "spo_list": [{"predicate": "应收账款账面余额", "object_type": "金额", "subject_type": "日期", "object": "399.89万元", "subject": "2017年末", "subject_index": {"begin": 0, "end": 6}, "object_index": {"begin": 56, "end": 64}}]}
{"text": "2015年末、2016年末和2017年末，公司存货账面余额分别为49,678.62万元、62,081.63万元和67,255.53万元，占当期营业成本的比例分别为27.00%、28.66%和23.30%，存货账面余额保持较高水平。", "spo_list": [{"predicate": "存货余额", "object_type": "金额", "subject_type": "日期", "object": "67,255.53万元", "subject": "2017年末", "subject_index": {"begin": 14, "end": 20}, "object_index": {"begin": 56, "end": 67}}, {"predicate": "存货余额", "object_type": "金额", "subject_type": "日期", "object": "62,081.63万元", "subject": "2016年末", "subject_index": {"begin": 7, "end": 13}, "object_index": {"begin": 44, "end": 55}}, {"predicate": "存货余额", "object_type": "金额", "subject_type": "日期", "object": "49,678.62万元", "subject": "2015年末", "subject_index": {"begin": 0, "end": 6}, "object_index": {"begin": 32, "end": 43}}]}
{"text": "2015年末、2016年末和2017年末，公司应收账款账面余额分别为32,571.64万元、49,882.47万元和57,523.77万元，占当期营业收入的比例分别为12.09%、15.22%和12.64%，应收账款账面余额保持较高水平。", "spo_list": [{"predicate": "应收账款账面余额", "object_type": "金额", "subject_type": "日期", "object": "32,571.64万元", "subject": "2015年末", "subject_index": {"begin": 0, "end": 6}, "object_index": {"begin": 34, "end": 45}}, {"predicate": "应收账款账面余额", "object_type": "金额", "subject_type": "日期", "object": "49,882.47万元", "subject": "2016年末", "subject_index": {"begin": 7, "end": 13}, "object_index": {"begin": 46, "end": 57}}, {"predicate": "应收账款账面余额", "object_type": "金额", "subject_type": "日期", "object": "57,523.77万元", "subject": "2017年末", "subject_index": {"begin": 14, "end": 20}, "object_index": {"begin": 58, "end": 69}}]}
