{"text": "2016年6月30日，本公司应收账款余额为3,964.20万元，计提坏账准备25.47万元，净额为3,938.73万元。", "spo_list": [{"predicate": "应收账款账面余额", "object_type": "金额", "subject_type": "日期", "object": "3,964.20万元", "subject": "2016年6月30日", "subject_index": {"begin": 0, "end": 10}, "object_index": {"begin": 21, "end": 31}}, {"predicate": "应收帐款坏账准备", "object_type": "金额", "subject_type": "日期", "object": "25.47万元", "subject": "2016年6月30日", "subject_index": {"begin": 0, "end": 10}, "object_index": {"begin": 38, "end": 45}}]}
{"text": "2016年6月30日，本公司预付款项余额为109.81万元。", "spo_list": [{"predicate": "预付款项余额", "object_type": "金额", "subject_type": "日期", "object": "109.81万元", "subject": "2016年6月30日", "subject_index": {"begin": 0, "end": 10}, "object_index": {"begin": 21, "end": 29}}]}
{"text": "2016年6月30日，本公司存货账面价值为3,944.14万元，", "spo_list": [{"predicate": "存货账面价值", "object_type": "金额", "subject_type": "日期", "object": "3,944.14万元", "subject": "2016年6月30日", "subject_index": {"begin": 0, "end": 10}, "object_index": {"begin": 21, "end": 31}}]}
{"text": "2016年6月30日，本公司固定资产原值为7,228.27万元，累计折旧为3,355.06万元，账面价值为3,873.21万元，", "spo_list": [{"predicate": "固定资产净额", "object_type": "金额", "subject_type": "日期", "object": "7,228.27万元", "subject": "2016年6月30日", "subject_index": {"begin": 0, "end": 10}, "object_index": {"begin": 21, "end": 31}}, {"predicate": "固定资产账面价值", "object_type": "金额", "subject_type": "日期", "object": "3,873.21万元", "subject": "2016年6月30日", "subject_index": {"begin": 0, "end": 10}, "object_index": {"begin": 53, "end": 63}}]}
{"text": "2016年6月30日，本公司无形资产原值为1,760.84万元，累计摊销为207.19万元，净值为1,553.65万元", "spo_list": [{"predicate": "固定资产账面价值", "object_type": "金额", "subject_type": "日期", "object": "1,760.84万元", "subject": "2016年6月30日", "subject_index": {"begin": 0, "end": 10}, "object_index": {"begin": 21, "end": 31}}, {"predicate": "固定资产净额", "object_type": "金额", "subject_type": "日期", "object": "1,553.65万元", "subject": "2016年6月30日", "subject_index": {"begin": 0, "end": 10}, "object_index": {"begin": 49, "end": 59}}]}
{"text": "2016年6月30日、2015年12月31日、2014年12月31日和2013年12月31日，本公司应收票据余额分别为345.27万元、384.76万元、326.40万元、223.17万元，", "spo_list": [{"predicate": "应收票据余额", "object_type": "金额", "subject_type": "日期", "object": "223.17万元", "subject": "2013年12月31日", "subject_index": {"begin": 35, "end": 46}, "object_index": {"begin": 86, "end": 94}}, {"predicate": "应收票据余额", "object_type": "金额", "subject_type": "日期", "object": "326.40万元", "subject": "2014年12月31日", "subject_index": {"begin": 23, "end": 34}, "object_index": {"begin": 77, "end": 85}}, {"predicate": "应收票据余额", "object_type": "金额", "subject_type": "日期", "object": "384.76万元", "subject": "2015年12月31日", "subject_index": {"begin": 11, "end": 22}, "object_index": {"begin": 68, "end": 76}}, {"predicate": "应收票据余额", "object_type": "金额", "subject_type": "日期", "object": "345.27万元", "subject": "2016年6月30日", "subject_index": {"begin": 0, "end": 10}, "object_index": {"begin": 59, "end": 67}}]}
{"text": "截至2016年6月30日，应收账款余额前五名，合计金额为907.93万元，占应收账款总额比例为22.91%，", "spo_list": [{"predicate": "应收账款账面余额", "object_type": "金额", "subject_type": "日期", "object": "907.93万元", "subject": "2016年6月30日", "subject_index": {"begin": 2, "end": 12}, "object_index": {"begin": 28, "end": 36}}]}
{"text": "截至2016年6月30日、2015年12月31日、2014年12月31日和2013年12月31日，账龄为6个月以内的应收账款余额分别为3,734.16万元、3,133.13万元、4,023.73万元和3,500.67万元，", "spo_list": [{"predicate": "应收账款账面余额", "object_type": "金额", "subject_type": "日期", "object": "3,500.67万元", "subject": "2013年12月31日", "subject_index": {"begin": 37, "end": 48}, "object_index": {"begin": 100, "end": 110}}, {"predicate": "应收账款账面余额", "object_type": "金额", "subject_type": "日期", "object": "4,023.73万元", "subject": "2014年12月31日", "subject_index": {"begin": 25, "end": 36}, "object_index": {"begin": 89, "end": 99}}, {"predicate": "应收账款账面余额", "object_type": "金额", "subject_type": "日期", "object": "3,133.13万元", "subject": "2015年12月31日", "subject_index": {"begin": 13, "end": 24}, "object_index": {"begin": 78, "end": 88}}, {"predicate": "应收账款账面余额", "object_type": "金额", "subject_type": "日期", "object": "3,734.16万元", "subject": "2016年6月30日", "subject_index": {"begin": 2, "end": 12}, "object_index": {"begin": 67, "end": 77}}]}
{"text": "2016年6月30日、2015年12月31日、2014年12月31日和2013年12月31日，本公司其他应收款余额分别为100.15万元、97.54万元、72.22万元、72.28万元，占流动资产的比例分别为0.42%、0.39%、0.32%、0.40%。", "spo_list": [{"predicate": "其他应收款余额", "object_type": "金额", "subject_type": "日期", "object": "72.28万元", "subject": "2013年12月31", "subject_index": {"begin": 35, "end": 45}, "object_index": {"begin": 85, "end": 92}}, {"predicate": "其他应收款余额", "object_type": "金额", "subject_type": "日期", "object": "72.22万元", "subject": "2014年12月31日", "subject_index": {"begin": 23, "end": 34}, "object_index": {"begin": 77, "end": 84}}, {"predicate": "其他应收款余额", "object_type": "金额", "subject_type": "日期", "object": "97.54万元", "subject": "2015年12月31日", "subject_index": {"begin": 11, "end": 22}, "object_index": {"begin": 69, "end": 76}}, {"predicate": "其他应收款余额", "object_type": "金额", "subject_type": "日期", "object": "100.15万元", "subject": "2016年6月30日", "subject_index": {"begin": 0, "end": 10}, "object_index": {"begin": 60, "end": 68}}]}
{"text": "截至2016年6月30日，公司存货计提65.49万元跌价准备。", "spo_list": [{"predicate": "存货跌价准备", "object_type": "金额", "subject_type": "日期", "object": "65.49万元", "subject": "2016年6月30日", "subject_index": {"begin": 2, "end": 12}, "object_index": {"begin": 19, "end": 26}}]}
{"text": "报告期内，各期期末公司递延所得税资产余额分别为135.74万元、124.54万元、114.51万元、64.38万元。", "spo_list": [{"predicate": "递延所得税资产余额", "object_type": "金额", "subject_type": "日期", "object": "135.74万元", "subject": "报告期内", "subject_index": {"begin": 0, "end": 4}, "object_index": {"begin": 23, "end": 31}}, {"predicate": "递延所得税资产余额", "object_type": "金额", "subject_type": "日期", "object": "124.54万元", "subject": "报告期内", "subject_index": {"begin": 0, "end": 4}, "object_index": {"begin": 32, "end": 40}}, {"predicate": "递延所得税资产余额", "object_type": "金额", "subject_type": "日期", "object": "114.51万元", "subject": "报告期内", "subject_index": {"begin": 0, "end": 4}, "object_index": {"begin": 41, "end": 49}}, {"predicate": "递延所得税资产余额", "object_type": "金额", "subject_type": "日期", "object": "64.38万元", "subject": "报告期内", "subject_index": {"begin": 0, "end": 4}, "object_index": {"begin": 50, "end": 57}}]}
{"text": "截至2016年6月30日、2015年12月31日、2014年12月31日和2013年12月31日，本公司的应收账款坏账准备分别为25.47万元、28.37万元、38.04万元、80.24万元。", "spo_list": [{"predicate": "应收帐款坏账准备", "object_type": "金额", "subject_type": "日期", "object": "80.24万", "subject": "2013年12月31日", "subject_index": {"begin": 37, "end": 48}, "object_index": {"begin": 88, "end": 94}}, {"predicate": "应收帐款坏账准备", "object_type": "金额", "subject_type": "日期", "object": "38.04万元", "subject": "2014年12月31日", "subject_index": {"begin": 25, "end": 36}, "object_index": {"begin": 80, "end": 87}}, {"predicate": "应收帐款坏账准备", "object_type": "金额", "subject_type": "日期", "object": "28.37万元", "subject": "2015年12月31日", "subject_index": {"begin": 13, "end": 24}, "object_index": {"begin": 72, "end": 79}}, {"predicate": "应收帐款坏账准备", "object_type": "金额", "subject_type": "日期", "object": "25.47万元", "subject": "2016年6月30日", "subject_index": {"begin": 2, "end": 12}, "object_index": {"begin": 64, "end": 71}}]}
{"text": "2016年6月30日、2015年12月31日、2014年12月31日和2013年12月31日，本公司预收款项余额分别为2,435.37万元，708.47万元、686.73万元、683.15万元，占流动负债的比例分别为30.86%、16.32%、15.16%、15.43%。", "spo_list": [{"predicate": "预收账款余额", "object_type": "金额", "subject_type": "日期", "object": "683.15万元", "subject": "2013年12月31日", "subject_index": {"begin": 35, "end": 46}, "object_index": {"begin": 88, "end": 96}}, {"predicate": "预收账款余额", "object_type": "金额", "subject_type": "日期", "object": "686.73万元", "subject": "2014年12月31日", "subject_index": {"begin": 23, "end": 34}, "object_index": {"begin": 79, "end": 87}}, {"predicate": "预收款项余额", "object_type": "金额", "subject_type": "日期", "object": "708.47万元", "subject": "2015年12月31日", "subject_index": {"begin": 11, "end": 22}, "object_index": {"begin": 70, "end": 78}}, {"predicate": "预收账款余额", "object_type": "金额", "subject_type": "日期", "object": "2,435.37万元", "subject": "2016年6月30日", "subject_index": {"begin": 0, "end": 10}, "object_index": {"begin": 59, "end": 69}}]}
{"text": "2016年6月30日，本公司其他应收款余额为100.15万元，未计提坏账准备。", "spo_list": [{"predicate": "其他应收款余额", "object_type": "金额", "subject_type": "日期", "object": "100.15万元", "subject": "2016年6月30日", "subject_index": {"begin": 0, "end": 10}, "object_index": {"begin": 22, "end": 30}}]}
{"text": "2016年6月30日，本公司在建工程余额为1,258.19万元，", "spo_list": [{"predicate": "在建工程余额", "object_type": "金额", "subject_type": "日期", "object": "1,258.19万元", "subject": "2016年6月30日", "subject_index": {"begin": 0, "end": 10}, "object_index": {"begin": 21, "end": 31}}]}
{"text": "2016年6月30日，本公司长期待摊费用余额为11.97万元，主要为装修费用摊销后余额。", "spo_list": [{"predicate": "长期待摊费用的余额", "object_type": "金额", "subject_type": "日期", "object": "11.97万元", "subject": "2016年6月30日", "subject_index": {"begin": 0, "end": 10}, "object_index": {"begin": 23, "end": 30}}]}
{"text": "2016年6月30日，本公司的预收款项余额为2,435.37万元，其中账龄1年以上的预收账款余额为50.14万元。", "spo_list": [{"predicate": "预付款项余额", "object_type": "金额", "subject_type": "日期", "object": "2,435.37万元", "subject": "2016年6月30日", "subject_index": {"begin": 0, "end": 10}, "object_index": {"begin": 22, "end": 32}}, {"predicate": "预收账款余额", "object_type": "金额", "subject_type": "日期", "object": "50.14万元", "subject": "2016年6月30日", "subject_index": {"begin": 0, "end": 10}, "object_index": {"begin": 49, "end": 56}}]}
{"text": "2016年6月30日、2015年12月31日、2014年12月31日和2013年12月31日，本公司预付款项余额分别为109.81万元、93.19万元、64.00万元、238.67万元，占流动资产的比例分别为0.46%、0.37%、0.28%、1.32%。", "spo_list": [{"predicate": "预付款项余额", "object_type": "金额", "subject_type": "日期", "object": "109.81万元", "subject": "2016年6月30日", "subject_index": {"begin": 0, "end": 10}, "object_index": {"begin": 59, "end": 67}}, {"predicate": "预付款项余额", "object_type": "金额", "subject_type": "日期", "object": "93.19万元", "subject": "2015年12月31日", "subject_index": {"begin": 11, "end": 22}, "object_index": {"begin": 68, "end": 75}}, {"predicate": "预付款项余额", "object_type": "金额", "subject_type": "日期", "object": "64.00万元", "subject": "2014年12月31日", "subject_index": {"begin": 23, "end": 34}, "object_index": {"begin": 76, "end": 83}}, {"predicate": "预付款项余额", "object_type": "金额", "subject_type": "日期", "object": "238.67万元", "subject": "2013年12月31日", "subject_index": {"begin": 35, "end": 46}, "object_index": {"begin": 84, "end": 92}}]}
{"text": "2016年6月30日、2015年12月31日、2014年12月31日和2013年12月31日，本公司存货净额分别为3,944.14万元、2,964.83万元、3,434.43万元、2,620.77万元，占流动资产的比例分别为16.68%、11.90%、15.17%、14.53%。", "spo_list": [{"predicate": "存货净值", "object_type": "金额", "subject_type": "日期", "object": "3,944.14万元", "subject": "2016年6月30日", "subject_index": {"begin": 0, "end": 10}, "object_index": {"begin": 57, "end": 67}}, {"predicate": "存货净值", "object_type": "金额", "subject_type": "日期", "object": "2,964.83万元", "subject": "2015年12月31日", "subject_index": {"begin": 11, "end": 22}, "object_index": {"begin": 68, "end": 78}}, {"predicate": "存货净值", "object_type": "金额", "subject_type": "日期", "object": "3,434.43万元", "subject": "2014年12月31日", "subject_index": {"begin": 23, "end": 34}, "object_index": {"begin": 79, "end": 89}}, {"predicate": "存货净值", "object_type": "金额", "subject_type": "日期", "object": "2,620.77万元", "subject": "2013年12月31日", "subject_index": {"begin": 35, "end": 46}, "object_index": {"begin": 90, "end": 100}}]}
{"text": "2016年6月30日、2015年12月31日、2014年12月31日和2013年12月31日，本公司其他流动资产分别0万元、0万元、61.62万元、90.00万元，占流动资产的比例分别为0.00%、0.00%、0.27%、0.50%。", "spo_list": [{"predicate": "其他流动资产", "object_type": "金额", "subject_type": "日期", "object": "0万元", "subject": "2016年6月30日", "subject_index": {"begin": 0, "end": 10}, "object_index": {"begin": 58, "end": 61}}, {"predicate": "其他流动资产", "object_type": "金额", "subject_type": "日期", "object": "0万元", "subject": "2015年12月31日", "subject_index": {"begin": 11, "end": 22}, "object_index": {"begin": 62, "end": 65}}, {"predicate": "其他流动资产", "object_type": "金额", "subject_type": "日期", "object": "61.62万元", "subject": "2014年12月31日", "subject_index": {"begin": 23, "end": 34}, "object_index": {"begin": 66, "end": 73}}, {"predicate": "其他流动资产", "object_type": "金额", "subject_type": "日期", "object": "90.00万元", "subject": "2013年12月31日", "subject_index": {"begin": 35, "end": 46}, "object_index": {"begin": 74, "end": 81}}]}
{"text": "本公司对存货按类别分别进行减值测试，截至2016年6月30日，公司存货计提65.49万元跌价准备。", "spo_list": [{"predicate": "存货跌价准备", "object_type": "金额", "subject_type": "日期", "object": "65.49万元", "subject": "2016年6月30日", "subject_index": {"begin": 20, "end": 30}, "object_index": {"begin": 37, "end": 44}}]}
{"text": "2016年6月30日、2015年12月31日、2014年12月31日和2013年12月31日，本公司其他应付款余额分别为67.68万元、36.88万元、205.17万元、289.46万元，占流动负债的比例分别为0.86%、0.84%、4.53%、6.54%。", "spo_list": [{"predicate": "长期应付款", "object_type": "金额", "subject_type": "日期", "object": "67.68万元", "subject": "2016年6月30日", "subject_index": {"begin": 0, "end": 10}, "object_index": {"begin": 60, "end": 67}}, {"predicate": "长期应付款", "object_type": "金额", "subject_type": "日期", "object": "36.88万元", "subject": "2015年12月31日", "subject_index": {"begin": 11, "end": 22}, "object_index": {"begin": 68, "end": 75}}, {"predicate": "长期应付款", "object_type": "金额", "subject_type": "日期", "object": "205.17万元", "subject": "2014年12月31日", "subject_index": {"begin": 23, "end": 34}, "object_index": {"begin": 76, "end": 84}}, {"predicate": "长期应付款", "object_type": "金额", "subject_type": "日期", "object": "289.46万元", "subject": "2013年12月31日", "subject_index": {"begin": 35, "end": 46}, "object_index": {"begin": 85, "end": 93}}]}
