{"text": "2017年6月末、2016年底、2015年底及2014年底，公司账龄大于1年的应收账款原值分别为3,749万元、3,266万元、2,314万元及538万元，分别占报告期内应收账款总额的4.93%、3.02%、2.15%及0.52%。各期末，公司一年期以上应收款余额及其账龄结构与坏账准备的计提情况如下", "spo_list": [{"predicate": "应收账款账面余额", "object_type": "金额", "subject_type": "日期", "object": "538万元", "subject": "2014年底", "subject_index": {"begin": 23, "end": 29}, "object_index": {"begin": 72, "end": 77}}, {"predicate": "应收账款账面余额", "object_type": "金额", "subject_type": "日期", "object": "2,314万元", "subject": "2015年底", "subject_index": {"begin": 16, "end": 22}, "object_index": {"begin": 64, "end": 71}}, {"predicate": "应收账款账面余额", "object_type": "金额", "subject_type": "日期", "object": "3,266万元", "subject": "2016年底", "subject_index": {"begin": 9, "end": 15}, "object_index": {"begin": 56, "end": 63}}, {"predicate": "应收账款账面余额", "object_type": "金额", "subject_type": "日期", "object": "3,749万元", "subject": "2017年6月末", "subject_index": {"begin": 0, "end": 8}, "object_index": {"begin": 48, "end": 55}}]}
{"text": "2017年6月末，公司对一年以上长账龄的应收账款计提的坏账准备余额为3,280万元，其中于2016年12月31日已经计提的坏账准备为2,467万元，2017年1-6月新增计提的坏账为813万元。", "spo_list": [{"predicate": "应收帐款坏账准备", "object_type": "金额", "subject_type": "日期", "object": "3,280万元", "subject": "2017年6月末", "subject_index": {"begin": 0, "end": 8}, "object_index": {"begin": 34, "end": 41}}, {"predicate": "应收帐款坏账准备", "object_type": "金额", "subject_type": "日期", "object": "2,467万元", "subject": "2016年12月31日", "subject_index": {"begin": 45, "end": 56}, "object_index": {"begin": 66, "end": 73}}, {"predicate": "应收帐款坏账准备", "object_type": "金额", "subject_type": "日期", "object": "813万元", "subject": "2017年1-6月", "subject_index": {"begin": 74, "end": 83}, "object_index": {"begin": 91, "end": 96}}]}
{"text": "公司预付款款项主要系对外采购外包加工产品所支付的采购预付款，报告期各期末，公司预付款项余额分别为13,678万元、22,432万元、32,459万元和50,551万元，占流动资产的比例分别为2.95%、5.18%、7.96%和13.71%。", "spo_list": [{"predicate": "预付款项余额", "object_type": "金额", "subject_type": "日期", "object": "13,678万元", "subject": "报告期各期末", "subject_index": {"begin": 30, "end": 36}, "object_index": {"begin": 48, "end": 56}}, {"predicate": "预付款项余额", "object_type": "金额", "subject_type": "日期", "object": "22,432万元", "subject": "报告期各期末", "subject_index": {"begin": 30, "end": 36}, "object_index": {"begin": 57, "end": 65}}, {"predicate": "预付款项余额", "object_type": "金额", "subject_type": "日期", "object": "32,459万元", "subject": "报告期各期末", "subject_index": {"begin": 30, "end": 36}, "object_index": {"begin": 66, "end": 74}}, {"predicate": "预付款项余额", "object_type": "金额", "subject_type": "日期", "object": "50,551万元", "subject": "报告期各期末", "subject_index": {"begin": 30, "end": 36}, "object_index": {"begin": 75, "end": 83}}]}
{"text": "2014年末、2015年末2016年末及2017年6月末，公司长期待摊费用余额分别为55,625万元、51,443万元、77,664万元及72,793万元。2014年度、2015年度、2016年度和2017年1-6月，公司年度净新增零售网点数量分别为1,503个、1,509个、1,014个和159个1。其中，公司在2016年开展了较大规模的门店形象更新，并由于该年度新设网点以购物中心专卖店为主，装修面积通常大于商场专柜，从而带动了期末长期待摊费用的上升。总体而言，公司各期末长期待摊费用的规模及其变化情况，与期间零售网点的新增扩张、装修更新等情况相符。", "spo_list": [{"predicate": "长期待摊费用的余额", "object_type": "金额", "subject_type": "日期", "object": "72,793万元", "subject": "2017年6月末", "subject_index": {"begin": 20, "end": 28}, "object_index": {"begin": 69, "end": 77}}, {"predicate": "长期待摊费用的余额", "object_type": "金额", "subject_type": "日期", "object": "77,664万元", "subject": "2016年末", "subject_index": {"begin": 13, "end": 19}, "object_index": {"begin": 60, "end": 68}}, {"predicate": "长期待摊费用的余额", "object_type": "金额", "subject_type": "日期", "object": "51,443万元", "subject": "2015年末", "subject_index": {"begin": 7, "end": 13}, "object_index": {"begin": 51, "end": 59}}, {"predicate": "长期待摊费用的余额", "object_type": "金额", "subject_type": "日期", "object": "55,625万元", "subject": "2014年末", "subject_index": {"begin": 0, "end": 6}, "object_index": {"begin": 42, "end": 50}}]}
{"text": "期末预付款余额由2016年末的32,459万元增长至50,551万元；", "spo_list": [{"predicate": "预付款项余额", "object_type": "金额", "subject_type": "日期", "object": "32,459万元", "subject": "2016年末", "subject_index": {"begin": 8, "end": 14}, "object_index": {"begin": 15, "end": 23}}, {"predicate": "预付款项余额", "object_type": "金额", "subject_type": "日期", "object": "50,551万元", "subject": "2016年末", "subject_index": {"begin": 8, "end": 14}, "object_index": {"begin": 26, "end": 34}}]}
{"text": "报告期内，公司处置固定产、无形资产和其他长期资产回收的现金净额金额较低，分别为104万元、27万元、68万元和62万元，其金额变动主要系各年度资产处置的变现收入不同所致。", "spo_list": [{"predicate": "固定资产净额", "object_type": "金额", "subject_type": "日期", "object": "104万元", "subject": "报告期内", "subject_index": {"begin": 0, "end": 4}, "object_index": {"begin": 39, "end": 44}}, {"predicate": "无形资产余额", "object_type": "金额", "subject_type": "日期", "object": "27万元", "subject": "报告期内", "subject_index": {"begin": 0, "end": 4}, "object_index": {"begin": 45, "end": 49}}]}
{"text": "2014年末，公司一年期以上应收款的余额为538万元，", "spo_list": [{"predicate": "应收账款账面余额", "object_type": "金额", "subject_type": "日期", "object": "538万元", "subject": "2014年末", "subject_index": {"begin": 0, "end": 6}, "object_index": {"begin": 21, "end": 26}}]}
{"text": "2016年末，公司对一年以上长账龄的应收账款计提的坏账准备余额为2,466万元，", "spo_list": [{"predicate": "应收帐款坏账准备", "object_type": "金额", "subject_type": "日期", "object": "2,466万元", "subject": "2016年末", "subject_index": {"begin": 0, "end": 6}, "object_index": {"begin": 32, "end": 39}}]}
{"text": "报告期各期末，公司其他应收款的期末余额分别为15,582万元、18,272万元、28,478万元和31,119万元，并主要以向商场与出租方缴纳的押金为主，金额分别为13,499万元、17,490万元、27,734万元和29,911万元，", "spo_list": [{"predicate": "其他应收款余额", "object_type": "金额", "subject_type": "日期", "object": "15,582万元", "subject": "报告期各期末", "subject_index": {"begin": 0, "end": 6}, "object_index": {"begin": 22, "end": 30}}, {"predicate": "其他应收款余额", "object_type": "金额", "subject_type": "日期", "object": "18,272万元", "subject": "报告期各期末", "subject_index": {"begin": 0, "end": 6}, "object_index": {"begin": 31, "end": 39}}, {"predicate": "其他应收款余额", "object_type": "金额", "subject_type": "日期", "object": "28,478万元", "subject": "报告期各期末", "subject_index": {"begin": 0, "end": 6}, "object_index": {"begin": 40, "end": 48}}, {"predicate": "其他应收款余额", "object_type": "金额", "subject_type": "日期", "object": "31,119万元", "subject": "报告期各期末", "subject_index": {"begin": 0, "end": 6}, "object_index": {"begin": 49, "end": 57}}]}
{"text": "2014年末、2015年末、2016年末及2017年6月末，公司递延所得税资产账面价值分别为13,283万元、16,899万元、19,215万元及18,772万元。", "spo_list": [{"predicate": "递延所得税资产余额", "object_type": "金额", "subject_type": "日期", "object": "13,283万元", "subject": "2014年末", "subject_index": {"begin": 0, "end": 6}, "object_index": {"begin": 46, "end": 54}}, {"predicate": "递延所得税资产余额", "object_type": "金额", "subject_type": "日期", "object": "16,899万元", "subject": "2015年末", "subject_index": {"begin": 7, "end": 13}, "object_index": {"begin": 55, "end": 63}}, {"predicate": "递延所得税资产余额", "object_type": "金额", "subject_type": "日期", "object": "19,215万元", "subject": "2016年末", "subject_index": {"begin": 14, "end": 20}, "object_index": {"begin": 64, "end": 72}}, {"predicate": "递延所得税资产余额", "object_type": "金额", "subject_type": "日期", "object": "18,772万元", "subject": "2017年6月末", "subject_index": {"begin": 21, "end": 29}, "object_index": {"begin": 73, "end": 81}}]}
