{"text": "报告期各期末，公司长期股权投资余额分别为21,066.37万元、490.27万元和0万元。", "spo_list": [{"predicate": "长期股权投资账面余额", "object_type": "金额", "subject_type": "日期", "object": "490.27万元", "subject": "报告期各期末", "subject_index": {"begin": 0, "end": 6}, "object_index": {"begin": 32, "end": 40}}, {"predicate": "长期股权投资账面余额", "object_type": "金额", "subject_type": "日期", "object": "0万元", "subject": "报告期各期末", "subject_index": {"begin": 0, "end": 6}, "object_index": {"begin": 41, "end": 44}}, {"predicate": "长期股权投资账面余额", "object_type": "金额", "subject_type": "日期", "object": "21,066.37万元", "subject": "报告期各期末", "subject_index": {"begin": 0, "end": 6}, "object_index": {"begin": 20, "end": 31}}]}
{"text": "截至2019年12月31日，预收账款账面价值为53.27万元，主要为预收分销货款。", "spo_list": [{"predicate": "预收款项余额", "object_type": "金额", "subject_type": "日期", "object": "53.27万元", "subject": "截至2019年12月31日", "subject_index": {"begin": 0, "end": 13}, "object_index": {"begin": 23, "end": 30}}]}
{"text": "2017年12月31日、2018年12月31日和2019年12月31日，公司预收款项金额分别为9.29万元、77.96万元和53.27万元，占总负债的比例分别为0.02%、0.10%和0.08%，报告期内整体占比较低。", "spo_list": [{"predicate": "预收款项余额", "object_type": "金额", "subject_type": "日期", "object": "9.29万元", "subject": "2017年12月31日", "subject_index": {"begin": 0, "end": 11}, "object_index": {"begin": 47, "end": 53}}, {"predicate": "预收款项余额", "object_type": "金额", "subject_type": "日期", "object": "77.96万元", "subject": "2018年12月31日", "subject_index": {"begin": 12, "end": 23}, "object_index": {"begin": 54, "end": 61}}, {"predicate": "预收款项余额", "object_type": "金额", "subject_type": "日期", "object": "53.27万元", "subject": "2019年12月31日", "subject_index": {"begin": 24, "end": 35}, "object_index": {"begin": 62, "end": 69}}]}
{"text": "2019年12月31日，公司应收账款坏账准备金额为10.72万元。对于应收账款，无论是否存在重大融资成分，公司均按照整个存续期的预期信用损失计量损失准备。", "spo_list": [{"predicate": "应收帐款坏账准备", "object_type": "金额", "subject_type": "日期", "object": "10.72万元", "subject": "2019年12月31日", "subject_index": {"begin": 0, "end": 11}, "object_index": {"begin": 25, "end": 32}}]}
{"text": "报告期各期末，公司应收账款账面余额分别为7,908.28万元、13,504.86万元及8,334.42万元，与对应业务当期收入规模匹配。公司服务的化妆品品牌方一般为国内外知名化妆品公司，品牌方信用状况良好。2018年度的应收账款周转率有所下降，主要原因为公司业务规模持续扩大，品牌营销运营服务业务规模及收入占比增加，导致公司应收账款增加，应收账款周转率有所下降。2019年度应收账款周转率较2018年度保持平稳。", "spo_list": [{"predicate": "应收账款账面余额", "object_type": "金额", "subject_type": "日期", "object": "7,908.28万元", "subject": "报告期各期末", "subject_index": {"begin": 0, "end": 6}, "object_index": {"begin": 20, "end": 30}}, {"predicate": "应收账款账面余额", "object_type": "金额", "subject_type": "日期", "object": "13,504.86万元", "subject": "报告期各期末", "subject_index": {"begin": 0, "end": 6}, "object_index": {"begin": 31, "end": 42}}, {"predicate": "应收账款账面余额", "object_type": "金额", "subject_type": "日期", "object": "8,334.42万元", "subject": "报告期各期末", "subject_index": {"begin": 0, "end": 6}, "object_index": {"begin": 43, "end": 53}}]}
{"text": "其他应收款”。于2017年12月31日、2018年12月31日及2019年12月31日，丽人丽妆合并财务报表中应收采购返利款款项的原值分别为93,990,996.19元、56,675,689.77元及47,441,241.04元。", "spo_list": [{"predicate": "其他应收款净额", "object_type": "金额", "subject_type": "日期", "object": "93,990,996.19元", "subject": "于2017年12月31日", "subject_index": {"begin": 7, "end": 19}, "object_index": {"begin": 70, "end": 84}}, {"predicate": "其他应收款净额", "object_type": "金额", "subject_type": "日期", "object": "56,675,689.77元", "subject": "2018年12月31日", "subject_index": {"begin": 20, "end": 31}, "object_index": {"begin": 85, "end": 99}}, {"predicate": "其他应收款净额", "object_type": "金额", "subject_type": "日期", "object": "47,441,241.04元", "subject": "2019年12月31日", "subject_index": {"begin": 32, "end": 43}, "object_index": {"begin": 100, "end": 114}}]}
{"text": "报告期各期末，公司的非流动负债均为长期应付款。截至2017年末、2018年末和2019年末，公司长期应付款金额分别为60.09万元、16.68万元和3.16万元，其主要为长期采购Adobe软件版权费用。", "spo_list": [{"predicate": "长期应付款", "object_type": "金额", "subject_type": "日期", "object": "60.09万元", "subject": "截至2017年末", "subject_index": {"begin": 23, "end": 31}, "object_index": {"begin": 58, "end": 65}}, {"predicate": "长期应付款", "object_type": "金额", "subject_type": "日期", "object": "16.68万元", "subject": "2018年末", "subject_index": {"begin": 32, "end": 38}, "object_index": {"begin": 66, "end": 73}}, {"predicate": "长期应付款", "object_type": "金额", "subject_type": "日期", "object": "3.16万元", "subject": "2019年末", "subject_index": {"begin": 39, "end": 45}, "object_index": {"begin": 74, "end": 80}}]}
{"text": "报告期末公司还相应调整递延所得税资产107,781.37元。相关调整对公司财务报表中股东权益的影响金额为323,344.11元，其中盈余公积32,334.41元、未分配利润291,009.70元。", "spo_list": [{"predicate": "盈余公积", "object_type": "金额", "subject_type": "日期", "object": "32,334.41元", "subject": "报告期末", "subject_index": {"begin": 0, "end": 4}, "object_index": {"begin": 70, "end": 80}}]}
{"text": "截至2019年12月31日，公司其他非流动资产金额3,845.50万元，主要包括IPO专业服务费以及针对综合服务中心建设项目的购房预付款。", "spo_list": [{"predicate": "其他非流动资产", "object_type": "金额", "subject_type": "日期", "object": "3,845.50万元", "subject": "截至2019年12月31日", "subject_index": {"begin": 0, "end": 13}, "object_index": {"begin": 25, "end": 35}}]}
{"text": "于2017年12月31日、2018年12月31日及2019年12月31日，丽人丽妆合并财务报表中存货账面余额分别为376,955,110.53元、600,135,039.70元及547,504,128.83元，存货跌价准备为11,551,410.73元、20,516,308.62元及30,238,154.04元。存货按成本与可变现净值孰低计量。", "spo_list": [{"predicate": "存货账面价值", "object_type": "金额", "subject_type": "日期", "object": "376,955,110.53元", "subject": "于2017年12月31日", "subject_index": {"begin": 0, "end": 12}, "object_index": {"begin": 57, "end": 72}}, {"predicate": "存货账面价值", "object_type": "金额", "subject_type": "日期", "object": "600,135,039.70元", "subject": "2018年12月31日", "subject_index": {"begin": 13, "end": 24}, "object_index": {"begin": 73, "end": 88}}, {"predicate": "存货账面价值", "object_type": "金额", "subject_type": "日期", "object": "547,504,128.83元", "subject": "2019年12月31日", "subject_index": {"begin": 25, "end": 36}, "object_index": {"begin": 89, "end": 104}}, {"predicate": "存货跌价准备", "object_type": "金额", "subject_type": "日期", "object": "11,551,410.73元", "subject": "于2017年12月31日", "subject_index": {"begin": 0, "end": 12}, "object_index": {"begin": 112, "end": 126}}, {"predicate": "存货跌价准备", "object_type": "金额", "subject_type": "日期", "object": "20,516,308.62元", "subject": "2018年12月31日", "subject_index": {"begin": 13, "end": 24}, "object_index": {"begin": 127, "end": 141}}, {"predicate": "存货跌价准备", "object_type": "金额", "subject_type": "日期", "object": "30,238,154.04元", "subject": "2019年12月31日", "subject_index": {"begin": 25, "end": 36}, "object_index": {"begin": 142, "end": 156}}]}
{"text": "。2018年12月31日，公司对上海渥格木体育文化发展有限公司的长期股权投资按权益法调整实现净损益-9.73万元。", "spo_list": [{"predicate": "非经常性损益", "object_type": "金额", "subject_type": "日期", "object": "-9.73万元", "subject": "2018年12月31日", "subject_index": {"begin": 1, "end": 12}, "object_index": {"begin": 49, "end": 56}}]}
{"text": "。2018年度，公司对上海联恩的长期股权投资按权益法调整净损益2,517.47万元，并于当期将所持上海联恩股权全部出售，确认处置联营企业的投资收益4,750.96万元。", "spo_list": [{"predicate": "非经常性损益", "object_type": "金额", "subject_type": "日期", "object": "2,517.47万元", "subject": "2018年度", "subject_index": {"begin": 1, "end": 7}, "object_index": {"begin": 31, "end": 41}}]}
{"text": "2017年12月31日、2018年12月31日和2019年12月31日，公司预收款项金额分别为9.29万元、77.96万元和53.27万元，占总负债的比例分别为0.02%、0.10%和0.08%，报告期内整体占比较低。", "spo_list": [{"predicate": "预收账款余额", "object_type": "金额", "subject_type": "日期", "object": "53.27万元", "subject": "2019年12月31日", "subject_index": {"begin": 24, "end": 35}, "object_index": {"begin": 62, "end": 69}}, {"predicate": "预收账款余额", "object_type": "金额", "subject_type": "日期", "object": "77.96万元", "subject": "2018年12月31日", "subject_index": {"begin": 12, "end": 23}, "object_index": {"begin": 54, "end": 61}}, {"predicate": "预收账款余额", "object_type": "金额", "subject_type": "日期", "object": "9.29万元", "subject": "2017年12月31日", "subject_index": {"begin": 0, "end": 11}, "object_index": {"begin": 47, "end": 53}}]}
{"text": "报告期各期末。公司还相应调整递延所得税资产107,781.37元。相关调整对公司财务报表中股东权益的影响金额为323,344.11元，其中盈余公积32,334.41元、未分配利润291,009.70元。", "spo_list": [{"predicate": "盈余公积", "object_type": "金额", "subject_type": "日期", "object": "32,334.41元", "subject": "报告期各期末", "subject_index": {"begin": 0, "end": 6}, "object_index": {"begin": 73, "end": 83}}]}
{"text": "2017年12月31日、2018年12月31日和2019年12月31日，公司其他应收款账面价值分别为28,890.58万元、50,978.05万元和48,161.19万元，占总资产比例分别为17.41%、24.24%和21.65%。", "spo_list": [{"predicate": "应收账款账面余额", "object_type": "金额", "subject_type": "日期", "object": "48,161.19万元", "subject": "2019年12月31日", "subject_index": {"begin": 24, "end": 35}, "object_index": {"begin": 74, "end": 85}}, {"predicate": "应收账款账面余额", "object_type": "金额", "subject_type": "日期", "object": "50,978.05万元", "subject": "2018年12月31日", "subject_index": {"begin": 12, "end": 23}, "object_index": {"begin": 62, "end": 73}}, {"predicate": "应收账款账面余额", "object_type": "金额", "subject_type": "日期", "object": "28,890.58万元", "subject": "2017年12月31日", "subject_index": {"begin": 0, "end": 11}, "object_index": {"begin": 50, "end": 61}}]}
{"text": "2017年12月31日、2018年12月31日和2019年12月31日，公司无形资产账面价值分别为319.77万元、274.07万元和164.14万元，占总资产的比例分别为0.19%、0.13%和0.07%。公司主要的无形资产为电脑软件，无形资产金额较小且占资产的比例也较小。报告期内公司无形资产账面原值逐年增加，主要系外购软件增加所致。", "spo_list": [{"predicate": "无形资产余额", "object_type": "金额", "subject_type": "日期", "object": "164.14万元", "subject": "2019年12月31日", "subject_index": {"begin": 24, "end": 35}, "object_index": {"begin": 67, "end": 75}}, {"predicate": "无形资产余额", "object_type": "金额", "subject_type": "日期", "object": "274.07万元", "subject": "2018年12月31日", "subject_index": {"begin": 12, "end": 23}, "object_index": {"begin": 58, "end": 66}}, {"predicate": "无形资产余额", "object_type": "金额", "subject_type": "日期", "object": "319.77万元", "subject": "2017年12月31日", "subject_index": {"begin": 0, "end": 11}, "object_index": {"begin": 49, "end": 57}}]}
{"text": "2017年12月31日、2018年12月31日和2019年12月31日，公司其他流动资产金额分别为7,518.69万元、4,052.16万元和1,911.25万元，占总资产的比例分别为4.53%、1.93%和0.86%。报告期各期末，公司其他流动资产主要为暂估进项税、尚未取得发票的预付进项税款、待抵扣进项税和待认证进项税。", "spo_list": [{"predicate": "其他流动资产", "object_type": "金额", "subject_type": "日期", "object": "1,911.25万元", "subject": "2019年12月31日", "subject_index": {"begin": 24, "end": 35}, "object_index": {"begin": 71, "end": 81}}, {"predicate": "其他流动资产", "object_type": "金额", "subject_type": "日期", "object": "4,052.16万元", "subject": "2018年12月31日", "subject_index": {"begin": 12, "end": 23}, "object_index": {"begin": 60, "end": 70}}, {"predicate": "其他流动资产", "object_type": "金额", "subject_type": "日期", "object": "7,518.69万元", "subject": "2017年12月31日", "subject_index": {"begin": 0, "end": 11}, "object_index": {"begin": 49, "end": 59}}]}
{"text": "报告期末因执行新金融工具准则，公司还相应调整递延所得税资产396,215.99元。相关调整对公司合并财务报表中归属于母公司股东权益的影响金额为1,747,361.43元，其中盈余公积32,334.41元、未分配利润1,715,027.02元；对少数股东权益无影响。", "spo_list": [{"predicate": "盈余公积", "object_type": "金额", "subject_type": "日期", "object": "32,334.41元", "subject": "报告期", "subject_index": {"begin": 0, "end": 3}, "object_index": {"begin": 91, "end": 101}}]}
{"text": "公司存货主要系为化妆品电商零售业务进行的备货，2017年12月31日、2018年12月31日、2019年12月31日，公司存货账面价值分别为36,540.37万元、57,961.87万元、51,726.60万元，占总资产的比例分别为22.02%、27.56%、23.25%，公", "spo_list": [{"predicate": "存货余额", "object_type": "金额", "subject_type": "日期", "object": "51,726.60万元", "subject": "2019年12月31日", "subject_index": {"begin": 47, "end": 58}, "object_index": {"begin": 94, "end": 105}}, {"predicate": "存货余额", "object_type": "金额", "subject_type": "日期", "object": "57,961.87万元", "subject": "2018年12月31日", "subject_index": {"begin": 35, "end": 46}, "object_index": {"begin": 82, "end": 93}}, {"predicate": "存货余额", "object_type": "金额", "subject_type": "日期", "object": "36,540.37万元", "subject": "2017年12月31日", "subject_index": {"begin": 23, "end": 34}, "object_index": {"begin": 70, "end": 81}}]}
{"text": "于2017年12月31日、2018年12月31日及2019年12月31日存货跌价准备为11,551,410.73元、20,516,308.62元及30,238,154.04元。存货按成本与可变现净值孰低计量。", "spo_list": [{"predicate": "存货跌价准备", "object_type": "金额", "subject_type": "日期", "object": "20,516,308.62元", "subject": "2018年12月31日", "subject_index": {"begin": 13, "end": 24}, "object_index": {"begin": 58, "end": 72}}, {"predicate": "存货跌价准备", "object_type": "金额", "subject_type": "日期", "object": "30,238,154.04元", "subject": "2019年12月31日", "subject_index": {"begin": 25, "end": 36}, "object_index": {"begin": 73, "end": 87}}, {"predicate": "存货跌价准备", "object_type": "金额", "subject_type": "日期", "object": "11,551,410.73元", "subject": "2017年12月31日", "subject_index": {"begin": 1, "end": 12}, "object_index": {"begin": 43, "end": 57}}]}
{"text": "2017年度，公司对上海联恩的长期股权投资按权益法调整净损益2,057.95万元。", "spo_list": [{"predicate": "股东权益评估值", "object_type": "金额", "subject_type": "日期", "object": "2,057.95万元", "subject": "2017年度", "subject_index": {"begin": 0, "end": 6}, "object_index": {"begin": 30, "end": 40}}]}
{"text": "2017年度，公司对上海丽帆的长期股权投资按权益法调整净损益40.36万元，并于当期将所持上海丽帆股权全部出售，确认处置联营企业的投资损失53.13万元。", "spo_list": [{"predicate": "股东权益评估值", "object_type": "金额", "subject_type": "日期", "object": "40.36万元", "subject": "2017年度", "subject_index": {"begin": 0, "end": 6}, "object_index": {"begin": 30, "end": 37}}]}
{"text": "截至2019年12月31日，预收账款账面价值为53.27万元，主要为预收分销货款。", "spo_list": [{"predicate": "预收款项余额", "object_type": "金额", "subject_type": "日期", "object": "53.27万元", "subject": "截至2019年12月31日", "subject_index": {"begin": 0, "end": 13}, "object_index": {"begin": 23, "end": 30}}]}
{"text": "报告期各期末因执行新金融工具准则，公司还相应调整递延所得税资产396,215.99元。相关调整对公司合并财务报表中归属于母公司股东权益的影响金额为1,747,361.43元，其中盈余公积32,334.41元、未分配利润1,715,027.02元；对少数股东权益无影响。", "spo_list": [{"predicate": "递延所得税负债", "object_type": "金额", "subject_type": "日期", "object": "396,215.99元", "subject": "报告期各期末", "subject_index": {"begin": 0, "end": 6}, "object_index": {"begin": 31, "end": 42}}]}
{"text": "2018年12月31日，公司应收阿里巴巴集团979.07万元，系公司天猫平台部分店铺的技术服务费返还款635.76万元以及公司预付的店铺技术服务年费、店铺保证金343.31万元。", "spo_list": [{"predicate": "应收合计", "object_type": "金额", "subject_type": "日期", "object": "979.07万元", "subject": "2018年12月31日", "subject_index": {"begin": 0, "end": 11}, "object_index": {"begin": 22, "end": 30}}]}
{"text": "报告期各期末，公司计提的其他应收款坏账准备余额分别为650.22万元、274.95万元及102.19万元。", "spo_list": [{"predicate": "其他应收款余额", "object_type": "金额", "subject_type": "日期", "object": "650.22万元", "subject": "报告期各期末", "subject_index": {"begin": 0, "end": 6}, "object_index": {"begin": 26, "end": 34}}, {"predicate": "其他应收款余额", "object_type": "金额", "subject_type": "日期", "object": "274.95万元", "subject": "报告期各期末", "subject_index": {"begin": 0, "end": 6}, "object_index": {"begin": 35, "end": 43}}, {"predicate": "其他应收款余额", "object_type": "金额", "subject_type": "日期", "object": "102.19万元", "subject": "报告期各期末", "subject_index": {"begin": 0, "end": 6}, "object_index": {"begin": 44, "end": 52}}]}
{"text": "报告期各期末，公司计提的其他应收款坏账准备余额分别为650.22万元、274.95万元及102.19万元。", "spo_list": [{"predicate": "其他应收款余额", "object_type": "金额", "subject_type": "日期", "object": "650.22万元", "subject": "报告期各期末", "subject_index": {"begin": 0, "end": 6}, "object_index": {"begin": 26, "end": 34}}, {"predicate": "其他应收款余额", "object_type": "金额", "subject_type": "日期", "object": "274.95万元", "subject": "报告期各期末", "subject_index": {"begin": 0, "end": 6}, "object_index": {"begin": 35, "end": 43}}, {"predicate": "其他应收款余额", "object_type": "金额", "subject_type": "日期", "object": "102.19万元", "subject": "报告期各期末", "subject_index": {"begin": 0, "end": 6}, "object_index": {"begin": 44, "end": 52}}]}
{"text": "报告期各期末，公司其他应收款——技术服务费返还款余额分别为1,473.60万元、1,888.93万元及3,713.93万元，2019年末技术服务费返还款余额较高，主要系当期协议约定的销售目标完成情况良好，当期计提金额较高。", "spo_list": [{"predicate": "其他应收款余额", "object_type": "金额", "subject_type": "日期", "object": "1,473.60万元", "subject": "报告期各期末", "subject_index": {"begin": 0, "end": 6}, "object_index": {"begin": 29, "end": 39}}, {"predicate": "其他应收款余额", "object_type": "金额", "subject_type": "日期", "object": "1,888.93万元", "subject": "报告期各期末", "subject_index": {"begin": 0, "end": 6}, "object_index": {"begin": 40, "end": 50}}, {"predicate": "其他应收款余额", "object_type": "金额", "subject_type": "日期", "object": "3,713.93万元", "subject": "报告期各期末", "subject_index": {"begin": 0, "end": 6}, "object_index": {"begin": 51, "end": 61}}]}
{"text": "截至2018年12月31日，公司其他非流动资产金额1,851.14万元。其中主要包括IPO专业服务费以及指定以公允价值计量且其变动计入当期损益的金融资产LeferiCo.,Ltd可赎回可转换优先股、PLANSAHEADHONGKONGLIMITED（后更名为Alicce9Limited）A轮优先股833股，为之支付的投资款分别为305.25万元和49.98万美元。根据新金融工具准则，2019年1月1日起，公司将上述优先股列示为其他非流动金融资产。", "spo_list": [{"predicate": "非流动资产", "object_type": "金额", "subject_type": "日期", "object": "1,851.14万元", "subject": "截至2018年12月31日", "subject_index": {"begin": 0, "end": 13}, "object_index": {"begin": 25, "end": 35}}]}
{"text": "截至2019年12月31日，公司其他非流动资产金额3,845.50万元，主要包括IPO专业服务费以及针对综合服务中心建设项目的购房预付款。", "spo_list": [{"predicate": "非流动资产", "object_type": "金额", "subject_type": "日期", "object": "3,845.50万元", "subject": "截至2019年12月31日", "subject_index": {"begin": 0, "end": 13}, "object_index": {"begin": 25, "end": 35}}]}
{"text": "截至2018年12月31日，公司其他非流动资产金额1,851.14万元。其中主要包括IPO专业服务费以及指定以公允价值计量且其变动计入当期损益的金融资产LeferiCo.,Ltd可赎回可转换优先股、PLANSAHEADHONGKONGLIMITED（后更名为Alicce9Limited）A轮优先股833股，为之支付的投资款分别为305.25万元和49.98万美元。根据新金融工具准则，2019年1月1日起，公司将上述优先股列示为其他非流动金融资产。", "spo_list": [{"predicate": "非流动资产", "object_type": "金额", "subject_type": "日期", "object": "1,851.14万元", "subject": "截至2018年12月31日，", "subject_index": {"begin": 0, "end": 14}, "object_index": {"begin": 25, "end": 35}}]}
{"text": "报告期各期末，公司的非流动负债均为长期应付款。截至2017年末、2018年末和2019年末，公司长期应付款金额分别为60.09万元、16.68万元和3.16万元，其主要为长期采购Adobe软件版权费用。", "spo_list": [{"predicate": "非流动负债", "object_type": "金额", "subject_type": "日期", "object": "60.09万元", "subject": "2017年末", "subject_index": {"begin": 25, "end": 31}, "object_index": {"begin": 58, "end": 65}}, {"predicate": "非流动负债", "object_type": "金额", "subject_type": "日期", "object": "16.68万元", "subject": "2018年末", "subject_index": {"begin": 32, "end": 38}, "object_index": {"begin": 66, "end": 73}}, {"predicate": "非流动负债", "object_type": "金额", "subject_type": "日期", "object": "3.16万元", "subject": "2019年末", "subject_index": {"begin": 39, "end": 45}, "object_index": {"begin": 74, "end": 80}}]}
{"text": "2017年12月31日、2018年12月31日和2019年12月31日，公司存货账面净额分别为36,540.37万元、57,961.87万元和51,726.60万元，占总资产的比例分别为22.02%、27.56%和23.25%。", "spo_list": [{"predicate": "存货账面余额", "object_type": "金额", "subject_type": "日期", "object": "57,961.87万元", "subject": "2018年12月31日", "subject_index": {"begin": 12, "end": 23}, "object_index": {"begin": 59, "end": 70}}, {"predicate": "存货账面余额", "object_type": "金额", "subject_type": "日期", "object": "51,726.60万元", "subject": "2019年12月31日", "subject_index": {"begin": 24, "end": 35}, "object_index": {"begin": 71, "end": 82}}, {"predicate": "存货账面余额", "object_type": "金额", "subject_type": "日期", "object": "36,540.37万元", "subject": "2017年12月31日", "subject_index": {"begin": 0, "end": 11}, "object_index": {"begin": 47, "end": 58}}]}
{"text": "公司应收账款主要为应收品牌方营销运营服务费用，2017年12月31日、2018年12月31日和2019年12月31日，公司应收账款账面净额分别为7,908.28万元、13,252.22万元和8,323.71万元，", "spo_list": [{"predicate": "应收帐款账面价值", "object_type": "金额", "subject_type": "日期", "object": "7,908.28万元", "subject": "2017年12月31日", "subject_index": {"begin": 23, "end": 34}, "object_index": {"begin": 72, "end": 82}}, {"predicate": "应收帐款账面价值", "object_type": "金额", "subject_type": "日期", "object": "13,252.22万元", "subject": "2018年12月31日", "subject_index": {"begin": 35, "end": 46}, "object_index": {"begin": 83, "end": 94}}, {"predicate": "应收帐款账面价值", "object_type": "金额", "subject_type": "日期", "object": "8,323.71万元", "subject": "2019年12月31日", "subject_index": {"begin": 47, "end": 58}, "object_index": {"begin": 95, "end": 105}}]}
{"text": "2017年12月31日、2018年12月31日和2019年12月31日，公司其他应收款账面价值分别为28,890.58万元、50,978.05万元和48,161.19万元，占总资产比例分别为17.41%、24.24%和21.65%。", "spo_list": [{"predicate": "其他应收账款账面价值", "object_type": "金额", "subject_type": "日期", "object": "28,890.58万元", "subject": "2017年12月31日", "subject_index": {"begin": 0, "end": 11}, "object_index": {"begin": 50, "end": 61}}, {"predicate": "其他应收账款账面价值", "object_type": "金额", "subject_type": "日期", "object": "50,978.05万元", "subject": "2018年12月31日", "subject_index": {"begin": 12, "end": 23}, "object_index": {"begin": 62, "end": 73}}, {"predicate": "其他应收账款账面价值", "object_type": "金额", "subject_type": "日期", "object": "48,161.19万元", "subject": "2019年12月31日", "subject_index": {"begin": 24, "end": 35}, "object_index": {"begin": 74, "end": 85}}]}
{"text": "2019年12月31日，公司其他非流动金融资产余额为2,185.64万元，其主要为公司持有的LeferiCo.,Ltd、Alicce9Limited优先股。于2017年12月31日及2018年12月31日，公司持有的上述优先股列示为其他非流动资产，2019年1月1日起，公司根据新金融工具准则将该等优先股列示为其他非流动金融资产。", "spo_list": [{"predicate": "其他非流动资产", "object_type": "金额", "subject_type": "日期", "object": "2,185.64万元", "subject": "2019年12月31日", "subject_index": {"begin": 0, "end": 11}, "object_index": {"begin": 26, "end": 36}}]}
{"text": "2018年末，公司存货跌价准备较2017年末增加896.49万元，其主要原因为随着公司存货规模的扩大，存货跌价准备亦同比例上升所致。2019年末，公司存货跌价准备较2018年末上升972.18万元，主要原因系部分品牌库龄结构变化所致。", "spo_list": [{"predicate": "存货跌价准备", "object_type": "金额", "subject_type": "日期", "object": "896.49万元", "subject": "2018年末", "subject_index": {"begin": 0, "end": 6}, "object_index": {"begin": 24, "end": 32}}, {"predicate": "存货跌价准备", "object_type": "金额", "subject_type": "日期", "object": "972.18万元", "subject": "2019年末", "subject_index": {"begin": 66, "end": 72}, "object_index": {"begin": 90, "end": 98}}]}
