{"text": "报告期各期末公司应收票据余额分别为371.50万元、196.48万元和403.94万元，占当期资产总额的比例分别为0.83%、0.33%和0.48%。", "spo_list": [{"predicate": "应收票据余额", "object_type": "金额", "subject_type": "日期", "object": "371.50万元", "subject": "报告期各期末", "subject_index": {"begin": 0, "end": 6}, "object_index": {"begin": 17, "end": 25}}, {"predicate": "应收票据余额", "object_type": "金额", "subject_type": "日期", "object": "196.48万元", "subject": "报告期各期末", "subject_index": {"begin": 0, "end": 6}, "object_index": {"begin": 26, "end": 34}}, {"predicate": "应收票据余额", "object_type": "金额", "subject_type": "日期", "object": "403.94万元", "subject": "报告期各期末", "subject_index": {"begin": 0, "end": 6}, "object_index": {"begin": 35, "end": 43}}]}
{"text": "报告期各期末公司的其他应收款净额分别为16.04万元、30.17万元和82.82万元，占总资产比例分别为0.04%、0.05%和0.10%。", "spo_list": [{"predicate": "其他应收款净额", "object_type": "金额", "subject_type": "日期", "object": "16.04万元", "subject": "报告期各期末", "subject_index": {"begin": 0, "end": 6}, "object_index": {"begin": 19, "end": 26}}, {"predicate": "其他应收款净额", "object_type": "金额", "subject_type": "日期", "object": "30.17万元", "subject": "报告期各期末", "subject_index": {"begin": 0, "end": 6}, "object_index": {"begin": 27, "end": 34}}, {"predicate": "其他应收款净额", "object_type": "金额", "subject_type": "日期", "object": "82.82万元", "subject": "报告期各期末", "subject_index": {"begin": 0, "end": 6}, "object_index": {"begin": 35, "end": 42}}]}
{"text": "2015年末在建工程余额较2014年末增加9,453.00万元，主要系公司二期工程等项目投入增加所致。2016年末在建工程余额较2015年末减少5,874.97万元，主要原因系二期工程（一阶段）等完工转入固定资产所致。", "spo_list": [{"predicate": "在建工程余额", "object_type": "金额", "subject_type": "日期", "object": "9,453.00万元", "subject": "015年末", "subject_index": {"begin": 1, "end": 6}, "object_index": {"begin": 21, "end": 31}}]}
{"text": "报告期各期末预收款项余额分别为91.36万元、110.68万元和39.70万元，占负债总额的比重分别为0.70%、0.60%和0.11%。", "spo_list": [{"predicate": "预收款项余额", "object_type": "金额", "subject_type": "日期", "object": "91.36万元", "subject": "报告期各期末", "subject_index": {"begin": 0, "end": 6}, "object_index": {"begin": 15, "end": 22}}, {"predicate": "预收款项余额", "object_type": "金额", "subject_type": "日期", "object": "110.68万元", "subject": "报告期各期末", "subject_index": {"begin": 0, "end": 6}, "object_index": {"begin": 23, "end": 31}}, {"predicate": "预收款项余额", "object_type": "金额", "subject_type": "日期", "object": "39.70万元", "subject": "报告期各期末", "subject_index": {"begin": 0, "end": 6}, "object_index": {"begin": 32, "end": 39}}]}
{"text": "2016年末一年内到期的非流动负债余额为1,904.50万元，占期末负债总额的比例为5.35%；2014年末、2015年末无一年内到期的非流动负债。", "spo_list": [{"predicate": "其他非流动负债的余额", "object_type": "金额", "subject_type": "日期", "object": "1,904.50万元", "subject": "2016年末", "subject_index": {"begin": 0, "end": 6}, "object_index": {"begin": 20, "end": 30}}]}
{"text": "2014年无长期借款，2015年新增长期借款4,950万元，2015年末长期借款余额为4,950万元，2016年末长期借款余额为11,045.50万元，较2015年末增加6,095.50万元，系增加用于二期工程建设的专项借款。", "spo_list": [{"predicate": "长期借款余额", "object_type": "金额", "subject_type": "日期", "object": "4,950万元", "subject": "2015年末", "subject_index": {"begin": 30, "end": 36}, "object_index": {"begin": 43, "end": 50}}, {"predicate": "长期借款余额", "object_type": "金额", "subject_type": "日期", "object": "11,045.50万元", "subject": "2016年末", "subject_index": {"begin": 51, "end": 57}, "object_index": {"begin": 64, "end": 75}}]}
{"text": "报告期各期末公司应收账款净额分别为6,361.43万元、6,854.31万元和9,282.84万元，占同期资产总额的比例分别为14.25%、11.63%和10.95%。", "spo_list": [{"predicate": "应收帐款净额", "object_type": "金额", "subject_type": "日期", "object": "6,361.43万元", "subject": "报告期各", "subject_index": {"begin": 0, "end": 4}, "object_index": {"begin": 17, "end": 27}}, {"predicate": "应收帐款净额", "object_type": "金额", "subject_type": "日期", "object": "6,854.31万元", "subject": "报告期各", "subject_index": {"begin": 0, "end": 4}, "object_index": {"begin": 28, "end": 38}}, {"predicate": "应收帐款净额", "object_type": "金额", "subject_type": "日期", "object": "9,282.84万元", "subject": "报告期各", "subject_index": {"begin": 0, "end": 4}, "object_index": {"begin": 39, "end": 49}}]}
{"text": "报告期各期末公司的库存商品余额分别为8,571.81万元、9,436.23万元和10,828.28万元，", "spo_list": [{"predicate": "存货余额", "object_type": "金额", "subject_type": "日期", "object": "8,571.81万元", "subject": "报告期", "subject_index": {"begin": 0, "end": 3}, "object_index": {"begin": 18, "end": 28}}, {"predicate": "存货余额", "object_type": "金额", "subject_type": "日期", "object": "9,436.23万元", "subject": "报告期", "subject_index": {"begin": 0, "end": 3}, "object_index": {"begin": 29, "end": 39}}, {"predicate": "罚款", "object_type": "金额", "subject_type": "日期", "object": "10,828.28万元", "subject": "报告期", "subject_index": {"begin": 0, "end": 3}, "object_index": {"begin": 40, "end": 51}}]}
{"text": "报告期各期末公司的固定资产账面价值分别为9,919.42万元、9,518.71万元和36,664.63万元，占总资产的比例分别为22.22%、16.16%和43.26%，", "spo_list": [{"predicate": "应收帐款账面价值", "object_type": "金额", "subject_type": "日期", "object": "9,919.42万元", "subject": "报告期各期", "subject_index": {"begin": 0, "end": 5}, "object_index": {"begin": 20, "end": 30}}, {"predicate": "固定资产账面价值", "object_type": "金额", "subject_type": "日期", "object": "9,518.71万元", "subject": "报告期各期", "subject_index": {"begin": 0, "end": 5}, "object_index": {"begin": 31, "end": 41}}, {"predicate": "固定资产账面价值", "object_type": "金额", "subject_type": "日期", "object": "36,664.63万元", "subject": "报告期各期", "subject_index": {"begin": 0, "end": 5}, "object_index": {"begin": 42, "end": 53}}]}
{"text": "公司报告期各期末无形资产账面价值分别为6,719.24万元、6,579.92万元和6,450.81万元，占总资产的比例分别为15.05%、11.17%和7.61%。", "spo_list": [{"predicate": "无形资产账面价值", "object_type": "金额", "subject_type": "日期", "object": "6,719.24万元", "subject": "公司报告期各期末", "subject_index": {"begin": 0, "end": 8}, "object_index": {"begin": 19, "end": 29}}, {"predicate": "无形资产账面价值", "object_type": "金额", "subject_type": "日期", "object": "6,579.92万元", "subject": "公司报告期各期末", "subject_index": {"begin": 0, "end": 8}, "object_index": {"begin": 30, "end": 40}}, {"predicate": "无形资产账面价值", "object_type": "金额", "subject_type": "日期", "object": "6,450.81万元", "subject": "公司报告期各期末", "subject_index": {"begin": 0, "end": 8}, "object_index": {"begin": 41, "end": 51}}]}
{"text": "报告期各期末公司应付利息余额分别为13.45万元、18.82万元和32.16万元，占各年末负债总额的比例分别为0.10%、0.10%和0.09%。各期末应付利息余额较小，系应付银行借款利息。", "spo_list": [{"predicate": "应付利息余额", "object_type": "金额", "subject_type": "日期", "object": "13.45万元", "subject": "报告期", "subject_index": {"begin": 0, "end": 3}, "object_index": {"begin": 17, "end": 24}}, {"predicate": "应付利息余额", "object_type": "金额", "subject_type": "日期", "object": "18.82万元", "subject": "报告期", "subject_index": {"begin": 0, "end": 3}, "object_index": {"begin": 25, "end": 32}}, {"predicate": "应付利息余额", "object_type": "金额", "subject_type": "日期", "object": "32.16万元", "subject": "报告期", "subject_index": {"begin": 0, "end": 3}, "object_index": {"begin": 33, "end": 40}}]}
{"text": "2015年末应收账款净额为6,854.31万元；2016年末应收账款净额较上年同期增加2,428.52万元，增幅35.43%，主要系公司2016年销售收入较去年同期增长24.67%，应收账款随之增加。", "spo_list": [{"predicate": "其他应收款净额", "object_type": "金额", "subject_type": "日期", "object": "6,854.31万元", "subject": "2015年末", "subject_index": {"begin": 0, "end": 6}, "object_index": {"begin": 13, "end": 23}}, {"predicate": "其他应收款净额", "object_type": "金额", "subject_type": "日期", "object": "2,428.52万元", "subject": "2016年末", "subject_index": {"begin": 24, "end": 30}, "object_index": {"begin": 43, "end": 53}}]}
{"text": "2015年末库存商品余额较2014年末增加864.42万元，2016年末库存商品余额较2015年末增加1,392.05万元；", "spo_list": [{"predicate": "存货余额", "object_type": "金额", "subject_type": "日期", "object": "864.42万元", "subject": "2015年末", "subject_index": {"begin": 0, "end": 6}, "object_index": {"begin": 21, "end": 29}}, {"predicate": "存货余额", "object_type": "金额", "subject_type": "日期", "object": "1,392.05万元", "subject": "2016年末", "subject_index": {"begin": 30, "end": 36}, "object_index": {"begin": 51, "end": 61}}]}
{"text": "报告期各期末公司的其他流动资产分别为24.53万元、110.03万元和279.69万元，占总资产比例分别为0.05%、0.19%和0.33%。", "spo_list": [{"predicate": "其他流动资产", "object_type": "金额", "subject_type": "日期", "object": "24.53万元", "subject": "报告期各期", "subject_index": {"begin": 0, "end": 5}, "object_index": {"begin": 18, "end": 25}}, {"predicate": "其他流动资产", "object_type": "金额", "subject_type": "日期", "object": "110.03万元", "subject": "报告期各期", "subject_index": {"begin": 0, "end": 5}, "object_index": {"begin": 26, "end": 34}}, {"predicate": "其他流动资产", "object_type": "金额", "subject_type": "日期", "object": "279.69万元", "subject": "报告期各期", "subject_index": {"begin": 0, "end": 5}, "object_index": {"begin": 35, "end": 43}}]}
{"text": "2016年末的工程物资余额较2015年末增加202.66万元，主要系发行人2016年末二期工程待安装设备增加。", "spo_list": [{"predicate": "在建工程余额", "object_type": "金额", "subject_type": "日期", "object": "202.66万元", "subject": "2016年末", "subject_index": {"begin": 0, "end": 6}, "object_index": {"begin": 22, "end": 30}}]}
{"text": "各期末公司其他非流动资产的账面价值分别为705.65万元、2,180.48万元和622.46万元，占总资产的比例分别为1.58%、3.70%和0.73%。报告期内发行人其他非流动资产主要是设备购买款及工程预付款等。", "spo_list": [{"predicate": "非流动资产", "object_type": "金额", "subject_type": "日期", "object": "705.65万元、", "subject": "各期末", "subject_index": {"begin": 0, "end": 3}, "object_index": {"begin": 20, "end": 29}}, {"predicate": "非流动资产", "object_type": "金额", "subject_type": "日期", "object": "2,180.48万元", "subject": "各期末", "subject_index": {"begin": 0, "end": 3}, "object_index": {"begin": 29, "end": 39}}, {"predicate": "非流动资产", "object_type": "金额", "subject_type": "日期", "object": "622.46万元", "subject": "各期末", "subject_index": {"begin": 0, "end": 3}, "object_index": {"begin": 40, "end": 48}}]}
{"text": "报告期各期末公司其他应付款余额分别为3.25万元、65.35万元和322.17万元，占各年末负债总额的比例分别为0.03%、0.35%和0.91%。", "spo_list": [{"predicate": "其他应付款余额", "object_type": "金额", "subject_type": "日期", "object": "65.35万元", "subject": "报告期各期末", "subject_index": {"begin": 0, "end": 6}, "object_index": {"begin": 25, "end": 32}}, {"predicate": "其他应付款余额", "object_type": "金额", "subject_type": "日期", "object": "3.25万元", "subject": "报告期各期末", "subject_index": {"begin": 0, "end": 6}, "object_index": {"begin": 18, "end": 24}}, {"predicate": "其他应付款余额", "object_type": "金额", "subject_type": "日期", "object": "322.17万元", "subject": "报告期各期末", "subject_index": {"begin": 0, "end": 6}, "object_index": {"begin": 33, "end": 41}}]}
{"text": "报告期内公司期间费用总额分别为4,574.28万元、5,642.75万元和6,823.30万元，", "spo_list": [{"predicate": "期间费用", "object_type": "金额", "subject_type": "日期", "object": "4,574.28万元、", "subject": "报告期内", "subject_index": {"begin": 0, "end": 4}, "object_index": {"begin": 15, "end": 26}}, {"predicate": "期间费用", "object_type": "金额", "subject_type": "日期", "object": "5,642.75万元", "subject": "报告期内", "subject_index": {"begin": 0, "end": 4}, "object_index": {"begin": 26, "end": 36}}, {"predicate": "期间费用", "object_type": "金额", "subject_type": "日期", "object": "6,823.30万元", "subject": "报告期内", "subject_index": {"begin": 0, "end": 4}, "object_index": {"begin": 37, "end": 47}}]}
{"text": "截至2016年12月31日，公司短期借款余额为100,215,102.67元，为银行抵押借款、保证借款；长期借款余额为110,455,000.00元（不包括一年内到期的长期借款19,045,000.00元）为银行抵押借款。", "spo_list": [{"predicate": "长期借款余额", "object_type": "金额", "subject_type": "日期", "object": "110,455,000.00元", "subject": "2016年12月31日", "subject_index": {"begin": 2, "end": 13}, "object_index": {"begin": 59, "end": 74}}]}
{"text": "报告期各期末公司的预付款项金额分别为148.32万元、403.41万元和741.27万元，占总资产的比例分别为0.33%、0.68%和0.87%，主要系预付原材料款和预付发行上市中介费用等。", "spo_list": [{"predicate": "预付款项余额", "object_type": "金额", "subject_type": "日期", "object": "148.32万元", "subject": "报告期各期末", "subject_index": {"begin": 0, "end": 6}, "object_index": {"begin": 18, "end": 26}}, {"predicate": "预付款项余额", "object_type": "金额", "subject_type": "日期", "object": "403.41万元", "subject": "报告期各期末", "subject_index": {"begin": 0, "end": 6}, "object_index": {"begin": 27, "end": 35}}, {"predicate": "预付款项余额", "object_type": "金额", "subject_type": "日期", "object": "741.27万元", "subject": "报告期各期末", "subject_index": {"begin": 0, "end": 6}, "object_index": {"begin": 36, "end": 44}}]}
{"text": "2015年末固定资产账面价值与2014年末相当；2016年末固定资产账面价值较2015年末增加27,145.92万元，增幅为285.18%，主要原因系二期工程（一阶段）完工转入固定资产所致。", "spo_list": [{"predicate": "固定资产账面价值", "object_type": "金额", "subject_type": "日期", "object": "27,145.92万元", "subject": "2016年末", "subject_index": {"begin": 24, "end": 30}, "object_index": {"begin": 47, "end": 58}}]}
{"text": "报告期各期末，公司其他流动负债余额分别为204.08万元、174.04万元和207.56万元，占各期末负债的比例分别为1.57%、0.94%和0.58%，", "spo_list": [{"predicate": "其他流动负债余额", "object_type": "金额", "subject_type": "日期", "object": "204.08万元", "subject": "报告期各期末", "subject_index": {"begin": 0, "end": 6}, "object_index": {"begin": 20, "end": 28}}, {"predicate": "其他流动负债余额", "object_type": "金额", "subject_type": "日期", "object": "174.04万元", "subject": "报告期各期末", "subject_index": {"begin": 0, "end": 6}, "object_index": {"begin": 29, "end": 37}}, {"predicate": "其他流动负债余额", "object_type": "金额", "subject_type": "日期", "object": "207.56万元", "subject": "报告期各期末", "subject_index": {"begin": 0, "end": 6}, "object_index": {"begin": 38, "end": 46}}]}
{"text": "报告期内公司分别发生期间费用4,574.28万元、5,642.75万元和6,823.30万元，", "spo_list": [{"predicate": "期间费用", "object_type": "金额", "subject_type": "日期", "object": "4,574.28万元", "subject": "报告期内", "subject_index": {"begin": 0, "end": 4}, "object_index": {"begin": 14, "end": 24}}, {"predicate": "期间费用", "object_type": "金额", "subject_type": "日期", "object": "5,642.75万元", "subject": "报告期内", "subject_index": {"begin": 0, "end": 4}, "object_index": {"begin": 25, "end": 35}}, {"predicate": "期间费用", "object_type": "金额", "subject_type": "日期", "object": "6,823.30万元", "subject": "报告期内", "subject_index": {"begin": 0, "end": 4}, "object_index": {"begin": 36, "end": 46}}]}
