{"text": "截至2017年6月30日，固定资产中净值约为8,549万元（原值15,433万元）的房屋、建筑物作为11,600万元短期借款的抵押物。", "spo_list": [{"predicate": "固定资产净额", "object_type": "金额", "subject_type": "日期", "object": "8,549万元", "subject": "2017年6月30日", "subject_index": {"begin": 2, "end": 12}, "object_index": {"begin": 22, "end": 29}}]}
{"text": "截至2017年6月30日，无形资产中净值约为2,730万元（原值3,424万元）的土地使用权作为11,600万元的短期借款的抵押物。", "spo_list": [{"predicate": "无形资产账面价值", "object_type": "金额", "subject_type": "日期", "object": "2,730万元", "subject": "2017年6月30日", "subject_index": {"begin": 2, "end": 12}, "object_index": {"begin": 22, "end": 29}}]}
{"text": "截至2017年6月30日，公司预收款项余额为272,855,607.33元，账龄如下表：", "spo_list": [{"predicate": "预收账款余额", "object_type": "金额", "subject_type": "日期", "object": "272,855,607.33元", "subject": "2017年6月30日", "subject_index": {"begin": 2, "end": 12}, "object_index": {"begin": 22, "end": 37}}]}
{"text": "2015年11月减少盈余公积4,154,799.81元", "spo_list": [{"predicate": "盈余公积", "object_type": "金额", "subject_type": "日期", "object": "4,154,799.81元", "subject": "2015年11月", "subject_index": {"begin": 0, "end": 8}, "object_index": {"begin": 14, "end": 27}}]}
{"text": "2014年末、2015年末、2016年末及2017年6月末，公司应收账款净额分别为15,369.52万元、20,999.58万元、28,793.45万元及28,335.44万元，", "spo_list": [{"predicate": "应收帐款净额", "object_type": "金额", "subject_type": "日期", "object": "28,335.44万元", "subject": "2017年6月末", "subject_index": {"begin": 21, "end": 29}, "object_index": {"begin": 77, "end": 88}}, {"predicate": "应收帐款净额", "object_type": "金额", "subject_type": "日期", "object": "28,793.45万元", "subject": "2016年末", "subject_index": {"begin": 14, "end": 20}, "object_index": {"begin": 65, "end": 76}}, {"predicate": "应收帐款净额", "object_type": "金额", "subject_type": "日期", "object": "20,999.58万元", "subject": "2015年末", "subject_index": {"begin": 7, "end": 13}, "object_index": {"begin": 53, "end": 64}}, {"predicate": "应收帐款净额", "object_type": "金额", "subject_type": "日期", "object": "15,369.52万元", "subject": "2014年末", "subject_index": {"begin": 0, "end": 6}, "object_index": {"begin": 41, "end": 52}}]}
{"text": "各报告期末公司2年以上应收账款分别为1,504.92万元、2,031.31万元、1,736.87万元，坏账准备分别为1,025.99万元、1,220.03万元和855.74万元，占2年以上应收账款的比例分别为68.18%、60.07%和49.27%，坏账计提充分。", "spo_list": [{"predicate": "应收帐款账面价值", "object_type": "金额", "subject_type": "日期", "object": "1,504.92万元", "subject": "各报告期末", "subject_index": {"begin": 0, "end": 5}, "object_index": {"begin": 18, "end": 28}}, {"predicate": "应收帐款账面价值", "object_type": "金额", "subject_type": "日期", "object": "2,031.31万元", "subject": "各报告期末", "subject_index": {"begin": 0, "end": 5}, "object_index": {"begin": 29, "end": 39}}, {"predicate": "应收帐款账面价值", "object_type": "金额", "subject_type": "日期", "object": "1,736.87万元", "subject": "各报告期末", "subject_index": {"begin": 0, "end": 5}, "object_index": {"begin": 40, "end": 50}}, {"predicate": "应收帐款坏账准备", "object_type": "金额", "subject_type": "日期", "object": "1,025.99万元", "subject": "各报告期末", "subject_index": {"begin": 0, "end": 5}, "object_index": {"begin": 58, "end": 68}}, {"predicate": "应收帐款坏账准备", "object_type": "金额", "subject_type": "日期", "object": "1,220.03万元", "subject": "各报告期末", "subject_index": {"begin": 0, "end": 5}, "object_index": {"begin": 69, "end": 79}}, {"predicate": "应收帐款坏账准备", "object_type": "金额", "subject_type": "日期", "object": "855.74万元", "subject": "各报告期末", "subject_index": {"begin": 0, "end": 5}, "object_index": {"begin": 80, "end": 88}}]}
{"text": "2014年末、2015年末、2016年末及2017年6月末，公司预付款项余额分别为9,306.45万元、6,814.52万元、4,921.85万元及5,083.18万元，占流动资产的比例分别为7.51%、5.99%、4.81%及5.06%。公司的预付款项主要是预付材料款、运费、分包费等。", "spo_list": [{"predicate": "预付款项余额", "object_type": "金额", "subject_type": "日期", "object": "5,083.18万元", "subject": "2017年6月末", "subject_index": {"begin": 21, "end": 29}, "object_index": {"begin": 74, "end": 84}}, {"predicate": "预付款项余额", "object_type": "金额", "subject_type": "日期", "object": "4,921.85万元", "subject": "2016年末", "subject_index": {"begin": 14, "end": 20}, "object_index": {"begin": 63, "end": 73}}, {"predicate": "预付款项余额", "object_type": "金额", "subject_type": "日期", "object": "6,814.52万元", "subject": "2015年末", "subject_index": {"begin": 7, "end": 13}, "object_index": {"begin": 52, "end": 62}}, {"predicate": "预付款项余额", "object_type": "金额", "subject_type": "日期", "object": "9,306.45万元", "subject": "2014年末", "subject_index": {"begin": 0, "end": 6}, "object_index": {"begin": 41, "end": 51}}]}
{"text": "2014年末、2015年末、2016年末及2017年6月末，公司存货账面价值分别为60,788.74万元、63,934.52万元、47,758.97万元及46,718.80万元，", "spo_list": [{"predicate": "存货账面价值", "object_type": "金额", "subject_type": "日期", "object": "46,718.80万元", "subject": "2017年6月末", "subject_index": {"begin": 21, "end": 29}, "object_index": {"begin": 77, "end": 88}}, {"predicate": "存货账面价值", "object_type": "金额", "subject_type": "日期", "object": "47,758.97万元", "subject": "2016年末", "subject_index": {"begin": 14, "end": 20}, "object_index": {"begin": 65, "end": 76}}, {"predicate": "存货账面价值", "object_type": "金额", "subject_type": "日期", "object": "63,934.52万元", "subject": "2015年末", "subject_index": {"begin": 7, "end": 13}, "object_index": {"begin": 53, "end": 64}}, {"predicate": "存货账面价值", "object_type": "金额", "subject_type": "日期", "object": "60,788.74万元", "subject": "2014年末", "subject_index": {"begin": 0, "end": 6}, "object_index": {"begin": 41, "end": 52}}]}
{"text": "2014年末、2015年末、2016年末及2017年6月末，公司非流动资产的金额分别为22,791.58万元、21,698.99万元、22,469.65万元及22,219.40万元。从具体构成来看，固定资产和无形资产是最主要的项目，二者合计占全部非流动资产比例分别为88.69%、87.41%、93.74%及93.56%。", "spo_list": [{"predicate": "非流动资产", "object_type": "金额", "subject_type": "日期", "object": "22,791.58万元", "subject": "2014年末", "subject_index": {"begin": 0, "end": 6}, "object_index": {"begin": 43, "end": 54}}, {"predicate": "非流动资产", "object_type": "金额", "subject_type": "日期", "object": "21,698.99万元", "subject": "2015年末", "subject_index": {"begin": 7, "end": 13}, "object_index": {"begin": 55, "end": 66}}, {"predicate": "非流动资产", "object_type": "金额", "subject_type": "日期", "object": "22,469.65万元", "subject": "2016年末", "subject_index": {"begin": 14, "end": 20}, "object_index": {"begin": 67, "end": 78}}, {"predicate": "非流动资产", "object_type": "金额", "subject_type": "日期", "object": "22,219.40万元", "subject": "2017年6月末", "subject_index": {"begin": 21, "end": 29}, "object_index": {"begin": 79, "end": 90}}]}
{"text": "2014年末、2015年末、2016年末及2017年6月末，公司在建工程余额分别为103.67万元、125.15万元、14.42万元及14.42万元，占非流动资产的比例为0.46%、0.58%、0.06%及0.06%。2016年度在建工程转为固定资产，导致余额下降。公司在建工程占资产总额比例较低，不存在减值情形。", "spo_list": [{"predicate": "在建工程余额", "object_type": "金额", "subject_type": "日期", "object": "14.42万元", "subject": "2017年6月末", "subject_index": {"begin": 21, "end": 29}, "object_index": {"begin": 67, "end": 74}}, {"predicate": "在建工程余额", "object_type": "金额", "subject_type": "日期", "object": "14.42万元", "subject": "2016年末", "subject_index": {"begin": 14, "end": 20}, "object_index": {"begin": 59, "end": 66}}, {"predicate": "在建工程余额", "object_type": "金额", "subject_type": "日期", "object": "125.15万元", "subject": "2015年末", "subject_index": {"begin": 7, "end": 13}, "object_index": {"begin": 50, "end": 58}}, {"predicate": "在建工程余额", "object_type": "金额", "subject_type": "日期", "object": "103.67万元", "subject": "2014年末", "subject_index": {"begin": 0, "end": 6}, "object_index": {"begin": 41, "end": 49}}]}
{"text": "2015年末应收账款余额增长6,040.46万元，预收款项下降2,216.24万元，当年部分项目尚未到付款节点，导致应收账款余额增长，当年销售商品、提供劳务收到的现金下降。2016年度营业收入增加，销售商品、提供劳务收到的现金增加。", "spo_list": [{"predicate": "应收账款账面余额", "object_type": "金额", "subject_type": "日期", "object": "6,040.46万元", "subject": "2015年末", "subject_index": {"begin": 0, "end": 6}, "object_index": {"begin": 14, "end": 24}}, {"predicate": "预收账款余额", "object_type": "金额", "subject_type": "日期", "object": "2,216.24万元", "subject": "2015年末", "subject_index": {"begin": 0, "end": 6}, "object_index": {"begin": 31, "end": 41}}]}
{"text": "2014年、2015年、2016年及2017年1-6月，公司购建固定资产、无形资产和其他长期资产支付的现金分别为881.79万元、879.88万元、4,010.06万元及773.04万元。", "spo_list": [{"predicate": "固定资产账面价值", "object_type": "金额", "subject_type": "日期", "object": "881.79万元", "subject": "2014年", "subject_index": {"begin": 0, "end": 5}, "object_index": {"begin": 56, "end": 64}}, {"predicate": "无形资产账面价值", "object_type": "金额", "subject_type": "日期", "object": "879.88万元", "subject": "2015年", "subject_index": {"begin": 6, "end": 11}, "object_index": {"begin": 65, "end": 73}}]}
{"text": "发行人及其子公司2014年度、2015年度和2016年度环保固定资产等设施投入分别为60.94万元、69.74万元和74.50万元，", "spo_list": [{"predicate": "固定资产账面价值", "object_type": "金额", "subject_type": "日期", "object": "60.94万元", "subject": "2014年度", "subject_index": {"begin": 8, "end": 14}, "object_index": {"begin": 42, "end": 49}}, {"predicate": "固定资产账面价值", "object_type": "金额", "subject_type": "日期", "object": "69.74万元", "subject": "2015年度", "subject_index": {"begin": 15, "end": 21}, "object_index": {"begin": 50, "end": 57}}, {"predicate": "固定资产账面价值", "object_type": "金额", "subject_type": "日期", "object": "74.50万元", "subject": "2016年度", "subject_index": {"begin": 22, "end": 28}, "object_index": {"begin": 58, "end": 65}}]}
{"text": "2014年末、2015年末、2016年末及2017年6月末，发行人应收票据分别为22.50万元、433.05万元、75.00万元及159.72万元，", "spo_list": [{"predicate": "应收票据账面价值", "object_type": "金额", "subject_type": "日期", "object": "22.50万元", "subject": "2014年末", "subject_index": {"begin": 0, "end": 6}, "object_index": {"begin": 40, "end": 47}}, {"predicate": "应收票据账面价值", "object_type": "金额", "subject_type": "日期", "object": "433.05万元", "subject": "2015年末", "subject_index": {"begin": 7, "end": 13}, "object_index": {"begin": 48, "end": 56}}, {"predicate": "应收票据账面价值", "object_type": "金额", "subject_type": "日期", "object": "75.00万元", "subject": "2016年末", "subject_index": {"begin": 14, "end": 20}, "object_index": {"begin": 57, "end": 64}}, {"predicate": "应收票据账面价值", "object_type": "金额", "subject_type": "日期", "object": "159.72万元", "subject": "2017年6月末", "subject_index": {"begin": 21, "end": 29}, "object_index": {"begin": 65, "end": 73}}]}
{"text": "2017年1-6月，公司核销应收账款383.94万元，", "spo_list": [{"predicate": "应收账款账面余额", "object_type": "金额", "subject_type": "日期", "object": "383.94万元", "subject": "2017年1-6月", "subject_index": {"begin": 0, "end": 9}, "object_index": {"begin": 18, "end": 26}}]}
{"text": "2014年末、2015年末、2016年末及2017年6月末前五大客户合计的应收账款分别为13,493.86万元、15,916.35万元、23,359.93万元及21,950.91万元，", "spo_list": [{"predicate": "应收账款账面余额", "object_type": "金额", "subject_type": "日期", "object": "13,493.86万元", "subject": "2014年末", "subject_index": {"begin": 0, "end": 6}, "object_index": {"begin": 44, "end": 55}}, {"predicate": "应收账款账面余额", "object_type": "金额", "subject_type": "日期", "object": "15,916.35万元", "subject": "2015年末", "subject_index": {"begin": 7, "end": 13}, "object_index": {"begin": 56, "end": 67}}, {"predicate": "应收账款账面余额", "object_type": "金额", "subject_type": "日期", "object": "23,359.93万元", "subject": "2016年末", "subject_index": {"begin": 14, "end": 20}, "object_index": {"begin": 68, "end": 79}}, {"predicate": "应收账款账面余额", "object_type": "金额", "subject_type": "日期", "object": "21,950.91万元", "subject": "2017年6月末", "subject_index": {"begin": 21, "end": 29}, "object_index": {"begin": 80, "end": 91}}]}
{"text": "截至2017年6月30日，发行人的预付账款5,083.18万元，其中账龄在1年以上的预付账款为1,277.66万元，主要是预付土地款及部分采购产生。2017年6月30日账龄在1年以上的主要预付账款如下：", "spo_list": [{"predicate": "预付账款余额", "object_type": "金额", "subject_type": "日期", "object": "5,083.18万元", "subject": "2017年6月30日", "subject_index": {"begin": 2, "end": 12}, "object_index": {"begin": 21, "end": 31}}, {"predicate": "预付账款余额", "object_type": "金额", "subject_type": "日期", "object": "1,277.66万元", "subject": "2017年6月30日", "subject_index": {"begin": 2, "end": 12}, "object_index": {"begin": 47, "end": 57}}]}
{"text": "2014年末、2015年、2016年末及2017年6月末，公司其他应收款净额分别为7,580.97万元、1,036.99万元、1,465.12万元及1,039.34万元，占流动资产的比例分别为6.12%、0.91%、1.43%及1.03%。报告期各期末，公司其他应收款金额占流动资产的比例均较小。2015年末大幅减少的原因系清理长期挂账的关联方往来所致。", "spo_list": [{"predicate": "其他应收款净额", "object_type": "金额", "subject_type": "日期", "object": "7,580.97万元", "subject": "2014年末", "subject_index": {"begin": 0, "end": 6}, "object_index": {"begin": 41, "end": 51}}, {"predicate": "其他应收款净额", "object_type": "金额", "subject_type": "日期", "object": "1,036.99万元", "subject": "2015年", "subject_index": {"begin": 7, "end": 12}, "object_index": {"begin": 52, "end": 62}}, {"predicate": "其他应收款净额", "object_type": "金额", "subject_type": "日期", "object": "1,465.12万元", "subject": "2016年末", "subject_index": {"begin": 13, "end": 19}, "object_index": {"begin": 63, "end": 73}}, {"predicate": "其他应收款净额", "object_type": "金额", "subject_type": "日期", "object": "1,039.34万元", "subject": "2017年6月末", "subject_index": {"begin": 20, "end": 28}, "object_index": {"begin": 74, "end": 84}}]}
{"text": "2014年末、2015年末、2016年末及2017年6月末，公司固定资产净值分别为17,103.52万元、16,005.81万元、16,064.00万元及15,790.79万元，占非流动资产的比例为75.24%、73.76%、71.49%及71.07%。按照公司生产经营情况，公司将固定资产划分为房屋及建筑物、机器设备、运输工具、办公设备，报告期各期末，公司固定资产构成情况如下表所示：", "spo_list": [{"predicate": "固定资产净额", "object_type": "金额", "subject_type": "日期", "object": "17,103.52万元", "subject": "2014年末", "subject_index": {"begin": 0, "end": 6}, "object_index": {"begin": 41, "end": 52}}, {"predicate": "固定资产净额", "object_type": "金额", "subject_type": "日期", "object": "16,005.81万元", "subject": "2015年末", "subject_index": {"begin": 7, "end": 13}, "object_index": {"begin": 53, "end": 64}}, {"predicate": "固定资产净额", "object_type": "金额", "subject_type": "日期", "object": "16,064.00万元", "subject": "2016年末", "subject_index": {"begin": 14, "end": 20}, "object_index": {"begin": 65, "end": 76}}, {"predicate": "固定资产净额", "object_type": "金额", "subject_type": "日期", "object": "15,790.79万元", "subject": "2017年6月末", "subject_index": {"begin": 21, "end": 29}, "object_index": {"begin": 77, "end": 88}}]}
{"text": "2014年末、2015年末、2016年末及2017年6月末，公司的预收款项分别为46,813.08万元、44,596.84万元、31,409.64万元及27,285.56万元，分别占当期末流动负债的35.89%、42.41%、36.29%及33.74%。", "spo_list": [{"predicate": "预收款项余额", "object_type": "金额", "subject_type": "日期", "object": "46,813.08万元", "subject": "2014年末", "subject_index": {"begin": 0, "end": 6}, "object_index": {"begin": 40, "end": 51}}, {"predicate": "预收款项余额", "object_type": "金额", "subject_type": "日期", "object": "44,596.84万元", "subject": "2015年末", "subject_index": {"begin": 7, "end": 13}, "object_index": {"begin": 52, "end": 63}}, {"predicate": "预收款项余额", "object_type": "金额", "subject_type": "日期", "object": "31,409.64万元", "subject": "2016年末", "subject_index": {"begin": 14, "end": 20}, "object_index": {"begin": 64, "end": 75}}, {"predicate": "预收款项余额", "object_type": "金额", "subject_type": "日期", "object": "27,285.56万元", "subject": "2017年6月末", "subject_index": {"begin": 21, "end": 29}, "object_index": {"begin": 76, "end": 87}}]}
