{"text": "公司主要固定资产为房屋建筑物、机器设备、运输工具、电子及其他设备等。截至2010年12月31日，公司固定资产账面原值36,532.53万元，净值30,661.20万元。公司最近三年固定资产原值情况如下：", "spo_list": [{"predicate": "固定资产账面价值", "object_type": "金额", "subject_type": "日期", "object": "36,532.53万元", "subject": "截至2010年12月31日", "subject_index": {"begin": 34, "end": 47}, "object_index": {"begin": 58, "end": 69}}, {"predicate": "固定资产净额", "object_type": "金额", "subject_type": "日期", "object": "30,661.20万元", "subject": "截至2010年12月31日", "subject_index": {"begin": 34, "end": 47}, "object_index": {"begin": 72, "end": 83}}]}
{"text": "从年初应收账款在年内的回款来看，2010年回款比例为59.71%，要优于2009年的53.25%。在此情况下2010年末应收账款余额较上年末增加了16,079.33万元、增长51.91%，原因是2010年当年新增应收账款较多，其中主要是2010年三、四季度完成产品交付、验收的订单大幅增加、实现收入多，销货余额尚处于回款期内未收回所致。2010年各季度实现收入与年未应收账款的对应关系如下：", "spo_list": [{"predicate": "应收账款账面余额", "object_type": "金额", "subject_type": "日期", "object": "16,079.33万元", "subject": "2010年末", "subject_index": {"begin": 54, "end": 60}, "object_index": {"begin": 73, "end": 84}}]}
{"text": "报告期各期末预付款项余额分别为4,186.44万元、2,467.90万元和4,248.51万元，", "spo_list": [{"predicate": "预付款项余额", "object_type": "金额", "subject_type": "日期", "object": "4,186.44万元", "subject": "报告期各期末", "subject_index": {"begin": 0, "end": 6}, "object_index": {"begin": 15, "end": 25}}, {"predicate": "预付款项余额", "object_type": "金额", "subject_type": "日期", "object": "2,467.90万元", "subject": "报告期各期末", "subject_index": {"begin": 0, "end": 6}, "object_index": {"begin": 26, "end": 36}}, {"predicate": "预付款项余额", "object_type": "金额", "subject_type": "日期", "object": "4,248.51万元", "subject": "报告期各期末", "subject_index": {"begin": 0, "end": 6}, "object_index": {"begin": 37, "end": 47}}]}
{"text": "公司存货主要为原材料、在产品、发出商品等。报告期内公司存货净额分别为28,049.58万元、23,930.06万元、20,664.46万元，占流动资产的比例分别为41.72%、31.34%和22.88%。", "spo_list": [{"predicate": "存货净值", "object_type": "金额", "subject_type": "日期", "object": "28,049.58万元", "subject": "报告期内", "subject_index": {"begin": 21, "end": 25}, "object_index": {"begin": 34, "end": 45}}, {"predicate": "存货净值", "object_type": "金额", "subject_type": "日期", "object": "23,930.06万元", "subject": "报告期内", "subject_index": {"begin": 21, "end": 25}, "object_index": {"begin": 46, "end": 57}}, {"predicate": "存货净值", "object_type": "金额", "subject_type": "日期", "object": "20,664.46万元", "subject": "报告期内", "subject_index": {"begin": 21, "end": 25}, "object_index": {"begin": 58, "end": 69}}]}
{"text": "报告期各期末，公司预收款项余额分别为18,006.63万元、8,838.71万元和9,678.28万元，在流动负债中占比分别为31.96%，17.45%和21.26%。", "spo_list": [{"predicate": "预收款项余额", "object_type": "金额", "subject_type": "日期", "object": "18,006.63万元", "subject": "报告期各期末", "subject_index": {"begin": 0, "end": 6}, "object_index": {"begin": 18, "end": 29}}, {"predicate": "预收款项余额", "object_type": "金额", "subject_type": "日期", "object": "8,838.71万元", "subject": "报告期各期末", "subject_index": {"begin": 0, "end": 6}, "object_index": {"begin": 30, "end": 40}}, {"predicate": "预收款项余额", "object_type": "金额", "subject_type": "日期", "object": "9,678.28万元", "subject": "报告期各期末", "subject_index": {"begin": 0, "end": 6}, "object_index": {"begin": 41, "end": 51}}]}
{"text": "公司的应收账款主要由销售货款与质量保证金组成，报告期各期末，应收账款余额为26,330.86万元、30,975.77万元、47,055.10万元，", "spo_list": [{"predicate": "应收账款账面余额", "object_type": "金额", "subject_type": "日期", "object": "26,330.86万元", "subject": "报告期各期末", "subject_index": {"begin": 23, "end": 29}, "object_index": {"begin": 37, "end": 48}}, {"predicate": "应收账款账面余额", "object_type": "金额", "subject_type": "日期", "object": "30,975.77万元", "subject": "报告期各期末", "subject_index": {"begin": 23, "end": 29}, "object_index": {"begin": 49, "end": 60}}, {"predicate": "应收账款账面余额", "object_type": "金额", "subject_type": "日期", "object": "47,055.10万元", "subject": "报告期各期末", "subject_index": {"begin": 23, "end": 29}, "object_index": {"begin": 61, "end": 72}}]}
{"text": "2010年向建设承包单位浙江宝盛建设集团有限公司上海金山分公司预付工程款2,497.95万元。", "spo_list": [{"predicate": "预付款项余额", "object_type": "金额", "subject_type": "日期", "object": "2,497.95万元", "subject": "2010年", "subject_index": {"begin": 0, "end": 5}, "object_index": {"begin": 36, "end": 46}}]}
{"text": "截至2010年12月31日，公司固定资产原值为36,532.53万元，净值为30,661,20万元，", "spo_list": [{"predicate": "固定资产净额", "object_type": "金额", "subject_type": "日期", "object": "36,532.53万元", "subject": "2010年12月31日", "subject_index": {"begin": 2, "end": 13}, "object_index": {"begin": 23, "end": 34}}, {"predicate": "固定资产账面价值", "object_type": "金额", "subject_type": "日期", "object": "30,661,20万元", "subject": "2010年12月31日", "subject_index": {"begin": 2, "end": 13}, "object_index": {"begin": 38, "end": 49}}]}
{"text": "报告期各期末，公司在建工程余额分别为11,832.58万元、4,808.35万元和7,137.71万元。2009年末，在建工程较2008年末减少7,024.23万元，", "spo_list": [{"predicate": "在建工程余额", "object_type": "金额", "subject_type": "日期", "object": "11,832.58万元", "subject": "报告期各期末", "subject_index": {"begin": 0, "end": 6}, "object_index": {"begin": 18, "end": 29}}, {"predicate": "在建工程余额", "object_type": "金额", "subject_type": "日期", "object": "4,808.35万元", "subject": "报告期各期末", "subject_index": {"begin": 0, "end": 6}, "object_index": {"begin": 30, "end": 40}}, {"predicate": "在建工程余额", "object_type": "金额", "subject_type": "日期", "object": "7,137.71万元", "subject": "报告期各期末", "subject_index": {"begin": 0, "end": 6}, "object_index": {"begin": 41, "end": 51}}, {"predicate": "在建工程余额", "object_type": "金额", "subject_type": "日期", "object": "7,024.23万元", "subject": "2009年末", "subject_index": {"begin": 52, "end": 58}, "object_index": {"begin": 72, "end": 82}}]}
{"text": "2008年、2009年和2010年，公司购建固定资产、无形资产和其他长期资产支付的现金分别为9,268.78万元、19,608.27万元和14,276.04万元。2007年，公司在兰州安宁和上海金山启动新生产基地建设并于2009年正式投入使用，在此期间购建了大量的机器设备、土地及房屋建筑。2010年的大规模投资主要是公司对募投项目的前期投入。", "spo_list": [{"predicate": "无形资产余额", "object_type": "金额", "subject_type": "日期", "object": "19,608.27万元", "subject": "2009年", "subject_index": {"begin": 6, "end": 11}, "object_index": {"begin": 57, "end": 68}}, {"predicate": "固定资产账面价值", "object_type": "金额", "subject_type": "日期", "object": "9,268.78万元", "subject": "2008年", "subject_index": {"begin": 0, "end": 5}, "object_index": {"begin": 46, "end": 56}}]}
{"text": "2008年公司增资时兰石所投入的固定资产评估价值323.30万元，", "spo_list": [{"predicate": "固定资产账面价值", "object_type": "金额", "subject_type": "日期", "object": "323.30万元", "subject": "2008年", "subject_index": {"begin": 0, "end": 5}, "object_index": {"begin": 24, "end": 32}}]}
{"text": "发行人全资子公司上海蓝滨因在2006年9月及2007年9月购买发放部分礼品未代扣代缴个人所得税；在2006年12月将应付账款中扣除赔偿款14,580.00元和其他应付款中无法支付款14,194.35元转入资本公积，未按规定申报缴纳企业所得税；与蓝科公司签订外协加工合同6份，未贴印花税，上海市地方税务局第二稽查局作出《税务行政处罚决定书》（沪地税二稽罚一[2008]122号），决定追缴上海蓝滨应代扣代缴的个人所得税24,000.00元，对上海蓝滨处以应扣未扣个人所得税税额50%的罚款12,000.00元；追缴企业所得税9,495.54元，对上海蓝滨处以查补税额50%的罚款4,747.77元；追补印花税合计15,287.80元，处以未贴税额50%的罚款7,643.90元。上海蓝滨已全部缴纳上述追缴税款和罚款。2010年6月8日，上海市地方税务局出具说明，确认本次处罚不属于重大违法违规行为。除此次处罚外，发行人及下属子公司不存在因违反税收法律、法规受到过其他行政处罚的情况。", "spo_list": [{"predicate": "应付账款余额", "object_type": "金额", "subject_type": "日期", "object": "14,580.00元", "subject": "2006年12月", "subject_index": {"begin": 49, "end": 57}, "object_index": {"begin": 68, "end": 78}}]}
{"text": "截至2010年12月31日，公司预付款项主要是工程预付款与原材料采购预付款，预付款项前五名金额合计为2,514.21万元，占预付款项余额的59.17%。", "spo_list": [{"predicate": "预付账款余额", "object_type": "金额", "subject_type": "日期", "object": "2,514.21万", "subject": "2010年12月31日", "subject_index": {"begin": 2, "end": 13}, "object_index": {"begin": 50, "end": 59}}]}
{"text": "2010年末，公司存货余额中原材料较上年末增加2,792.11万元，增幅38.51%，主要是因为公司获取的订单量回升且2010年产品自制比重增加，根据订单产品生产需要，原材料采购量增大", "spo_list": [{"predicate": "存货余额", "object_type": "金额", "subject_type": "日期", "object": "2,792.11万元", "subject": "2010年末", "subject_index": {"begin": 0, "end": 6}, "object_index": {"begin": 23, "end": 33}}]}
{"text": "2009年末，固定资产账面价值较2008年末增加16,388.28万元，增幅228.81%，主要是上海金山新基地（二期）、兰州安宁新基地的在建工程转入固定资产所致，其中上海金山新基地（二期）在建工程转固定资产6,947.40万元（包括厂房6,277.45万元、机器设备669.95万元），兰州安宁新基地在建工程转固定资产9,352.71万元（包括厂房8,284.68万元、机器设备1,068.03万元）。2010年末，固定资产账面价值较2009年末增加7,110.37万元，主要是因为兰州安宁新基地在建工程转入固定资产5,718.91万元。", "spo_list": [{"predicate": "固定资产账面价值", "object_type": "金额", "subject_type": "日期", "object": "16,388.28万元", "subject": "2009年末", "subject_index": {"begin": 0, "end": 6}, "object_index": {"begin": 24, "end": 35}}, {"predicate": "固定资产账面价值", "object_type": "金额", "subject_type": "日期", "object": "7,110.37万元", "subject": "2010年末", "subject_index": {"begin": 202, "end": 208}, "object_index": {"begin": 226, "end": 236}}]}
{"text": "截至2010年12月31日，预收款项中预收前五名单位的金额合计为3,201.62万元，", "spo_list": [{"predicate": "预收款项余额", "object_type": "金额", "subject_type": "日期", "object": "3,201.62万元", "subject": "截至2010年12月31日", "subject_index": {"begin": 0, "end": 13}, "object_index": {"begin": 32, "end": 42}}]}
{"text": "2011年1-3月，公司应收账款已收回14,344.48万元，", "spo_list": [{"predicate": "应收帐款账面价值", "object_type": "金额", "subject_type": "日期", "object": "14,344.48万元", "subject": "2011年1-3月", "subject_index": {"begin": 0, "end": 9}, "object_index": {"begin": 19, "end": 30}}]}
{"text": "报告期各期末其他应收款净额分别为2,396.78万元、3,807.91万元和768.90万元，占流动资产的比例分别为3.56%、4.99%和0.85%。", "spo_list": [{"predicate": "应收帐款账面价值", "object_type": "金额", "subject_type": "日期", "object": "2,396.78万元", "subject": "报告期各期末", "subject_index": {"begin": 0, "end": 6}, "object_index": {"begin": 16, "end": 26}}, {"predicate": "应收账款账面余额", "object_type": "金额", "subject_type": "日期", "object": "3,807.91万元", "subject": "报告期各期末", "subject_index": {"begin": 0, "end": 6}, "object_index": {"begin": 27, "end": 37}}, {"predicate": "应收账款账面余额", "object_type": "金额", "subject_type": "日期", "object": "768.90万元", "subject": "报告期各期末", "subject_index": {"begin": 0, "end": 6}, "object_index": {"begin": 38, "end": 46}}]}
{"text": "2009年末，预收款项余额较2008年末减少9,167.92万元，", "spo_list": [{"predicate": "预收款项余额", "object_type": "金额", "subject_type": "日期", "object": "9,167.92万元", "subject": "2009年末", "subject_index": {"begin": 0, "end": 6}, "object_index": {"begin": 22, "end": 32}}]}
{"text": "报告期内，公司长期借款逐年增长且增幅较大，其中2009年末长期借款增加12,000万元，主要是公司为筹集新基地建设资金于2009年11、12月合计向国机财务有限责任公司取得长期借款所致。公司于2010年7月向国机财务有限责任公司取得信用借款15,000万元开始启动重型石化装备及空冷设备研发制造项目建设，使得期末长期借款大幅增长。截至2010年12月31日，公司及子公司长期借款情况如下：", "spo_list": [{"predicate": "长期借款余额", "object_type": "金额", "subject_type": "日期", "object": "12,000万元", "subject": "2009年末", "subject_index": {"begin": 23, "end": 29}, "object_index": {"begin": 35, "end": 43}}]}
