{"text": "2009年2月20日，春风杭摩召开临时股东会，审议通过北京中企华资产评估有限公司出具的“中企华评报字（2009）第009号”《评估报告》，确认截至2008年9月30日，公司经评估的净资产为11,815.57万元；审议通过立信会计师事务所有限公司出具的“信会师报字（2008）第24075号”《审计报告》，确认截至2008年9月30日公司经审计的净资产为83,096,246.13元；将春风杭摩经审计的净资产按照1.0387:1的比例折成股本8,000万股，每股面值1元，其余3,096,246.13元计入资本公积。", "spo_list": [{"predicate": "截止日期", "object_type": "日期", "subject_type": "报告", "object": "2008年9月30日", "subject": "《评估报告》", "subject_index": {"begin": 62, "end": 68}, "object_index": {"begin": 73, "end": 83}}, {"predicate": "截止日期", "object_type": "日期", "subject_type": "报告", "object": "2008年9月30日", "subject": "《审计报告》", "subject_index": {"begin": 145, "end": 151}, "object_index": {"begin": 156, "end": 166}}]}
{"text": "2003年5月10日，虹桥制造作出股东会决议，决定将公司注册资本增加至5,800万元并修改公司章程。本次增资注册资本实收情况经温州浙南会计师事务所出具的“温浙南会验（2003）161号”《验资报告》验证。2003年6月11日，虹桥制造就本次增资办理了工商变更登记。", "spo_list": []}
{"text": "截至2016年12月31日，公司应付票据余额为29,737.00万元，主要为支付供应商的采购款。", "spo_list": [{"predicate": "应付票据", "object_type": "金额", "subject_type": "日期", "object": "29,737.00万元", "subject": "2016年12月31日", "subject_index": {"begin": 2, "end": 13}, "object_index": {"begin": 23, "end": 34}}]}
{"text": "2013年6月公司与KTM-Sportmotorcycle签订合作协议，成为其在中国大陆地区独家代理商和特定车型生产商，报告期内，公司向KTM采购整车组装配件及裸车以用于组装、销售KTMR2R品牌特定车辆，伴随采购规模逐年增加，公司向KTM的预付款总体上亦随之增加，2014年末至2016年末，向KTM预付款金额分别为696.98万元、1,203.84万元和1,085.59万元，均为预付的采购货款，预付货款情形符合双方签订的相关协议的约定。", "spo_list": [{"predicate": "预付款项", "object_type": "金额", "subject_type": "日期", "object": "696.98万元", "subject": "2014年末至2016年末", "subject_index": {"begin": 133, "end": 146}, "object_index": {"begin": 159, "end": 167}}, {"predicate": "预付款项", "object_type": "金额", "subject_type": "日期", "object": "1,203.84万元", "subject": "2014年末至2016年末", "subject_index": {"begin": 133, "end": 146}, "object_index": {"begin": 168, "end": 178}}, {"predicate": "预付款项", "object_type": "金额", "subject_type": "日期", "object": "1,085.59万元", "subject": "2014年末至2016年末", "subject_index": {"begin": 133, "end": 146}, "object_index": {"begin": 179, "end": 189}}]}
{"text": "2014年末、2015年末及2016年末，其他流动资产分别为2,090.55万元，3,863.38万元和3,994.56万元，主要为留抵增值税、出口退税款、预缴的企业所得税、短期理财产品和上市中介费。其中2015年、2016年理财产品期末余额分别为2,700万、3,000万，理财产品主要系公司于各年年末购买并于次年1月赎回的保本型理财产品形成", "spo_list": [{"predicate": "其他流动资产", "object_type": "金额", "subject_type": "日期", "object": "2,090.55万元", "subject": "2014年末", "subject_index": {"begin": 0, "end": 6}, "object_index": {"begin": 30, "end": 40}}, {"predicate": "其他流动资产", "object_type": "金额", "subject_type": "日期", "object": "3,863.38万元", "subject": "2015年末", "subject_index": {"begin": 7, "end": 13}, "object_index": {"begin": 41, "end": 51}}, {"predicate": "其他流动资产", "object_type": "金额", "subject_type": "日期", "object": "3,994.56万元", "subject": "2016年末", "subject_index": {"begin": 14, "end": 20}, "object_index": {"begin": 52, "end": 62}}]}
{"text": "2014年末、2015年末及2016年末，在建工程总额分别为1,057.68万元，1,148.30万元和1,686.04万元。在建工程占资产总额比重较小，主要为设备安装工程、物联网项目、CRM系统（配件订购）软件、WP生产线项目等。", "spo_list": [{"predicate": "在建工程账面价值", "object_type": "金额", "subject_type": "日期", "object": "1,057.68万元", "subject": "2014年末", "subject_index": {"begin": 0, "end": 6}, "object_index": {"begin": 30, "end": 40}}, {"predicate": "在建工程账面价值", "object_type": "金额", "subject_type": "日期", "object": "1,148.30万元", "subject": "2015年末", "subject_index": {"begin": 7, "end": 13}, "object_index": {"begin": 41, "end": 51}}, {"predicate": "在建工程账面价值", "object_type": "金额", "subject_type": "日期", "object": "1,686.04万元", "subject": "2016年末", "subject_index": {"begin": 14, "end": 20}, "object_index": {"begin": 52, "end": 62}}]}
{"text": "2014年末，2015年末和2016年末，长期待摊费用账面价值分别为226.58万元、207.26万元和230.94万元，主要为装修、苗木景观、彩钢瓦换色工程，且占公司总资产比例较小", "spo_list": [{"predicate": "长期待摊费用", "object_type": "金额", "subject_type": "日期", "object": "226.58万元", "subject": "2014年末", "subject_index": {"begin": 0, "end": 6}, "object_index": {"begin": 34, "end": 42}}, {"predicate": "长期待摊费用", "object_type": "金额", "subject_type": "日期", "object": "207.26万元", "subject": "2015年末", "subject_index": {"begin": 7, "end": 13}, "object_index": {"begin": 43, "end": 51}}, {"predicate": "长期待摊费用", "object_type": "金额", "subject_type": "日期", "object": "230.94万元", "subject": "2016年末", "subject_index": {"begin": 14, "end": 20}, "object_index": {"begin": 52, "end": 60}}]}
{"text": "2014年末、2015年末和2016年末，公司其他非流动资产余额分别为55.38万元、152.75万元和426.10万元。2016年末其他非流动资产余额较上年大幅增加，主要系当期预付设备款较上年末增加所致", "spo_list": [{"predicate": "其他非流动资产", "object_type": "金额", "subject_type": "日期", "object": "55.38万元", "subject": "2014年末", "subject_index": {"begin": 0, "end": 6}, "object_index": {"begin": 35, "end": 42}}, {"predicate": "其他非流动资产", "object_type": "金额", "subject_type": "日期", "object": "152.75万元", "subject": "2015年末", "subject_index": {"begin": 7, "end": 13}, "object_index": {"begin": 43, "end": 51}}, {"predicate": "其他非流动资产", "object_type": "金额", "subject_type": "日期", "object": "426.10万元", "subject": "2016年末", "subject_index": {"begin": 14, "end": 20}, "object_index": {"begin": 52, "end": 60}}]}
{"text": "公司具有较强的债务偿付能力，2014年至2016年息税折旧摊销前利润分别为14,140.88万元、11,107.84万元和12,730.68万元；利息保障倍数分别为6.83倍、6.84倍和38.61倍。2016年末利息保障倍数的大幅上升主要得益于利息支出金额大幅下降。", "spo_list": [{"predicate": "息税折旧摊销前利润", "object_type": "金额", "subject_type": "日期", "object": "14,140.88万元", "subject": "2014年至2016年", "subject_index": {"begin": 14, "end": 25}, "object_index": {"begin": 37, "end": 48}}, {"predicate": "息税折旧摊销前利润", "object_type": "金额", "subject_type": "日期", "object": "11,107.84万元", "subject": "2014年至2016年", "subject_index": {"begin": 14, "end": 25}, "object_index": {"begin": 49, "end": 60}}, {"predicate": "息税折旧摊销前利润", "object_type": "金额", "subject_type": "日期", "object": "12,730.68万元", "subject": "2014年至2016年", "subject_index": {"begin": 14, "end": 25}, "object_index": {"begin": 61, "end": 72}}, {"predicate": "利息保障倍数", "object_type": "日期", "subject_type": "比率", "object": "2014年至2016年", "subject": "6.83倍", "subject_index": {"begin": 82, "end": 87}, "object_index": {"begin": 14, "end": 25}}, {"predicate": "利息保障倍数", "object_type": "日期", "subject_type": "比率", "object": "2014年至2016年", "subject": "6.84倍", "subject_index": {"begin": 88, "end": 93}, "object_index": {"begin": 14, "end": 25}}, {"predicate": "利息保障倍数", "object_type": "日期", "subject_type": "比率", "object": "2014年至2016年", "subject": "38.61倍", "subject_index": {"begin": 94, "end": 100}, "object_index": {"begin": 14, "end": 25}}]}
{"text": "2016年公司营业收入规模为140,105.33万元，销售商品、提供劳务收到的现金151,538.76万元，息税折旧摊销前利润12,730.68万元；2015年公司营业收入规模为120,019.83万元，销售商品、提供劳务收到的现金122,231.03万元，息税折旧摊销前利润11,107.84万元", "spo_list": [{"predicate": "息税折旧摊销前利润", "object_type": "金额", "subject_type": "日期", "object": "12,730.68万", "subject": "2016年", "subject_index": {"begin": 0, "end": 5}, "object_index": {"begin": 63, "end": 73}}, {"predicate": "息税折旧摊销前利润", "object_type": "金额", "subject_type": "日期", "object": "11,107.84万元", "subject": "2015年", "subject_index": {"begin": 75, "end": 80}, "object_index": {"begin": 138, "end": 149}}]}
{"text": "公司具有较好的盈利能力和较好的现金流；债务偿付能力逐年提高，2014年末、2015年末及2016年末利息保障倍数分别为4.27倍、6.83倍、6.84倍和38.61倍。", "spo_list": [{"predicate": "利息保障倍数", "object_type": "日期", "subject_type": "比率", "object": "2014年末", "subject": "4.27倍", "subject_index": {"begin": 59, "end": 64}, "object_index": {"begin": 30, "end": 36}}, {"predicate": "利息保障倍数", "object_type": "日期", "subject_type": "比率", "object": "2015年末", "subject": "6.83倍", "subject_index": {"begin": 65, "end": 70}, "object_index": {"begin": 37, "end": 43}}, {"predicate": "利息保障倍数", "object_type": "日期", "subject_type": "比率", "object": "2016年末", "subject": "6.84倍和38.61倍", "subject_index": {"begin": 71, "end": 83}, "object_index": {"begin": 44, "end": 50}}]}
{"text": "2014年至2016年，公司营业总成本分别为123,917.39万元、115,217.42万元和131,505.63万元，其中不含不予免抵出口退税的营业成本分别为96,972.55万元、82,863.27万元和92,469.02万元。公司产品的成本主要为直接材料成本，人工费用、制造费用等占比较低，报告期各期主营业务成本（不予免抵出口退税）", "spo_list": [{"predicate": "总营业成本", "object_type": "金额", "subject_type": "日期", "object": "123,917.39万元", "subject": "2014年至2016年", "subject_index": {"begin": 0, "end": 11}, "object_index": {"begin": 22, "end": 34}}, {"predicate": "总营业成本", "object_type": "金额", "subject_type": "日期", "object": "115,217.42万元", "subject": "2014年至2016年", "subject_index": {"begin": 0, "end": 11}, "object_index": {"begin": 35, "end": 47}}, {"predicate": "总营业成本", "object_type": "金额", "subject_type": "日期", "object": "131,505.63万元", "subject": "2014年至2016年", "subject_index": {"begin": 0, "end": 11}, "object_index": {"begin": 48, "end": 60}}]}
{"text": "2014年至2016年公司发生期间费用总额分别为22,949.43万元、27,170.46万元和33,173.54万元，占主营业务收入比例分别为17.25%、22.92%、23.92%，期间费用金额及占比逐年上升。", "spo_list": [{"predicate": "期间费用", "object_type": "金额", "subject_type": "日期", "object": "22,949.43万元", "subject": "2014年至2016年", "subject_index": {"begin": 0, "end": 11}, "object_index": {"begin": 24, "end": 35}}, {"predicate": "期间费用", "object_type": "金额", "subject_type": "日期", "object": "27,170.46万元", "subject": "2014年至2016年", "subject_index": {"begin": 0, "end": 11}, "object_index": {"begin": 36, "end": 47}}, {"predicate": "期间费用", "object_type": "金额", "subject_type": "日期", "object": "33,173.54万元", "subject": "2014年至2016年", "subject_index": {"begin": 0, "end": 11}, "object_index": {"begin": 48, "end": 59}}]}
{"text": "2014年至2016年公司研究开发费分别为4,904.51万元、5,760.71万元、8,485.55万元。公司研究开发费逐年增长，主要系公司为不断开发新车型、掌握新技术，提高公司产品竞争力持续增加研发投入所致。", "spo_list": [{"predicate": "研发费用", "object_type": "金额", "subject_type": "日期", "object": "4,904.51万元", "subject": "2014年至2016年", "subject_index": {"begin": 0, "end": 11}, "object_index": {"begin": 21, "end": 31}}, {"predicate": "研发费用", "object_type": "金额", "subject_type": "日期", "object": "5,760.71万元", "subject": "2014年至2016年", "subject_index": {"begin": 0, "end": 11}, "object_index": {"begin": 32, "end": 42}}, {"predicate": "研发费用", "object_type": "金额", "subject_type": "日期", "object": "8,485.55万元", "subject": "2014年至2016年", "subject_index": {"begin": 0, "end": 11}, "object_index": {"begin": 43, "end": 53}}]}
