{"text": "2010年3月19日，发行人2010年第一次临时股东大会通过决议，以资本公积金67,225,150.75元按照2009年末股东持股比例转增股本、以未分配利润67,774,849.25元按照2009年末股东持股比例送红股，转增股本及送红股完成后，公司注册资本增至58,500万元。", "spo_list": [{"predicate": "未分配利润", "object_type": "金额", "subject_type": "日期", "object": "67,774,849.25元", "subject": "2010年3月19日", "subject_index": {"begin": 0, "end": 10}, "object_index": {"begin": 78, "end": 92}}]}
{"text": "公司作为互联网金融信息服务提供商，其资产结构较传统企业相比具有明显的特点，即“轻资产、高现金储备”。2007年底、2008年底、2009年底和2010年6月底公司货币资金余额分别为7,188.41万元、11,010.35万元、74,414.07万元和73,784.26万元，2008年底和2009年底的货币资金余额分别较上年同期增长53.17%、575.86%。", "spo_list": [{"predicate": "货币资金余额", "object_type": "金额", "subject_type": "日期", "object": "7,188.41万元", "subject": "2007年底", "subject_index": {"begin": 50, "end": 56}, "object_index": {"begin": 90, "end": 100}}, {"predicate": "货币资金余额", "object_type": "金额", "subject_type": "日期", "object": "11,010.35万元", "subject": "2008年底", "subject_index": {"begin": 57, "end": 63}, "object_index": {"begin": 101, "end": 112}}, {"predicate": "货币资金余额", "object_type": "金额", "subject_type": "日期", "object": "74,414.07万元", "subject": "2009年底", "subject_index": {"begin": 64, "end": 70}, "object_index": {"begin": 113, "end": 124}}, {"predicate": "货币资金余额", "object_type": "金额", "subject_type": "日期", "object": "73,784.26万元", "subject": "2010年6月底", "subject_index": {"begin": 71, "end": 79}, "object_index": {"begin": 125, "end": 136}}]}
{"text": "公司2007年底、2008年底、2009年底和2010年6月底预付款项余额分别为78.22万元、444.05万元、1,654.68万元和15,112.68万元，占资产总额的比例分别为0.61%、2.50%、2.06%和16.16%。", "spo_list": [{"predicate": "预付款项", "object_type": "金额", "subject_type": "日期", "object": "78.22万元", "subject": "2007年底", "subject_index": {"begin": 2, "end": 8}, "object_index": {"begin": 40, "end": 47}}, {"predicate": "预付款项", "object_type": "金额", "subject_type": "日期", "object": "444.05万元", "subject": "2008年底", "subject_index": {"begin": 9, "end": 15}, "object_index": {"begin": 48, "end": 56}}, {"predicate": "预付款项", "object_type": "金额", "subject_type": "日期", "object": "1,654.68万元", "subject": "2009年底", "subject_index": {"begin": 16, "end": 22}, "object_index": {"begin": 57, "end": 67}}, {"predicate": "预付款项", "object_type": "金额", "subject_type": "日期", "object": "15,112.68万元", "subject": "2010年6月底", "subject_index": {"begin": 23, "end": 31}, "object_index": {"begin": 68, "end": 79}}]}
{"text": "公司2009年底的预付款项余额较2008年底增加1,210.63万元，主要原因为：2009年9月，公司与上海陆家嘴（集团）有限公司签订的《关于陆家嘴集团招商引资专项扶持资金的协议》，约定公司租赁上海陆家嘴金融贸易区开发股份有限公司拥有的位于峨山路91弄20号物业，由上海陆家嘴（集团）有限公司给予招商引资专项资金1,195.74万元，并规定仅限支付承租物业租金之用。据此，2009年9月，公司与上海陆家嘴金融贸易区开发股份有限公司签订了关于上海市峨山路91弄20号物业租赁合同，并预付了第一年的租金1,270.30万元。由于属预付款性质，因此2009年将该笔预付租金计入“预付款项”中。2010年1-6月，公司根据上述租赁合同的租金总额按直线法进行摊销，截至2010年6月底，该笔租金摊余金额为606.23万元。有关内容见本招股说明书“第六节业务和技术”之“五、（三）租赁房产", "spo_list": [{"predicate": "预付款项", "object_type": "金额", "subject_type": "日期", "object": "1,210.63万元", "subject": "2009年底", "subject_index": {"begin": 2, "end": 8}, "object_index": {"begin": 24, "end": 34}}]}
{"text": "公司的其他应收款主要为租赁办公场所的押金和对外开展业务所需的保证金等。公司2007年底、2008年底、2009年底和2010年6月底其他应收款净额分别为1,173.56万元、1,317.68万元、558.78万元和740.25万元，占资产总额的比例分别为9.18%、7.42%、0.69%和0.79%。", "spo_list": [{"predicate": "应收账款净额", "object_type": "金额", "subject_type": "日期", "object": "1,173.56万元", "subject": "2007年底", "subject_index": {"begin": 37, "end": 43}, "object_index": {"begin": 76, "end": 86}}, {"predicate": "应收账款净额", "object_type": "金额", "subject_type": "日期", "object": "1,317.68万元", "subject": "2008年底、", "subject_index": {"begin": 44, "end": 51}, "object_index": {"begin": 87, "end": 97}}, {"predicate": "应收账款净额", "object_type": "金额", "subject_type": "日期", "object": "558.78万元", "subject": "2009年底", "subject_index": {"begin": 51, "end": 57}, "object_index": {"begin": 98, "end": 106}}, {"predicate": "应收账款净额", "object_type": "金额", "subject_type": "日期", "object": "740.25万元", "subject": "2010年6月底", "subject_index": {"begin": 58, "end": 66}, "object_index": {"begin": 107, "end": 115}}]}
{"text": "公司2007年底、2008年底、2009年底和2010年6月底无形资产净额分别为193.65万元、165.63万元、137.61万元和123.60万元，占资产总额的比例分别为1.52%、0.93%、0.17%和0.13%。", "spo_list": [{"predicate": "无形资产", "object_type": "金额", "subject_type": "日期", "object": "193.65万元", "subject": "2007年底", "subject_index": {"begin": 2, "end": 8}, "object_index": {"begin": 40, "end": 48}}, {"predicate": "无形资产", "object_type": "金额", "subject_type": "日期", "object": "165.63万元", "subject": "2008年底", "subject_index": {"begin": 9, "end": 15}, "object_index": {"begin": 49, "end": 57}}, {"predicate": "无形资产", "object_type": "金额", "subject_type": "日期", "object": "137.61万元", "subject": "2009年底", "subject_index": {"begin": 16, "end": 22}, "object_index": {"begin": 58, "end": 66}}, {"predicate": "无形资产", "object_type": "金额", "subject_type": "日期", "object": "123.60万元", "subject": "2010年6月底", "subject_index": {"begin": 23, "end": 31}, "object_index": {"begin": 67, "end": 75}}]}
{"text": "截至2010年6月30日，公司长期待摊费用余额为386.75万元，是由公司对位于上海市峨山路91弄20号的租赁物业进行装修所形成的，该长期待摊费用在房产租赁期限内按直线法进行分期摊销。", "spo_list": [{"predicate": "长期待摊费用", "object_type": "金额", "subject_type": "日期", "object": "386.75万元", "subject": "2010年6月30日", "subject_index": {"begin": 2, "end": 12}, "object_index": {"begin": 24, "end": 32}}]}
{"text": "公司2007年底、2008年底、2009年底和2010年6月底的应付账款余额分别为208.43万元、21.77万元、125.04万元和395.35万元，占负债总额的比例分别为3.53%、0.41%、0.88%和2.01%。截至2010年6月30日，公司的应付账款主要是应付中国电信上海分公司的应付合同款。", "spo_list": [{"predicate": "应付账款", "object_type": "金额", "subject_type": "日期", "object": "208.43万元", "subject": "2007年底", "subject_index": {"begin": 2, "end": 8}, "object_index": {"begin": 41, "end": 49}}, {"predicate": "应付账款", "object_type": "金额", "subject_type": "日期", "object": "21.77万元", "subject": "2008年底", "subject_index": {"begin": 9, "end": 15}, "object_index": {"begin": 50, "end": 57}}, {"predicate": "应付账款", "object_type": "金额", "subject_type": "日期", "object": "125.04万元", "subject": "2009年底", "subject_index": {"begin": 16, "end": 22}, "object_index": {"begin": 58, "end": 66}}, {"predicate": "应付账款", "object_type": "金额", "subject_type": "日期", "object": "395.35万元", "subject": "2010年6月底", "subject_index": {"begin": 23, "end": 31}, "object_index": {"begin": 67, "end": 75}}]}
{"text": "公司2007年底、2008年底、2009年底和2010年6月底的预收款项余额分别为5,639.34万元、4,976.07万元、13,735.33万元和17,671.16万元，占负债总额的比例分别为95.41%、97.75%、96.65%和89.73%。", "spo_list": [{"predicate": "预收款项", "object_type": "金额", "subject_type": "日期", "object": "5,639.34万元", "subject": "2007年底", "subject_index": {"begin": 2, "end": 8}, "object_index": {"begin": 41, "end": 51}}, {"predicate": "预收款项", "object_type": "金额", "subject_type": "日期", "object": "4,976.07万元", "subject": "2008年底", "subject_index": {"begin": 9, "end": 15}, "object_index": {"begin": 52, "end": 62}}, {"predicate": "预收款项", "object_type": "金额", "subject_type": "日期", "object": "13,735.33万元", "subject": "2009年底", "subject_index": {"begin": 16, "end": 22}, "object_index": {"begin": 63, "end": 74}}, {"predicate": "预收款项", "object_type": "金额", "subject_type": "日期", "object": "17,671.16万元", "subject": "2010年6月底", "subject_index": {"begin": 23, "end": 31}, "object_index": {"begin": 75, "end": 86}}]}
{"text": "公司2007年底、2008年底、2009年底和2010年6月底的应交税费余额分别为-52.30万元、-196.93万元、-1,096.33万元和405.24万元，占负债总额的比例分别为-0.88%、-3.87%、-7.71%和2.06%，具体明细如下：", "spo_list": [{"predicate": "应交税费", "object_type": "金额", "subject_type": "日期", "object": "-52.30万元", "subject": "2007年底", "subject_index": {"begin": 2, "end": 8}, "object_index": {"begin": 41, "end": 49}}, {"predicate": "应交税费", "object_type": "金额", "subject_type": "日期", "object": "-196.93万元", "subject": "2008年底", "subject_index": {"begin": 9, "end": 15}, "object_index": {"begin": 50, "end": 59}}, {"predicate": "应交税费", "object_type": "金额", "subject_type": "日期", "object": "-1,096.33万元", "subject": "2009年底", "subject_index": {"begin": 16, "end": 22}, "object_index": {"begin": 60, "end": 71}}, {"predicate": "应交税费", "object_type": "金额", "subject_type": "日期", "object": "405.24万元", "subject": "2010年6月底", "subject_index": {"begin": 23, "end": 31}, "object_index": {"begin": 72, "end": 80}}]}
{"text": "公司2009年底的其他流动负债余额为1,132.96万元，主要是：根据公司与上海陆家嘴（集团）有限公司于2009年9月签订的《关于陆家嘴集团招商引资专项扶持资金的协议》，公司租赁位于峨山路91弄20号的物业，上海陆家嘴（集团）有限公司给予招商引资专项资金1,195.74万元，并规定仅限支付承租物业租金之用。由于该笔专项资金系补贴公司以后期间的租赁费用，公司将扣除相关税金后的净额1,132.96万元确认为递延收益，计入2009年底的其他流动负债。", "spo_list": [{"predicate": "流动负债", "object_type": "金额", "subject_type": "日期", "object": "1,132.96万元", "subject": "2009年底", "subject_index": {"begin": 2, "end": 8}, "object_index": {"begin": 18, "end": 28}}]}
{"text": "2010年6月底的其他流动负债余额为468.89万元，是根据公司实际承担的2010年1-6月租赁费664.07万元，将上述招商引资专项资金从递延收益结转为营业外收入后的余额。", "spo_list": [{"predicate": "流动负债", "object_type": "金额", "subject_type": "日期", "object": "468.89万元", "subject": "2010年6月底", "subject_index": {"begin": 0, "end": 8}, "object_index": {"begin": 18, "end": 26}}, {"predicate": "其他成本", "object_type": "金额", "subject_type": "日期", "object": "664.07万元", "subject": "2010年1-6月", "subject_index": {"begin": 37, "end": 46}, "object_index": {"begin": 49, "end": 57}}]}
{"text": "2007年底、2008年底、2009年底及2010年6月底公司合并报表的资产负债率分别为46.24%、28.65%、17.66%和21.05%。由于2009年新湖中宝、苏州金沙江对公司进行增资，公司2009年底的资产负债率较2008年底有所下降。2010年6月底公司金融资讯及数据终端服务系统业务产生的预收款项大幅增加，致使公司2010年6月底的资产负债率较2009年底有所上升，流动比率有所下降，但上述预收款项增加并不影响公司的偿债能力。报告期内，公司息税折旧摊销前利润不断增加，2007年、2008年、2009年及2010年1-6月分别为4,053.06万元、6,642.82万元、22,196.36万元和9,338.07万元，表明公司具有较强的偿债能力。", "spo_list": [{"predicate": "息税折旧摊销前利润", "object_type": "金额", "subject_type": "日期", "object": "4,053.06万元", "subject": "2007年", "subject_index": {"begin": 241, "end": 246}, "object_index": {"begin": 271, "end": 281}}, {"predicate": "息税折旧摊销前利润", "object_type": "金额", "subject_type": "日期", "object": "6,642.82万元", "subject": "2008年", "subject_index": {"begin": 247, "end": 252}, "object_index": {"begin": 282, "end": 292}}, {"predicate": "息税折旧摊销前利润", "object_type": "金额", "subject_type": "日期", "object": "22,196.36万元", "subject": "2009年", "subject_index": {"begin": 253, "end": 258}, "object_index": {"begin": 293, "end": 304}}, {"predicate": "息税折旧摊销前利润", "object_type": "金额", "subject_type": "日期", "object": "9,338.07万元", "subject": "2010年1-6月", "subject_index": {"begin": 259, "end": 268}, "object_index": {"begin": 305, "end": 315}}]}
{"text": "2007年、2008年、2009年和2010年1-6月公司的销售费用分别为4,115.67万元、5,589.92万元、8,793.35万元和8,808.67万元，分别占营业收入的25.97%、21.59%、19.76%和31.52%。公司销售费用变动的主要原因包括：①报告期内配合金融信息服务新产品的推出，加大营销力度，增加媒体广告投放，支付的广告费明显增多，2008年、2009年比上年分别增长16.63%、112.36%；②公司加大营销队伍建设，相关销售人员的薪酬及快递等市场拓展费用随各期收入的增长而增加。", "spo_list": [{"predicate": "销售费用", "object_type": "金额", "subject_type": "日期", "object": "4,115.67万元", "subject": "2007年", "subject_index": {"begin": 0, "end": 5}, "object_index": {"begin": 37, "end": 47}}, {"predicate": "销售费用", "object_type": "金额", "subject_type": "日期", "object": "5,589.92万元", "subject": "2008年", "subject_index": {"begin": 6, "end": 11}, "object_index": {"begin": 48, "end": 58}}, {"predicate": "销售费用", "object_type": "金额", "subject_type": "日期", "object": "8,793.35万元", "subject": "2009年", "subject_index": {"begin": 12, "end": 17}, "object_index": {"begin": 59, "end": 69}}, {"predicate": "销售费用", "object_type": "金额", "subject_type": "日期", "object": "8,808.67万元", "subject": "2010年1-6月", "subject_index": {"begin": 18, "end": 27}, "object_index": {"begin": 70, "end": 80}}]}
{"text": "2010年1-6月，公司的销售费用合计8,808.67万元，较2009年1-6月增长了5,223.15万元，同比增长145.67%。增长的原因主要为：其一，根据公司全年营销规划，增加媒体广告投放，广告费用比2009年同期相关投入增加了3,937.28万元，使得2010年1-6月的销售费用显著增加；其二，公司加大了营销力度，2010年初开展了公司成立十周年系列品牌营销活动，2010年1-6月较2009年同期增加了制作费用582.04万元；其三，根据公司的经营规划，加强了营销队伍建设，大幅增加了营销人员，上述营销人员主要以劳务派遣方式用工，2010年1-6月较2009年同期增加劳务派遣费用623.43万元。根据公司的经营计划，公司将继续增加相关营销费用的投入；随着公司业务规模的扩大，公司也将增加相应的营销人员。公司将保持营业收入和销售费用的协调增长。", "spo_list": [{"predicate": "销售费用", "object_type": "金额", "subject_type": "日期", "object": "8,808.67万元", "subject": "2010年1-6月", "subject_index": {"begin": 0, "end": 9}, "object_index": {"begin": 19, "end": 29}}, {"predicate": "销售费用", "object_type": "金额", "subject_type": "日期", "object": "5,223.15万元", "subject": "2009年1-6月", "subject_index": {"begin": 31, "end": 40}, "object_index": {"begin": 43, "end": 53}}]}
{"text": "2010年1-6月，公司的管理费用合计5,019.11万元，较2009年1-6月增长了2,273.49万元，同比增长82.80%。增长的原因主要为：其一，由于公司业务不断发展，效益不断攀升，公司为了有效地激励员工，提高了员工的工资待遇及福利，2010年1-6月工资及福利费较2009年同期分别增长了205.56万元和61.84万元；其二，根据公司的发展需要，加大了在技术革新、新产品研发领域投入力度，研发费用大幅增加，2010年1-6月技术开发费较2009年同期增长428.10万元；其三，根据公司的经营规划，加强了公司的售后服务，大幅增加了售后服务人员，上述售后服务人员主要以劳务派遣方式用工，2010年1-6月较2009年同期增加劳务派遣费611.08万元；其四，为改善员工办公环境，公司于2010年初迁入位于上海市峨山路91弄20号物业，2010年1-6月房屋租赁费用较同期增长396.72万元；此外，2010年1-6月由于改制及上市等支付了律师中介费216.35万元。目前公司没有大规模租赁房屋的计划和大幅提高管理人员工资的计划，随着公司业务规模的扩大，公司将增加相应的售后服务人员。", "spo_list": [{"predicate": "管理费用", "object_type": "金额", "subject_type": "日期", "object": "5,019.11万元", "subject": "2010年1-6月", "subject_index": {"begin": 0, "end": 9}, "object_index": {"begin": 19, "end": 29}}, {"predicate": "管理费用", "object_type": "金额", "subject_type": "日期", "object": "2,273.49万元", "subject": "2009年1-6月", "subject_index": {"begin": 31, "end": 40}, "object_index": {"begin": 43, "end": 53}}]}
{"text": "2007年、2008年、2009年和2010年1-6月公司投资活动现金净流量分别为-1,187.82万元、-1,071.47万元、-532.67万元和-14,674.22万元。由于公司近几年处于快速成长阶段，需要通过不断增加固定资产投资来确保业务的快速增长，导致投资活动现金净流出。2007年、2008年、2009年和2010年1-6月购建固定资产等资本性支出分别为1,493.80万元、492.90万元、865.51万元和14,674.22万元，直接带动了公司服务品质的提升，显示出公司强劲的发展势头。", "spo_list": [{"predicate": "公司投资活动产生的现金流量净额", "object_type": "金额", "subject_type": "日期", "object": "-1,187.82万元", "subject": "2007年", "subject_index": {"begin": 0, "end": 5}, "object_index": {"begin": 41, "end": 52}}, {"predicate": "公司投资活动产生的现金流量净额", "object_type": "金额", "subject_type": "日期", "object": "-1,071.47万元", "subject": "2008年", "subject_index": {"begin": 6, "end": 11}, "object_index": {"begin": 53, "end": 64}}, {"predicate": "公司投资活动产生的现金流量净额", "object_type": "金额", "subject_type": "日期", "object": "-532.67万元", "subject": "2009年", "subject_index": {"begin": 12, "end": 17}, "object_index": {"begin": 65, "end": 74}}, {"predicate": "公司投资活动产生的现金流量净额", "object_type": "金额", "subject_type": "日期", "object": "-14,674.22万元", "subject": "2010年1-6月", "subject_index": {"begin": 18, "end": 27}, "object_index": {"begin": 75, "end": 87}}]}
{"text": "2010年1-6月公司投资活动产生的现金流出为14,426.74万元，其中13,665.14万元为预付北京六合新世纪房地产开发有限公司官苑8号7号楼写字楼的购房款。", "spo_list": [{"predicate": "公司投资活动产生的现金流量净额", "object_type": "金额", "subject_type": "日期", "object": "14,426.74万元", "subject": "2010年1-6月", "subject_index": {"begin": 0, "end": 9}, "object_index": {"begin": 23, "end": 34}}]}
{"text": "2010年3月19日，公司召开股东大会，审议通过公司利润分配方案，以未分配利润67,774,849.25元按照2009年末各股东持股比例送红股。", "spo_list": [{"predicate": "未分配利润", "object_type": "金额", "subject_type": "日期", "object": "67,774,849.25元", "subject": "2010年3月19日", "subject_index": {"begin": 0, "end": 10}, "object_index": {"begin": 39, "end": 53}}]}
{"text": "公司2007年底、2008年底、2009年底和2010年6月底应收账款净额分别为1,397.53万元、1,543.73万元、744.88万元和201.55万元，占资产总额的比例分别为10.93%、8.69%、0.93%和0.22%。", "spo_list": [{"predicate": "应收账款净额", "object_type": "金额", "subject_type": "日期", "object": "1,397.53万元", "subject": "2007年底", "subject_index": {"begin": 2, "end": 8}, "object_index": {"begin": 40, "end": 50}}, {"predicate": "应收账款净额", "object_type": "金额", "subject_type": "日期", "object": "1,543.73万元", "subject": "2008年底", "subject_index": {"begin": 9, "end": 15}, "object_index": {"begin": 51, "end": 61}}, {"predicate": "应收账款净额", "object_type": "金额", "subject_type": "日期", "object": "744.88万元", "subject": "2009年底", "subject_index": {"begin": 16, "end": 22}, "object_index": {"begin": 62, "end": 70}}, {"predicate": "应收账款净额", "object_type": "金额", "subject_type": "日期", "object": "201.55万元", "subject": "2010年6月", "subject_index": {"begin": 23, "end": 30}, "object_index": {"begin": 71, "end": 79}}]}
{"text": "公司2010年6月底的预付款项余额较2009年12月底增加13,458万元，主要原因为：公司向北京六合新世纪房地产开发有限公司购买官苑8号7号楼写字楼7,740.43平方米的房屋产权，截至2010年6月30日公司已预付上述购房款136,651,353.00元。", "spo_list": [{"predicate": "预付款项", "object_type": "金额", "subject_type": "日期", "object": "136,651,353.00元", "subject": "2010年6月30日", "subject_index": {"begin": 94, "end": 104}, "object_index": {"begin": 114, "end": 129}}]}
{"text": "截至2010年6月30日，公司的无形资产账面净值为123.60万元，全为软件著作权及商标，按10年的受益期采用直线法进行摊销，不存在减值情形，未计提减值准备。", "spo_list": [{"predicate": "无形资产", "object_type": "金额", "subject_type": "日期", "object": "123.60万元", "subject": "2010年6月30日", "subject_index": {"begin": 2, "end": 12}, "object_index": {"begin": 25, "end": 33}}]}
{"text": "截至2010年6月30日，公司的递延所得税资产的账面余额为21.27万元，系由2009年起按应收款项组合计提坏账准备产生的可抵扣暂时性差异形成的。", "spo_list": [{"predicate": "递延所得税资产", "object_type": "金额", "subject_type": "日期", "object": "21.27万元", "subject": "2010年6月30日", "subject_index": {"begin": 2, "end": 12}, "object_index": {"begin": 29, "end": 36}}]}
{"text": "公司2007年底、2008年底、2009年底和2010年6月底的负债总额分别为5,910.39万元、5,090.35万元、14,211.56万元和19,692.84万元。报告期内，公司的负债绝大部分属于流动负债，主要包括预收款项、应交税费、其他应付款和其他流动负债，无长、短期借款。", "spo_list": [{"predicate": "流动负债", "object_type": "金额", "subject_type": "日期", "object": "5,910.39万元", "subject": "2007年底", "subject_index": {"begin": 2, "end": 8}, "object_index": {"begin": 39, "end": 49}}, {"predicate": "流动负债", "object_type": "金额", "subject_type": "日期", "object": "5,090.35万元", "subject": "2008年底", "subject_index": {"begin": 9, "end": 15}, "object_index": {"begin": 50, "end": 60}}, {"predicate": "流动负债", "object_type": "金额", "subject_type": "日期", "object": "14,211.56万元", "subject": "2009年底", "subject_index": {"begin": 16, "end": 22}, "object_index": {"begin": 61, "end": 72}}, {"predicate": "流动负债", "object_type": "金额", "subject_type": "日期", "object": "19,692.84万元", "subject": "2010年6月底", "subject_index": {"begin": 23, "end": 31}, "object_index": {"begin": 73, "end": 84}}]}
{"text": "公司2007年底、2008年底、2009年底和2010年6月底的其他应付款余额分别为93.34万元、127.82万元、269.19万元和299.53万元，占负债总额的比例分别为1.58%、2.51%、1.89%和1.52%。截至2010年6月30日，公司的其他应付款主要是预提的广告费用和按照合同付给上海众通速递有限公司的保证金。", "spo_list": [{"predicate": "其他应付款", "object_type": "金额", "subject_type": "日期", "object": "93.34万元", "subject": "2007年底", "subject_index": {"begin": 2, "end": 8}, "object_index": {"begin": 42, "end": 49}}, {"predicate": "其他应付款", "object_type": "金额", "subject_type": "日期", "object": "127.82万元", "subject": "2008年底", "subject_index": {"begin": 9, "end": 15}, "object_index": {"begin": 50, "end": 58}}, {"predicate": "其他应付款", "object_type": "金额", "subject_type": "日期", "object": "269.19万元", "subject": "2009年底", "subject_index": {"begin": 16, "end": 22}, "object_index": {"begin": 59, "end": 67}}, {"predicate": "其他应付款", "object_type": "金额", "subject_type": "日期", "object": "299.53万元", "subject": "2010年6月底", "subject_index": {"begin": 23, "end": 31}, "object_index": {"begin": 68, "end": 76}}]}
{"text": "报告期内，证券公司综合服务系统收入作为公司的收入来源之一，该类业务营业收入平稳增长。2007年、2008年、2009年和2010年1-6月，公司的证券公司综合服务系统收入分别为1,543.82万元、2,115.93万元、2,827.56万元和1,456.66万元。公司的证券公司综合服务系统收入持续增长主要包括以下两方面原因：", "spo_list": [{"predicate": "营业外收入", "object_type": "金额", "subject_type": "日期", "object": "1,543.82万元", "subject": "2007年", "subject_index": {"begin": 42, "end": 47}, "object_index": {"begin": 88, "end": 98}}, {"predicate": "营业外收入", "object_type": "金额", "subject_type": "日期", "object": "2,115.93万元", "subject": "2008年", "subject_index": {"begin": 48, "end": 53}, "object_index": {"begin": 99, "end": 109}}, {"predicate": "营业外收入", "object_type": "金额", "subject_type": "日期", "object": "2,827.56万元", "subject": "2009年", "subject_index": {"begin": 54, "end": 59}, "object_index": {"begin": 110, "end": 120}}, {"predicate": "营业外收入", "object_type": "金额", "subject_type": "日期", "object": "1,456.66万元", "subject": "2010年1-6月", "subject_index": {"begin": 60, "end": 69}, "object_index": {"begin": 121, "end": 131}}]}
{"text": "公司充分认识技术优势的决定意义，凭借雄厚的技术积累和不断的技术创新，促使“大智慧”系列产品市场竞争能力得以持续保持和不断提升，公司多年来始终保持着对技术研发的高额投入，2009年的技术开发费达到3,090.03万元。报告期内，公司一方面大量招聘研发人员，以充实研发力量，并提高技术人员的薪酬，由此相应地大幅增加了公司的研发人工支出；另一方面，公司购置了较多的开发用服务器、电脑和其他网络设备，目的是更好的提高研发质量和产品质量，提升公司产品的竞争力。", "spo_list": [{"predicate": "研发费用", "object_type": "金额", "subject_type": "日期", "object": "3,090.03万元", "subject": "2009年", "subject_index": {"begin": 84, "end": 89}, "object_index": {"begin": 97, "end": 107}}]}
{"text": "根据2009年9月公司与上海陆家嘴（集团）有限公司签订的《关于陆家嘴集团招商引资专项扶持资金的协议》，公司因租赁位于上海市峨山路91弄20号的物业，上海陆家嘴（集团）有限公司支付给公司招商引资专项资金1,195.74万元，并规定仅限支付承租租赁物业租金之用。扣除相关税金后的净额为1,132.96万元确认为递延收益，2010年1-6月根据实际所承担的租赁费，将该笔递延收益按直线法确认了营业外收入664.07万元。", "spo_list": [{"predicate": "营业外支出", "object_type": "金额", "subject_type": "日期", "object": "1,195.74万元", "subject": "2009年9月", "subject_index": {"begin": 2, "end": 9}, "object_index": {"begin": 100, "end": 110}}, {"predicate": "应收账款净额", "object_type": "金额", "subject_type": "日期", "object": "1,132.96万元", "subject": "2009年9月", "subject_index": {"begin": 2, "end": 9}, "object_index": {"begin": 140, "end": 150}}, {"predicate": "营业外收入", "object_type": "金额", "subject_type": "日期", "object": "664.07万元", "subject": "2010年1-6月", "subject_index": {"begin": 158, "end": 167}, "object_index": {"begin": 198, "end": 206}}]}
