{"text": "截至2010年6月30日，本公司预付账款为1，531.03万元，较2009年12月31日减少62.24%，主要原因是：①本公司子公司大连国际物流园发展有限公司于2009年预付大连沈铁港口物流有限公司的场地租赁费约1，600万元，本期确认1，194万元；②本公司子公司大连集发船舶管理有限公司2009年预付柏福莱海运有限公司购船款1，692.00万元，本期已完工结转。", "spo_list": [{"predicate": "预付款项", "object_type": "金额", "subject_type": "日期", "object": "1，531.03万元", "subject": "2010年6月30日", "subject_index": {"begin": 2, "end": 12}, "object_index": {"begin": 21, "end": 31}}]}
{"text": "截至2009年12月31日，本公司的在建工程为15.67亿元，比2008年12月31日增长26.99%，主要由于新八艘拖轮、大窑湾二期13-16#泊位、汽车滚装船、新港沙坨子导流堤等在建工程项目投资增加所致。", "spo_list": [{"predicate": "在建工程账面价值", "object_type": "金额", "subject_type": "日期", "object": "15.67亿元", "subject": "2009年12月31日", "subject_index": {"begin": 2, "end": 13}, "object_index": {"begin": 23, "end": 30}}]}
{"text": "截至2009年12月31日，本公司的无形资产为3.43亿元，比2008年12月31日增加6.70%，主要由于大连国际物流园发展有限公司向大连集装箱码头物流有限公司出租土地使用权及相关配套设施，作为投资性房地产计量，在合并报表时，上述租赁作为内部租赁，故将投资性房地产调整为无形资产，使得土地使用权增加。", "spo_list": [{"predicate": "无形资产", "object_type": "金额", "subject_type": "日期", "object": "3.43亿元", "subject": "2009年12月31日", "subject_index": {"begin": 2, "end": 13}, "object_index": {"begin": 23, "end": 29}}]}
{"text": "截至2008年12月31日，本公司的流动负债为8.55亿元，比2007年12月31日减少32.58%，主要由于本公司流动性充足，减少流动资金借款所致。截至2009年12月31日，本公司的流动负债为6.35亿元，比2008年12月31日减少25.74%。截至2010年6月30日，本公司的流动负债为16.69亿元，较2009年12月31日增长1.63倍，主要由于公司进行滚存利润分配导致应付股利大幅增加所致。", "spo_list": [{"predicate": "流动负债", "object_type": "金额", "subject_type": "日期", "object": "8.55亿元", "subject": "2008年12月31日", "subject_index": {"begin": 2, "end": 13}, "object_index": {"begin": 23, "end": 29}}, {"predicate": "流动负债", "object_type": "金额", "subject_type": "日期", "object": "6.35亿元", "subject": "2009年12月31日", "subject_index": {"begin": 77, "end": 88}, "object_index": {"begin": 98, "end": 104}}, {"predicate": "流动负债", "object_type": "金额", "subject_type": "日期", "object": "16.69亿元", "subject": "2010年6月30日", "subject_index": {"begin": 128, "end": 138}, "object_index": {"begin": 148, "end": 155}}]}
{"text": "截至2009年12月31日，本公司的应交税费为0.46亿元，较2008年12月31日减少59.48%，主要由于：①公司缴纳2008年应交税费；②非流动资产转让规模较2008年大幅减少。", "spo_list": [{"predicate": "应交税费", "object_type": "金额", "subject_type": "日期", "object": "0.46亿元", "subject": "2009年12月31日", "subject_index": {"begin": 2, "end": 13}, "object_index": {"begin": 23, "end": 29}}]}
{"text": "2008年，本公司对油品分部的投资收益为2，181.95万元，同比增长5.77%，主要由于本公司增加对大连中石油国际储运有限公司的投资所致。2009年，本公司对油品分部的投资收益为1，660.72万元，同比减少23.89%，主要原因是大连港湾液体储罐码头有限公司由于一主要客户自建化工品罐组导致净利润减少所致。2010年，得益于宏观经济复苏带来的市场需求旺盛，本公司合营、联营公司业务量实现快速增长，经营业绩迅速提升，使得油品分部投资收益大幅增长。", "spo_list": [{"predicate": "投资收益", "object_type": "金额", "subject_type": "日期", "object": "2，181.95万元", "subject": "2008年", "subject_index": {"begin": 0, "end": 5}, "object_index": {"begin": 20, "end": 30}}, {"predicate": "投资收益", "object_type": "金额", "subject_type": "日期", "object": "1，660.72万元", "subject": "2009年", "subject_index": {"begin": 70, "end": 75}, "object_index": {"begin": 90, "end": 100}}]}
{"text": "2009年，本公司对集装箱分部的投资收益为10，351.41万元，同比下降31.30%，主要原因是：a、外贸集装箱吞吐量的下降，以及外贸箱量中空箱和中转箱量比重有所提高，导致从事集装箱装卸业务的合营公司利润下降；b、2008年大连集装箱码头有限公司转让大连集装箱码头物流有限公司的股权，使得2009年大连集装箱码头有限公司的利润相对下降；c、大连港湾集装箱码头有限公司于2008年确认汇兑收益2，551万元，而2009年仅确认汇兑收益38万元。", "spo_list": [{"predicate": "投资收益", "object_type": "金额", "subject_type": "日期", "object": "10，351.41万元", "subject": "2009年", "subject_index": {"begin": 0, "end": 5}, "object_index": {"begin": 21, "end": 32}}]}
{"text": "长期借款为与本次拟收购资产相关的工程建设项目的银行借款。截至2009年12月31日，长期借款余额较2008年12月31日增加15亿元，主要由于2009年上半年借入大连港老港区搬迁改造大连湾杂货及滚装泊位扩建工程的专项借款15亿元所致。截至2010年6月30日，长期借款余额较2009年12月31日减少2.2亿元，主要由于归还2.2亿银行贷款所致。", "spo_list": [{"predicate": "长期借款", "object_type": "金额", "subject_type": "日期", "object": "15亿元", "subject": "2009年12月31日", "subject_index": {"begin": 30, "end": 41}, "object_index": {"begin": 62, "end": 66}}, {"predicate": "长期借款", "object_type": "金额", "subject_type": "日期", "object": "2.2亿元", "subject": "2010年6月30日", "subject_index": {"begin": 119, "end": 129}, "object_index": {"begin": 150, "end": 155}}]}
{"text": "截至2010年6月30日、2009年12月31日、2008年12月31日、2007年12月31日，本公司的应收账款坏账准备分别为305.61万元、305.61万元、312.51万元、264.79万元，占应收账款的比例分别为1.67%、3.24%、3.11%、3.83%。", "spo_list": [{"predicate": "坏账准备", "object_type": "金额", "subject_type": "日期", "object": "305.61万元", "subject": "2010年6月30日", "subject_index": {"begin": 2, "end": 12}, "object_index": {"begin": 64, "end": 72}}, {"predicate": "坏账准备", "object_type": "金额", "subject_type": "日期", "object": "305.61万元", "subject": "2009年12月31日", "subject_index": {"begin": 13, "end": 24}, "object_index": {"begin": 73, "end": 81}}, {"predicate": "坏账准备", "object_type": "金额", "subject_type": "日期", "object": "312.51万元", "subject": "2008年12月31日", "subject_index": {"begin": 25, "end": 36}, "object_index": {"begin": 82, "end": 90}}, {"predicate": "坏账准备", "object_type": "金额", "subject_type": "日期", "object": "264.79万元", "subject": "2007年12月31日", "subject_index": {"begin": 37, "end": 48}, "object_index": {"begin": 91, "end": 99}}]}
{"text": "截至2010年6月30日，本公司的无形资产为3.43亿元，较2009年12月31日增加0.14%。", "spo_list": [{"predicate": "无形资产", "object_type": "金额", "subject_type": "日期", "object": "3.43亿元", "subject": "2010年6月30日", "subject_index": {"begin": 2, "end": 12}, "object_index": {"begin": 22, "end": 28}}]}
{"text": "截至2008年12月31日，本公司的应交税费为1.15亿元，比2007年12月31日增加76.48%，主要由于2008年非流动资产转让需缴纳企业所得税0.87亿元和营业税0.19亿元，从而导致应交税费大幅增加", "spo_list": [{"predicate": "应交税费", "object_type": "金额", "subject_type": "日期", "object": "1.15亿元", "subject": "2008年12月31日", "subject_index": {"begin": 2, "end": 13}, "object_index": {"begin": 23, "end": 29}}]}
{"text": "截至2008年12月31日，本公司的长期借款余额为20.23亿元，比2007年12月31日增加32.26%，主要原因是大窑湾二期、三期工程投资建设的部分资金来源于大连港集团发行的企业债券。截至2009年12月31日，本公司的长期借款余额为5.24亿元，比2008年12月31日减少74.09%，主要由于中期票据募集资金用于偿还大连港集团款项和其他长期借款所致。截至2010年6月30日，本公司的长期借款余额为9.42亿元，比2009年12月31日增加79.67%，主要由于本公司的子公司亚太港口有限公司为购置储罐及相关资产而增加长期借款所致。", "spo_list": [{"predicate": "长期借款", "object_type": "金额", "subject_type": "日期", "object": "20.23亿元", "subject": "2008年12月31日", "subject_index": {"begin": 2, "end": 13}, "object_index": {"begin": 25, "end": 32}}, {"predicate": "长期借款", "object_type": "金额", "subject_type": "日期", "object": "5.24亿元", "subject": "2009年12月31日", "subject_index": {"begin": 96, "end": 107}, "object_index": {"begin": 119, "end": 125}}, {"predicate": "长期借款", "object_type": "金额", "subject_type": "日期", "object": "9.42亿元", "subject": "2010年6月30日", "subject_index": {"begin": 182, "end": 192}, "object_index": {"begin": 204, "end": 210}}]}
{"text": "2008年，本公司对港口增值分部的投资收益为1，159.98万元，同比增长26.09%，主要原因是：a、在外贸吞吐量增长的带动下，理货业务实现较快增长，大连外轮理货有限公司和大连中联理货有限公司净利润实现增长；b、随大连口岸物流网有限公司于2008年纳入合并报表范围，大连港通信工程有限公司作为本公司的联营公司，带来对港口增值分部投资收益的增加。", "spo_list": [{"predicate": "投资收益", "object_type": "金额", "subject_type": "日期", "object": "1，159.98万元", "subject": "2008年", "subject_index": {"begin": 0, "end": 5}, "object_index": {"begin": 22, "end": 32}}]}
{"text": "截至2009年12月31日，本公司的预付账款为4，054.24万元，同比增长10.78倍，预付账款大幅增长的主要原因是：①本公司下属子公司大连集发船舶管理有限公司预付柏福莱海运有限公司购船款1，692.00万元；②子公司大连国际物流园发展有限公司预付大连沈铁港口物流有限公司场地租金1，600.00万元；③子公司大连港集货物流有限公司预付哈尔滨铁路局鹤岗站运费387.25万元等", "spo_list": [{"predicate": "预付款项", "object_type": "金额", "subject_type": "日期", "object": "4，054.24万元", "subject": "2009年12月31日", "subject_index": {"begin": 2, "end": 13}, "object_index": {"begin": 23, "end": 33}}]}
{"text": "截至2008年12月31日，本公司的无形资产为3.21亿元，同比增长38.69%，增加的主要原因是大连口岸物流网有限公司、大连集装箱码头物流有限公司纳入合并报表范围导致网络平台及特许权增加0.61亿元、客户基础增加0.15亿元等。", "spo_list": [{"predicate": "无形资产", "object_type": "金额", "subject_type": "日期", "object": "3.21亿元", "subject": "2008年12月31日", "subject_index": {"begin": 2, "end": 13}, "object_index": {"begin": 23, "end": 29}}]}
{"text": "截至2008年12月31日，本公司的非流动负债为28.11亿元，较2007年12月31日增长20.86%，主要由于进行码头建设项目投资而增加长期借款所致。截至2009年12月31日，本公司的非流动负债为37.33亿元，较2008年12月31日增长32.79%，主要原因是本公司于2009年发行中期票据导致应付债券余额的大幅增长。截至2010年6月30日，本公司的非流动负债为41.46亿元，较2009年12月31日增长11.05%，主要由于本公司的子公司亚太港口有限公司为购置储罐及相关资产而增加长期借款所致。", "spo_list": [{"predicate": "非流动负债", "object_type": "金额", "subject_type": "日期", "object": "28.11亿元", "subject": "2008年12月31日", "subject_index": {"begin": 2, "end": 13}, "object_index": {"begin": 24, "end": 31}}, {"predicate": "非流动负债", "object_type": "金额", "subject_type": "日期", "object": "37.33亿元", "subject": "2009年12月31日", "subject_index": {"begin": 79, "end": 90}, "object_index": {"begin": 101, "end": 108}}, {"predicate": "非流动负债", "object_type": "金额", "subject_type": "日期", "object": "41.46亿元", "subject": "2010年6月30日", "subject_index": {"begin": 166, "end": 176}, "object_index": {"begin": 187, "end": 194}}]}
{"text": "截至2010年6月30日，本公司的应缴税费为0.67亿元，较2009年12月31日增加43.71%，主要由于出售南海罐区二期资产导致应交营业税增加所致。", "spo_list": [{"predicate": "应交税费", "object_type": "金额", "subject_type": "日期", "object": "0.67亿元", "subject": "2010年6月30日", "subject_index": {"begin": 2, "end": 12}, "object_index": {"begin": 22, "end": 28}}]}
{"text": "2010年1-6月、2009年、2008年、2007年，本公司的公允价值变动收益分别为2.89万元、900.52万元、-612.32万元、-291.09万元。即为上述衍生金融交易产品的公允价值变动收益。", "spo_list": []}
