{"text": "2014年12月8日，申报会计师出具瑞华专审字[2014]第43010005号《验资复核报告》，由于对前期会计差错进行了更正，调减2011年12月31日公司的净资产1,246,381.84元，调整后2011年12月31日公司的净资产为194,621,381.27元。影响净资产折股计入资本公积金额减少1,246,381.84元，调整后资本公积为94,621,381.27元。减少的所有者权益冲减整体变更时资本公积，不影响发行人整体变更时的股东出资和股本。2011年12月31日公司的净资产调整前后金额对比及调整原因具体如下：", "spo_list": [{"predicate": "资本公积", "object_type": "金额", "subject_type": "日期", "object": "94,621,381.27元", "subject": "2011年12月31日", "subject_index": {"begin": 99, "end": 110}, "object_index": {"begin": 172, "end": 186}}]}
{"text": "2010年2月21日，百傲有限召开董事会决议，同意将2009年度未分配利润27,612,106.71元人民币，折合404.50万美元转增为注册资本，转增后注册资本由398.2万美元增至802.70万美元。", "spo_list": [{"predicate": "未分配利润", "object_type": "金额", "subject_type": "日期", "object": "27,612,106.71元", "subject": "2010年2月21日", "subject_index": {"begin": 0, "end": 10}, "object_index": {"begin": 37, "end": 51}}]}
{"text": "2011年4月1日，大连中准会计师事务所有限公司出具中准验字（2011）第1005号《验资报告》，截至2011年4月1日，百傲有限已收到深创投、红土鑫洲、三联林业缴纳的出资款共计5,720.00万元人民币，其中：实收资本1,100.00万元人民币，资本公积4,620.00万元人民币。", "spo_list": [{"predicate": "截止日期", "object_type": "日期", "subject_type": "报告", "object": "截至2011年4月1日", "subject": "《验资报告》", "subject_index": {"begin": 42, "end": 48}, "object_index": {"begin": 49, "end": 60}}, {"predicate": "资本公积", "object_type": "金额", "subject_type": "日期", "object": "4,620.00万元", "subject": "截至2011年4月1日", "subject_index": {"begin": 49, "end": 60}, "object_index": {"begin": 128, "end": 138}}]}
{"text": "2005年3月25日，大连兴和会计师事务所为百傲精细化工新增注册资本实收情况进行了审验，出具大兴会验字[2005]009号《验资报告》，截至2005年3月25日，百傲精细化工收到新增注册资本合计173.9985万美元，其中通运化工缴纳人民币4,921,420元（折合美元59.35万元）、刘宪斌缴纳人民币442,485美元、三鑫投资缴纳人民币6,000,000元（折合美元72.40万元）。", "spo_list": [{"predicate": "截止日期", "object_type": "日期", "subject_type": "报告", "object": "截至2005年3月25日", "subject": "《验资报告》", "subject_index": {"begin": 61, "end": 67}, "object_index": {"begin": 68, "end": 80}}]}
{"text": "2011年4月1日，大连中准会计师事务所有限公司为百傲有限新增注册资本实收情况进行了审验，出具中准验字（2011）第1005号《验资报告》，截至2011年4月1日，百傲有限已收到深创投、红土鑫州、三联林业缴纳的出资款共计5,720.00万元人民币，其中：实收资本1,100.00万元人民币，资本公积4,620.00万元人民币。", "spo_list": [{"predicate": "截止日期", "object_type": "日期", "subject_type": "报告", "object": "截至2011年4月1日", "subject": "《验资报告》", "subject_index": {"begin": 63, "end": 69}, "object_index": {"begin": 70, "end": 81}}, {"predicate": "资本公积", "object_type": "金额", "subject_type": "日期", "object": "4,620.00万元", "subject": "截至2011年4月1日", "subject_index": {"begin": 70, "end": 81}, "object_index": {"begin": 149, "end": 159}}]}
{"text": "根据上海正大资产评估有限公司出具的沪正大评报字（2013）第171号《拟股权转让所涉及的三博生化科技（上海）有限公司股东全部权益价值评估报告》，截至2013年6月30日，三博生化经评估的资产合计为2,043.68万元人民币，负债合计为1,720.68万元人民币，净资产322.99万元人民币。", "spo_list": [{"predicate": "截止日期", "object_type": "日期", "subject_type": "报告", "object": "截至2013年6月30日", "subject": "《拟股权转让所涉及的三博生化科技（上海）有限公司股东全部权益价值评估报告》", "subject_index": {"begin": 34, "end": 71}, "object_index": {"begin": 72, "end": 84}}, {"predicate": "总负债", "object_type": "金额", "subject_type": "日期", "object": "1,720.68万元", "subject": "截至2013年6月30日", "subject_index": {"begin": 72, "end": 84}, "object_index": {"begin": 117, "end": 127}}]}
{"text": "2013年末、2014年末、2015年末和2016年6月末，应收账款净额占营业收入比例分别为18.12%、19.77%、21.95%和47.31%，呈现逐年上升的趋势。2014年末应收账款同比增加1,574.04万元、增长29.82%，主要原因是①2014年外销收入大幅增加，而外销业务主要采用海洋运输的方式，使得国外客户应收账款的回款周期较长，一般需要2-5月的时间；②受国内经济增长放缓及实体经济资金紧张的影响，国内客户的实际回款周期延长，使得应收账款增加。但公司应收账款大都在1年以内，且均在回款信用期内，产生坏账的可能性较小。2015年末应收账款同比增加347.32万元、增长5.07%，变化较小；2016年6月末应收账款较2015年末增加1,660.73万元，增长23.06%，主要原因是公司异噻唑啉酮类系列产品销售增长所致。", "spo_list": [{"predicate": "长期应收款", "object_type": "金额", "subject_type": "日期", "object": "347.32万元", "subject": "2015年末", "subject_index": {"begin": 267, "end": 273}, "object_index": {"begin": 281, "end": 289}}, {"predicate": "长期应收款", "object_type": "金额", "subject_type": "日期", "object": "1,660.73万元", "subject": "2016年6月末", "subject_index": {"begin": 303, "end": 311}, "object_index": {"begin": 324, "end": 334}}]}
{"text": "2014年末应交税金同比增加190.03万元，增长55.92%，主要原因是2014年销售收入及利润增长，使应交的增值税及企业所得税增加所致。2015年末应交税金同比减少113.07万元，降低21.34%，主要原因是应交增值税支付完毕所致。2016年6月末应交税金较2015年末增加319.24万元，增长76.59%，主要原因是2016年1-6月销售收入及利润增长，使应交的增值税及企业所得税增加所致。", "spo_list": [{"predicate": "应交税费", "object_type": "金额", "subject_type": "日期", "object": "113.07万元", "subject": "2015年末", "subject_index": {"begin": 70, "end": 76}, "object_index": {"begin": 84, "end": 92}}, {"predicate": "应交税费", "object_type": "金额", "subject_type": "日期", "object": "319.24万元", "subject": "2016年6月末", "subject_index": {"begin": 119, "end": 127}, "object_index": {"begin": 140, "end": 148}}]}
{"text": "报告期内，公司充分发挥自身竞争优势，主营业务收入整体呈现增长趋势。2013年度、2014年度、2015年度和2016年1-6月，公司实现的归属于母公司所有者的净利润分别为4,892.05万元、6,403.23万元、5,733.86万元和4,351.24万元，盈利能力较强。报告期内经营活动产生的现金流量净额分别为5,384.30万元、5,951.38万元、7,403.56万元和4,422.94万元，占2013年度-2016年1-6月归属于母公司所有者的净利润金额的108.33%，远高于当年实现的可供分配利润的20%，公司的盈利质量较高。较高的盈利能力和良好的盈利质量为公司持续、稳定的向股东提供分红回报奠定了坚实的基础。", "spo_list": [{"predicate": "公司经营活动产生的现金流量净额", "object_type": "金额", "subject_type": "日期", "object": "5,384.30万元", "subject": "2013年度", "subject_index": {"begin": 33, "end": 39}, "object_index": {"begin": 156, "end": 166}}, {"predicate": "公司经营活动产生的现金流量净额", "object_type": "金额", "subject_type": "日期", "object": "5,951.38万元", "subject": "2014年度", "subject_index": {"begin": 40, "end": 46}, "object_index": {"begin": 167, "end": 177}}, {"predicate": "公司经营活动产生的现金流量净额", "object_type": "金额", "subject_type": "日期", "object": "7,403.56万元", "subject": "2015年度", "subject_index": {"begin": 47, "end": 53}, "object_index": {"begin": 178, "end": 188}}, {"predicate": "公司经营活动产生的现金流量净额", "object_type": "金额", "subject_type": "日期", "object": "4,422.94万元", "subject": "2016年1-6月", "subject_index": {"begin": 54, "end": 63}, "object_index": {"begin": 189, "end": 199}}]}
{"text": "公司其他应收款主要包括押金、备用金、预付电费等。报告期各期末其他应收款净额占流动资产比例分别为1.28%、0.63%、0.69%和1.33%，其他应收款所占比例较小。2014年末其他应收款余额同比减少163.75万元，下降56.12%，主要原因是收回和升国际代扣代缴税款和天津鑫鑫向荣投资有限公司往来款项所致。报告期各期末，公司其他应收款大部分在一年以内，并已按坏账准备计提政策足额计提了坏账准备，其他应收款发生坏账的风险较小。2016年6月末其他应收款较2015年末增加179.19万元，增长140.30%，主要原因是员工借款增加所致，其中李毅、李喆、曲君来等所借公司款项均已于2016年7月收回。", "spo_list": [{"predicate": "其他应收款净额", "object_type": "金额", "subject_type": "日期", "object": "179.19万元", "subject": "2016年6月末", "subject_index": {"begin": 214, "end": 222}, "object_index": {"begin": 236, "end": 244}}]}
{"text": "2014年末公司其他非流动资产同比增加185.86万元，增长61.56%，主要原因是公司支付的上市服务费增加所致；2015年末公司其他非流动资产减少408.54万元，降低83.76%，主要原因是收到的大连市财政局支付的上市补贴款冲减上市服务费及预付的工程和设备款转入固定资产或在建工程所致。2016年6月末其他非流动资产较2015年末增加113.65万元，增长143.46%，主要原因是支付的工程及设备款增加所致。", "spo_list": [{"predicate": "非流动资产", "object_type": "金额", "subject_type": "日期", "object": "185.86万元", "subject": "2014年末", "subject_index": {"begin": 0, "end": 6}, "object_index": {"begin": 19, "end": 27}}, {"predicate": "非流动资产", "object_type": "金额", "subject_type": "日期", "object": "113.65万元，", "subject": "2016年6月", "subject_index": {"begin": 145, "end": 152}, "object_index": {"begin": 169, "end": 178}}, {"predicate": "非流动资产", "object_type": "金额", "subject_type": "日期", "object": "408.54万元", "subject": "2015年末", "subject_index": {"begin": 57, "end": 63}, "object_index": {"begin": 74, "end": 82}}]}
{"text": "2013年度、2014年度、2015年度和2016年1-6月，归属于公司普通股股东的非经常性损益净额分别为322.71万元、518.44万元、359.34万元和215.17万元，占归属于母公司股东的净利润的比例分别为6.60%、8.10%、6.27%和4.94%，占比相对较小。", "spo_list": [{"predicate": "非经常性损益", "object_type": "金额", "subject_type": "日期", "object": "322.71万元", "subject": "2013年度", "subject_index": {"begin": 0, "end": 6}, "object_index": {"begin": 53, "end": 61}}, {"predicate": "非经常性损益", "object_type": "金额", "subject_type": "日期", "object": "518.44万元", "subject": "2014年度", "subject_index": {"begin": 7, "end": 13}, "object_index": {"begin": 62, "end": 70}}, {"predicate": "非经常性损益", "object_type": "金额", "subject_type": "日期", "object": "359.34万元", "subject": "2015年度", "subject_index": {"begin": 14, "end": 20}, "object_index": {"begin": 71, "end": 79}}, {"predicate": "非经常性损益", "object_type": "金额", "subject_type": "日期", "object": "215.17万元", "subject": "2016年1-6月", "subject_index": {"begin": 21, "end": 30}, "object_index": {"begin": 80, "end": 88}}]}
{"text": "发行人系由有限公司整体变更设立。根据2012年6月18日大连市对外贸易经济局《关于大连百傲化学有限公司变更为股份有限公司的批复》（大外经贸发[2012]265号），经2012年5月15日百傲有限第一届董事会第四次会议决议、2012年6月19日百傲化学创立大会暨第一次股东大会决议批准，以百傲有限原有八位股东通运投资、和升国际、三鑫投资、三联林业、洁世投资、深创投、鑫傲创新、红土鑫洲作为发起人，以经中瑞岳华会计师事务所（特殊普通合伙）审计的截至2011年12月31日净资产195,867,763.11元为基数，按照1.9587:1的比例折合10,000万元股本，整体变更为股份有限公司，净资产超过股本部分95,867,763.11元计入资本公积", "spo_list": [{"predicate": "资本公积", "object_type": "金额", "subject_type": "日期", "object": "95,867,763.11元", "subject": "2012年6月19日", "subject_index": {"begin": 111, "end": 121}, "object_index": {"begin": 302, "end": 316}}]}
{"text": "2010年5月13日，大连嘉和会计师事务所有限公司出具大嘉外验资（2010）第B007号《验资报告》，截至2010年5月13日，百傲有限已经收到新增注册资本404.50万美元，均为未分配利润转增资本，其中通运化工转增相当于97.05万美元的人民币，三鑫投资转增相当于206.30万美元的人民币，刘宪斌转增相当于45.95万美元的人民币，和升国际转增相当于55.20万美元的人民币。", "spo_list": [{"predicate": "截止日期", "object_type": "日期", "subject_type": "报告", "object": "2010年5月13日", "subject": "《验资报告》", "subject_index": {"begin": 44, "end": 50}, "object_index": {"begin": 53, "end": 63}}]}
{"text": "2011年8月25日，洁世投资与百傲有限全部股东共同签署《增资协议书》，本次增资完成后，公司注册资本变更为7,500万元人民币。洁世投资以5.4元/元注册资本价格向百傲有限出资2,160万元，其中400.00万元计入注册资本，占注册资本的5.34%，其余1,760.00万元计入资本公积。", "spo_list": [{"predicate": "资本公积", "object_type": "金额", "subject_type": "日期", "object": "1,760.00万元", "subject": "2011年8月25日", "subject_index": {"begin": 0, "end": 10}, "object_index": {"begin": 127, "end": 137}}]}
{"text": "2003年10月29日，大连益民会计师事务所为百傲精细化工注册资本实收情况进行了审验，出具大益外验字（2003）第267号《验资报告》，截至2003年10月29日，通运化工以400,000.00元人民币按1:8.2145折算48,694.00美元出资，其中4.00万美元作为注册资金，溢缴部分作为资本公积，刘宪斌出资3.00万美元。", "spo_list": [{"predicate": "截止日期", "object_type": "日期", "subject_type": "报告", "object": "2003年10月29日", "subject": "《验资报告》", "subject_index": {"begin": 61, "end": 67}, "object_index": {"begin": 70, "end": 81}}]}
{"text": "根据上海汇永会计师事务所出具的汇永会字（2013）第559号《审计报告》，截至2013年6月30日，三博生化经审计的资产合计为1,915.17万元人民币，负债合计为1,720.69万元人民币，净资产为194.48万元人民币。", "spo_list": [{"predicate": "截止日期", "object_type": "日期", "subject_type": "报告", "object": "2013年6月30日", "subject": "《审计报告》", "subject_index": {"begin": 30, "end": 36}, "object_index": {"begin": 39, "end": 49}}, {"predicate": "总负债", "object_type": "金额", "subject_type": "日期", "object": "1,720.69万元", "subject": "2013年6月30日", "subject_index": {"begin": 39, "end": 49}, "object_index": {"begin": 82, "end": 92}}]}
{"text": "由于子公司沈阳百傲化学有限公司一期苯甲酸项目因设备陈旧、技术落后以及市场恶性竞争等原因，2016年7月5日公司第二届董事会第十次会议，审议通过了《关于调整沈阳百傲化学有限公司一期苯甲酸项目的议案》，拟将一期苯甲酸项目调整为颜料项目，并最大限度利用一期苯甲酸车间厂房设备、公用工程设施，一期苯甲酸项目因升级改造无法继续使用的机器设备，将进行清理，待清理资产的原值为1,253.25万元，累计折旧890.71万元，净值为362.54万元。", "spo_list": [{"predicate": "息税折旧摊销前利润", "object_type": "金额", "subject_type": "日期", "object": "890.71万元", "subject": "2016年7月5日", "subject_index": {"begin": 44, "end": 53}, "object_index": {"begin": 196, "end": 204}}]}
{"text": "公司负债主要由银行借款、应付账款、递延收益等构成，2015年末公司负债总额同比减少7,375.57万元，降低28.17%，主要原因是公司经营活动产生的现金流量较好，归还银行借款所致。截至2016年6月30日，公司资产负债率（母公司）为20.56%，资产负债结构较为合理，偿债能力较强。", "spo_list": [{"predicate": "总负债", "object_type": "金额", "subject_type": "日期", "object": "7,375.57万元", "subject": "2015年末", "subject_index": {"begin": 25, "end": 31}, "object_index": {"begin": 41, "end": 51}}]}
{"text": "2014年12月8日，申报会计师出具瑞华专审字[2014]第43010005号《验资复核报告》，由于公司对前期会计差错进行了更正，调减2011年12月31日公司的净资产124.64万元，调整后2011年12月31日公司的净资产为19,462.14万元。影响净资产折股计入资本公积金额减少124.64万元，调整后资本公积为9,462.14万元。减少的所有者权益冲减整体变更时资本公积，不影响发行人整体变更时的股东出资和股本", "spo_list": [{"predicate": "资本公积", "object_type": "金额", "subject_type": "日期", "object": "124.64万元", "subject": "2011年12月31日", "subject_index": {"begin": 96, "end": 107}, "object_index": {"begin": 143, "end": 151}}, {"predicate": "资本公积", "object_type": "金额", "subject_type": "日期", "object": "9,462.14万元", "subject": "2011年12月31日", "subject_index": {"begin": 96, "end": 107}, "object_index": {"begin": 160, "end": 170}}]}
{"text": "2014年度经营活动产生的现金流量净额同比增加567.08万元，增长10.53%,主要是销售收入增长，使得销售商品、提供劳务收到的现金增加所致；2014年度投资活动产生现金流量净额同比减少1,183.18万元，主要原因是2014年度募投项目3000吨B/F腈中间体及年产500吨高性能有机颜料项目及、及松木岛分公司建设项目投入资金减少所致；2014年度筹资活动产生的现金流量净额同比减少6,133.38万元，主要是偿还银行借款，支付现金股利及利息支出增加所致。", "spo_list": [{"predicate": "公司经营活动产生的现金流量净额", "object_type": "金额", "subject_type": "日期", "object": "567.08万元", "subject": "2014年度", "subject_index": {"begin": 0, "end": 6}, "object_index": {"begin": 23, "end": 31}}, {"predicate": "公司投资活动产生的现金流量净额", "object_type": "金额", "subject_type": "日期", "object": "1,183.18万元", "subject": "2014年度", "subject_index": {"begin": 72, "end": 78}, "object_index": {"begin": 94, "end": 104}}, {"predicate": "公司筹资活动产生的现金流量净额", "object_type": "金额", "subject_type": "日期", "object": "6,133.38万元", "subject": "2014年度", "subject_index": {"begin": 170, "end": 176}, "object_index": {"begin": 193, "end": 203}}]}
{"text": "2016年1-9月，公司保持良好的经营态势，实现营业收入29,397.71万元，同比增长14.19%；实现营业利润8,789.13万元，同比增长53.42%；实现净利润7,235.06万元，同比增长52.07%。归属于母公司股东的净利润为7,260.08万元，同比变动50.76%；扣除非经常性损益后归属于母公司股东的净利润为6,961.46万元，同比增长49.79%。公司2016年1-9月营业收入、营业利润、净利润、归属于母公司股东的净利润和扣除非经常性损益后归属于母公司股东的净利润同比上升，主要是由于主要产品销量增加及毛利率提升所致。", "spo_list": [{"predicate": "营业利润", "object_type": "金额", "subject_type": "日期", "object": "8,789.13万元", "subject": "2016年1-9月", "subject_index": {"begin": 0, "end": 9}, "object_index": {"begin": 57, "end": 67}}]}
