{"text": "2005年，由于本公司投入大量资金用于在建项目，造成货币资金由2004年底的36.72亿元下降至2005年底的10.29亿元，应付工程、设备、材料款增加及一年内到期的长期借款增加也导致流动负债增加。但由于本公司应收账款回收及时，账龄均在3个月内，并且2005年经营活动产生的现金流入总计210.33亿元，经营活动产生现金流入净额为59.78亿元，经营现金流量稳健，因此能够满足流动性的要求。此外，随着此次发行上市成功和在建项目的陆续投产，本公司的流动性风险将减小。", "spo_list": [{"predicate": "公司经营活动产生的现金流量净额", "object_type": "金额", "subject_type": "日期", "object": "59.78亿元", "subject": "2005年", "subject_index": {"begin": 125, "end": 130}, "object_index": {"begin": 165, "end": 172}}]}
{"text": "截至2006年6月30日，公司的负债总额为526.13亿元，其中短期借款为80.04亿元，长期借款（含一年内到期的长期借款）为357.39亿元，2006年上半年公司财务费用为5.61亿元。随着公司项目的建设，公司的银行贷款将继续增加。如果银行的贷款利率上升，将增加公司利息费用支出，从而影响公司经营业绩。", "spo_list": [{"predicate": "长期借款", "object_type": "金额", "subject_type": "日期", "object": "357.39亿元", "subject": "2006年6月30日", "subject_index": {"begin": 2, "end": 12}, "object_index": {"begin": 63, "end": 71}}, {"predicate": "财务费用", "object_type": "金额", "subject_type": "日期", "object": "5.61亿元", "subject": "2006年上半年", "subject_index": {"begin": 72, "end": 80}, "object_index": {"begin": 87, "end": 93}}]}
{"text": "根据《〈除灰协议〉、〈房屋及建构筑物租赁协议〉的变更协议》，中国大唐将本公司所属发电厂所在地共约141,671平方米的楼宇租赁给本公司。2003年、2004年、2005年和2006年上半年本公司向中国大唐分别支付房屋租赁费722.9万元、722.8万元、722.8万元和361.4万元，分别占主营业务成本的0.12%、0.08%、0.06%和0.05%。2006年6月30日，本公司应付中国大唐款项为361.4万元（2005年12月31日：无），已包括在其他应付款内。未来年度，此交易仍将继续发生。", "spo_list": [{"predicate": "其他成本", "object_type": "金额", "subject_type": "日期", "object": "722.9万元", "subject": "2003年", "subject_index": {"begin": 68, "end": 73}, "object_index": {"begin": 111, "end": 118}}, {"predicate": "其他成本", "object_type": "金额", "subject_type": "日期", "object": "722.8万元", "subject": "2004年", "subject_index": {"begin": 74, "end": 79}, "object_index": {"begin": 119, "end": 126}}, {"predicate": "其他成本", "object_type": "金额", "subject_type": "日期", "object": "722.8万元", "subject": "2005年", "subject_index": {"begin": 80, "end": 85}, "object_index": {"begin": 127, "end": 134}}, {"predicate": "其他成本", "object_type": "金额", "subject_type": "日期", "object": "361.4万元", "subject": "2006年上半年", "subject_index": {"begin": 86, "end": 94}, "object_index": {"begin": 135, "end": 142}}]}
{"text": "2003年度、2004年度、2005年度和2006年上半年，本公司所有热力均按照北京市物价部门批复价格售予北京特新大唐供热有限责任公司。2003年、2004年、2005年和2006年上半年，本公司分别获得283.1万元、1,492.1万元、3,483.3万元和2548.8万元供热收入，分别占主营业务收入的0.03%、0.11%、0.19%和0.24%。2006年6月30日，本公司应收北京特新大唐供热有限责任公司的款项为2880.2万元。未来年度，此交易仍将继续发生。", "spo_list": [{"predicate": "营业外收入", "object_type": "金额", "subject_type": "日期", "object": "283.1万元", "subject": "2003年", "subject_index": {"begin": 68, "end": 73}, "object_index": {"begin": 102, "end": 109}}, {"predicate": "营业外收入", "object_type": "金额", "subject_type": "日期", "object": "1,492.1万元", "subject": "2004年", "subject_index": {"begin": 74, "end": 79}, "object_index": {"begin": 110, "end": 119}}, {"predicate": "营业外收入", "object_type": "金额", "subject_type": "日期", "object": "3,483.3万元", "subject": "2005年", "subject_index": {"begin": 80, "end": 85}, "object_index": {"begin": 120, "end": 129}}, {"predicate": "营业外收入", "object_type": "金额", "subject_type": "日期", "object": "2548.8万元", "subject": "2006年上半年", "subject_index": {"begin": 86, "end": 94}, "object_index": {"begin": 130, "end": 138}}]}
{"text": "本公司的子公司有部分管理人员持股或管理的关联公司向本公司的子公司提供物业管理、清洁、运输及其他服务，这些服务的价格按照当期市场价格制定。2003年、2004年、2005年，本公司分别向这些公司支付5,603.5万元、3,530.7万元、3,449.7万元，分别占主营业务成本的0.90%、0.40%、0.27%。2006年上半年，本公司无与上述三产公司的交易。此外，2003年和2004年本公司的子公司向上述关联公司分别购煤6,625.4万元和1,797.6万元，分别占主营业务成本的1.06%和0.20%，该等交易和服务按当期市场价格收费。2006年6月30日，无此项应付款项。", "spo_list": [{"predicate": "其他应付款", "object_type": "金额", "subject_type": "日期", "object": "5,603.5万元", "subject": "2003年", "subject_index": {"begin": 68, "end": 73}, "object_index": {"begin": 98, "end": 107}}, {"predicate": "其他应付款", "object_type": "金额", "subject_type": "日期", "object": "3,530.7万元", "subject": "2004年", "subject_index": {"begin": 74, "end": 79}, "object_index": {"begin": 108, "end": 117}}, {"predicate": "其他应付款", "object_type": "金额", "subject_type": "日期", "object": "3,449.7万元", "subject": "2005年", "subject_index": {"begin": 80, "end": 85}, "object_index": {"begin": 118, "end": 127}}]}
{"text": "于2006年6月30日，本公司其他应付款账龄超过3年的金额为37,287千元（2005年12月31日：44,239千元），主要为应付职工售房维修基金及代收职工售房款。", "spo_list": [{"predicate": "其他应付款", "object_type": "金额", "subject_type": "日期", "object": "37,287千元", "subject": "2006年6月30日", "subject_index": {"begin": 1, "end": 11}, "object_index": {"begin": 30, "end": 38}}, {"predicate": "其他应付款", "object_type": "金额", "subject_type": "日期", "object": "44,239千元", "subject": "2005年12月31日", "subject_index": {"begin": 39, "end": 50}, "object_index": {"begin": 51, "end": 59}}]}
{"text": "北京天健兴业资产评估有限公司接受委托，对大唐唐山拟向中国大唐收购的唐山发电总厂的全部资产和负债进行了评估，评估基准日为2003年8月31日，净资产的评估值为1.57亿元，并于2003年12月18日出具了天兴评报字（2003）第79号资产评估报告，此项评估结果已经国资委国资产权[2004]1249号文确认。", "spo_list": [{"predicate": "净资产评估值", "object_type": "金额", "subject_type": "日期", "object": "1.57亿元", "subject": "2003年8月31日", "subject_index": {"begin": 59, "end": 69}, "object_index": {"begin": 78, "end": 84}}]}
{"text": "本公司2003、2004、2005年度和2006年上半年的流动比率分别为1.02、0.51、0.28和0.28，速动比率分别为0.97、0.47、0.23和0.23。公司前三年流动比率和速动比率下降较快，面临一定的短期偿债压力。本次发行完成后，本公司上述两项指标有望得到明显改善。", "spo_list": [{"predicate": "速动比率", "object_type": "日期", "subject_type": "比率", "object": "2003", "subject": "0.97", "subject_index": {"begin": 63, "end": 67}, "object_index": {"begin": 3, "end": 7}}, {"predicate": "速动比率", "object_type": "日期", "subject_type": "比率", "object": "2004", "subject": "0.47", "subject_index": {"begin": 68, "end": 72}, "object_index": {"begin": 8, "end": 12}}, {"predicate": "速动比率", "object_type": "日期", "subject_type": "比率", "object": "2005年度", "subject": "0.23", "subject_index": {"begin": 73, "end": 77}, "object_index": {"begin": 13, "end": 19}}, {"predicate": "速动比率", "object_type": "日期", "subject_type": "比率", "object": "2006年上半年", "subject": "0.23", "subject_index": {"begin": 78, "end": 82}, "object_index": {"begin": 20, "end": 28}}]}
{"text": "2006年上半年公司筹资活动产生的净现金流量净额为38.20亿元，比上年同期减少21.28%，主要原因是公司2006年上半年分配股利、利润或偿付利息所支付的现金相比上年同期增加了8.52亿元。2005年公司筹资活动产生的净现金流量净额为94.32亿元，比上年增长2.60%。", "spo_list": [{"predicate": "公司筹资活动产生的现金流量净额", "object_type": "金额", "subject_type": "日期", "object": "38.20亿元", "subject": "2006年上半年", "subject_index": {"begin": 0, "end": 8}, "object_index": {"begin": 25, "end": 32}}, {"predicate": "公司筹资活动产生的现金流量净额", "object_type": "金额", "subject_type": "日期", "object": "94.32亿元", "subject": "2005年", "subject_index": {"begin": 96, "end": 101}, "object_index": {"begin": 118, "end": 125}}]}
{"text": "2006年上半年公司投资活动的现金净流出为76.17亿元，比上年同期下降了8.51%，主要原因是公司购建固定资产、无形资产和长期资产所支付的现金相比上年同期减少了13.73亿元。2005年投资活动导致的现金净流出为178.13亿元，比上年增加了18.74%。", "spo_list": [{"predicate": "公司投资活动产生的现金流量净额", "object_type": "金额", "subject_type": "日期", "object": "76.17亿元", "subject": "2006年上半年", "subject_index": {"begin": 0, "end": 8}, "object_index": {"begin": 21, "end": 28}}, {"predicate": "公司投资活动产生的现金流量净额", "object_type": "金额", "subject_type": "日期", "object": "178.13亿元", "subject": "2005年", "subject_index": {"begin": 89, "end": 94}, "object_index": {"begin": 107, "end": 115}}]}
{"text": "2006年上半年本公司主营业务利润32.63亿元，相比上年同期增加35.73%，主要原因是公司主营业务成本相比上年同期的增幅22.21%低于主营业务收入相比上年同期的增幅26.08%", "spo_list": [{"predicate": "营业利润", "object_type": "金额", "subject_type": "日期", "object": "32.63亿元", "subject": "2006年上半年", "subject_index": {"begin": 0, "end": 8}, "object_index": {"begin": 17, "end": 24}}]}
{"text": "2006年上半年本公司管理费用4.76亿元，相比上年同期增长了81.33%；2005年本公司管理费用5.11亿元，相比2004年的3.77亿元增加了35.54%；2003年管理费用3.48亿元，2004年相比2003年管理费用增加了8.33%。近几年管理费用增加较多的主要原因是公司规模的扩大导致公司管理费用相应增加；2006年上半年管理费用增长较多的原因是公司近一年来投产项目较多，导致长期待摊费用的摊销从2005年上半年的1,683万元增加至2006年上半年的1.24亿元。5、财务费", "spo_list": [{"predicate": "管理费用", "object_type": "金额", "subject_type": "日期", "object": "4.76亿元", "subject": "2006年上半年", "subject_index": {"begin": 0, "end": 8}, "object_index": {"begin": 15, "end": 21}}, {"predicate": "管理费用", "object_type": "金额", "subject_type": "日期", "object": "5.11亿元", "subject": "2005年", "subject_index": {"begin": 38, "end": 43}, "object_index": {"begin": 50, "end": 56}}, {"predicate": "管理费用", "object_type": "金额", "subject_type": "日期", "object": "3.48亿元", "subject": "2003年", "subject_index": {"begin": 81, "end": 86}, "object_index": {"begin": 90, "end": 96}}, {"predicate": "长期待摊费用", "object_type": "金额", "subject_type": "日期", "object": "1,683万元", "subject": "2005年上半年", "subject_index": {"begin": 204, "end": 212}, "object_index": {"begin": 213, "end": 220}}, {"predicate": "长期待摊费用", "object_type": "金额", "subject_type": "日期", "object": "1.24亿元", "subject": "2006年上半年", "subject_index": {"begin": 223, "end": 231}, "object_index": {"begin": 232, "end": 238}}]}
{"text": "2004年本公司营业外支出4,952万元，相比2003年的6,022万元减少了17.77%，主要原因是公司进行发电机组技术改造而导致的固定资产报废净损失比2003年的3,636万元减少了6.74%为3,391万元，其他营业外支出比2003年的2,386万元减少了34.58%为1,561万元", "spo_list": [{"predicate": "营业外支出", "object_type": "金额", "subject_type": "日期", "object": "4,952万元", "subject": "2004年", "subject_index": {"begin": 0, "end": 5}, "object_index": {"begin": 13, "end": 20}}, {"predicate": "营业外支出", "object_type": "金额", "subject_type": "日期", "object": "6,022万元", "subject": "2003年", "subject_index": {"begin": 23, "end": 28}, "object_index": {"begin": 29, "end": 36}}, {"predicate": "营业外支出", "object_type": "金额", "subject_type": "日期", "object": "2,386万元", "subject": "2003年", "subject_index": {"begin": 115, "end": 120}, "object_index": {"begin": 121, "end": 128}}]}
{"text": "2005年本公司投资收益8,031万元，相比2004年的1,552万元增加了417.46%，主要原因是成本法核算公司发放股利和股权转让，2005年本公司以成本法核算的被投资公司宣告发放的股利和股权投资转让收益分别为4,357万元和3,629万元，比2004年的1,844万元和43万元分别增长了136.28%和8,339.53%。", "spo_list": [{"predicate": "投资收益", "object_type": "金额", "subject_type": "日期", "object": "8,031万元", "subject": "2005年", "subject_index": {"begin": 0, "end": 5}, "object_index": {"begin": 12, "end": 19}}, {"predicate": "投资收益", "object_type": "金额", "subject_type": "日期", "object": "1,552万元", "subject": "2004年", "subject_index": {"begin": 22, "end": 27}, "object_index": {"begin": 28, "end": 35}}]}
{"text": "2006年上半年本公司缴纳所得税6.14亿元，综合所得税率为27.77%，相比2005年全年综合所得税率22.08%增加了5.69个百分点，主要原因是大唐托克托自2006年起享受所得税优惠政策的适用所得税率从0上升到7.5%，2006年新投产的机组中，仅有大唐那兰享受所得税优惠政策，适用所得税率为0。", "spo_list": [{"predicate": "应交税费", "object_type": "金额", "subject_type": "日期", "object": "6.14亿元", "subject": "2006年上半年", "subject_index": {"begin": 0, "end": 8}, "object_index": {"begin": 16, "end": 22}}]}
{"text": "本公司2003-2005年和2006年上半年流动比率分别为1.02、0.51、0.28和0.28，速动比率分别为0.97、0.47、0.23和0.23。流动比率、速动比率的下降趋势表明公司存在较大的短期偿债压力风险。", "spo_list": [{"predicate": "速动比率", "object_type": "日期", "subject_type": "比率", "object": "2003-2005年", "subject": "0.97", "subject_index": {"begin": 56, "end": 60}, "object_index": {"begin": 3, "end": 13}}, {"predicate": "速动比率", "object_type": "日期", "subject_type": "比率", "object": "2003-2005年", "subject": "0.47", "subject_index": {"begin": 61, "end": 65}, "object_index": {"begin": 3, "end": 13}}, {"predicate": "速动比率", "object_type": "日期", "subject_type": "比率", "object": "2003-2005年", "subject": "0.23", "subject_index": {"begin": 66, "end": 70}, "object_index": {"begin": 3, "end": 13}}, {"predicate": "速动比率", "object_type": "日期", "subject_type": "比率", "object": "2006年上半年", "subject": "0.23", "subject_index": {"begin": 71, "end": 75}, "object_index": {"begin": 14, "end": 22}}]}
{"text": "托克托同盛实业有限责任公司向大唐托克托提供设备维护、修理等服务。这些服务的收费标准按本公司向外单位获得同样服务所付费用计算。2003年和2004年，本公司需支付该等费用3,698万元和7,200万元，分别占主营业务成本的0.59%和0.81%。2005年年度，由于该公司的管理人员已不再于本公司任职，因此与本公司不再存在关联关系。", "spo_list": [{"predicate": "其他应付款", "object_type": "金额", "subject_type": "日期", "object": "3,698万元", "subject": "2003年", "subject_index": {"begin": 62, "end": 67}, "object_index": {"begin": 84, "end": 91}}, {"predicate": "其他应付款", "object_type": "金额", "subject_type": "日期", "object": "7,200万元", "subject": "2004年", "subject_index": {"begin": 68, "end": 73}, "object_index": {"begin": 92, "end": 99}}]}
{"text": "于2006年6月30日，其他应付款余额中欠持本公司5%（含5%）以上股权的股东单位的款项金额为应付中国大唐35,694千元（2005年12月31日：无", "spo_list": [{"predicate": "其他应付款", "object_type": "金额", "subject_type": "日期", "object": "35,694千元", "subject": "2006年6月30日", "subject_index": {"begin": 1, "end": 11}, "object_index": {"begin": 53, "end": 61}}]}
{"text": "本公司具有较强的产生经营现金流的能力，能够满足当前债务还本付息的需要。公司经营现金流随着业务的扩张而增长，2006年上半年经营活动产生的现金流量净额为40.11亿元，比上年同期增加44.65%，2005年公司经营活动产生的现金流量净额为59.78亿元，比上年增长16.85%。", "spo_list": [{"predicate": "公司经营活动产生的现金流量净额", "object_type": "金额", "subject_type": "日期", "object": "40.11亿元", "subject": "2006年上半年", "subject_index": {"begin": 53, "end": 61}, "object_index": {"begin": 75, "end": 82}}, {"predicate": "公司经营活动产生的现金流量净额", "object_type": "金额", "subject_type": "日期", "object": "59.78亿元", "subject": "2005年", "subject_index": {"begin": 97, "end": 102}, "object_index": {"begin": 118, "end": 125}}]}
{"text": "公司2005年的存货周转率和应收帐款周转率分别达到22.40次/年和13.33次/年，2006年上半年的存货周转率和应收帐款周转率分别为9.39次/半年和6.05次/半年，相比上年同期有所下降，但总体来看存货和应收帐款周转较快，这体现了电力行业的特点。公司的应收帐款主要为向电网公司的售电收入，帐龄均在三个月以内；本公司的产品为电力，属于无形的产品，因此本公司存货主要为发电所需燃料和备品备件，因此存货周转率较高。", "spo_list": [{"predicate": "存货周转率", "object_type": "日期", "subject_type": "比率", "object": "2005年", "subject": "22.40次/年", "subject_index": {"begin": 25, "end": 33}, "object_index": {"begin": 2, "end": 7}}, {"predicate": "应收账款周转率", "object_type": "日期", "subject_type": "比率", "object": "2005年", "subject": "13.33次/年", "subject_index": {"begin": 34, "end": 42}, "object_index": {"begin": 2, "end": 7}}, {"predicate": "存货周转率", "object_type": "日期", "subject_type": "比率", "object": "2006年上半年", "subject": "9.39次/半年", "subject_index": {"begin": 68, "end": 76}, "object_index": {"begin": 43, "end": 51}}, {"predicate": "应收账款周转率", "object_type": "日期", "subject_type": "比率", "object": "2006年上半年", "subject": "6.05次/半年", "subject_index": {"begin": 77, "end": 85}, "object_index": {"begin": 43, "end": 51}}]}
{"text": "2005年本公司营业外支出1.22亿元，相比2004年的4,952万元增加了145.56%，主要原因是本公司以定向捐赠方式向北京市环境保护局支付了6,600万元，专项用于石景山地区大气污染治理工作", "spo_list": [{"predicate": "营业外支出", "object_type": "金额", "subject_type": "日期", "object": "1.22亿元", "subject": "2005年", "subject_index": {"begin": 0, "end": 5}, "object_index": {"begin": 13, "end": 19}}]}
{"text": "2006年上半年本公司投资收益2,176万元，比上年同期降低了6.60%。主要原因是2006年上半年本公司下属合营公司蔚州能源收购河北沙蔚铁路有限责任公司的权益所产生的股权投资差额摊销286万元。", "spo_list": [{"predicate": "投资收益", "object_type": "金额", "subject_type": "日期", "object": "2,176万元", "subject": "2006年", "subject_index": {"begin": 0, "end": 5}, "object_index": {"begin": 15, "end": 22}}]}
