{"text": "截至2014年12月31日，公司应付票据余额为40，000，000.00元，全部为银行承兑汇票。", "spo_list": [{"predicate": "应收票据", "object_type": "金额", "subject_type": "日期", "object": "40，000，000.00元", "subject": "2014年12月31日", "subject_index": {"begin": 2, "end": 13}, "object_index": {"begin": 23, "end": 37}}]}
{"text": "2012年末、2013年末和2014年末，公司应付票据余额为7，623.00万元、6，766.00万元和4，000.00万元，占当期负债总额的比例分别为9.66%、8.41%和5.48%。2012年末应付票据余额较高，主要是由于票据贴现率降低，客户接受度提高，公司增加了票据结算。2014年末应付票据余额较2013年末减少2，766.00万元，主要是公司2014年开出的应付票据减少。", "spo_list": [{"predicate": "应付票据", "object_type": "金额", "subject_type": "日期", "object": "7，623.00万元", "subject": "2012年末", "subject_index": {"begin": 0, "end": 6}, "object_index": {"begin": 30, "end": 40}}, {"predicate": "应付票据", "object_type": "金额", "subject_type": "日期", "object": "6，766.00万元", "subject": "2013年末", "subject_index": {"begin": 7, "end": 13}, "object_index": {"begin": 41, "end": 51}}, {"predicate": "应付票据", "object_type": "金额", "subject_type": "日期", "object": "4，000.00万元", "subject": "2014年末", "subject_index": {"begin": 14, "end": 20}, "object_index": {"begin": 52, "end": 62}}]}
{"text": "2012年度、2013年度和2014年度，公司经营活动产生的现金流量净额分别为14，827.95万元、11，463.07万元和14，572.21万元。", "spo_list": [{"predicate": "公司经营活动产生的现金流量净额", "object_type": "金额", "subject_type": "日期", "object": "14，827.95万元", "subject": "2012年度", "subject_index": {"begin": 0, "end": 6}, "object_index": {"begin": 39, "end": 50}}, {"predicate": "公司经营活动产生的现金流量净额", "object_type": "金额", "subject_type": "日期", "object": "11，463.07万元", "subject": "2013年度", "subject_index": {"begin": 7, "end": 13}, "object_index": {"begin": 51, "end": 62}}, {"predicate": "公司经营活动产生的现金流量净额", "object_type": "金额", "subject_type": "日期", "object": "14，572.21万元", "subject": "2014年度", "subject_index": {"begin": 14, "end": 20}, "object_index": {"begin": 63, "end": 74}}]}
{"text": "2012年度、2013年度和2014年度，公司筹资活动产生的现金流量净额分别为-995.34万元、-5，981.76万元和-9，508.45万元", "spo_list": [{"predicate": "公司筹资活动产生的现金流量净额", "object_type": "金额", "subject_type": "日期", "object": "-995.34万元", "subject": "2012年度", "subject_index": {"begin": 0, "end": 6}, "object_index": {"begin": 39, "end": 48}}, {"predicate": "公司筹资活动产生的现金流量净额", "object_type": "金额", "subject_type": "日期", "object": "-5，981.76万元", "subject": "2013年度", "subject_index": {"begin": 7, "end": 13}, "object_index": {"begin": 49, "end": 60}}, {"predicate": "公司筹资活动产生的现金流量净额", "object_type": "金额", "subject_type": "日期", "object": "-9，508.45万元", "subject": "2014年度", "subject_index": {"begin": 14, "end": 20}, "object_index": {"begin": 61, "end": 72}}]}
{"text": "截至2014年12月31日，公司无形资产账面价值为69，992，683.64元，具体构成情况如下：", "spo_list": [{"predicate": "无形资产", "object_type": "金额", "subject_type": "日期", "object": "69，992，683.64元", "subject": "2014年12月31日", "subject_index": {"begin": 2, "end": 13}, "object_index": {"begin": 25, "end": 39}}]}
{"text": "012年末、2013年末和2014年末，公司无形资产账面价值分别为7，329.87万元、7，166.94万元和6，999.27万元，占当期资产总额的比重为5.98%、5.62%和5.59%。报告期内，公司的无形资产主要为母公司与控股子公司立洋化学以出让方式取得的土地使用权。公司土地使用权账面价值中6，664.69万元用于抵押借款。土地使用权具体情况详见“第五节业务与技术”之“五、主要固定资产及无形资产”之“（二）无形资产”。", "spo_list": [{"predicate": "无形资产", "object_type": "金额", "subject_type": "日期", "object": "6，999.27万元", "subject": "2014年末", "subject_index": {"begin": 13, "end": 19}, "object_index": {"begin": 55, "end": 65}}, {"predicate": "无形资产", "object_type": "金额", "subject_type": "日期", "object": "7，166.94万元", "subject": "2013年末", "subject_index": {"begin": 6, "end": 12}, "object_index": {"begin": 44, "end": 54}}]}
{"text": "2012年度、2013年度和2014年度，公司投资活动产生的现金流量净额分别为-7，735.22万元、-7，774.00万元和-5，778.70万元。2012年、2013年和2014年，公司投资活动产生的现金流量净额主要根据公司生产需要构建固定资产产生。", "spo_list": [{"predicate": "公司投资活动产生的现金流量净额", "object_type": "金额", "subject_type": "日期", "object": "-5，778.70万元", "subject": "2014年度", "subject_index": {"begin": 14, "end": 20}, "object_index": {"begin": 63, "end": 74}}, {"predicate": "公司投资活动产生的现金流量净额", "object_type": "金额", "subject_type": "日期", "object": "-7，774.00万元", "subject": "2013年度", "subject_index": {"begin": 7, "end": 13}, "object_index": {"begin": 51, "end": 62}}, {"predicate": "公司投资活动产生的现金流量净额", "object_type": "金额", "subject_type": "日期", "object": "-7，735.22万元", "subject": "2012年度", "subject_index": {"begin": 0, "end": 6}, "object_index": {"begin": 39, "end": 50}}]}
{"text": "公司管理费用主要为支付的职工薪酬、业务招待费、折旧摊销、劳务及保安费、无形资产摊销、税金、办公及会议费等构成。2012年、2013年和2014年，公司的管理费用分别为5，815.65万元、6，959.20万元和7，937.60万元。", "spo_list": [{"predicate": "管理费用", "object_type": "金额", "subject_type": "日期", "object": "5，815.65万元", "subject": "2012年", "subject_index": {"begin": 55, "end": 60}, "object_index": {"begin": 83, "end": 93}}, {"predicate": "管理费用", "object_type": "金额", "subject_type": "日期", "object": "6，959.20万元", "subject": "2013年", "subject_index": {"begin": 61, "end": 66}, "object_index": {"begin": 94, "end": 104}}, {"predicate": "管理费用", "object_type": "金额", "subject_type": "日期", "object": "7，937.60万元", "subject": "2014年", "subject_index": {"begin": 67, "end": 72}, "object_index": {"begin": 105, "end": 115}}]}
{"text": "2012年、2013年和2014年，公司扣除非经常性损益后归属于母公司所有者的净利润分别为5，213.15万元、4，653.99万元和8，712.07万元，公司的经营业绩较为稳定。", "spo_list": [{"predicate": "非经常性损益", "object_type": "金额", "subject_type": "日期", "object": "5，213.15万元", "subject": "2012年", "subject_index": {"begin": 0, "end": 5}, "object_index": {"begin": 45, "end": 55}}, {"predicate": "非经常性损益", "object_type": "金额", "subject_type": "日期", "object": "8，712.07万元", "subject": "2014年", "subject_index": {"begin": 12, "end": 17}, "object_index": {"begin": 67, "end": 77}}, {"predicate": "非经常性损益", "object_type": "金额", "subject_type": "日期", "object": "4，653.99万元", "subject": "2013年", "subject_index": {"begin": 6, "end": 11}, "object_index": {"begin": 56, "end": 66}}]}
{"text": "2013年末，公司的银行借款共计3.78亿，其中短期借款为2.58亿元，将于一年内到期的长期借款为5600万，另外长期借款余额6，400万元。公司计划用募集资金偿还银行贷款10，000万元，一方面能减少利息支出，另一方面可以减少对银行贷款的依赖。", "spo_list": [{"predicate": "长期借款", "object_type": "金额", "subject_type": "日期", "object": "3.78亿", "subject": "2013年末", "subject_index": {"begin": 0, "end": 6}, "object_index": {"begin": 16, "end": 21}}, {"predicate": "长期借款", "object_type": "金额", "subject_type": "日期", "object": "5600万", "subject": "2013年末", "subject_index": {"begin": 0, "end": 6}, "object_index": {"begin": 49, "end": 54}}, {"predicate": "长期借款", "object_type": "金额", "subject_type": "日期", "object": "6，400万元", "subject": "2013年末", "subject_index": {"begin": 0, "end": 6}, "object_index": {"begin": 63, "end": 70}}]}
