{"text": "截至2006年6月30日，本公司固定资产原值为4,700,693,948.49元，净值为3,638,416,225.37元，综合成新率为77.4%。具体情况如下", "spo_list": [{"predicate": "固定资产净额", "object_type": "金额", "subject_type": "日期", "object": "3,638,416,225.37元", "subject": "截至2006年6月30日", "subject_index": {"begin": 0, "end": 12}, "object_index": {"begin": 44, "end": 61}}]}
{"text": "根据北京北方亚事资产评估有限责任公司出具的北方亚事评报字[2005]第301号评估报告，以2004年9月30日为评估基准日，该在建工程帐面净值为3,691.83万元，在建工程评估值为3,691.83万元，增值额为0.00元，增值率为0.00%。此次资产评估已报广西壮族自治区财政厅备案。", "spo_list": [{"predicate": "在建工程净额", "object_type": "金额", "subject_type": "日期", "object": "3,691.83万元", "subject": "2004年9月30日", "subject_index": {"begin": 45, "end": 55}, "object_index": {"begin": 72, "end": 82}}]}
{"text": "2003年12月31日、2004年12月31日、2005年12月31日、2006年6月30日，广西柳州钢铁（集团）公司为本公司提供借款担保的余额分别是3.47亿元、2.9亿元、13.16亿元和18.76亿元。", "spo_list": [{"predicate": "长期借款余额", "object_type": "金额", "subject_type": "日期", "object": "18.76亿元", "subject": "2006年6月30日", "subject_index": {"begin": 36, "end": 46}, "object_index": {"begin": 96, "end": 103}}, {"predicate": "长期借款余额", "object_type": "金额", "subject_type": "日期", "object": "13.16亿元", "subject": "2005年12月31日", "subject_index": {"begin": 24, "end": 35}, "object_index": {"begin": 88, "end": 95}}, {"predicate": "长期借款余额", "object_type": "金额", "subject_type": "日期", "object": "2.9亿元", "subject": "2004年12月31日", "subject_index": {"begin": 12, "end": 23}, "object_index": {"begin": 82, "end": 87}}, {"predicate": "长期借款余额", "object_type": "金额", "subject_type": "日期", "object": "3.47亿元", "subject": "2003年12月31日", "subject_index": {"begin": 0, "end": 11}, "object_index": {"begin": 75, "end": 81}}]}
{"text": "2006年6月30日预收帐款中金额前五名单位合计84,403,371.83元，占预收账款总额的18.37%。持有本公司5%以上股份股东广西柳州钢铁（集团）公司6,920.71元材料款。", "spo_list": [{"predicate": "预收款项余额", "object_type": "金额", "subject_type": "日期", "object": "84,403,371.83元", "subject": "2006年6月30日", "subject_index": {"begin": 0, "end": 10}, "object_index": {"begin": 24, "end": 38}}]}
