{"text": "截至2006年12月31日，存货余额为939.52万元，占总资产比例仅为0.57%，存货对本公司的财务状况影响不大。", "spo_list": [{"predicate": "存货余额", "object_type": "金额", "subject_type": "日期", "object": "939.52万元", "subject": "2006年12月31日", "subject_index": {"begin": 2, "end": 13}, "object_index": {"begin": 19, "end": 27}}]}
{"text": "报告期末，本公司应收账款余额为8,752.26万元，账龄在一年以内的应收账款的比例为98.46%，账龄结构较为合理，且公司客户资信状况良好。另外，公司制定了严格的应收账款管理制度并切实加强应收账款的催收管理工作。", "spo_list": [{"predicate": "其他应收款余额", "object_type": "金额", "subject_type": "日期", "object": "8,752.26万元", "subject": "报告期末", "subject_index": {"begin": 0, "end": 4}, "object_index": {"begin": 15, "end": 25}}]}
