{"text": "随着市场竞争的加剧，给本公司销售产品的资金回笼带来一定的影响。截止2002年12月31日，公司应收帐款余额较大，为3,399.26万元。近年来企业改制、资产重组频繁，这对本公司应收帐款回笼构成一定风险。", "spo_list": [{"predicate": "应收账款账面余额", "object_type": "金额", "subject_type": "日期", "object": "3,399.26万元", "subject": "截止2002年12月31日", "subject_index": {"begin": 31, "end": 44}, "object_index": {"begin": 57, "end": 67}}]}
{"text": "截止2002年12月31日固定资产原值37,966,362.91元，累计折旧16,466,317.05元，固定资产净值21,500,045.86元，本期固定资产及累计折旧增减变动情况列示如下：", "spo_list": [{"predicate": "固定资产净额", "object_type": "金额", "subject_type": "日期", "object": "37,966,362.91元", "subject": "截止2002年12月31日", "subject_index": {"begin": 0, "end": 13}, "object_index": {"begin": 19, "end": 33}}, {"predicate": "固定资产净额", "object_type": "金额", "subject_type": "日期", "object": "21,500,045.86元", "subject": "截止2002年12月31日", "subject_index": {"begin": 0, "end": 13}, "object_index": {"begin": 59, "end": 73}}]}
{"text": "截止2002年12月31日无形资产余额11,551,208.13元，计提减值准备2,455,300.00元，无形资产净值9,095,908.13元，其明细情况列示如下", "spo_list": [{"predicate": "无形资产余额", "object_type": "金额", "subject_type": "日期", "object": "11,551,208.13元", "subject": "截止2002年12月31日", "subject_index": {"begin": 0, "end": 13}, "object_index": {"begin": 19, "end": 33}}]}
{"text": "报告期内，可实现年销售收入20,058万元，税金及附加2,302.71万元。平均年利润总额4,494.55万元，平均利税总额6,751.11万元。投资利润率为111.89%，投资利税率为168.07%。", "spo_list": [{"predicate": "税金及附加", "object_type": "金额", "subject_type": "日期", "object": "2,302.71万元", "subject": "报告期内", "subject_index": {"begin": 0, "end": 4}, "object_index": {"begin": 27, "end": 37}}]}
{"text": "截止2002年12月31日应收账款余额36,379,971.76元，计提坏账准备2,387,324.93元，应收账款净额33,992,646.83元，其主要情况列示如下：", "spo_list": [{"predicate": "应收账款账面余额", "object_type": "金额", "subject_type": "日期", "object": "36,379,971.76元", "subject": "2002年12月31日", "subject_index": {"begin": 2, "end": 13}, "object_index": {"begin": 19, "end": 33}}, {"predicate": "应收帐款坏账准备", "object_type": "金额", "subject_type": "日期", "object": "2,387,324.93元", "subject": "2002年12月31日", "subject_index": {"begin": 2, "end": 13}, "object_index": {"begin": 40, "end": 53}}, {"predicate": "应收帐款净额", "object_type": "金额", "subject_type": "日期", "object": "33,992,646.83元", "subject": "2002年12月31日", "subject_index": {"begin": 2, "end": 13}, "object_index": {"begin": 60, "end": 74}}]}
{"text": "截止2002年12月31日应交税金余额2,204,560.90元，其主要情况列示如下：", "spo_list": [{"predicate": "应交税费余额", "object_type": "金额", "subject_type": "日期", "object": "2,204,560.90元", "subject": "2002年12月31日", "subject_index": {"begin": 2, "end": 13}, "object_index": {"begin": 19, "end": 32}}]}
{"text": "截止2002年12月31日，公司应收帐款余额较大，为3,399.26万元。近年来企业改制、资产重组频繁，这对本公司应收帐款回笼构成一定风险。", "spo_list": [{"predicate": "应收账款账面余额", "object_type": "金额", "subject_type": "日期", "object": "3,399.26万元", "subject": "2002年12月31日", "subject_index": {"begin": 2, "end": 13}, "object_index": {"begin": 26, "end": 36}}]}
{"text": "本公司的主要无形资产为本公司拥有的国家一类新药爱普列特的非专利技术。2002年12月31日，本公司无形资产余额为909.59万元。其中：爱普列特无形资产余额为857.59万元。", "spo_list": [{"predicate": "无形资产余额", "object_type": "金额", "subject_type": "日期", "object": "909.59万元", "subject": "2002年12月31日", "subject_index": {"begin": 34, "end": 45}, "object_index": {"begin": 56, "end": 64}}, {"predicate": "无形资产余额", "object_type": "金额", "subject_type": "日期", "object": "857.59万元", "subject": "2002年12月31日", "subject_index": {"begin": 34, "end": 45}, "object_index": {"begin": 79, "end": 87}}]}
{"text": "根据苏州资产评估事务所苏资评报字99（075）号评估报告，以1999年10月31日为评估基准日，对改制剥离进入股份公司的资产评估，资产评估增值1,875.39万元,其中坏账准备评估减少71.22万元，存货评估增值110.20万元(其中低值易耗品增值12.65万元,产成品增值97.56万元)，固定资产原值评估增值671.22万元,累计折旧评估增加377.26万元,无形资产评估增值1,400万元,调账的有关情况说明如下", "spo_list": [{"predicate": "存货余额", "object_type": "金额", "subject_type": "日期", "object": "110.20万元(", "subject": "1999年10月31日", "subject_index": {"begin": 30, "end": 41}, "object_index": {"begin": 106, "end": 115}}, {"predicate": "固定资产净额", "object_type": "金额", "subject_type": "日期", "object": "671.22万元,", "subject": "1999年10月31日", "subject_index": {"begin": 30, "end": 41}, "object_index": {"begin": 156, "end": 165}}, {"predicate": "无形资产余额", "object_type": "金额", "subject_type": "日期", "object": ",400万元,", "subject": "1999年10月31日", "subject_index": {"begin": 30, "end": 41}, "object_index": {"begin": 191, "end": 198}}]}
{"text": "截止2002年12月31日在建工程余额4,996,836.23元，其主要情况列示如下：", "spo_list": [{"predicate": "在建工程余额", "object_type": "金额", "subject_type": "日期", "object": "4,996,836.23元", "subject": "2002年12月31日", "subject_index": {"begin": 2, "end": 13}, "object_index": {"begin": 19, "end": 32}}]}
{"text": "本公司于2001年12月31日的存货水平与以前年度基本持平，2002年12月31日的存货余额较2001年12月31有所下降，存货周转率在各年度基本持平。本公司截止2002年12月31日存货余额为1069.89万元（2001年末1257.98万元），其中在产品57.63%（2001年末40.69%）。在产品余额较大是由于公司生产的品种生产周期相对较长，反应步骤较多，每步都需预留一定的中间体。由于本公司产品的毛利率普遍较高，即使有个别品种价格下调，也不会低于存货的实际成本；同时，本公司严格的存货管理制度能有效地将呆滞积压库存控制在最低的水平；因此，本公司于2002年12月31日、2001年12月31日和2000年12月31日均未计提存货跌价损失准备。", "spo_list": [{"predicate": "存货账面余额", "object_type": "金额", "subject_type": "日期", "object": "1069.89万元", "subject": "2002年12月31日", "subject_index": {"begin": 81, "end": 92}, "object_index": {"begin": 97, "end": 106}}]}
