{"text": "报告期内，公司各期末应收账款的金额较大，2011年12月31日、2012年12月31日、2013年12月31日和2014年6月30日，公司应收账款账面价值分别为11,155.48万元、20,828.17万元、32,871.56万元和47,505.67万元，占总资产的比重分别为23.66%、33.30%、41.31%和49.75%。", "spo_list": [{"predicate": "应收帐款账面价值", "object_type": "金额", "subject_type": "日期", "object": "11,155.48万元", "subject": "2011年12月31日", "subject_index": {"begin": 20, "end": 31}, "object_index": {"begin": 80, "end": 91}}, {"predicate": "应收帐款账面价值", "object_type": "金额", "subject_type": "日期", "object": "20,828.17万元", "subject": "2012年12月31日", "subject_index": {"begin": 32, "end": 43}, "object_index": {"begin": 92, "end": 103}}, {"predicate": "应收帐款账面价值", "object_type": "金额", "subject_type": "日期", "object": "32,871.56万元", "subject": "2013年12月31日", "subject_index": {"begin": 44, "end": 55}, "object_index": {"begin": 104, "end": 115}}, {"predicate": "应收帐款账面价值", "object_type": "金额", "subject_type": "日期", "object": "47,505.67万元", "subject": "2014年6月30日", "subject_index": {"begin": 56, "end": 66}, "object_index": {"begin": 116, "end": 127}}]}
{"text": "公司其他应收款主要为投标保证金、履约保证金等款项。2014年6月30日、2013年12月31日、2012年12月31日和2011年12月31日，公司其他应收款账面价值分别为1,889.87万元、1,356.51万元、1,340.98万元和927.49万元，", "spo_list": [{"predicate": "其他应收账款账面价值", "object_type": "金额", "subject_type": "日期", "object": "1,889.87万元", "subject": "2014年6月30日", "subject_index": {"begin": 25, "end": 35}, "object_index": {"begin": 86, "end": 96}}, {"predicate": "其他应收账款账面价值", "object_type": "金额", "subject_type": "日期", "object": "1,356.51万元", "subject": "2013年12月31日", "subject_index": {"begin": 36, "end": 47}, "object_index": {"begin": 97, "end": 107}}, {"predicate": "其他应收账款账面价值", "object_type": "金额", "subject_type": "日期", "object": "1,340.98万元", "subject": "2012年12月31日", "subject_index": {"begin": 48, "end": 59}, "object_index": {"begin": 108, "end": 118}}, {"predicate": "其他应收账款账面价值", "object_type": "金额", "subject_type": "日期", "object": "927.49万元", "subject": "2011年12月31日", "subject_index": {"begin": 60, "end": 71}, "object_index": {"begin": 119, "end": 127}}]}
{"text": "2014年6月末、2013年底、2012年底和2011年底，公司预付款项余额分别为543.24万元、389.22万元、888.15万元和1,018.54万元，占流动资产的比重分别为0.63%、0.55%、1.62%和2.59%。", "spo_list": [{"predicate": "预付款项余额", "object_type": "金额", "subject_type": "日期", "object": "1,018.54万元", "subject": "2011年底", "subject_index": {"begin": 23, "end": 29}, "object_index": {"begin": 68, "end": 78}}, {"predicate": "预付款项余额", "object_type": "金额", "subject_type": "日期", "object": "888.15万元", "subject": "2012年底", "subject_index": {"begin": 16, "end": 22}, "object_index": {"begin": 59, "end": 67}}, {"predicate": "预付款项余额", "object_type": "金额", "subject_type": "日期", "object": "389.22万元", "subject": "2013年底", "subject_index": {"begin": 9, "end": 15}, "object_index": {"begin": 50, "end": 58}}, {"predicate": "预付款项余额", "object_type": "金额", "subject_type": "日期", "object": "543.24万元", "subject": "2014年6月末", "subject_index": {"begin": 0, "end": 8}, "object_index": {"begin": 41, "end": 49}}]}
{"text": "截至2014年6月30日，公司拥有的固定资产净值为5,043.95万元，", "spo_list": [{"predicate": "固定资产净额", "object_type": "金额", "subject_type": "日期", "object": "5,043.95万元", "subject": "截至2014年6月30日", "subject_index": {"begin": 0, "end": 12}, "object_index": {"begin": 25, "end": 35}}]}
{"text": "2011年12月31日、2012年12月31日、2013年12月31日和2014年6月30日，公司应收账款账面价值分别为11,155.48万元、20,828.17万元、32,871.56万元和47,505.67万元，呈逐年上升趋势，但各年的增长幅度有所减缓。", "spo_list": [{"predicate": "应收帐款账面价值", "object_type": "金额", "subject_type": "日期", "object": "11,155.48万元", "subject": "2011年12月31日", "subject_index": {"begin": 0, "end": 11}, "object_index": {"begin": 60, "end": 71}}, {"predicate": "应收帐款账面价值", "object_type": "金额", "subject_type": "日期", "object": "20,828.17万元", "subject": "2012年12月31日", "subject_index": {"begin": 12, "end": 23}, "object_index": {"begin": 72, "end": 83}}, {"predicate": "应收帐款账面价值", "object_type": "金额", "subject_type": "日期", "object": "32,871.56万元", "subject": "2013年12月31日", "subject_index": {"begin": 24, "end": 35}, "object_index": {"begin": 84, "end": 95}}, {"predicate": "应收帐款账面价值", "object_type": "金额", "subject_type": "日期", "object": "47,505.67万元", "subject": "2014年6月30日", "subject_index": {"begin": 36, "end": 46}, "object_index": {"begin": 96, "end": 107}}]}
{"text": "公司报告期内各期末应收账款坏账准备余额分别为3,475.77万元、2,781.81万元、1,542.57万元和869.34万元，分别占应收账款余额的6.82%、7.80%、6.90%和7.23%。", "spo_list": [{"predicate": "应收帐款坏账准备", "object_type": "金额", "subject_type": "日期", "object": "3,475.77万元", "subject": "报告期内各期末", "subject_index": {"begin": 2, "end": 9}, "object_index": {"begin": 22, "end": 32}}, {"predicate": "应收帐款坏账准备", "object_type": "金额", "subject_type": "日期", "object": "2,781.81万元", "subject": "报告期内各期末", "subject_index": {"begin": 2, "end": 9}, "object_index": {"begin": 33, "end": 43}}, {"predicate": "应收帐款坏账准备", "object_type": "金额", "subject_type": "日期", "object": "1,542.57万元", "subject": "报告期内各期末", "subject_index": {"begin": 2, "end": 9}, "object_index": {"begin": 44, "end": 54}}, {"predicate": "应收帐款坏账准备", "object_type": "金额", "subject_type": "日期", "object": "869.34万元", "subject": "报告期内各期末", "subject_index": {"begin": 2, "end": 9}, "object_index": {"begin": 55, "end": 63}}]}
{"text": "预收款项主要系客户预付的货款。2014年上半年、2013年、2012年和2011年各期末，公司预收账款分别为651.61万元、1,519.55万元、1,782.37万元和1,833.26万元。", "spo_list": [{"predicate": "预付账款余额", "object_type": "金额", "subject_type": "日期", "object": "651.61万元", "subject": "2014年上半年", "subject_index": {"begin": 15, "end": 23}, "object_index": {"begin": 54, "end": 62}}, {"predicate": "预付账款余额", "object_type": "金额", "subject_type": "日期", "object": "1,519.55万元", "subject": "2013年", "subject_index": {"begin": 24, "end": 29}, "object_index": {"begin": 63, "end": 73}}, {"predicate": "预收账款余额", "object_type": "金额", "subject_type": "日期", "object": "1,782.37万元", "subject": "2012年", "subject_index": {"begin": 30, "end": 35}, "object_index": {"begin": 74, "end": 84}}, {"predicate": "预收账款余额", "object_type": "金额", "subject_type": "日期", "object": "1,833.26万元", "subject": "2011年各期末", "subject_index": {"begin": 36, "end": 44}, "object_index": {"begin": 85, "end": 95}}]}
