{"text": "截至2010年6月30日，公司预收账款余额为131,595,679.05元，无欠持本公司5%以上（含5%）表决权股份的股东单位的款项。", "spo_list": [{"predicate": "预收账款余额", "object_type": "金额", "subject_type": "日期", "object": "131,595,679.05元", "subject": "2010年6月30日", "subject_index": {"begin": 2, "end": 12}, "object_index": {"begin": 22, "end": 37}}]}
{"text": "2008年末，应收票据余额为11,889.56万元，同比下降49.32%，主要是因为受金融危机影响，2008年四季度销售收入下降，导致年末应收票据余额减少。", "spo_list": [{"predicate": "应收票据余额", "object_type": "金额", "subject_type": "日期", "object": "11,889.56万元", "subject": "2008年末", "subject_index": {"begin": 0, "end": 6}, "object_index": {"begin": 14, "end": 25}}]}
{"text": "2010年上半年末，应收票据余额为27,572.20万元，比年初上升了0.52%，保持稳定", "spo_list": [{"predicate": "应收票据余额", "object_type": "金额", "subject_type": "日期", "object": "27,572.20万元", "subject": "2010年上半年末", "subject_index": {"begin": 0, "end": 9}, "object_index": {"begin": 17, "end": 28}}]}
{"text": "2009年末，应收账款余额为78,401.39万元，同比增长2.59%。尽管国内销售收入大幅增长24.67%，应收国内客户账款同比仍然下降4.53%。主要原因是当年国内销售收入增长主要来自于乘用车销售，而国内乘用车销售基本采用先款后货的结算方式", "spo_list": [{"predicate": "应收账款账面余额", "object_type": "金额", "subject_type": "日期", "object": "78,401.39万元", "subject": "2009年末", "subject_index": {"begin": 0, "end": 6}, "object_index": {"begin": 14, "end": 25}}]}
{"text": "2010年上半年末，公司应收账款余额为87,770.24万元，比年初增长11.95%，其中：", "spo_list": [{"predicate": "应收账款账面余额", "object_type": "金额", "subject_type": "日期", "object": "87,770.24万元", "subject": "2010年上半年末", "subject_index": {"begin": 0, "end": 9}, "object_index": {"begin": 19, "end": 30}}]}
{"text": "截至2010年上半年末，公司应收账款总额为92,841.54万元，其中90,943.31万元应收账款账龄在1年以内，占比为97.95%，账龄结构合理，", "spo_list": [{"predicate": "应收账款账面余额", "object_type": "金额", "subject_type": "日期", "object": "92,841.54万元", "subject": "2010年上半年末", "subject_index": {"begin": 2, "end": 11}, "object_index": {"begin": 21, "end": 32}}, {"predicate": "应收账款账面余额", "object_type": "金额", "subject_type": "日期", "object": "90,943.31万元", "subject": "2010年上半年末", "subject_index": {"begin": 2, "end": 11}, "object_index": {"begin": 35, "end": 46}}]}
{"text": "截至2010年上半年末，在建工程余额为39,111.37万元，较上年末增加1,172.31万元，主要是由于公司增加了对“乘用车项目”、“20万台汽车发动机项目”等项目的投资。", "spo_list": [{"predicate": "在建工程余额", "object_type": "金额", "subject_type": "日期", "object": "39,111.37万元", "subject": "2010年上半年末", "subject_index": {"begin": 2, "end": 11}, "object_index": {"begin": 19, "end": 30}}, {"predicate": "在建工程余额", "object_type": "金额", "subject_type": "日期", "object": "1,172.31万元", "subject": "2010年上半年末", "subject_index": {"begin": 2, "end": 11}, "object_index": {"begin": 37, "end": 47}}]}
{"text": "2010年上半年末，公司预收账款余额为13,159.57万元，比年初下降51.88%，", "spo_list": [{"predicate": "预收账款余额", "object_type": "金额", "subject_type": "日期", "object": "13,159.57万元", "subject": "2010年上半年末", "subject_index": {"begin": 0, "end": 9}, "object_index": {"begin": 19, "end": 30}}]}
{"text": "报告期内，公司利息保障倍数较高，2010年上半年为7.38，支付银行借款利息能力较强，利息偿还风险低。", "spo_list": [{"predicate": "利息保障倍数", "object_type": "日期", "subject_type": "比率", "object": "报告期内", "subject": "7.38", "subject_index": {"begin": 25, "end": 29}, "object_index": {"begin": 0, "end": 4}}]}
{"text": "截止2009年底，公司O/A方式下应收账款余额为16,127.14万元，主要产生于与三个大客户之间的交易，具体情况见下表：", "spo_list": [{"predicate": "应收账款账面余额", "object_type": "金额", "subject_type": "日期", "object": "16,127.14万元", "subject": "2009年底", "subject_index": {"begin": 2, "end": 8}, "object_index": {"begin": 24, "end": 35}}]}
{"text": "本期计提的折旧额为44,716,813.57元。本期在建工程完工转入固定资产的原价为150,292,489.08元。", "spo_list": [{"predicate": "在建工程净额", "object_type": "金额", "subject_type": "日期", "object": "150,292,489.08元", "subject": "本期", "subject_index": {"begin": 24, "end": 26}, "object_index": {"begin": 42, "end": 57}}]}
{"text": "2009年末，应收票据余额为27,428.74万元，同比上升130.70%，主要是因为年末乘用车国内订单增长较快，而客户大多以票据支付或预付货款，导致年末应收票据增加", "spo_list": [{"predicate": "应收票据余额", "object_type": "金额", "subject_type": "日期", "object": "27,428.74万元", "subject": "2009年末", "subject_index": {"begin": 0, "end": 6}, "object_index": {"begin": 14, "end": 25}}]}
{"text": "2008年末，应收账款余额为76,421.83万元，同比增长34.98%。其中，应收国内客户账款同比下降29.84%，主要是因为本公司在销售中实施更为严格的收款政策，并加大了催款力度。应收国外客户账款同比上涨68.93%，主要因为：2008年四季度开始，金融危机对本公司的影响开始显现，主要出口地的银行收缩银根，部分海外客户资金周转紧张。为稳定出口，在加强与中国出口信用保险公司的合作、购买出口信用保险、严格控制坏账风险的基础上，公司从2008年四季度开始谨慎延长了部分信用良好的客户的付款期。", "spo_list": [{"predicate": "应收账款账面余额", "object_type": "金额", "subject_type": "日期", "object": "76,421.83万元", "subject": "2008年末", "subject_index": {"begin": 0, "end": 6}, "object_index": {"begin": 14, "end": 25}}]}
{"text": "2009年末，应收国外客户账款为65,365.33万元，同比上涨4.14%，主要原因是：", "spo_list": [{"predicate": "应收帐款账面价值", "object_type": "金额", "subject_type": "日期", "object": "65,365.33万元", "subject": "2009年末", "subject_index": {"begin": 0, "end": 6}, "object_index": {"begin": 16, "end": 27}}]}
{"text": "2008年末，存货余额为76,210.85万元，同比增长21.59%，主要是由于原材料和产成品增长所致；2009年末，存货余额为72,252.05万元，同比下降5.19%，主要是由于产成品下降所致；2010年上半年末，存货余额为82,583.67万元，比年初增长14.30%，主要是由于产成品上升所致。", "spo_list": [{"predicate": "存货余额", "object_type": "金额", "subject_type": "日期", "object": "76,210.85万元", "subject": "2008年末", "subject_index": {"begin": 0, "end": 6}, "object_index": {"begin": 12, "end": 23}}, {"predicate": "存货余额", "object_type": "金额", "subject_type": "日期", "object": "82,583.67万元", "subject": "2010年上半年末", "subject_index": {"begin": 99, "end": 108}, "object_index": {"begin": 114, "end": 125}}]}
{"text": "截至2010年上半年末，公司无形资产余额为45,250.33万元。其中，土地使用权为41,716.96万元，占无形资产比重为92.19%，主要用于生产建设和行政办公。其他无形资产包括专利权、软件、商标权等。", "spo_list": [{"predicate": "无形资产余额", "object_type": "金额", "subject_type": "日期", "object": "45,250.33万元", "subject": "2010年上半年末", "subject_index": {"begin": 2, "end": 11}, "object_index": {"begin": 21, "end": 32}}]}
