{"text": "截至2016年12月31日，公司长期借款总额为99,013.91万元，均为保证/质押借款，具体明细如下：", "spo_list": [{"predicate": "长期借款余额", "object_type": "金额", "subject_type": "日期", "object": "99,013.91万元", "subject": "截至2016年12月31日", "subject_index": {"begin": 0, "end": 13}, "object_index": {"begin": 23, "end": 34}}]}
{"text": "报告期各期末，公司其他流动资产分别为0万元、107.06万元和453.02万元，公司其他流动资产主要为待抵扣进项税额。", "spo_list": [{"predicate": "其他流动资产", "object_type": "金额", "subject_type": "日期", "object": "0万元", "subject": "报告期各期末", "subject_index": {"begin": 0, "end": 6}, "object_index": {"begin": 18, "end": 21}}, {"predicate": "其他流动资产", "object_type": "金额", "subject_type": "日期", "object": "107.06万元", "subject": "报告期各期末", "subject_index": {"begin": 0, "end": 6}, "object_index": {"begin": 22, "end": 30}}, {"predicate": "其他流动资产", "object_type": "金额", "subject_type": "日期", "object": "453.02万元", "subject": "报告期各期末", "subject_index": {"begin": 0, "end": 6}, "object_index": {"begin": 31, "end": 39}}]}
{"text": "2014年末、2015年末和2016年末，固定资产净值分别为485.01万元、474.07万元和539.99万元，占当期非流动资产总额的比例分别为0.36%、0.30%和0.26%。公司的固定资产主要是用于经营管理的办公设备和用于辅助运营的机器设备。", "spo_list": [{"predicate": "固定资产净额", "object_type": "金额", "subject_type": "日期", "object": "485.01万元", "subject": "2014年末", "subject_index": {"begin": 0, "end": 6}, "object_index": {"begin": 30, "end": 38}}, {"predicate": "固定资产净额", "object_type": "金额", "subject_type": "日期", "object": "474.07万元", "subject": "2015年末", "subject_index": {"begin": 7, "end": 13}, "object_index": {"begin": 39, "end": 47}}, {"predicate": "固定资产净额", "object_type": "金额", "subject_type": "日期", "object": "539.99万元", "subject": "2016年末", "subject_index": {"begin": 14, "end": 20}, "object_index": {"begin": 48, "end": 56}}]}
{"text": "公司之子公司邵阳联泰江北水务有限公司于2013年3月15日与招商银行股份有限公司长沙分行签订质押合同，将邵阳市江北污水处理厂BOT项目污水处理服务费收费权进行质押并取得该银行人民币8,000万元长期借款。截止2016年12月31日，该长期借款（含一年内到期的长期借款）尚有7,300万元未偿还。", "spo_list": [{"predicate": "长期借款余额", "object_type": "金额", "subject_type": "日期", "object": "8,000万元", "subject": "2013年3月15日", "subject_index": {"begin": 19, "end": 29}, "object_index": {"begin": 90, "end": 97}}, {"predicate": "长期借款余额", "object_type": "金额", "subject_type": "日期", "object": "7,300万元", "subject": "2016年12月31日", "subject_index": {"begin": 104, "end": 115}, "object_index": {"begin": 136, "end": 143}}]}
{"text": "公司的存货主要由污水处理所需的药剂以及维修污水处理设施所需的结构件、配件等构成。公司生产经营中一般根据经营状况按需采购，因此期末存货余额较低，在流动资产构成中占比较低。2014年末、2015年末和2016年末，公司存货的余额分别为475.31万元、349.63万元和376.41万元，分别占当期流动资产的6.31%、4.81%和2.77%。", "spo_list": [{"predicate": "存货账面余额", "object_type": "金额", "subject_type": "日期", "object": "475.31万元", "subject": "2014年末", "subject_index": {"begin": 84, "end": 90}, "object_index": {"begin": 115, "end": 123}}, {"predicate": "存货账面余额", "object_type": "金额", "subject_type": "日期", "object": "376.41万元", "subject": "2016年末", "subject_index": {"begin": 98, "end": 104}, "object_index": {"begin": 133, "end": 141}}, {"predicate": "存货账面价值", "object_type": "金额", "subject_type": "日期", "object": "349.63万元", "subject": "2015年末", "subject_index": {"begin": 91, "end": 97}, "object_index": {"begin": 124, "end": 132}}]}
{"text": "2014年、2015年和2016年，公司营业成本分别为9,925.54万元、9,770.53万元和9,882.91万元。2015年公司营业成本较2014年下降1.56%，主要系公司2015年7月增值税由免征改为即征即退后，公司动力成本和采购原材料成本确认增值税-进项税，从而使公司营业成本下降。", "spo_list": [{"predicate": "总营业成本", "object_type": "金额", "subject_type": "日期", "object": "9,882.91万元", "subject": "2016年", "subject_index": {"begin": 12, "end": 17}, "object_index": {"begin": 49, "end": 59}}, {"predicate": "总营业成本", "object_type": "金额", "subject_type": "日期", "object": "9,770.53万元", "subject": "2015年", "subject_index": {"begin": 6, "end": 11}, "object_index": {"begin": 38, "end": 48}}, {"predicate": "总营业成本", "object_type": "金额", "subject_type": "日期", "object": "9,925.54万元", "subject": "2014年", "subject_index": {"begin": 0, "end": 5}, "object_index": {"begin": 27, "end": 37}}]}
{"text": "公司之子公司汕头市联泰苏北水务有限公司于2015年12月4日与中国工商银行股份有限公司汕头分行签订了借款额度为16,000万的固定资产借款合同，联泰环保为其提供连带责任保证。截止2016年12月31日，该长期借款实际使用额度为11,500万元，尚未偿还。", "spo_list": [{"predicate": "长期借款余额", "object_type": "金额", "subject_type": "日期", "object": "16,000万", "subject": "于2015年12月4日", "subject_index": {"begin": 19, "end": 30}, "object_index": {"begin": 55, "end": 62}}, {"predicate": "长期借款余额", "object_type": "金额", "subject_type": "日期", "object": "11,500万元", "subject": "截止2016年12月31日", "subject_index": {"begin": 87, "end": 100}, "object_index": {"begin": 113, "end": 121}}]}
{"text": "公司之子公司汕头市联泰苏南水务有限公司于2015年12月4日与中国工商银行股份有限公司汕头分行签订了借款额度为20,000万的固定资产借款合同，联泰环保为其提供连带责任保证。截止2016年12月31日，该长期借款实际使用额度为15,600万元，尚未偿还。", "spo_list": [{"predicate": "长期借款余额", "object_type": "金额", "subject_type": "日期", "object": "15,600万元", "subject": "2016年12月31日", "subject_index": {"begin": 89, "end": 100}, "object_index": {"begin": 113, "end": 121}}]}
{"text": "报告期内，公司其他应收款主要为应收即征即退增值税和增值税返还部分的政府补助、支付给中介机构的上市费用、投标保证金、托管运营费、项目代垫款和备用金等。2014年末、2015年末和2016年末，公司其他应收款账面金额分别为871.97万元、1,951.51万元和2,619.63万元，分别占当期流动资产的11.58%、26.87%和18.83%。", "spo_list": [{"predicate": "其他应收账款账面价值", "object_type": "金额", "subject_type": "日期", "object": "871.97万元", "subject": "2014年末", "subject_index": {"begin": 74, "end": 80}, "object_index": {"begin": 109, "end": 117}}, {"predicate": "其他应收账款账面价值", "object_type": "金额", "subject_type": "日期", "object": "1,951.51万元", "subject": "2015年末", "subject_index": {"begin": 81, "end": 87}, "object_index": {"begin": 118, "end": 128}}, {"predicate": "其他应收账款账面价值", "object_type": "金额", "subject_type": "日期", "object": "2,619.63万元", "subject": "2016年末", "subject_index": {"begin": 88, "end": 94}, "object_index": {"begin": 129, "end": 139}}]}
