{"text": "公司按照存货跌价准备的计提原则对期末存货进行减值测试，根据测试结果公司期末存货不存在成本高于其可变现净值的情况，但是出于谨慎性原则，公司管理层根据历史报损经验数据，对各报告期期末的存货分别计提了111.87万元、104.64万元、126.22万元和77.55万元存货跌价准备。", "spo_list": [{"predicate": "存货跌价准备", "object_type": "金额", "subject_type": "日期", "object": "111.87万元", "subject": "各报告期期末", "subject_index": {"begin": 83, "end": 89}, "object_index": {"begin": 97, "end": 105}}, {"predicate": "存货跌价准备", "object_type": "金额", "subject_type": "日期", "object": "104.64万元", "subject": "各报告期期末", "subject_index": {"begin": 83, "end": 89}, "object_index": {"begin": 106, "end": 114}}, {"predicate": "存货跌价准备", "object_type": "金额", "subject_type": "日期", "object": "126.22万元", "subject": "各报告期期末", "subject_index": {"begin": 83, "end": 89}, "object_index": {"begin": 115, "end": 123}}, {"predicate": "存货跌价准备", "object_type": "金额", "subject_type": "日期", "object": "77.55万元", "subject": "各报告期期末", "subject_index": {"begin": 83, "end": 89}, "object_index": {"begin": 124, "end": 131}}]}
{"text": "2019年6月末，公司应收账款较2018年末增长8,053.82万元，主要原因为“618”促销活动期间线上销售快速增长所致，在此影响下：A.对于B2C渠道而言，2019年6月，公司线上渠道“618”促销活动期间销售额快速增长，由于销售高峰期集中于6月下旬，使得公司6月末应收电商平台的终端客户已付款（未到账）较上年末增加3,352.19元。B.对于B2B渠道，应收京东自营和天猫超市平台的款项亦有所增加。其中，“618”促销活动及平台策略使公司京东自营6月单月终端收入较2018年12月增长2,478.75万元，期末应收北京京东世纪信息技术有限公司款项较2018年末增加2,235.37万元；应收浙江天猫网络科技有限公司(天猫超市回款方)款项受线上促销活动及平台调整结算周期的影响，较上年末增长2,148.80万元。", "spo_list": [{"predicate": "应收帐款净额", "object_type": "金额", "subject_type": "日期", "object": "8,053.82万元", "subject": "2019年6月末", "subject_index": {"begin": 0, "end": 8}, "object_index": {"begin": 24, "end": 34}}]}
{"text": "报告期各期末，公司1年以内应收账款余额分别为7,772.32万元、10,579.06万元、9,038.30万元和17,569.49万元，占期末应收账款余额的比例均在99%以上。公司对相关客户的应收账款期后回款情况正常，期后回款的付款方与交易对应的具体客户一致，发行人期末前十大客户应收账款的期后回款情况如下：", "spo_list": [{"predicate": "其他应收款余额", "object_type": "金额", "subject_type": "日期", "object": "7,772.32万元", "subject": "报告期各期末", "subject_index": {"begin": 0, "end": 6}, "object_index": {"begin": 22, "end": 32}}, {"predicate": "其他应收款净额", "object_type": "金额", "subject_type": "日期", "object": "10,579.06万元", "subject": "报告期各期末", "subject_index": {"begin": 0, "end": 6}, "object_index": {"begin": 33, "end": 44}}, {"predicate": "其他应收款余额", "object_type": "金额", "subject_type": "日期", "object": "9,038.30万元", "subject": "报告期各期末", "subject_index": {"begin": 0, "end": 6}, "object_index": {"begin": 45, "end": 55}}, {"predicate": "其他应收款余额", "object_type": "金额", "subject_type": "日期", "object": "17,569.49万元", "subject": "报告期各期末", "subject_index": {"begin": 0, "end": 6}, "object_index": {"begin": 56, "end": 67}}]}
{"text": "报告期各期末，公司存货账面价值分别为61,724.30万元、59,146.94万元、71,158.14万元和46,524.77万元，占流动资产比例分别为28.87%、25.17%、29.93%和20.71%，主要由库存商品构成，用于公司日常销售备货。", "spo_list": [{"predicate": "存货账面价值", "object_type": "金额", "subject_type": "日期", "object": "61,724.30万元", "subject": "报告期各期末", "subject_index": {"begin": 0, "end": 6}, "object_index": {"begin": 18, "end": 29}}, {"predicate": "存货账面价值", "object_type": "金额", "subject_type": "日期", "object": "59,146.94万元", "subject": "报告期各期末", "subject_index": {"begin": 0, "end": 6}, "object_index": {"begin": 30, "end": 41}}, {"predicate": "存货账面价值", "object_type": "金额", "subject_type": "日期", "object": "71,158.14万元", "subject": "报告期各期末", "subject_index": {"begin": 0, "end": 6}, "object_index": {"begin": 42, "end": 53}}, {"predicate": "存货账面价值", "object_type": "金额", "subject_type": "日期", "object": "46,524.77万元", "subject": "报告期各期末", "subject_index": {"begin": 0, "end": 6}, "object_index": {"begin": 54, "end": 65}}]}
{"text": "报告期内，公司营业成本主要由主营业务成本构成，分别为283,967.37万元、378,680.99万元、434,310.03万元和233,765.30万元，占公司营业成本比例分别为98.41%、98.91%、98.99%和98.80%。", "spo_list": [{"predicate": "主营业务成本", "object_type": "金额", "subject_type": "日期", "object": "为283,967.37万元", "subject": "报告期内", "subject_index": {"begin": 0, "end": 4}, "object_index": {"begin": 25, "end": 38}}, {"predicate": "主营业务成本", "object_type": "金额", "subject_type": "日期", "object": "378,680.99万元", "subject": "报告期内", "subject_index": {"begin": 0, "end": 4}, "object_index": {"begin": 39, "end": 51}}, {"predicate": "主营业务成本", "object_type": "金额", "subject_type": "日期", "object": "434,310.03万元", "subject": "报告期内", "subject_index": {"begin": 0, "end": 4}, "object_index": {"begin": 52, "end": 64}}, {"predicate": "主营业务成本", "object_type": "金额", "subject_type": "日期", "object": "233,765.30万元", "subject": "报告期内", "subject_index": {"begin": 0, "end": 4}, "object_index": {"begin": 65, "end": 77}}]}
{"text": "截至2019年6月30日，公司预收款项余额为11,997.27万元，按款项性质列式如下", "spo_list": [{"predicate": "预收账款余额", "object_type": "金额", "subject_type": "日期", "object": "11,997.27万元", "subject": "2019年6月30日", "subject_index": {"begin": 2, "end": 12}, "object_index": {"begin": 22, "end": 33}}]}
{"text": "2019年6月末，公司流动资产占资产总额比例较上年末略有下降，主要系受销售的季节性影响，公司存货金额较2018年末下降24,633.38万元。", "spo_list": [{"predicate": "存货账面价值", "object_type": "金额", "subject_type": "日期", "object": "24,633.38万元", "subject": "2019年6月末", "subject_index": {"begin": 0, "end": 8}, "object_index": {"begin": 59, "end": 70}}]}
{"text": "2019年6月末，公司应收账款较2018年6月末增长8,703.08万元，增长比例为98.16%，主要原因仍主要系2019年“618”活动期间线上销售收入快速增长，在此影响下：A.对于B2C渠道而言，2019年6月末应收电商平台的终端客户已付款（未到账）较2018年6月末增加3,345.67万元。B.对于B2B渠道，应收京东自营和天猫超市平台的款项亦有所增加。其中，“618”促销活动及平台策略使公司京东自营6月单月终端收入较2018年6月增长3,405.79万元，期末应收北京京东世纪信息技术有限公司款项较2018年6月末增加3,949.15万元，应收天猫超市回款方（2019年6月末为浙江天猫网络科技有限公司）款项受线上促销活动及平台调整结算周期的影响，较2018年6月末增长2,519.91万元。", "spo_list": [{"predicate": "应收账款账面余额", "object_type": "金额", "subject_type": "日期", "object": "8,703.08万元", "subject": "2019年6月末", "subject_index": {"begin": 0, "end": 8}, "object_index": {"begin": 26, "end": 36}}]}
{"text": "报告期各期末，公司预付款项分别为9,941.04万元、12,896.82万元、18,130.96万元和12,674.96万元，占流动资产比例分别为4.65%、5.49%、7.63%和5.64%，公司期末预付账款占流动资产比例较低，相关款项主要为预付的门店租赁款、采购款及广告宣传费等。", "spo_list": [{"predicate": "预付款项余额", "object_type": "金额", "subject_type": "日期", "object": "9,941.04万元", "subject": "报告期各期末", "subject_index": {"begin": 0, "end": 6}, "object_index": {"begin": 16, "end": 26}}, {"predicate": "预付款项余额", "object_type": "金额", "subject_type": "日期", "object": "12,896.82万元", "subject": "报告期各期末", "subject_index": {"begin": 0, "end": 6}, "object_index": {"begin": 27, "end": 38}}, {"predicate": "预付款项余额", "object_type": "金额", "subject_type": "日期", "object": "18,130.96万元", "subject": "报告期各期末", "subject_index": {"begin": 0, "end": 6}, "object_index": {"begin": 39, "end": 50}}, {"predicate": "预付款项余额", "object_type": "金额", "subject_type": "日期", "object": "12,674.96万元", "subject": "报告期各期末", "subject_index": {"begin": 0, "end": 6}, "object_index": {"begin": 51, "end": 62}}]}
{"text": "公司按照存货跌价准备的计提原则对期末存货进行减值测试，根据测试结果公司期末存货不存在成本高于其可变现净值的情况，但是出于谨慎性原则，公司管理层根据历史报损经验数据，对各报告期期末的存货分别计提了111.87万元、104.64万元、126.22万元和77.55万元存货跌价准备。", "spo_list": [{"predicate": "存货账面余额", "object_type": "金额", "subject_type": "日期", "object": "111.87万元", "subject": "报告期期末", "subject_index": {"begin": 84, "end": 89}, "object_index": {"begin": 97, "end": 105}}, {"predicate": "存货账面余额", "object_type": "金额", "subject_type": "日期", "object": "104.64万元", "subject": "报告期期末", "subject_index": {"begin": 84, "end": 89}, "object_index": {"begin": 106, "end": 114}}, {"predicate": "存货账面余额", "object_type": "金额", "subject_type": "日期", "object": "126.22万元", "subject": "报告期期末", "subject_index": {"begin": 84, "end": 89}, "object_index": {"begin": 115, "end": 123}}, {"predicate": "存货账面余额", "object_type": "金额", "subject_type": "日期", "object": "77.55万元", "subject": "报告期期末", "subject_index": {"begin": 84, "end": 89}, "object_index": {"begin": 124, "end": 131}}]}
{"text": "报告期各期末，公司预收款项分别为12,479.44万元、10,603.71万元、9,883.69万元和11,997.27万元，占流动负债比例分别为5.72%、5.05%、4.81%和6.93%，其主要构成如下", "spo_list": [{"predicate": "预收账款余额", "object_type": "金额", "subject_type": "日期", "object": "12,479.44万元", "subject": "报告期各期末", "subject_index": {"begin": 0, "end": 6}, "object_index": {"begin": 16, "end": 27}}, {"predicate": "预收款项余额", "object_type": "金额", "subject_type": "日期", "object": "10,603.71万元", "subject": "报告期各期末", "subject_index": {"begin": 0, "end": 6}, "object_index": {"begin": 28, "end": 39}}, {"predicate": "预收账款余额", "object_type": "金额", "subject_type": "日期", "object": "9,883.69万元", "subject": "报告期各期末", "subject_index": {"begin": 0, "end": 6}, "object_index": {"begin": 40, "end": 50}}, {"predicate": "预收账款余额", "object_type": "金额", "subject_type": "日期", "object": "11,997.27万元", "subject": "报告期各期末", "subject_index": {"begin": 0, "end": 6}, "object_index": {"begin": 51, "end": 62}}]}
{"text": "2017年8月7日，良品有限唯一股东达永有限作出以下决定：同意将良品有限未分配利润中的9,809.78万元、任意盈余公积1,606.21万元、资本公积8,537.28万元，扣税后共计17,957.94万元转增注册资本，作为追加投资。变更后注册资本为33,174.00万元。", "spo_list": [{"predicate": "盈余公积", "object_type": "金额", "subject_type": "日期", "object": "1,606.21万元", "subject": "2017年8月7日", "subject_index": {"begin": 0, "end": 9}, "object_index": {"begin": 60, "end": 70}}]}
{"text": "截至2019年6月30日，公司固定资产账面价值为53,600.73万元", "spo_list": [{"predicate": "固定资产账面价值", "object_type": "金额", "subject_type": "日期", "object": "53,600.73万元", "subject": "2019年6月30日", "subject_index": {"begin": 2, "end": 12}, "object_index": {"begin": 24, "end": 35}}]}
{"text": "截至2019年6月30日，公司应付账款余额为62,285.80万元，主要为应付供应商货款，按账龄列示如下", "spo_list": [{"predicate": "其他应付款余额", "object_type": "金额", "subject_type": "日期", "object": "62,285.80万元", "subject": "截至2019年6月30日", "subject_index": {"begin": 0, "end": 12}, "object_index": {"begin": 22, "end": 33}}]}
{"text": "报告期各期末，公司应收账款余额分别为7,772.32万元、10,584.41万元、9,095.12万元和17,569.49万元，主要为应收电商平台款及零星应收大客户团购款，应收账款余额较小，占营业收入的比例较低。", "spo_list": [{"predicate": "其他应收款余额", "object_type": "金额", "subject_type": "日期", "object": "7,772.32万元、", "subject": "报告期各期末", "subject_index": {"begin": 0, "end": 6}, "object_index": {"begin": 18, "end": 29}}, {"predicate": "其他应收款余额", "object_type": "金额", "subject_type": "日期", "object": "10,584.41万元", "subject": "报告期各期末", "subject_index": {"begin": 0, "end": 6}, "object_index": {"begin": 29, "end": 40}}, {"predicate": "其他应收款余额", "object_type": "金额", "subject_type": "日期", "object": "9,095.12万元", "subject": "报告期各期末", "subject_index": {"begin": 0, "end": 6}, "object_index": {"begin": 41, "end": 51}}, {"predicate": "其他应收款余额", "object_type": "金额", "subject_type": "日期", "object": "17,569.49万元", "subject": "报告期各期末", "subject_index": {"begin": 0, "end": 6}, "object_index": {"begin": 52, "end": 63}}]}
{"text": "报告期各期末，公司其他应收款账面价值分别为5,583.57万元、8,108.60万元、6,464.70万元和6,467.97万元，占流动资产比例分别为2.61%、3.45%、2.72%和2.88%，主要由未提现第三方支付平台款、应收房屋租赁押金、门店及员工备用金等应收款项构成。", "spo_list": [{"predicate": "其他应收账款账面价值", "object_type": "金额", "subject_type": "日期", "object": "5,583.57万元", "subject": "报告期各期末", "subject_index": {"begin": 0, "end": 6}, "object_index": {"begin": 21, "end": 31}}, {"predicate": "其他应收账款账面价值", "object_type": "金额", "subject_type": "日期", "object": "8,108.60万元", "subject": "报告期各期末", "subject_index": {"begin": 0, "end": 6}, "object_index": {"begin": 32, "end": 42}}, {"predicate": "其他应收账款账面价值", "object_type": "金额", "subject_type": "日期", "object": "6,464.70万元", "subject": "报告期各期末", "subject_index": {"begin": 0, "end": 6}, "object_index": {"begin": 43, "end": 53}}, {"predicate": "其他应收账款账面价值", "object_type": "金额", "subject_type": "日期", "object": "6,467.97万元", "subject": "报告期各期末", "subject_index": {"begin": 0, "end": 6}, "object_index": {"begin": 54, "end": 64}}]}
{"text": "报告期各期末，由于公司销售的产品通常以外包方式生产，因此期末存货主要由库存商品构成，历年库存商品金额分别为55,934.69万元、52,321.00万元、63,110.32万元和38,772.79万元，占报告期各期末存货比重的80%以上。同时，公司期末库存中包括线上业务已向客户售出但尚未达到收入确认条件的发出商品，及分装业务所需的产品包装袋、包装礼盒、门店活动礼品及线上销售包装箱等周转材料。", "spo_list": [{"predicate": "存货账面余额", "object_type": "金额", "subject_type": "日期", "object": "55,934.69万元", "subject": "报告期各期末", "subject_index": {"begin": 0, "end": 6}, "object_index": {"begin": 53, "end": 64}}, {"predicate": "存货账面余额", "object_type": "金额", "subject_type": "日期", "object": "52,321.00万元", "subject": "报告期各期末", "subject_index": {"begin": 0, "end": 6}, "object_index": {"begin": 65, "end": 76}}, {"predicate": "存货账面余额", "object_type": "金额", "subject_type": "日期", "object": "63,110.32万元", "subject": "报告期各期末", "subject_index": {"begin": 0, "end": 6}, "object_index": {"begin": 77, "end": 88}}, {"predicate": "存货账面余额", "object_type": "金额", "subject_type": "日期", "object": "38,772.79万元", "subject": "报告期各期末", "subject_index": {"begin": 0, "end": 6}, "object_index": {"begin": 89, "end": 100}}]}
{"text": "报告期各期末，公司预收款项中的会员卡积分余额分别为1,876.93万元、1,950.87万元、1,876.21万元和2,833.94万元。", "spo_list": [{"predicate": "预收款项余额", "object_type": "金额", "subject_type": "日期", "object": "1,876.93万元", "subject": "报告期各期末", "subject_index": {"begin": 0, "end": 6}, "object_index": {"begin": 25, "end": 35}}, {"predicate": "预收款项余额", "object_type": "金额", "subject_type": "日期", "object": "1,950.87万元、", "subject": "报告期各期末", "subject_index": {"begin": 0, "end": 6}, "object_index": {"begin": 36, "end": 47}}, {"predicate": "预收款项余额", "object_type": "金额", "subject_type": "日期", "object": "1,876.21万元", "subject": "报告期各期末", "subject_index": {"begin": 0, "end": 6}, "object_index": {"begin": 47, "end": 57}}, {"predicate": "预收款项余额", "object_type": "金额", "subject_type": "日期", "object": "2,833.94万元", "subject": "报告期各期末", "subject_index": {"begin": 0, "end": 6}, "object_index": {"begin": 58, "end": 68}}]}
{"text": "报告期内，公司的期间费用分别为125,903.72万元、150,564.34万元、164,704.30万元和89,083.02万元，随业务规模的扩大呈逐年增长的趋势；占营业收入的比例分别为29.35%、27.76%、25.83%和25.42%。", "spo_list": [{"predicate": "期间费用", "object_type": "金额", "subject_type": "日期", "object": "125,903.72万元", "subject": "报告期内", "subject_index": {"begin": 0, "end": 4}, "object_index": {"begin": 15, "end": 27}}, {"predicate": "期间费用", "object_type": "金额", "subject_type": "日期", "object": "150,564.34万元", "subject": "报告期内", "subject_index": {"begin": 0, "end": 4}, "object_index": {"begin": 28, "end": 40}}, {"predicate": "期间费用", "object_type": "金额", "subject_type": "日期", "object": "164,704.30万元", "subject": "报告期内", "subject_index": {"begin": 0, "end": 4}, "object_index": {"begin": 41, "end": 53}}, {"predicate": "期间费用", "object_type": "金额", "subject_type": "日期", "object": "89,083.02万元", "subject": "报告期内", "subject_index": {"begin": 0, "end": 4}, "object_index": {"begin": 54, "end": 65}}]}
{"text": "截至2019年6月30日，公司应交税费余额为5,076.28万元，以应交企业所得税和应交增值税为主，其中应交企业所得税3,370.80万元，应交增值税1,209.30万元。", "spo_list": [{"predicate": "应交税费余额", "object_type": "金额", "subject_type": "日期", "object": "5,076.28万元", "subject": "2019年6月30日", "subject_index": {"begin": 2, "end": 12}, "object_index": {"begin": 22, "end": 32}}]}
{"text": "2019年6月末，公司其他类别的其他应收款坏账准备较2018年末增长948.97万元，主要系2019年，供应商东阳市荣耀食品有限公司出现经营困难，公司根据谨慎性原则，将其预付采购款1,184.04万元转入其他应收款核算", "spo_list": [{"predicate": "应收帐款坏账准备", "object_type": "金额", "subject_type": "日期", "object": "948.97万元", "subject": "2019年6月末", "subject_index": {"begin": 0, "end": 8}, "object_index": {"begin": 34, "end": 42}}]}
{"text": "报告期各期末，公司其他流动资产分别为65,703.96万元、37,764.60万元、29,655.96万元和2,975.08万元，主要为公司购买的理财产品及待抵扣、待认证进项税额，具体构成如下", "spo_list": [{"predicate": "其他流动资产", "object_type": "金额", "subject_type": "日期", "object": "65,703.96万元", "subject": "报告期各期末", "subject_index": {"begin": 0, "end": 6}, "object_index": {"begin": 18, "end": 29}}, {"predicate": "其他流动资产", "object_type": "金额", "subject_type": "日期", "object": "37,764.60万元", "subject": "报告期各期末", "subject_index": {"begin": 0, "end": 6}, "object_index": {"begin": 30, "end": 41}}, {"predicate": "其他流动资产", "object_type": "金额", "subject_type": "日期", "object": "29,655.96万元", "subject": "报告期各期末", "subject_index": {"begin": 0, "end": 6}, "object_index": {"begin": 42, "end": 53}}, {"predicate": "其他流动资产", "object_type": "金额", "subject_type": "日期", "object": "2,975.08万元", "subject": "报告期各期末", "subject_index": {"begin": 0, "end": 6}, "object_index": {"begin": 54, "end": 64}}]}
{"text": "报告期各期末，公司应交税费的余额分别为4,449.58万元、5,791.88万元、5,000.11万元和5,076.28万元，占流动负债比例分别为2.04%、2.76%、2.43%和2.93%，公司应交税费具体情况如下：", "spo_list": [{"predicate": "应交税费余额", "object_type": "金额", "subject_type": "日期", "object": "4,449.58万元", "subject": "报告期各期末", "subject_index": {"begin": 0, "end": 6}, "object_index": {"begin": 19, "end": 29}}, {"predicate": "应交税费余额", "object_type": "金额", "subject_type": "日期", "object": "5,791.88万元", "subject": "报告期各期末", "subject_index": {"begin": 0, "end": 6}, "object_index": {"begin": 30, "end": 40}}, {"predicate": "应交税费余额", "object_type": "金额", "subject_type": "日期", "object": "5,000.11万元", "subject": "报告期各期末", "subject_index": {"begin": 0, "end": 6}, "object_index": {"begin": 41, "end": 51}}, {"predicate": "应交税费余额", "object_type": "金额", "subject_type": "日期", "object": "5,076.28万元", "subject": "报告期各期末", "subject_index": {"begin": 0, "end": 6}, "object_index": {"begin": 52, "end": 62}}]}
