{"text": "截至2014年末，公司应付职工薪酬余额为1,399.85万元，其中应付职工工资（主要包括工资、奖金、津贴和补贴等）1,272.00万元，应付社会保险费和住房公积金127.85万元", "spo_list": [{"predicate": "应付职工薪酬余额", "object_type": "金额", "subject_type": "日期", "object": "1,399.85万元", "subject": "2014年末", "subject_index": {"begin": 2, "end": 8}, "object_index": {"begin": 20, "end": 30}}]}
{"text": "2012年末、2013年末及2014年末，货币资金余额分别为15,338.25万元，19,271.09万元及12,478.16万元，占同期流动资产的比例分别为25.79%、22.01%及13.60%。", "spo_list": [{"predicate": "货币资金余额", "object_type": "金额", "subject_type": "日期", "object": "15,338.25万元", "subject": "2012年末", "subject_index": {"begin": 0, "end": 6}, "object_index": {"begin": 30, "end": 41}}, {"predicate": "货币资金余额", "object_type": "金额", "subject_type": "日期", "object": "19,271.09万元", "subject": "2013年末", "subject_index": {"begin": 7, "end": 13}, "object_index": {"begin": 42, "end": 53}}, {"predicate": "货币资金余额", "object_type": "金额", "subject_type": "日期", "object": "12,478.16万元", "subject": "2014年末", "subject_index": {"begin": 14, "end": 20}, "object_index": {"begin": 54, "end": 65}}]}
{"text": "2012年末、2013年末及2014年末，公司应收账款净额分别为29,647.82万元、34,584.99万元及56,641.42万元，占同期总资产的比例分别为32.35%、24.46%及39.96%，占当期营业收入的比例分别为63.18%、38.88%及45.65%。", "spo_list": [{"predicate": "应收账款净额", "object_type": "金额", "subject_type": "日期", "object": "29,647.82万元", "subject": "2012年末", "subject_index": {"begin": 0, "end": 6}, "object_index": {"begin": 32, "end": 43}}, {"predicate": "应收账款净额", "object_type": "金额", "subject_type": "日期", "object": "34,584.99万元", "subject": "2013年末", "subject_index": {"begin": 7, "end": 13}, "object_index": {"begin": 44, "end": 55}}, {"predicate": "应收账款净额", "object_type": "金额", "subject_type": "日期", "object": "56,641.42万元", "subject": "2014年末", "subject_index": {"begin": 14, "end": 20}, "object_index": {"begin": 56, "end": 67}}]}
{"text": "公司预付款项主要为采购货款、预定生产设备货款和预付建厂施工款项。2012年末、2013年末及2014年末，预付账款余额分别为6,597.79万元、3,849.39万元及1,404.95万元。", "spo_list": [{"predicate": "预付款项余额", "object_type": "金额", "subject_type": "日期", "object": "6,597.79万元", "subject": "2012年末", "subject_index": {"begin": 32, "end": 38}, "object_index": {"begin": 62, "end": 72}}, {"predicate": "预付款项余额", "object_type": "金额", "subject_type": "日期", "object": "3,849.39万元", "subject": "2013年末", "subject_index": {"begin": 39, "end": 45}, "object_index": {"begin": 73, "end": 83}}, {"predicate": "预付款项余额", "object_type": "金额", "subject_type": "日期", "object": "1,404.95万元", "subject": "2014年末", "subject_index": {"begin": 46, "end": 52}, "object_index": {"begin": 84, "end": 94}}]}
{"text": "2012年末、2013年末和2014年末，其他应收款净额分别为149.25万元、2,810.73万元及743.73万元，占流动资产的比例分别为0.25%、3.21%及0.81%。", "spo_list": [{"predicate": "其他应收款净额", "object_type": "金额", "subject_type": "日期", "object": "149.25万元", "subject": "2012年末", "subject_index": {"begin": 0, "end": 6}, "object_index": {"begin": 31, "end": 39}}, {"predicate": "其他应收款净额", "object_type": "金额", "subject_type": "日期", "object": "2,810.73万元", "subject": "2013年末", "subject_index": {"begin": 7, "end": 13}, "object_index": {"begin": 40, "end": 50}}, {"predicate": "其他应收款净额", "object_type": "金额", "subject_type": "日期", "object": "743.73万元", "subject": "2014年末", "subject_index": {"begin": 14, "end": 20}, "object_index": {"begin": 51, "end": 59}}]}
{"text": "2013年末存货账面价值较2012年末增加了19,146.26万元，增幅高达252.39%，主要原因是，2013年公司同时承接了多处大型水利工程的PCCP供货业务，PCCP库存商品及在产品余额随着营业收入的增长同步增加。", "spo_list": [{"predicate": "存货账面价值", "object_type": "金额", "subject_type": "日期", "object": "19,146.26万元", "subject": "2013年末", "subject_index": {"begin": 0, "end": 6}, "object_index": {"begin": 22, "end": 33}}]}
{"text": "2012年末、2013年末及2014年末，公司在建工程余额分别为6,498.20万元、802.25万元及164.35万元，分别占同期期末资产总额的7.09%、0.57%及0.12%。", "spo_list": [{"predicate": "在建工程余额", "object_type": "金额", "subject_type": "日期", "object": "6,498.20万元", "subject": "2012年末", "subject_index": {"begin": 0, "end": 6}, "object_index": {"begin": 32, "end": 42}}, {"predicate": "在建工程余额", "object_type": "金额", "subject_type": "日期", "object": "802.25万元", "subject": "2013年末", "subject_index": {"begin": 7, "end": 13}, "object_index": {"begin": 43, "end": 51}}, {"predicate": "在建工程余额", "object_type": "金额", "subject_type": "日期", "object": "164.35万元", "subject": "2014年末", "subject_index": {"begin": 14, "end": 20}, "object_index": {"begin": 52, "end": 60}}]}
{"text": "2012年末、2013年末及2014年末，应付账款余额分别为18,649.15万元、38,013.99万元及36,923.73万元，占负债总额的比例分别为30.26%、36.69%及38.48%。报告期内，公司流动资金较为紧张，与货款结算相关的应付账款余额增加", "spo_list": [{"predicate": "应收账款余额", "object_type": "金额", "subject_type": "日期", "object": "18,649.15万元", "subject": "2012年末", "subject_index": {"begin": 0, "end": 6}, "object_index": {"begin": 30, "end": 41}}, {"predicate": "应收账款余额", "object_type": "金额", "subject_type": "日期", "object": "38,013.99万元", "subject": "2013年末", "subject_index": {"begin": 7, "end": 13}, "object_index": {"begin": 42, "end": 53}}, {"predicate": "应收账款余额", "object_type": "金额", "subject_type": "日期", "object": "36,923.73万元", "subject": "2014年末", "subject_index": {"begin": 14, "end": 20}, "object_index": {"begin": 54, "end": 65}}]}
{"text": "2012年末，公司预收款项余额为9,978.19万元，主要是预收某供水工程项目账款8,938.45万元。", "spo_list": [{"predicate": "预收账款余额", "object_type": "金额", "subject_type": "日期", "object": "9,978.19万元", "subject": "2012年末", "subject_index": {"begin": 0, "end": 6}, "object_index": {"begin": 16, "end": 26}}]}
{"text": "2013年末，公司预收款项余额为15,871.63万元，较2012年末大幅增加，主要原因是：一方面，2013年公司新中标PCCP供货项目较多，预收账款增长较快，其中，2013年末公司预收河北省南水北调配套工程保沧干渠工程保定段PCCP管道制造第二标段的项目款就达6,342.38万元，占预收账款余额的39.96%；另一方面，年末仍有预收某供水工程项目6,506.33万元尚未扣回，占预收账款余额的40.99%。", "spo_list": [{"predicate": "预收款项余额", "object_type": "金额", "subject_type": "日期", "object": "15,871.63万元", "subject": "2013年末", "subject_index": {"begin": 0, "end": 6}, "object_index": {"begin": 16, "end": 27}}]}
{"text": "2012年末、2013年末及2014年末，应交税费余额分别为513.06万元、1,302.76万元及3,040.66万元，占负债总额的比例分别为0.83%、1.26%及3.17%。", "spo_list": [{"predicate": "应交税费余额", "object_type": "金额", "subject_type": "日期", "object": "513.06万元", "subject": "2012年末", "subject_index": {"begin": 0, "end": 6}, "object_index": {"begin": 30, "end": 38}}, {"predicate": "应交税费余额", "object_type": "金额", "subject_type": "日期", "object": "1,302.76万元", "subject": "2013年末", "subject_index": {"begin": 7, "end": 13}, "object_index": {"begin": 39, "end": 49}}, {"predicate": "应交税费余额", "object_type": "金额", "subject_type": "日期", "object": "3,040.66万元", "subject": "2014年末", "subject_index": {"begin": 14, "end": 20}, "object_index": {"begin": 50, "end": 60}}]}
{"text": "2012年、2013年及2014年，公司期间费用分别为9,096.99万元、17,233.17万元及21,939.45万元，占同期营业收入的比例分别为19.39%、19.37%及17.68%。从2012年开始，随着公司各地分支机构相继设立运营以及银行借款的增加，期间费用占营业收入的比例有所提升。", "spo_list": [{"predicate": "期间费用", "object_type": "金额", "subject_type": "日期", "object": "9,096.99万元", "subject": "2012年", "subject_index": {"begin": 0, "end": 5}, "object_index": {"begin": 27, "end": 37}}, {"predicate": "期间费用", "object_type": "金额", "subject_type": "日期", "object": "17,233.17万元", "subject": "2013年", "subject_index": {"begin": 6, "end": 11}, "object_index": {"begin": 38, "end": 49}}, {"predicate": "期间费用", "object_type": "金额", "subject_type": "日期", "object": "21,939.45万元", "subject": "2014年", "subject_index": {"begin": 12, "end": 17}, "object_index": {"begin": 50, "end": 61}}]}
{"text": "2012年、2013年及2014年，非经常性损益净额分别为142.03万元、122.67万元及-81.54万元，占净利润的比例分别为3.26%、1.58%及-1.02%。报告期内，非经常性损益对公司盈利能力的影响逐步减小，非经常性损益不构成公司利润的主要来源。报告期内，非经常性损益主要为营业外收入或营业外支出", "spo_list": [{"predicate": "非经常性损益", "object_type": "金额", "subject_type": "日期", "object": "142.03万元", "subject": "2012年", "subject_index": {"begin": 0, "end": 5}, "object_index": {"begin": 29, "end": 37}}, {"predicate": "非经常性损益", "object_type": "金额", "subject_type": "日期", "object": "122.67万元", "subject": "2013年", "subject_index": {"begin": 6, "end": 11}, "object_index": {"begin": 38, "end": 46}}, {"predicate": "非经常性损益", "object_type": "金额", "subject_type": "日期", "object": "-81.54万元", "subject": "2014年", "subject_index": {"begin": 12, "end": 17}, "object_index": {"begin": 47, "end": 55}}]}
{"text": "2012年、2013年及2014年，公司投资活动收到的现金分别为5.00万元、12.90万元及5.20万元，金额均较小，主要为处置固定资产的现金流入。报告期内本公司投资活动支付的现金项目主要为购建固定资产、无形资产和其他长期资产，分别为14,239.90万元、19,963.67万元及14,407.69万元。报告期内，公司投资活动支付的现金金额较大，这与公司积极拓展新的区域市场，加紧建设区域生产基地紧密相关。", "spo_list": [{"predicate": "投资收益", "object_type": "金额", "subject_type": "日期", "object": "5.00万元", "subject": "2012年", "subject_index": {"begin": 0, "end": 5}, "object_index": {"begin": 32, "end": 38}}, {"predicate": "投资收益", "object_type": "金额", "subject_type": "日期", "object": "12.90万元", "subject": "2013年", "subject_index": {"begin": 6, "end": 11}, "object_index": {"begin": 39, "end": 46}}, {"predicate": "投资收益", "object_type": "金额", "subject_type": "日期", "object": "5.20万元", "subject": "2014年", "subject_index": {"begin": 12, "end": 17}, "object_index": {"begin": 47, "end": 53}}]}
{"text": "根据中和谊出具的中和谊评报字[2011]第21020号《资产评估报告》，截至评估基准日2011年3月31日，采用成本法对本次转让涉及的资产进行评估，评估价值1,386.66万元，较账面净资产增值45.65万元，增值率3.40%。", "spo_list": [{"predicate": "净资产评估值", "object_type": "金额", "subject_type": "日期", "object": "1,386.66万元", "subject": "2011年3月31日", "subject_index": {"begin": 43, "end": 53}, "object_index": {"begin": 78, "end": 88}}]}
{"text": "2012年度、2013年度和2014年，本公司支付给关键管理人员薪酬（包括工资、奖金等）总额分别为243.00万元、243.00万元和296.40万元。", "spo_list": [{"predicate": "应付职工薪酬余额", "object_type": "金额", "subject_type": "日期", "object": "296.40万元", "subject": "2014年", "subject_index": {"begin": 14, "end": 19}, "object_index": {"begin": 67, "end": 75}}, {"predicate": "应付职工薪酬余额", "object_type": "金额", "subject_type": "日期", "object": "243.00万元", "subject": "2013年度", "subject_index": {"begin": 7, "end": 13}, "object_index": {"begin": 58, "end": 66}}, {"predicate": "应付职工薪酬余额", "object_type": "金额", "subject_type": "日期", "object": "243.00万元", "subject": "2012年度", "subject_index": {"begin": 0, "end": 6}, "object_index": {"begin": 49, "end": 57}}]}
{"text": "报告期内，公司流动资产主要由货币资金、应收账款及存货等项目构成。2014年末流动资产较2012年末增加了32,286.00万元，增幅为54.29%，主要原因是，随着公司业务规模的扩大，货币资金、应收账款和存货等与业务直接相关的资产同步增长。", "spo_list": [{"predicate": "流动资产", "object_type": "金额", "subject_type": "日期", "object": "32,286.00万元", "subject": "2014年末", "subject_index": {"begin": 32, "end": 38}, "object_index": {"begin": 52, "end": 63}}]}
{"text": "2012年末、2013年末及2014年末，公司应收票据分别为155.00万元、185.46万元及1,030.00万元，占同期流动资产的比例分别为0.26%、0.21%及1.12%。由于公司的主要客户为大型水利工程建设单位，较少使用票据结算，公司的应收票据余额一直处于较低水平。2014年末，应收票据余额中包含了1,000.00万元的商业承兑汇票，该票据的出票人为北京韩建伟业房地产开发有限公司，到期日为2015年6月29日。", "spo_list": [{"predicate": "应收票据", "object_type": "金额", "subject_type": "日期", "object": "1,030.00万元", "subject": "2014年末", "subject_index": {"begin": 14, "end": 20}, "object_index": {"begin": 48, "end": 58}}, {"predicate": "应收票据", "object_type": "金额", "subject_type": "日期", "object": "185.46万元", "subject": "2013年", "subject_index": {"begin": 7, "end": 12}, "object_index": {"begin": 39, "end": 47}}, {"predicate": "应收票据", "object_type": "金额", "subject_type": "日期", "object": "155.00万元", "subject": "2012年末", "subject_index": {"begin": 0, "end": 6}, "object_index": {"begin": 30, "end": 38}}]}
{"text": "截至2014年末，公司应收账款余额为61,676.66万元，主要为帐龄在1年以内的货款。2014年末，账龄在2年以上的应收账款余额合计为7,857.72万元，较2012年末增加了6,775.05万元，主要是受PCCP业务应收项目质保金及RCP业务的影响", "spo_list": [{"predicate": "应收账款净额", "object_type": "金额", "subject_type": "日期", "object": "61,676.66万元", "subject": "2014年末", "subject_index": {"begin": 2, "end": 8}, "object_index": {"begin": 18, "end": 29}}, {"predicate": "应收账款净额", "object_type": "金额", "subject_type": "日期", "object": "7,857.72万元", "subject": "2014年末", "subject_index": {"begin": 44, "end": 50}, "object_index": {"begin": 68, "end": 78}}, {"predicate": "应收账款净额", "object_type": "金额", "subject_type": "日期", "object": "6,775.05万元", "subject": "2012年末", "subject_index": {"begin": 80, "end": 86}, "object_index": {"begin": 89, "end": 99}}]}
{"text": "其他应收款2013年末较2012年末增加2,661.49万元，主要是受履约保证金增加的影响。截至2013年末，公司向保定市南水北调工程建设委员会办公室支付了2,271.81万元的履约保证金，占其他应收款余额的78.23%。", "spo_list": [{"predicate": "应收账款账面余额", "object_type": "金额", "subject_type": "日期", "object": "2,661.49万元", "subject": "2013年末", "subject_index": {"begin": 5, "end": 11}, "object_index": {"begin": 20, "end": 30}}]}
{"text": "2012年末、2013年末及2014年末，公司存货净值分别为7,585.85万元、26,732.11万元及19,461.72万元，占总资产的比例分别为8.28%、18.91%及13.73%。", "spo_list": [{"predicate": "存货净值", "object_type": "金额", "subject_type": "日期", "object": "19,461.72万元", "subject": "2014年末", "subject_index": {"begin": 14, "end": 20}, "object_index": {"begin": 53, "end": 64}}, {"predicate": "存货净值", "object_type": "金额", "subject_type": "日期", "object": "26,732.11万元", "subject": "2013年末", "subject_index": {"begin": 7, "end": 13}, "object_index": {"begin": 41, "end": 52}}, {"predicate": "存货净值", "object_type": "金额", "subject_type": "日期", "object": "7,585.85万元", "subject": "2012年末", "subject_index": {"begin": 0, "end": 6}, "object_index": {"begin": 30, "end": 40}}]}
{"text": "2012年末、2013年末及2014年末，无形资产账面价值分别为1,100.70万元、2,302.62万元、5,053.94万元及4,982.80万元，占同期末资产总额的比例分别为2.51%、3.57%及3.52%。", "spo_list": [{"predicate": "无形资产", "object_type": "金额", "subject_type": "日期", "object": "5,053.94万元", "subject": "2014年末", "subject_index": {"begin": 14, "end": 20}, "object_index": {"begin": 54, "end": 64}}, {"predicate": "无形资产", "object_type": "金额", "subject_type": "日期", "object": "2,302.62万元", "subject": "2013年末", "subject_index": {"begin": 7, "end": 13}, "object_index": {"begin": 43, "end": 53}}, {"predicate": "无形资产", "object_type": "金额", "subject_type": "日期", "object": "1,100.70万元", "subject": "2012年末", "subject_index": {"begin": 0, "end": 6}, "object_index": {"begin": 32, "end": 42}}, {"predicate": "无形资产", "object_type": "金额", "subject_type": "日期", "object": "4,982.80万元", "subject": "2014年末", "subject_index": {"begin": 14, "end": 20}, "object_index": {"begin": 65, "end": 75}}]}
{"text": "2012年末、2013年末及2014年末，预收款项余额分别为9,978.19万元、15,871.63万元及2,111.90万元，占负债总额的比例分别16.19%、15.32%及2.20%。", "spo_list": [{"predicate": "预收账款余额", "object_type": "金额", "subject_type": "日期", "object": "2,111.90万元", "subject": "2014年末", "subject_index": {"begin": 14, "end": 20}, "object_index": {"begin": 53, "end": 63}}, {"predicate": "预收账款余额", "object_type": "金额", "subject_type": "日期", "object": "15,871.63万元", "subject": "2013年末", "subject_index": {"begin": 7, "end": 13}, "object_index": {"begin": 41, "end": 52}}, {"predicate": "预收账款余额", "object_type": "金额", "subject_type": "日期", "object": "9,978.19万元", "subject": "2012年末", "subject_index": {"begin": 0, "end": 6}, "object_index": {"begin": 30, "end": 40}}]}
{"text": "2012年末、2013年末及2014年末，应付职工薪酬账面余额分别为900.51万元、1,084.99万元及1,399.85万元。报告期各年末，公司无长期应付职工薪酬", "spo_list": [{"predicate": "应付职工薪酬余额", "object_type": "金额", "subject_type": "日期", "object": "1,399.85万元", "subject": "2014年末", "subject_index": {"begin": 14, "end": 20}, "object_index": {"begin": 54, "end": 64}}, {"predicate": "应付职工薪酬余额", "object_type": "金额", "subject_type": "日期", "object": "1,084.99万元", "subject": "2013年末", "subject_index": {"begin": 7, "end": 13}, "object_index": {"begin": 43, "end": 53}}, {"predicate": "应付职工薪酬余额", "object_type": "金额", "subject_type": "日期", "object": "900.51万元", "subject": "2012年末", "subject_index": {"begin": 0, "end": 6}, "object_index": {"begin": 34, "end": 42}}]}
{"text": "报告期内，公司息税折旧摊销前利润整体呈现增长趋势。2012年、2013年及2014年，息税折旧摊销前利润分别为9,507.90万元、15,814.02万元及18,319.56万元，公司长期偿债能力较强。", "spo_list": [{"predicate": "息税折旧摊销前利润", "object_type": "金额", "subject_type": "日期", "object": "18,319.56万元", "subject": "2014年", "subject_index": {"begin": 37, "end": 42}, "object_index": {"begin": 78, "end": 89}}, {"predicate": "息税折旧摊销前利润", "object_type": "金额", "subject_type": "日期", "object": "15,814.02万元", "subject": "2013年", "subject_index": {"begin": 31, "end": 36}, "object_index": {"begin": 66, "end": 77}}, {"predicate": "息税折旧摊销前利润", "object_type": "金额", "subject_type": "日期", "object": "9,507.90万元", "subject": "2012年", "subject_index": {"begin": 25, "end": 30}, "object_index": {"begin": 55, "end": 65}}]}
{"text": "2012年职工薪酬同比增加110.40万元，主要原因是2012年发行人在河南、安徽、山西、辽宁的销售队伍扩大，销售人员由2011年末的17人增至2012年末的42人。2013年车辆租赁费较2012年增加232.96万元，主要原因包括：2013年北京PCCP生产基地同时为四个项目供货，生产量大，原有储存场地不够使用，只能临时租用场地储存，公司租用汽车吊进行转运，发生汽车吊租赁费约80万元；2013年公司为京石二通道提供了商品混凝土，公司为该项目租用了大型汽车泵，并发生租赁费约133万元。2014年，公司业务量较2013年进一步增长，车辆租赁费有所增加。", "spo_list": [{"predicate": "应付职工薪酬余额", "object_type": "金额", "subject_type": "日期", "object": "110.40万元", "subject": "2012年", "subject_index": {"begin": 0, "end": 5}, "object_index": {"begin": 13, "end": 21}}]}
{"text": "2012年、2013年及2014年，公司营业外支出分别为35.43万元、89.26万元及243.06万元，全部为非经常性损益项目", "spo_list": [{"predicate": "营业外支出", "object_type": "金额", "subject_type": "日期", "object": "243.06万元", "subject": "2014年", "subject_index": {"begin": 12, "end": 17}, "object_index": {"begin": 44, "end": 52}}, {"predicate": "营业外支出", "object_type": "金额", "subject_type": "日期", "object": "89.26万元", "subject": "2013年", "subject_index": {"begin": 6, "end": 11}, "object_index": {"begin": 36, "end": 43}}, {"predicate": "营业外支出", "object_type": "金额", "subject_type": "日期", "object": "35.43万元", "subject": "2012年", "subject_index": {"begin": 0, "end": 5}, "object_index": {"begin": 28, "end": 35}}]}
{"text": "2014年，随着前期实施的相关工程进入项目中后期，经营活动现金流入较2013年有所放缓，且低于同期营业收入。2014年，公司对前五名客户实现的销售收入合计为84,275.65万元，但同期该前五名客户的现金流入为65,225.95万元。", "spo_list": [{"predicate": "其他收益", "object_type": "金额", "subject_type": "日期", "object": "84,275.65万元", "subject": "2014年", "subject_index": {"begin": 54, "end": 59}, "object_index": {"begin": 78, "end": 89}}]}
{"text": "2012年、2013年及2014年，公司筹资活动收到的现金分别为18,210.00万元、21,084.62万元及45,170.00万元。报告期内，公司筹资活动的现金流入全部来自于银行贷款", "spo_list": [{"predicate": "公司筹资活动产生的现金流量净额", "object_type": "金额", "subject_type": "日期", "object": "45,170.00万元", "subject": "2014年", "subject_index": {"begin": 12, "end": 17}, "object_index": {"begin": 56, "end": 67}}, {"predicate": "公司筹资活动产生的现金流量净额", "object_type": "金额", "subject_type": "日期", "object": "21,084.62万元", "subject": "2013年", "subject_index": {"begin": 6, "end": 11}, "object_index": {"begin": 44, "end": 55}}, {"predicate": "公司筹资活动产生的现金流量净额", "object_type": "金额", "subject_type": "日期", "object": "18,210.00万元", "subject": "2012年", "subject_index": {"begin": 0, "end": 5}, "object_index": {"begin": 32, "end": 43}}]}
