{"text": "2010年度、2011年度、2012年度及2013年1-6月公司的研发经费投入分别为20,092.33万元、18,820.11万元、24,336.53万元和16,164.56万元，占当期营业收入的比例均在3%以上。", "spo_list": [{"predicate": "研发费用", "object_type": "金额", "subject_type": "日期", "object": "20,092.33万元", "subject": "2010年度", "subject_index": {"begin": 0, "end": 6}, "object_index": {"begin": 42, "end": 53}}, {"predicate": "研发费用", "object_type": "金额", "subject_type": "日期", "object": "18,820.11万元", "subject": "2011年度", "subject_index": {"begin": 7, "end": 13}, "object_index": {"begin": 54, "end": 65}}, {"predicate": "研发费用", "object_type": "金额", "subject_type": "日期", "object": "24,336.53万元", "subject": "2012年度", "subject_index": {"begin": 14, "end": 20}, "object_index": {"begin": 66, "end": 77}}, {"predicate": "研发费用", "object_type": "金额", "subject_type": "日期", "object": "16,164.56万元", "subject": "2013年1-6月", "subject_index": {"begin": 21, "end": 30}, "object_index": {"begin": 78, "end": 89}}]}
{"text": "公司采购一般采取“先货后款”的付款政策，只对广告款、设备款、部分大宗原材料有一些预付款，2010年末、2011年末、2012年末和2013年6月末预付款项分别为3,434.21万元、5,578.36万元、3,694.62万元和2,620.03万元。", "spo_list": [{"predicate": "预付款项", "object_type": "金额", "subject_type": "日期", "object": "3,434.21万元", "subject": "2010年末", "subject_index": {"begin": 44, "end": 50}, "object_index": {"begin": 80, "end": 90}}, {"predicate": "预付款项", "object_type": "金额", "subject_type": "日期", "object": "5,578.36万元", "subject": "2011年末", "subject_index": {"begin": 51, "end": 57}, "object_index": {"begin": 91, "end": 101}}, {"predicate": "预付款项", "object_type": "金额", "subject_type": "日期", "object": "3,694.62万元", "subject": "2012年末", "subject_index": {"begin": 58, "end": 64}, "object_index": {"begin": 102, "end": 112}}, {"predicate": "预付款项", "object_type": "金额", "subject_type": "日期", "object": "2,620.03万元", "subject": "2013年6月末", "subject_index": {"begin": 65, "end": 73}, "object_index": {"begin": 113, "end": 123}}]}
{"text": "公司采购一般有15-30天的付款期限，会形成一定的应付账款，2010年末、2011年末、2012年末和2013年6月末应付账款余额分别为27,234.94万元、30,418.14万元、31,505.36万元和31,461.32万元，主要为应付采购原材料及包装物的款项。2011年年末和2012年年末应付账款均较上年末有所上升主要是公司生产规模扩大使得原材料和包装物采购量上升所致。", "spo_list": [{"predicate": "应付账款余额", "object_type": "金额", "subject_type": "日期", "object": "27,234.94万元", "subject": "2010年末", "subject_index": {"begin": 30, "end": 36}, "object_index": {"begin": 68, "end": 79}}, {"predicate": "应付账款余额", "object_type": "金额", "subject_type": "日期", "object": "30,418.14万元", "subject": "2011年末", "subject_index": {"begin": 37, "end": 43}, "object_index": {"begin": 80, "end": 91}}, {"predicate": "应付账款余额", "object_type": "金额", "subject_type": "日期", "object": "1,505.36万元", "subject": "2012年末", "subject_index": {"begin": 44, "end": 50}, "object_index": {"begin": 93, "end": 103}}, {"predicate": "应付账款余额", "object_type": "金额", "subject_type": "日期", "object": "31,461.32万元", "subject": "2013年6月末", "subject_index": {"begin": 51, "end": 59}, "object_index": {"begin": 104, "end": 115}}]}
{"text": "公司2010年末、2011年末、2012年末和2013年6月末在建工程账面价值分别为90,805.55万元、38,121.96万元、37,393.95万元和39,029.17万元。报告期各年末，在建工程余额较大主要是由于高明海天150万吨酱油调味品扩建项目主要的基建项目在报告期内陆续展开，此外高明海天小调味品工程建设项目和高明海天一期配套工程项目也在建设当中。2011年和2012年在建工程陆续达到可使用状态从而转为固定资产，导致2011年和2012年在建工程大幅减少而固定资产相应增加，2011年度和2012年度在建工程转固定资产总金额达10.32亿元和4.54亿元。截至2013年6月30日，上述三个建设项目尚未建设完毕。", "spo_list": [{"predicate": "在建工程账面价值", "object_type": "金额", "subject_type": "日期", "object": "90,805.55万元", "subject": "2010年末", "subject_index": {"begin": 2, "end": 8}, "object_index": {"begin": 42, "end": 53}}, {"predicate": "在建工程账面价值", "object_type": "金额", "subject_type": "日期", "object": "38,121.96万元", "subject": "2011年末", "subject_index": {"begin": 9, "end": 15}, "object_index": {"begin": 54, "end": 65}}, {"predicate": "在建工程账面价值", "object_type": "金额", "subject_type": "日期", "object": "37,393.95万元", "subject": "2012年末", "subject_index": {"begin": 16, "end": 22}, "object_index": {"begin": 66, "end": 77}}, {"predicate": "在建工程账面价值", "object_type": "金额", "subject_type": "日期", "object": "39,029.17万元", "subject": "2013年6月末", "subject_index": {"begin": 23, "end": 31}, "object_index": {"begin": 78, "end": 89}}]}
{"text": "公司2010年度、2011年度、2012年度和2013年1-6月的存货周转率分别为6.18、5.97、5.68和6.70次/年，存货周转天数分别为58.30、60.31、63.36和53.71天，固定资产周转率分别为6.17、4.41、3.62和3.99次/年，周转速度较快，反映了公司较好的管理水平和产品良好的销售状况。", "spo_list": [{"predicate": "存货周转率", "object_type": "日期", "subject_type": "比率", "object": "2010年度", "subject": "6.18", "subject_index": {"begin": 41, "end": 45}, "object_index": {"begin": 2, "end": 8}}, {"predicate": "存货周转率", "object_type": "日期", "subject_type": "比率", "object": "2011年度", "subject": "5.97", "subject_index": {"begin": 46, "end": 50}, "object_index": {"begin": 9, "end": 15}}, {"predicate": "存货周转率", "object_type": "日期", "subject_type": "比率", "object": "2012年度", "subject": "5.68", "subject_index": {"begin": 51, "end": 55}, "object_index": {"begin": 16, "end": 22}}, {"predicate": "存货周转率", "object_type": "日期", "subject_type": "比率", "object": "2013年1-6月", "subject": "6.70次", "subject_index": {"begin": 56, "end": 61}, "object_index": {"begin": 23, "end": 32}}]}
{"text": "公司2010年度、2011年度、2012年度和2013年1-6月息税折旧摊销前利润分别为107,132.25万元、129,011.44万元、167,737.03万元和115,828.01万元，高盈利能力是偿债能力的重要保证，此外年度经营活动的现金流量均在10亿元以上且高于净利润，公司现金偿债能力很强。", "spo_list": [{"predicate": "息税折旧摊销前利润", "object_type": "金额", "subject_type": "日期", "object": "107,132.25万元", "subject": "2010年度", "subject_index": {"begin": 2, "end": 8}, "object_index": {"begin": 44, "end": 56}}, {"predicate": "息税折旧摊销前利润", "object_type": "金额", "subject_type": "日期", "object": "129,011.44万元", "subject": "2011年度", "subject_index": {"begin": 9, "end": 15}, "object_index": {"begin": 57, "end": 69}}, {"predicate": "息税折旧摊销前利润", "object_type": "金额", "subject_type": "日期", "object": "167,737.03万元", "subject": "2012年度", "subject_index": {"begin": 16, "end": 22}, "object_index": {"begin": 70, "end": 82}}, {"predicate": "息税折旧摊销前利润", "object_type": "金额", "subject_type": "日期", "object": "115,828.01万元", "subject": "2013年1-6月", "subject_index": {"begin": 23, "end": 32}, "object_index": {"begin": 83, "end": 95}}]}
{"text": "公司2010年度、2011年度、2012年度和2013年1-6月投资活动产生的现金流量净额分别为-8,254.26万元、-51,725.58万元、-61,403.91万元和-9,322.30万元。公司报告期内投资活动产生的现金流量净额均为负数且金额较大，主要是因为公司在报告期内大规模投资建设高明海天生产基地。", "spo_list": [{"predicate": "公司投资活动产生的现金流量净额", "object_type": "金额", "subject_type": "日期", "object": "-8,254.26万元", "subject": "2010年度", "subject_index": {"begin": 2, "end": 8}, "object_index": {"begin": 48, "end": 59}}, {"predicate": "公司投资活动产生的现金流量净额", "object_type": "金额", "subject_type": "日期", "object": "-51,725.58万元", "subject": "2011年度", "subject_index": {"begin": 9, "end": 15}, "object_index": {"begin": 60, "end": 72}}, {"predicate": "公司投资活动产生的现金流量净额", "object_type": "金额", "subject_type": "日期", "object": "-61,403.91万元", "subject": "2012年度", "subject_index": {"begin": 16, "end": 22}, "object_index": {"begin": 73, "end": 85}}, {"predicate": "公司投资活动产生的现金流量净额", "object_type": "金额", "subject_type": "日期", "object": "-9,322.30万元", "subject": "2013年1-6月", "subject_index": {"begin": 23, "end": 32}, "object_index": {"begin": 86, "end": 97}}]}
{"text": "2010年、2011年和2012年，公司代佛山海盈支付员工的社保及住房公积金，金额分别为1.34万元、2.84万元和0.54万元。佛山海盈已分别于2010年10月、2011年12月和2012年2月归还上述款项。2012年3月起佛山海盈的员工社保及住房公积金由其自行缴纳，公司不再代缴。", "spo_list": [{"predicate": "营业外支出", "object_type": "金额", "subject_type": "日期", "object": "1.34万元", "subject": "2010年", "subject_index": {"begin": 0, "end": 5}, "object_index": {"begin": 44, "end": 50}}, {"predicate": "营业外支出", "object_type": "金额", "subject_type": "日期", "object": "2.84万元", "subject": "2011年", "subject_index": {"begin": 6, "end": 11}, "object_index": {"begin": 51, "end": 57}}, {"predicate": "营业外支出", "object_type": "金额", "subject_type": "日期", "object": "0.54万元", "subject": "2012年", "subject_index": {"begin": 12, "end": 17}, "object_index": {"begin": 58, "end": 64}}]}
{"text": "报告期内，公司的固定资产规模逐渐增大，主要是因为高明海天生产基地的建设在持续进行并陆续投产，2010年、2011年、2012年和2013年1-6月在建工程转为固定资产的金额分别为18,388.30万元、103,227.53万元、45,350.28万元和35,385.85万元，其中房屋建筑物增加3,576.83万元、23,953.11万元、15,348.97万元和2,668.00万元，机器设备增加14,480.07万元、79,021.09万元、28,958.69万元和32,717.85万元。", "spo_list": [{"predicate": "固定资产净额", "object_type": "金额", "subject_type": "日期", "object": "18,388.30万元", "subject": "2010年", "subject_index": {"begin": 46, "end": 51}, "object_index": {"begin": 89, "end": 100}}, {"predicate": "固定资产净额", "object_type": "金额", "subject_type": "日期", "object": "103,227.53万元", "subject": "2011年", "subject_index": {"begin": 52, "end": 57}, "object_index": {"begin": 101, "end": 113}}, {"predicate": "固定资产净额", "object_type": "金额", "subject_type": "日期", "object": "45,350.28万元", "subject": "2012年", "subject_index": {"begin": 58, "end": 63}, "object_index": {"begin": 114, "end": 125}}, {"predicate": "固定资产净额", "object_type": "金额", "subject_type": "日期", "object": "35,385.85万元", "subject": "2013年1-6月", "subject_index": {"begin": 64, "end": 73}, "object_index": {"begin": 126, "end": 137}}]}
{"text": "2011年度和2012年度经营活动产生的现金流量净额分别为117,197.51万元和217,113.52万元，分别较上年增加12,017.86万元和99,916.01万元主要是因为公司生产销售规模扩大所致。", "spo_list": [{"predicate": "公司经营活动产生的现金流量净额", "object_type": "金额", "subject_type": "日期", "object": "117,197.51万元", "subject": "2011年度", "subject_index": {"begin": 0, "end": 6}, "object_index": {"begin": 29, "end": 41}}, {"predicate": "公司经营活动产生的现金流量净额", "object_type": "金额", "subject_type": "日期", "object": "217,113.52万元", "subject": "2012年", "subject_index": {"begin": 7, "end": 12}, "object_index": {"begin": 42, "end": 54}}]}
{"text": "2013年1-6月经营活动产生的现金流量净额为-34,669.63万元，是因为2012年末公司已预收了至次年春节的大额货款，致使2013年上半年的经营活动产生的现金流量净额较2012年度大幅", "spo_list": [{"predicate": "每股经营活动产生的现金流量净额", "object_type": "金额", "subject_type": "日期", "object": "-34,669.63万元", "subject": "2013年1-6月", "subject_index": {"begin": 0, "end": 9}, "object_index": {"begin": 23, "end": 35}}]}
{"text": "2013年9月末，公司的预收款项账面余额较2013年6月末增长1.21亿元，主要是因为公司不同月份间销售额波动导致预收款金额变化。", "spo_list": [{"predicate": "其他应收账款账面价值", "object_type": "金额", "subject_type": "日期", "object": "1.21亿元", "subject": "2013年9月末", "subject_index": {"begin": 0, "end": 8}, "object_index": {"begin": 31, "end": 37}}]}
