{"text": "2009年11月13日，福建同大衡真资产评估土地房地产估价有限公司出具《福州市洋里污水处理厂企业整体改制出资评估项目资产评估报告书》（同人大有评报字[2009]第020号），确认截至2009年10月31日（评估基准日），福州市洋里污水处理厂厂区资产评估值为279,358,981.09元，负债评估值为3,899,491.24元，净资产评估值为275,459,489.85元。", "spo_list": [{"predicate": "净资产评估值", "object_type": "金额", "subject_type": "日期", "object": "275,459,489.85元", "subject": "2009年11月13日", "subject_index": {"begin": 0, "end": 11}, "object_index": {"begin": 171, "end": 186}}]}
{"text": "2009年10月31日（评估基准日），福州市洋里污水处理厂资产评估值279,358,981.09元，负债评估值3,899,491.24元，净资产评估值275,459,489.85元，该评估报告已经福州市国资委核准。", "spo_list": [{"predicate": "净资产评估值", "object_type": "金额", "subject_type": "日期", "object": "275,459,489.85元", "subject": "2009年10月31日", "subject_index": {"begin": 0, "end": 11}, "object_index": {"begin": 75, "end": 90}}]}
{"text": "截至2016年6月30日，公司的长期借款余额（不包括一年内到期的长期借款）为257,171,114.00元，无逾期未偿还的款项。", "spo_list": [{"predicate": "长期借款余额", "object_type": "金额", "subject_type": "日期", "object": "257,171,114.00元", "subject": "2016年6月30日", "subject_index": {"begin": 2, "end": 12}, "object_index": {"begin": 38, "end": 53}}]}
{"text": "2013年末、2014年末、2015年末和2016年6月末，公司货币资金余额分别为15,778.01万元、4,771.32万元、8,307.56万元及16,798.62万元，占流动资产的比例分别为81.81%、35.64%、40.27%及64.48%", "spo_list": [{"predicate": "货币资金余额", "object_type": "金额", "subject_type": "日期", "object": "15,778.01万元", "subject": "2013年末", "subject_index": {"begin": 0, "end": 6}, "object_index": {"begin": 41, "end": 52}}, {"predicate": "货币资金余额", "object_type": "金额", "subject_type": "日期", "object": "4,771.32万元", "subject": "2014年末", "subject_index": {"begin": 7, "end": 13}, "object_index": {"begin": 53, "end": 63}}, {"predicate": "货币资金余额", "object_type": "金额", "subject_type": "日期", "object": "8,307.56万元", "subject": "2015年末", "subject_index": {"begin": 14, "end": 20}, "object_index": {"begin": 64, "end": 74}}, {"predicate": "货币资金余额", "object_type": "金额", "subject_type": "日期", "object": "16,798.62万元", "subject": "2016年6月末", "subject_index": {"begin": 21, "end": 29}, "object_index": {"begin": 75, "end": 86}}]}
{"text": "公司的其他应收款主要为项目代垫款、工程项目保证金、员工备用金等。报告期各期末，公司其他应收款账面余额分别为217.49万元、221.79万元、200.24万元和43.92万元，", "spo_list": [{"predicate": "其他应收账款账面价值", "object_type": "金额", "subject_type": "日期", "object": "217.49万元", "subject": "报告期各期末", "subject_index": {"begin": 32, "end": 38}, "object_index": {"begin": 53, "end": 61}}, {"predicate": "其他应收账款账面价值", "object_type": "金额", "subject_type": "日期", "object": "221.79万元", "subject": "报告期各期末", "subject_index": {"begin": 32, "end": 38}, "object_index": {"begin": 62, "end": 70}}, {"predicate": "其他应收账款账面价值", "object_type": "金额", "subject_type": "日期", "object": "200.24万元", "subject": "报告期各期末", "subject_index": {"begin": 32, "end": 38}, "object_index": {"begin": 71, "end": 79}}, {"predicate": "其他应收账款账面价值", "object_type": "金额", "subject_type": "日期", "object": "43.92万元", "subject": "报告期各期末", "subject_index": {"begin": 32, "end": 38}, "object_index": {"begin": 80, "end": 87}}]}
{"text": "报告期各期末，公司的存货余额分别为260.65万元、265.55万元、549.15万元、424.68万元，分别占当期流动资产总额的1.35%、1.98%、2.66%和1.62%。", "spo_list": [{"predicate": "存货余额", "object_type": "金额", "subject_type": "日期", "object": "260.65万元", "subject": "报告期各期末", "subject_index": {"begin": 0, "end": 6}, "object_index": {"begin": 17, "end": 25}}, {"predicate": "存货余额", "object_type": "金额", "subject_type": "日期", "object": "265.55万元", "subject": "报告期各期末", "subject_index": {"begin": 0, "end": 6}, "object_index": {"begin": 26, "end": 34}}, {"predicate": "存货余额", "object_type": "金额", "subject_type": "日期", "object": "549.15万元", "subject": "报告期各期末", "subject_index": {"begin": 0, "end": 6}, "object_index": {"begin": 35, "end": 43}}, {"predicate": "存货余额", "object_type": "金额", "subject_type": "日期", "object": "424.68万元", "subject": "报告期各期末", "subject_index": {"begin": 0, "end": 6}, "object_index": {"begin": 44, "end": 52}}]}
{"text": "2013年末、2014年末、2015年末及2016年6月末，公司其他非流动资产的金额分别为1,394.79万元、888.18万元、1,471.84万元及758.21万元，占期末非流动资产比例分别为2.08%、0.85%、1.00%和0.50%。", "spo_list": [{"predicate": "其他非流动资产", "object_type": "金额", "subject_type": "日期", "object": "1,394.79万元", "subject": "2013年末", "subject_index": {"begin": 0, "end": 6}, "object_index": {"begin": 45, "end": 55}}, {"predicate": "其他非流动资产", "object_type": "金额", "subject_type": "日期", "object": "888.18万元", "subject": "2014年末", "subject_index": {"begin": 7, "end": 13}, "object_index": {"begin": 56, "end": 64}}, {"predicate": "其他非流动资产", "object_type": "金额", "subject_type": "日期", "object": "1,471.84万元", "subject": "2015年末", "subject_index": {"begin": 14, "end": 20}, "object_index": {"begin": 65, "end": 75}}, {"predicate": "其他非流动资产", "object_type": "金额", "subject_type": "日期", "object": "758.21万元", "subject": "2016年6月末", "subject_index": {"begin": 21, "end": 29}, "object_index": {"begin": 76, "end": 84}}]}
{"text": "2013年公司计提的存货跌价准备10.09万元，主要系计提部分库龄时间超过三年的备品备件的存货跌价准备所致。", "spo_list": [{"predicate": "存货跌价准备", "object_type": "金额", "subject_type": "日期", "object": "10.09万元", "subject": "2013年", "subject_index": {"begin": 0, "end": 5}, "object_index": {"begin": 16, "end": 23}}]}
{"text": "2015年末，公司短期借款余额较上年末增加9,340.00万元，主要系公司为满足资金需求，新增向交通银行股份有限公司仓山支行、招商银行股份有限公司福州分行、中信银行股份有限公司福州杨桥支行分别信用借款2,000万元、3,500万元、3,800万元所致。", "spo_list": [{"predicate": "长期借款余额", "object_type": "金额", "subject_type": "日期", "object": "9,340.00万元", "subject": "2015年末", "subject_index": {"begin": 0, "end": 6}, "object_index": {"begin": 21, "end": 31}}]}
{"text": "2015年公司根据自身财务状况并与建筑工程总承包商协商一致，在付款方式上适当使用了商业承兑汇票。2015年末及2016年6月末公司应付票据余额为8,000万元，余额较大，主要系向联合环境技术（福州）有限公司开具的用于支付洋里厂区四期项目的工程款。", "spo_list": [{"predicate": "应付账款余额", "object_type": "金额", "subject_type": "日期", "object": "8,000万元", "subject": "2015年末及2016年6月末", "subject_index": {"begin": 48, "end": 63}, "object_index": {"begin": 72, "end": 79}}]}
{"text": "2014年末，公司应付账款余额较2013年年末增加17,726.44万元，同比增长340.23%，主要原因是公司洋里污水处理厂三期工程、四期工程以及子公司青口海环的青口新区BOT工程建设支出增加，导致应付未付的工程款增加；2015年末，公司应付账款余额较2014年年末增加14,978.72万元，同比增长65.30%，", "spo_list": [{"predicate": "应付账款余额", "object_type": "金额", "subject_type": "日期", "object": "17,726.44万元", "subject": "2014年末", "subject_index": {"begin": 0, "end": 6}, "object_index": {"begin": 25, "end": 36}}, {"predicate": "应付账款余额", "object_type": "金额", "subject_type": "日期", "object": "14,978.72万元", "subject": "2015年末", "subject_index": {"begin": 111, "end": 117}, "object_index": {"begin": 136, "end": 147}}]}
{"text": "2013年末、2014年末、2015年末和2016年6月末，公司应交税费余额分别为675.89万元、724.94万元、1,078.14万元和927.04万元，", "spo_list": [{"predicate": "应交税费余额", "object_type": "金额", "subject_type": "日期", "object": "675.89万元", "subject": "2013年末", "subject_index": {"begin": 0, "end": 6}, "object_index": {"begin": 41, "end": 49}}, {"predicate": "应交税费余额", "object_type": "金额", "subject_type": "日期", "object": "724.94万元", "subject": "2014年末", "subject_index": {"begin": 7, "end": 13}, "object_index": {"begin": 50, "end": 58}}, {"predicate": "应交税费余额", "object_type": "金额", "subject_type": "日期", "object": "1,078.14万元", "subject": "2015年末", "subject_index": {"begin": 14, "end": 20}, "object_index": {"begin": 59, "end": 69}}, {"predicate": "应交税费余额", "object_type": "金额", "subject_type": "日期", "object": "927.04万元", "subject": "2016年6月末", "subject_index": {"begin": 21, "end": 29}, "object_index": {"begin": 70, "end": 78}}]}
{"text": "报告期各期末，公司的长期借款余额分别为3,375万元、13,000万元、17,908.93万元和25,717.11万元，2014年末较2013年末增加9,625万元，增幅285.19%，主要系为满足公司洋里四期工程建设投入及支付土地出让金的资金需求而增加的借款所致。公司2015年末长期借款较2014年末增加4,908.93万元，2016年6月末长期借款较2015年末增加7,808.18万元，系公司为满足洋里污水处理厂四期以及琅岐、闽清等地的污水处理BOT工程项目建设投入向银行新增加的借款所致。", "spo_list": [{"predicate": "长期借款余额", "object_type": "金额", "subject_type": "日期", "object": "3,375万元", "subject": "报告期各期末", "subject_index": {"begin": 0, "end": 6}, "object_index": {"begin": 19, "end": 26}}, {"predicate": "长期借款余额", "object_type": "金额", "subject_type": "日期", "object": "13,000万元", "subject": "报告期各期末", "subject_index": {"begin": 0, "end": 6}, "object_index": {"begin": 27, "end": 35}}, {"predicate": "长期借款余额", "object_type": "金额", "subject_type": "日期", "object": "17,908.93万元", "subject": "报告期各期末", "subject_index": {"begin": 0, "end": 6}, "object_index": {"begin": 36, "end": 47}}, {"predicate": "长期借款余额", "object_type": "金额", "subject_type": "日期", "object": "25,717.11万元", "subject": "报告期各期末", "subject_index": {"begin": 0, "end": 6}, "object_index": {"begin": 48, "end": 59}}]}
{"text": "截至2015年末，公司专项应付款余额62.08万元，为“市政污泥及餐厨垃圾资源化综合利用技术研究与示范”项目的政府专项资金。", "spo_list": [{"predicate": "应付账款余额", "object_type": "金额", "subject_type": "日期", "object": "62.08万元", "subject": "2015年末", "subject_index": {"begin": 2, "end": 8}, "object_index": {"begin": 18, "end": 25}}]}
{"text": "公司2013年、2014年、2015年及2016年1-6月的应收账款周转率分别为2.71次、4.22次、2.69次及3.00次，公司根据相应的污水处理项目经营协议约定以及其他项目经营协议，实行按月结算，一般回款周期平均为2-3个月。", "spo_list": [{"predicate": "应收账款周转率", "object_type": "日期", "subject_type": "比率", "object": "2013年", "subject": "2.71次", "subject_index": {"begin": 40, "end": 45}, "object_index": {"begin": 2, "end": 7}}, {"predicate": "应收账款周转率", "object_type": "日期", "subject_type": "比率", "object": "2014年", "subject": "4.22次", "subject_index": {"begin": 46, "end": 51}, "object_index": {"begin": 8, "end": 13}}, {"predicate": "应收账款周转率", "object_type": "日期", "subject_type": "比率", "object": "2015年", "subject": "2.69次", "subject_index": {"begin": 52, "end": 57}, "object_index": {"begin": 14, "end": 19}}, {"predicate": "应收账款周转率", "object_type": "日期", "subject_type": "比率", "object": "2016年1-6月", "subject": "3.00次", "subject_index": {"begin": 58, "end": 63}, "object_index": {"begin": 20, "end": 29}}]}
{"text": "报告期各期间，公司的主营业务毛利分别为10,008.88万元、13,297.91万元、14,488.19万元和8,257.46万元，2014年、2015年分别较上一年度增长32.86%和8.94%。", "spo_list": [{"predicate": "毛利额", "object_type": "金额", "subject_type": "日期", "object": "10,008.88万元", "subject": "报告期各期间", "subject_index": {"begin": 0, "end": 6}, "object_index": {"begin": 19, "end": 30}}, {"predicate": "毛利额", "object_type": "金额", "subject_type": "日期", "object": "13,297.91万元", "subject": "报告期各期间", "subject_index": {"begin": 0, "end": 6}, "object_index": {"begin": 31, "end": 42}}, {"predicate": "毛利额", "object_type": "金额", "subject_type": "日期", "object": "14,488.19万元", "subject": "报告期各期间", "subject_index": {"begin": 0, "end": 6}, "object_index": {"begin": 43, "end": 54}}, {"predicate": "毛利额", "object_type": "金额", "subject_type": "日期", "object": "8,257.46万元", "subject": "报告期各期间", "subject_index": {"begin": 0, "end": 6}, "object_index": {"begin": 55, "end": 65}}]}
{"text": "报告期内，为进一步扩大公司污水处理业务的覆盖范围，公司加大了污水处理设施的建设力度，资本性支出较大，导致报告期内公司投资活动净现金流量均为负数；报告期各期间，公司投资活动净现金流量分别为-13,656.17万元、-24,597.95万元、-25,896.08万元和-10,260.06万元。", "spo_list": [{"predicate": "公司投资活动产生的现金流量净额", "object_type": "金额", "subject_type": "日期", "object": "-13,656.17万元", "subject": "报告期各期间", "subject_index": {"begin": 72, "end": 78}, "object_index": {"begin": 93, "end": 105}}, {"predicate": "公司投资活动产生的现金流量净额", "object_type": "金额", "subject_type": "日期", "object": "-24,597.95万元", "subject": "报告期各期间", "subject_index": {"begin": 72, "end": 78}, "object_index": {"begin": 106, "end": 118}}, {"predicate": "公司投资活动产生的现金流量净额", "object_type": "金额", "subject_type": "日期", "object": "-25,896.08万元", "subject": "报告期各期间", "subject_index": {"begin": 72, "end": 78}, "object_index": {"begin": 119, "end": 131}}, {"predicate": "公司投资活动产生的现金流量净额", "object_type": "金额", "subject_type": "日期", "object": "-10,260.06万元", "subject": "报告期各期间", "subject_index": {"begin": 72, "end": 78}, "object_index": {"begin": 132, "end": 144}}]}
{"text": "截至2016年6月30日，公司递延收益为22,785,473.05元，全部由政府补助构成", "spo_list": [{"predicate": "其他收益", "object_type": "金额", "subject_type": "日期", "object": "22,785,473.05元", "subject": "2016年6月30日", "subject_index": {"begin": 2, "end": 12}, "object_index": {"begin": 20, "end": 34}}]}
{"text": "公司2013年末对部分库龄时间超过三年的的备品备件，按照其可变现净值提取存货跌价准备10.09万元，2014年公司因生产领用了该备品备件后，转销了其已计提的存货跌价准备10.09万元。", "spo_list": [{"predicate": "存货跌价准备余额", "object_type": "金额", "subject_type": "日期", "object": "10.09万元", "subject": "2013年", "subject_index": {"begin": 2, "end": 7}, "object_index": {"begin": 84, "end": 91}}]}
{"text": "报告期各期末，公司计提的坏账准备呈逐年上升趋势，分别为181.11万元、448.67万元、660.84万元和471.73万元，主要系应收账款余额增幅逐年增加，2015年末、2014年末应收账款余额比上年末分别增长167.71%和42.32%，2016年6月末公司应收账款余额较2015年末减少2,701.80万元，降低23.31%，计提的坏账准备也相应减少。", "spo_list": [{"predicate": "坏账准备", "object_type": "金额", "subject_type": "日期", "object": "181.11万元", "subject": "报告期各期末", "subject_index": {"begin": 0, "end": 6}, "object_index": {"begin": 27, "end": 35}}, {"predicate": "坏账准备", "object_type": "金额", "subject_type": "日期", "object": "448.67万元", "subject": "报告期各期末", "subject_index": {"begin": 0, "end": 6}, "object_index": {"begin": 36, "end": 44}}, {"predicate": "坏账准备", "object_type": "金额", "subject_type": "日期", "object": "660.84万元", "subject": "报告期各期末", "subject_index": {"begin": 0, "end": 6}, "object_index": {"begin": 45, "end": 53}}, {"predicate": "坏账准备", "object_type": "金额", "subject_type": "日期", "object": "471.73万元", "subject": "报告期各期末", "subject_index": {"begin": 0, "end": 6}, "object_index": {"begin": 54, "end": 62}}]}
{"text": "报告期内，公司应付账款主要是应付项目工程建设款。报告期各期末，公司应付账款余额分别为5,210.18万元、22,936.63万元、37,915.35万元和36,981.87万元，占流动负债的比例分别为15.06%、76.75%、59.60%和59.41%。", "spo_list": [{"predicate": "应付账款余额", "object_type": "金额", "subject_type": "日期", "object": "5,210.18万元", "subject": "报告期各期末", "subject_index": {"begin": 24, "end": 30}, "object_index": {"begin": 42, "end": 52}}, {"predicate": "应付账款余额", "object_type": "金额", "subject_type": "日期", "object": "22,936.63万元", "subject": "报告期各期末", "subject_index": {"begin": 24, "end": 30}, "object_index": {"begin": 53, "end": 64}}, {"predicate": "应付账款余额", "object_type": "金额", "subject_type": "日期", "object": "37,915.35万元", "subject": "报告期各期末", "subject_index": {"begin": 24, "end": 30}, "object_index": {"begin": 65, "end": 76}}, {"predicate": "应付账款余额", "object_type": "金额", "subject_type": "日期", "object": "36,981.87万元", "subject": "报告期各期末", "subject_index": {"begin": 24, "end": 30}, "object_index": {"begin": 77, "end": 88}}]}
{"text": "2013年末、2014年末、2015年末和2016年6月末，公司其他应付款余额分别为14,410.50万元、1,214.90万元、374.89万元和588.84万元。2014年末，公司其他应付账款余额较2013年末减少13,195.60万元，主要原因是公司2013年末收到新增外部投资者增资汇入的投资款10,530.00万元，2014年1月将其转入所有者权益所致。2015年末，公司其他应付款较2014年末减少840.01万元，减少69.14%，主要原因系2015年公司支付了因收购子公司榕北海环股权应付的转让款尾款806.63万元。2016年6月末，公司其他应付款较2015年末增加213.94万元，增加57.07%，主要原因系公司代收了福州桂湖片区污水处理项目征地费449万元所致。", "spo_list": [{"predicate": "应付账款余额", "object_type": "金额", "subject_type": "日期", "object": "14,410.50万元", "subject": "2013年末", "subject_index": {"begin": 0, "end": 6}, "object_index": {"begin": 42, "end": 53}}, {"predicate": "应付账款余额", "object_type": "金额", "subject_type": "日期", "object": "1,214.90万元", "subject": "2014年末", "subject_index": {"begin": 7, "end": 13}, "object_index": {"begin": 54, "end": 64}}, {"predicate": "应付账款余额", "object_type": "金额", "subject_type": "日期", "object": "374.89万元", "subject": "2015年末", "subject_index": {"begin": 14, "end": 20}, "object_index": {"begin": 65, "end": 73}}, {"predicate": "应付账款余额", "object_type": "金额", "subject_type": "日期", "object": "588.84万元", "subject": "2016年6月末", "subject_index": {"begin": 21, "end": 29}, "object_index": {"begin": 74, "end": 82}}, {"predicate": "应付账款余额", "object_type": "金额", "subject_type": "日期", "object": "13,195.60万元", "subject": "2014年末", "subject_index": {"begin": 83, "end": 89}, "object_index": {"begin": 109, "end": 120}}]}
{"text": "2013年、2014年、2015年及2016年1-6月，公司的存货周转率分别为39.69次、43.88次、33.10次及32.41次，公司存货周转率较高，主要是因为公司一般按需采购，各期末存货主要为维持污水处理设施运行的配件和污水处理所需的药剂等，期末余额较少，导致存货周转率较高。", "spo_list": [{"predicate": "存货周转率", "object_type": "日期", "subject_type": "比率", "object": "2013年", "subject": "39.69次", "subject_index": {"begin": 39, "end": 45}, "object_index": {"begin": 0, "end": 5}}, {"predicate": "存货周转率", "object_type": "日期", "subject_type": "比率", "object": "2014年", "subject": "43.88次", "subject_index": {"begin": 46, "end": 52}, "object_index": {"begin": 6, "end": 11}}, {"predicate": "存货周转率", "object_type": "日期", "subject_type": "比率", "object": "2015年", "subject": "33.10次", "subject_index": {"begin": 53, "end": 59}, "object_index": {"begin": 12, "end": 17}}, {"predicate": "存货周转率", "object_type": "日期", "subject_type": "比率", "object": "2016年1-6月", "subject": "32.41次", "subject_index": {"begin": 60, "end": 66}, "object_index": {"begin": 18, "end": 27}}]}
{"text": "2014年，公司的污水处理业务毛利率较2013年下降了4.11%，主要是由于公司洋里污水处理中心三期项目建设完工并于下半年开始投入试运营，实际污水处理量仍未达设计水量，固定运营成本较高所致。公司2014年3月开始新增了毛利率较高的垃圾渗沥液处理业务，毛利金额为2,590.03万元，占公司当期毛利的19.48%，提升了综合毛利率水平。", "spo_list": [{"predicate": "毛利额", "object_type": "金额", "subject_type": "日期", "object": "2,590.03万元", "subject": "2014年3月", "subject_index": {"begin": 97, "end": 104}, "object_index": {"begin": 130, "end": 140}}]}
{"text": "（7）2015年度公司经审计的归属于母公司股东的净利润为8,537.41万元，扣除非经常性损益的净利润为7,908.25万元。", "spo_list": [{"predicate": "非经常性损益", "object_type": "金额", "subject_type": "日期", "object": "7,908.25万元", "subject": "2015年", "subject_index": {"begin": 3, "end": 8}, "object_index": {"begin": 52, "end": 62}}]}
