{"text": "2011年、2012年和2013年，本公司下达科研经费金额分别为1,174.75万元、2,152.35万元和855.95万元。", "spo_list": [{"predicate": "研发费用", "object_type": "金额", "subject_type": "日期", "object": "1,174.75万元", "subject": "2011年", "subject_index": {"begin": 0, "end": 5}, "object_index": {"begin": 32, "end": 42}}, {"predicate": "研发费用", "object_type": "金额", "subject_type": "日期", "object": "2,152.35万元", "subject": "2012年", "subject_index": {"begin": 6, "end": 11}, "object_index": {"begin": 43, "end": 53}}, {"predicate": "研发费用", "object_type": "金额", "subject_type": "日期", "object": "855.95万元", "subject": "2013年", "subject_index": {"begin": 12, "end": 17}, "object_index": {"begin": 54, "end": 62}}]}
{"text": "截至2014年6月30日，本公司固定资产账面价值为853,337,044.53元，具体情况如下：", "spo_list": [{"predicate": "固定资产账面价值", "object_type": "金额", "subject_type": "日期", "object": "853,337,044.53元", "subject": "2014年6月30日", "subject_index": {"begin": 2, "end": 12}, "object_index": {"begin": 25, "end": 40}}]}
{"text": "截至2014年6月30日，本公司在建工程账面价值为909,646,668.17元，具体情况如下", "spo_list": [{"predicate": "在建工程账面价值", "object_type": "金额", "subject_type": "日期", "object": "909,646,668.17元", "subject": "2014年6月30日", "subject_index": {"begin": 2, "end": 12}, "object_index": {"begin": 25, "end": 40}}]}
{"text": "截至2014年6月30日，本公司应付票据为216,142,085.14元，系以银行承兑汇票方式支付采购款。", "spo_list": [{"predicate": "应付票据", "object_type": "金额", "subject_type": "日期", "object": "216,142,085.14元", "subject": "2014年6月30日", "subject_index": {"begin": 2, "end": 12}, "object_index": {"begin": 21, "end": 36}}]}
{"text": "截至2014年6月30日，本公司应付账款为30,168,871.75元，主要系尚未结清的原材料采购款。", "spo_list": [{"predicate": "应付账款", "object_type": "金额", "subject_type": "日期", "object": "30,168,871.75元", "subject": "2014年6月30日", "subject_index": {"begin": 2, "end": 12}, "object_index": {"begin": 21, "end": 35}}]}
{"text": "截至2014年6月30日，公司一年内到期的非流动负债余额为217,931,524.30元，由公司一年内到期的长期借款和一年内到期的长期应付款组成。", "spo_list": [{"predicate": "其他非流动负债的余额", "object_type": "金额", "subject_type": "日期", "object": "217,931,524.30元", "subject": "2014年6月30日", "subject_index": {"begin": 2, "end": 12}, "object_index": {"begin": 29, "end": 44}}]}
{"text": "截至2014年6月30日，公司长期应付款余额为305,835,364.19元，具体项目如下：", "spo_list": [{"predicate": "其他应付款余额", "object_type": "金额", "subject_type": "日期", "object": "305,835,364.19元", "subject": "2014年6月30日", "subject_index": {"begin": 2, "end": 12}, "object_index": {"begin": 23, "end": 38}}]}
{"text": "本公司货币资金主要为现金和银行存款。2011、2012、2013年末和2014年6月末，公司货币资金余额分别为157,454.74万元、76,059.21万元、58,681.07万元和26,497.36万元，占总资产的比例分别为33.43%、16.14%、12.19%和6.24%。报告期各期末货币资金余额逐渐减少，主要原因系：（1）公司各年度现金分红比例较高；（2）固定资产和在建工程持续投入金额较大；（3）受市场环境影响，2014年上半年铁矿石价格下跌，公司产品销量同比下降，盈利能力受到影响。", "spo_list": [{"predicate": "货币资金余额", "object_type": "金额", "subject_type": "日期", "object": "157,454.74万元", "subject": "2011", "subject_index": {"begin": 18, "end": 22}, "object_index": {"begin": 55, "end": 67}}, {"predicate": "货币资金余额", "object_type": "金额", "subject_type": "日期", "object": "76,059.21万元", "subject": "2012", "subject_index": {"begin": 23, "end": 27}, "object_index": {"begin": 68, "end": 79}}, {"predicate": "货币资金余额", "object_type": "金额", "subject_type": "日期", "object": "58,681.07万元", "subject": "2013年末", "subject_index": {"begin": 28, "end": 34}, "object_index": {"begin": 80, "end": 91}}, {"predicate": "货币资金余额", "object_type": "金额", "subject_type": "日期", "object": "26,497.36万元", "subject": "2014年6月末", "subject_index": {"begin": 35, "end": 43}, "object_index": {"begin": 92, "end": 103}}]}
{"text": "2011、2012、2013年末和2014年6月末，公司应收票据余额分别为81,592.92万元、69,016.53万元、78,236.11万元和16,599.10万元，占总资产的比例分别为17.32%、14.64%、16.26%和3.91%。报告期各期末，本公司应收票据账面余额情况", "spo_list": [{"predicate": "应收票据余额", "object_type": "金额", "subject_type": "日期", "object": "81,592.92万元", "subject": "2011", "subject_index": {"begin": 0, "end": 4}, "object_index": {"begin": 37, "end": 48}}, {"predicate": "应收票据余额", "object_type": "金额", "subject_type": "日期", "object": "69,016.53万元", "subject": "2012", "subject_index": {"begin": 5, "end": 9}, "object_index": {"begin": 49, "end": 60}}, {"predicate": "应收票据余额", "object_type": "金额", "subject_type": "日期", "object": "78,236.11万元", "subject": "2013年末", "subject_index": {"begin": 10, "end": 16}, "object_index": {"begin": 61, "end": 72}}, {"predicate": "应收票据余额", "object_type": "金额", "subject_type": "日期", "object": "16,599.10万元", "subject": "2014年6月末", "subject_index": {"begin": 17, "end": 25}, "object_index": {"begin": 73, "end": 84}}]}
{"text": "截至2014年6月30日，应收票据余额中用于质押的银行承兑汇票为14,100.00万元，已经贴现或背书给他方但尚未到期的应收票据为27,887.15万元。", "spo_list": [{"predicate": "应收票据", "object_type": "金额", "subject_type": "日期", "object": "27,887.15万元", "subject": "2014年6月30日", "subject_index": {"begin": 2, "end": 12}, "object_index": {"begin": 65, "end": 76}}]}
{"text": "截至2014年6月30日，本公司应收账款总额为43,584.52万元，其中43,394.50万元账龄在一年以内，占比99.56%，账龄结构合理，应收账款质量较高。本公司根据《企业会计准则》并结合自身具体情况制定了稳健的应收账款坏账准备计提政策，2014年6月末，应收账款坏账准备余额为68.94万元。报告期内，本公司没有发生大额应收账款不能回收的情形。", "spo_list": [{"predicate": "长期应收款", "object_type": "金额", "subject_type": "日期", "object": "43,584.52万元", "subject": "2014年6月30", "subject_index": {"begin": 2, "end": 11}, "object_index": {"begin": 23, "end": 34}}]}
{"text": "2011、2012、2013年末和2014年6月末，本公司预付账款账面余额分别为3,848.54万元、1,446.44万元、2,159.42万元和3,201.51万元，分别占总资产的0.82%、0.31%、0.45%和0.75%，规模较小，主要系本公司根据协议预付的材料款、电费、运费和设备款等。", "spo_list": [{"predicate": "预付款项", "object_type": "金额", "subject_type": "日期", "object": "3,848.54万元", "subject": "2011", "subject_index": {"begin": 0, "end": 4}, "object_index": {"begin": 40, "end": 50}}, {"predicate": "预付款项", "object_type": "金额", "subject_type": "日期", "object": "1,446.44万元", "subject": "2012", "subject_index": {"begin": 5, "end": 9}, "object_index": {"begin": 51, "end": 61}}, {"predicate": "预付款项", "object_type": "金额", "subject_type": "日期", "object": "2,159.42万元", "subject": "2013年末", "subject_index": {"begin": 10, "end": 16}, "object_index": {"begin": 62, "end": 72}}, {"predicate": "预付款项", "object_type": "金额", "subject_type": "日期", "object": "3,201.51万元", "subject": "2014年6月末", "subject_index": {"begin": 17, "end": 25}, "object_index": {"begin": 73, "end": 83}}]}
{"text": "本公司固定资产主要为生产环节必需的房屋及建筑物和机器设备，2011、2012、2013年末和2014年6月末，本公司房屋及建筑物账面价值分别为30,910.34万元、27,901.31万元、55,299.43万元和53,326.33万元，机器设备账面价值分别为18,322.94万元、10,204.25万元、28,492.41万元和28,847.49万元，二者合计占固定资产合计金额的85%以上。", "spo_list": [{"predicate": "在建工程账面价值", "object_type": "金额", "subject_type": "日期", "object": "30,910.34万元", "subject": "2011", "subject_index": {"begin": 29, "end": 33}, "object_index": {"begin": 71, "end": 82}}, {"predicate": "在建工程账面价值", "object_type": "金额", "subject_type": "日期", "object": "27,901.31万元", "subject": "2012", "subject_index": {"begin": 34, "end": 38}, "object_index": {"begin": 83, "end": 94}}, {"predicate": "在建工程账面价值", "object_type": "金额", "subject_type": "日期", "object": "55,299.43万元", "subject": "2013年末", "subject_index": {"begin": 39, "end": 45}, "object_index": {"begin": 95, "end": 106}}, {"predicate": "在建工程账面价值", "object_type": "金额", "subject_type": "日期", "object": "53,326.33万元", "subject": "2014年6月末", "subject_index": {"begin": 46, "end": 54}, "object_index": {"begin": 107, "end": 118}}]}
{"text": "应付账款的余额主要系未结清的原材料、设备和备品备件采购款，并通常在一年内清偿。2011、2012、2013年末和2014年6月末，本公司应付账款余额分别为1,464.82万元、6,946.33万元、1,132.69万元和3,016.89万元。", "spo_list": [{"predicate": "其他应付款余额", "object_type": "金额", "subject_type": "日期", "object": "1,464.82万元", "subject": "2011", "subject_index": {"begin": 39, "end": 43}, "object_index": {"begin": 77, "end": 87}}, {"predicate": "其他应付款余额", "object_type": "金额", "subject_type": "日期", "object": "6,946.33万元", "subject": "2012", "subject_index": {"begin": 44, "end": 48}, "object_index": {"begin": 88, "end": 98}}, {"predicate": "其他应付款余额", "object_type": "金额", "subject_type": "日期", "object": "1,132.69万元", "subject": "2013年末", "subject_index": {"begin": 49, "end": 55}, "object_index": {"begin": 99, "end": 109}}, {"predicate": "其他应付款余额", "object_type": "金额", "subject_type": "日期", "object": "3,016.89万元", "subject": "2014年6月末", "subject_index": {"begin": 56, "end": 64}, "object_index": {"begin": 110, "end": 120}}]}
{"text": "本公司针对部分客户采取全额预付货款的方式进行销售，2011、2012、2013年末和2014年6月末，本公司预收款项余额分别为781.92万元、1,638.46万元、5,836.33万元和1,921.08万元。2013年末预收款项金额较大，主要原因系预收客户货款但尚未发货完成。", "spo_list": [{"predicate": "预收款项余额", "object_type": "金额", "subject_type": "日期", "object": "5,836.33万元", "subject": "2013年末", "subject_index": {"begin": 35, "end": 41}, "object_index": {"begin": 83, "end": 93}}, {"predicate": "预收款项余额", "object_type": "金额", "subject_type": "日期", "object": "1,921.08万元", "subject": "2014年6月末", "subject_index": {"begin": 42, "end": 50}, "object_index": {"begin": 94, "end": 104}}, {"predicate": "预收款项余额", "object_type": "金额", "subject_type": "日期", "object": "781.92万元", "subject": "2011", "subject_index": {"begin": 25, "end": 29}, "object_index": {"begin": 63, "end": 71}}, {"predicate": "预收款项余额", "object_type": "金额", "subject_type": "日期", "object": "1,638.46万元", "subject": "2012", "subject_index": {"begin": 30, "end": 34}, "object_index": {"begin": 72, "end": 82}}]}
{"text": "2011、2012、2013年末和2014年6月末，本公司其他应付款分别为23,475.51万元、26,797.14万元、36,836.00万元和35,396.08万元。其中，截至2014年6月末，公司其他应付款金额较大的项目如下", "spo_list": [{"predicate": "其他应付款", "object_type": "金额", "subject_type": "日期", "object": "23,475.51万元", "subject": "2011", "subject_index": {"begin": 0, "end": 4}, "object_index": {"begin": 37, "end": 48}}, {"predicate": "其他应付款", "object_type": "金额", "subject_type": "日期", "object": "26,797.14万元", "subject": "2012", "subject_index": {"begin": 5, "end": 9}, "object_index": {"begin": 49, "end": 60}}, {"predicate": "其他应付款", "object_type": "金额", "subject_type": "日期", "object": "36,836.00万元", "subject": "2013年末", "subject_index": {"begin": 10, "end": 16}, "object_index": {"begin": 61, "end": 72}}, {"predicate": "其他应付款", "object_type": "金额", "subject_type": "日期", "object": "35,396.08万元", "subject": "2014年6月末", "subject_index": {"begin": 17, "end": 25}, "object_index": {"begin": 73, "end": 84}}]}
{"text": "本公司盈利能力较高，利息保障倍数也相应较高，利息偿付能力良好。2011、2012、2013年度和2014年上半年，公司的利息保障倍数分别达到31.69、19.52、28.24和15.58倍。公司历年来未发生贷款逾期的情况，在贷款银行中信誉度较高。", "spo_list": [{"predicate": "利息保障倍数", "object_type": "日期", "subject_type": "比率", "object": "2011", "subject": "31.69", "subject_index": {"begin": 70, "end": 75}, "object_index": {"begin": 31, "end": 35}}, {"predicate": "利息保障倍数", "object_type": "日期", "subject_type": "比率", "object": "2012", "subject": "19.52", "subject_index": {"begin": 76, "end": 81}, "object_index": {"begin": 36, "end": 40}}, {"predicate": "利息保障倍数", "object_type": "日期", "subject_type": "比率", "object": "2013年度", "subject": "28.24", "subject_index": {"begin": 82, "end": 87}, "object_index": {"begin": 41, "end": 47}}, {"predicate": "利息保障倍数", "object_type": "日期", "subject_type": "比率", "object": "2014年上半年", "subject": "15.58倍", "subject_index": {"begin": 88, "end": 94}, "object_index": {"begin": 48, "end": 56}}]}
{"text": "2011年，本公司实现投资收益8,196.24万元。其中，本公司于2011年3月对外转让红山矿业70%股权，根据交易双方协商，交易价格为22,120万元，由于前期红山矿业已计提减值准备，本次交易公司实现投资收益8,137.53万元。", "spo_list": [{"predicate": "投资收益", "object_type": "金额", "subject_type": "日期", "object": "8,196.24万元", "subject": "2011年", "subject_index": {"begin": 0, "end": 5}, "object_index": {"begin": 15, "end": 25}}]}
{"text": "2011、2012、2013年度和2014年上半年，本公司经营活动产生的现金流量净额分别为102,197.79万元、115,432.85万元、94,151.54万元和64,616.32万元，分别占当期净利润的82.72%、149.66%、93.78%和224.74%，公司获取现金的能力较强，盈利质量较高。其中，2011年度公司经营活动产生的现金流量净额占当期净利润比例相对较低，主要原因系公司客户采用票据结算金额较大，截至2011年12月31日，本公司应收票据余额为81,592.92万元，", "spo_list": [{"predicate": "应收票据余额", "object_type": "金额", "subject_type": "日期", "object": "81,592.92万元", "subject": "2011年12月31日", "subject_index": {"begin": 212, "end": 223}, "object_index": {"begin": 234, "end": 245}}]}
{"text": "2011、2012、2013年度和2014年上半年，公司投资活动产生的现金流量净额分别为-12,904.92万元、-42,403.61万元、-44,302.76万元和-22,396.76万元，主要系公司购建固定资产和土地使用权、采矿权、探矿权等无形资产的投入。随着公司北一深部开采工程等项目逐步投资建设，公司资本性支出将可能进一步增加。", "spo_list": [{"predicate": "公司投资活动产生的现金流量净额", "object_type": "金额", "subject_type": "日期", "object": "-12,904.92万元", "subject": "2011", "subject_index": {"begin": 0, "end": 4}, "object_index": {"begin": 44, "end": 56}}, {"predicate": "公司投资活动产生的现金流量净额", "object_type": "金额", "subject_type": "日期", "object": "-42,403.61万元", "subject": "2012", "subject_index": {"begin": 5, "end": 9}, "object_index": {"begin": 57, "end": 69}}, {"predicate": "公司投资活动产生的现金流量净额", "object_type": "金额", "subject_type": "日期", "object": "-44,302.76万元", "subject": "2013年度", "subject_index": {"begin": 10, "end": 16}, "object_index": {"begin": 70, "end": 82}}, {"predicate": "公司投资活动产生的现金流量净额", "object_type": "金额", "subject_type": "日期", "object": "-22,396.76万元", "subject": "2014年上半年", "subject_index": {"begin": 17, "end": 25}, "object_index": {"begin": 83, "end": 95}}]}
{"text": "2011年、2012年、2013年和2014年1-6月，本公司向董事、监事、高级管理人员和核心技术人员支付薪酬分别为668.67万元、675.84万元、682.91万元和378.81万元。", "spo_list": [{"predicate": "应付职工薪酬余额", "object_type": "金额", "subject_type": "日期", "object": "668.67万元", "subject": "2011年", "subject_index": {"begin": 0, "end": 5}, "object_index": {"begin": 58, "end": 66}}, {"predicate": "应付职工薪酬余额", "object_type": "金额", "subject_type": "日期", "object": "675.84万元", "subject": "2012年", "subject_index": {"begin": 6, "end": 11}, "object_index": {"begin": 67, "end": 75}}, {"predicate": "应付职工薪酬余额", "object_type": "金额", "subject_type": "日期", "object": "682.91万元", "subject": "2013年", "subject_index": {"begin": 12, "end": 17}, "object_index": {"begin": 76, "end": 84}}, {"predicate": "应付职工薪酬余额", "object_type": "金额", "subject_type": "日期", "object": "378.81万元", "subject": "2014年1-6月", "subject_index": {"begin": 18, "end": 27}, "object_index": {"begin": 85, "end": 93}}]}
{"text": "截至2014年6月30日，本公司无形资产账面价值为704,989,313.58元，具体情况如下：", "spo_list": [{"predicate": "无形资产账面价值", "object_type": "金额", "subject_type": "日期", "object": "704,989,313.58元", "subject": "2014年6月30日", "subject_index": {"begin": 2, "end": 12}, "object_index": {"begin": 25, "end": 40}}]}
{"text": "截至2014年6月30日，本公司其他应付款余额为353,960,797.73元，其他应付款账龄情况如下：", "spo_list": [{"predicate": "其他应付款余额", "object_type": "金额", "subject_type": "日期", "object": "353,960,797.73元", "subject": "2014年6月30日", "subject_index": {"begin": 2, "end": 12}, "object_index": {"begin": 24, "end": 39}}]}
{"text": "公司2012年末安全生产费余额为4,380.99万元，超过营业收入的1.5%，符合上述条件，经海南省安全生产监督管理局和昌江黎族自治县安全生产监督管理局同意，公司2012年度、2013年度及2014年1-6月未提取安全生产费，实际发生的安全生产支出（费用性支出）列为当期损益。", "spo_list": [{"predicate": "其他应付款余额", "object_type": "金额", "subject_type": "日期", "object": "4,380.99万元", "subject": "2012年", "subject_index": {"begin": 2, "end": 7}, "object_index": {"begin": 16, "end": 26}}]}
{"text": "2011年末，本公司应收票据余额为81,592.92万元，较2010年末增加69.93%，主要系一方面2011年度公司产销状况良好，营业收入较上年度增长14.25%，另一方面受紧缩性货币政策影响，客户采取应收票据结算的比例增多。2012年末，应收票据余额为69,016.53万元，较上年末下降15.41%，主要系受铁矿石价格波动影响，公司营业收入同比下降14.74%。2013年末，应收票据余额为78,236.11万元，较上年末增长13.36%，主要原因系该年度营业收入同比增加20.94%。2014年6月末，应收票据余额为16,599.10万元，较上年末减少78.78%，主要原因系：受市场环境影响，铁矿石价格下跌，公司产品销量下降，营业收入较去年同期出现较大幅度下滑；另外，为提高流动性，公司在2014年上半年增加了票据贴现和背书的规模，已贴现或背书但未到期票据的余额均较上年末出现较大幅度的增长。", "spo_list": [{"predicate": "应收票据余额", "object_type": "金额", "subject_type": "日期", "object": "81,592.92万元", "subject": "2011年末", "subject_index": {"begin": 0, "end": 6}, "object_index": {"begin": 17, "end": 28}}, {"predicate": "应收票据余额", "object_type": "金额", "subject_type": "日期", "object": "69,016.53万元", "subject": "2012年末", "subject_index": {"begin": 114, "end": 120}, "object_index": {"begin": 128, "end": 139}}, {"predicate": "应收票据余额", "object_type": "金额", "subject_type": "日期", "object": "78,236.11万元", "subject": "2013年末", "subject_index": {"begin": 184, "end": 190}, "object_index": {"begin": 198, "end": 209}}, {"predicate": "应收票据余额", "object_type": "金额", "subject_type": "日期", "object": "16,599.10万元", "subject": "2014年6月末", "subject_index": {"begin": 246, "end": 254}, "object_index": {"begin": 262, "end": 273}}]}
{"text": "截至2014年6月30日，本公司其他应收款合计金额为8,826.89万元，计提坏账准备后的余额为8,284.89万元。其他应收款合计金额中，73.85%的账龄在一年以内，信用风险较小；另有6.82%其他应收款账龄在3年以上，主要系2007年改制设立前形成的应收昌江水业有限责任公司的款项，公司已按照稳健性原则针对可能存在的信用风险足额计提了坏账准备。", "spo_list": [{"predicate": "其他应收款净额", "object_type": "金额", "subject_type": "日期", "object": "8,826.89万元", "subject": "2014年6月30日", "subject_index": {"begin": 2, "end": 12}, "object_index": {"begin": 26, "end": 36}}, {"predicate": "坏账准备", "object_type": "金额", "subject_type": "日期", "object": "8,284.89万元", "subject": "2014年6月30日", "subject_index": {"begin": 2, "end": 12}, "object_index": {"begin": 48, "end": 58}}]}
{"text": "截至2014年6月30日，公司原材料和备品备件跌价准备余额为1,431.75万元，主要系昌鑫钴业停产后，钴精粉单独出售存在困难，因此公司对存货中的钴精粉计提了跌价准备。", "spo_list": [{"predicate": "存货跌价准备", "object_type": "金额", "subject_type": "日期", "object": "1,431.75万元", "subject": "2014年6月30日", "subject_index": {"begin": 2, "end": 12}, "object_index": {"begin": 30, "end": 40}}]}
{"text": "2012年末，本公司应付票据余额为42,983.42万元，主要系用于支付购买海钢集团堆存贫矿。2014年6月末，本公司应付票据余额为21,614.21万元，主要系用于支付海钢集团堆存贫矿购买尾款。", "spo_list": [{"predicate": "应付票据", "object_type": "金额", "subject_type": "日期", "object": "42,983.42万元", "subject": "2012年末", "subject_index": {"begin": 0, "end": 6}, "object_index": {"begin": 17, "end": 28}}, {"predicate": "应付票据", "object_type": "金额", "subject_type": "日期", "object": "21,614.21万元", "subject": "2014年6月末", "subject_index": {"begin": 47, "end": 55}, "object_index": {"begin": 66, "end": 77}}]}
{"text": "本公司应交税费余额主要包括所得税、增值税、资源税和矿产资源补偿费等。2011、2012、2013年末和2014年6月末，本公司应交税费余额分别为10,876.23万元、4,660.58万元、11,759.06万元和2,059.72万元。", "spo_list": [{"predicate": "应交税费余额", "object_type": "金额", "subject_type": "日期", "object": "10,876.23万元", "subject": "2011", "subject_index": {"begin": 34, "end": 38}, "object_index": {"begin": 72, "end": 83}}, {"predicate": "应交税费余额", "object_type": "金额", "subject_type": "日期", "object": "4,660.58万元", "subject": "2012", "subject_index": {"begin": 39, "end": 43}, "object_index": {"begin": 84, "end": 94}}, {"predicate": "应交税费余额", "object_type": "金额", "subject_type": "日期", "object": "11,759.06万元", "subject": "2013年末", "subject_index": {"begin": 44, "end": 50}, "object_index": {"begin": 95, "end": 106}}, {"predicate": "应交税费余额", "object_type": "金额", "subject_type": "日期", "object": "2,059.72万元", "subject": "2014年6月末", "subject_index": {"begin": 51, "end": 59}, "object_index": {"begin": 107, "end": 117}}]}
{"text": "2011、2012、2013年度和2014年上半年，本公司应收账款周转率分别为14.48次/年、13.19次/年、11.82次/年和5.12次/年，应收账款周转较快。2012年度，应收账款周转率较上年度下降1.29个百分点，主要原因系本公司2012年度营业收入下降所致。2013年度，应收账款周转率较上年度下降1.37个百分点，主要系由于2013年末应收账款余额增加所致，应收账款大幅增加的主要原因系部分客户已采用信用证结算，但由于信用证尚未到期的部分，仍在应收账款科目核算。2014年上半年，应收账款周转率较上年度下降56.68%，主要系由于期末应收账款余额增加所致，其中包含应收账款已采用信用证结算但尚未到期的部分。", "spo_list": [{"predicate": "应收账款周转率", "object_type": "日期", "subject_type": "比率", "object": "2011", "subject": "14.48次/年", "subject_index": {"begin": 39, "end": 47}, "object_index": {"begin": 0, "end": 4}}, {"predicate": "应收账款周转率", "object_type": "日期", "subject_type": "比率", "object": "2012", "subject": "13.19次/年", "subject_index": {"begin": 48, "end": 56}, "object_index": {"begin": 5, "end": 9}}, {"predicate": "应收账款周转率", "object_type": "日期", "subject_type": "比率", "object": "2013年度", "subject": "11.82次/年", "subject_index": {"begin": 57, "end": 65}, "object_index": {"begin": 10, "end": 16}}, {"predicate": "应收账款周转率", "object_type": "日期", "subject_type": "比率", "object": "2014年上半年", "subject": "5.12次/年", "subject_index": {"begin": 66, "end": 73}, "object_index": {"begin": 17, "end": 25}}]}
{"text": "公司经营活动产生的现金流量净额占当期净利润比例大幅上升至149.66%，主要原因系公司购买海钢集团贫矿采取票据方式支付，截至2012年12月31日，本公司应付票据余额为42,983.42万元；2013年度，公司经营活动产生的现金流量净额占当期净利润比例下降至93.78%，主要系期末应收账款金额较高所致，截至2013年12月31日，公司应收账款余额为30,819.07万元，较上年末增加65.49%，其中含20,470.00万元系客户采用信用证结算尚未到期；2014年1-6月，公司经营活动产生的现金流量净额占当期净利润比例大幅提高，主要原因系截至2014年6月30日，公司应收票据余额较上年末减少78.78%，减少金额达61,637.01万元。", "spo_list": [{"predicate": "应付票据", "object_type": "金额", "subject_type": "日期", "object": "42,983.42万元", "subject": "2012年12月31日", "subject_index": {"begin": 62, "end": 73}, "object_index": {"begin": 84, "end": 95}}, {"predicate": "应收账款余额", "object_type": "金额", "subject_type": "日期", "object": "30,819.07万元", "subject": "2013年12月31日", "subject_index": {"begin": 154, "end": 165}, "object_index": {"begin": 175, "end": 186}}]}
{"text": "自成立以来，本公司保持了良好的发展态势，盈利能力突出。2011-2013年，本公司分别实现归属于母公司股东的净利润123,544.74万元、77,132.51万元和100,391.76万元。而且，本公司盈利质量较高，2011-2013年，本公司经营活动产生的现金流量净额分别为102,197.79万元、115,432.85万元和94,151.54万元。较高的盈利能力和盈利质量为公司向股东提供持续、稳定的分红回报奠定了坚实的基础。", "spo_list": [{"predicate": "公司经营活动产生的现金流量净额", "object_type": "金额", "subject_type": "日期", "object": "102,197.79万元", "subject": "2011-2013年", "subject_index": {"begin": 108, "end": 118}, "object_index": {"begin": 138, "end": 150}}, {"predicate": "公司经营活动产生的现金流量净额", "object_type": "金额", "subject_type": "日期", "object": "115,432.85万元", "subject": "2011-2013年", "subject_index": {"begin": 108, "end": 118}, "object_index": {"begin": 151, "end": 163}}, {"predicate": "公司经营活动产生的现金流量净额", "object_type": "金额", "subject_type": "日期", "object": "94,151.54万元", "subject": "2011-2013年", "subject_index": {"begin": 108, "end": 118}, "object_index": {"begin": 164, "end": 175}}]}
