{"text": "公司2000年研发费用为4008.90万元，占主营业务收入比重为5.75%。", "spo_list": [{"predicate": "研发费用", "object_type": "金额", "subject_type": "日期", "object": "4008.90万元", "subject": "2000年", "subject_index": {"begin": 2, "end": 7}, "object_index": {"begin": 12, "end": 21}}]}
{"text": "本公司1998、1999和2000年末及2001年6月30日的应收帐款分别为5,176.30万元、966.26万元和2,851.34万元及6,724.33万元。应收帐款帐龄均在一年以内。2001年6月30日，本公司的应收帐款余额中，不存在持本公司5%或以上股份的主要股东欠款。", "spo_list": [{"predicate": "应收账款净额", "object_type": "金额", "subject_type": "日期", "object": "5,176.30万元", "subject": "1998", "subject_index": {"begin": 3, "end": 7}, "object_index": {"begin": 38, "end": 48}}, {"predicate": "应收账款净额", "object_type": "金额", "subject_type": "日期", "object": "966.26万元", "subject": "1999", "subject_index": {"begin": 8, "end": 12}, "object_index": {"begin": 49, "end": 57}}, {"predicate": "应收账款净额", "object_type": "金额", "subject_type": "日期", "object": "2,851.34万元", "subject": "2000年末", "subject_index": {"begin": 13, "end": 19}, "object_index": {"begin": 58, "end": 68}}, {"predicate": "应收账款净额", "object_type": "金额", "subject_type": "日期", "object": "6,724.33万元", "subject": "2001年6月30日", "subject_index": {"begin": 20, "end": 30}, "object_index": {"begin": 69, "end": 79}}]}
{"text": "截至2001年6月30日，本公司在建工程为754,145,836.27元，其中“蓝疆”大型起重铺管船为740,103,475.51元。截至2001年6月30日，本公司短期借款余额为64,660万元，全部借款均用于建造“蓝疆”大型起重铺管船，根据实质重于形式的原则，利息支出全部予以资本化，2000年资本化率为5.26%,2001年1-6月利息资本化率为5.25%。", "spo_list": [{"predicate": "在建工程账面价值", "object_type": "金额", "subject_type": "日期", "object": "754,145,836.27元", "subject": "2001年6月30日", "subject_index": {"begin": 2, "end": 12}, "object_index": {"begin": 21, "end": 36}}]}
{"text": "截至2001年6月30日公司短期借款余额为64,660万元，包括信用借款和委托借款，具体情况如下表所示", "spo_list": [{"predicate": "短期借款余额", "object_type": "金额", "subject_type": "日期", "object": "64,660万元", "subject": "2001年6月30日", "subject_index": {"begin": 2, "end": 12}, "object_index": {"begin": 21, "end": 29}}]}
{"text": "1998、1999和2000年年末及2001年6月30日，本公司应付帐款分别为2,981.15万元、1,292.45万元、4,212.18万元和5,369.37万元。", "spo_list": [{"predicate": "应付账款", "object_type": "金额", "subject_type": "日期", "object": "2,981.15万元", "subject": "1998", "subject_index": {"begin": 0, "end": 4}, "object_index": {"begin": 39, "end": 49}}, {"predicate": "应付账款", "object_type": "金额", "subject_type": "日期", "object": "1,292.45万元", "subject": "1999", "subject_index": {"begin": 5, "end": 9}, "object_index": {"begin": 50, "end": 60}}, {"predicate": "应付账款", "object_type": "金额", "subject_type": "日期", "object": "4,212.18万元", "subject": "2000年年末", "subject_index": {"begin": 10, "end": 17}, "object_index": {"begin": 61, "end": 71}}, {"predicate": "应付账款", "object_type": "金额", "subject_type": "日期", "object": "5,369.37万元", "subject": "2001年6月30日", "subject_index": {"begin": 18, "end": 28}, "object_index": {"begin": 72, "end": 82}}]}
{"text": "1998、1999和2000年年末及2001年6月30日，本公司应交税金分别为246.61万元、315.76万元、1,048.35万元和920.52万元。2001年6月30日，本公司的应交税金中，主要包括应交企业所得税643.78万元和应交营业税261.60万元。", "spo_list": [{"predicate": "应交税费", "object_type": "金额", "subject_type": "日期", "object": "246.61万元", "subject": "1998", "subject_index": {"begin": 0, "end": 4}, "object_index": {"begin": 39, "end": 47}}, {"predicate": "应交税费", "object_type": "金额", "subject_type": "日期", "object": "315.76万元", "subject": "1999", "subject_index": {"begin": 5, "end": 9}, "object_index": {"begin": 48, "end": 56}}, {"predicate": "应交税费", "object_type": "金额", "subject_type": "日期", "object": "1,048.35万元", "subject": "2000年年末", "subject_index": {"begin": 10, "end": 17}, "object_index": {"begin": 57, "end": 67}}, {"predicate": "应交税费", "object_type": "金额", "subject_type": "日期", "object": "920.52万元", "subject": "2001年6月30日", "subject_index": {"begin": 18, "end": 28}, "object_index": {"begin": 68, "end": 76}}]}
{"text": "1998、1999和2000年年末及2001年6月30日，本公司应付股利分别为0万元、0万元、660万元和435.63万元。", "spo_list": [{"predicate": "应付利息", "object_type": "金额", "subject_type": "日期", "object": "0万元", "subject": "1998", "subject_index": {"begin": 0, "end": 4}, "object_index": {"begin": 39, "end": 42}}, {"predicate": "应付利息", "object_type": "金额", "subject_type": "日期", "object": "0万元", "subject": "1999", "subject_index": {"begin": 5, "end": 9}, "object_index": {"begin": 43, "end": 46}}, {"predicate": "应付利息", "object_type": "金额", "subject_type": "日期", "object": "660万元", "subject": "2000年年末", "subject_index": {"begin": 10, "end": 17}, "object_index": {"begin": 47, "end": 52}}, {"predicate": "应付利息", "object_type": "金额", "subject_type": "日期", "object": "435.63万元", "subject": "2001年6月30日", "subject_index": {"begin": 18, "end": 28}, "object_index": {"begin": 53, "end": 61}}]}
{"text": "公司1998、1999和2000年末及2001年6月30日的货币资金余额分别为5,834.16万元、8,262.59万元、7,665.94万元和8,431.84万元。", "spo_list": []}
{"text": "本公司2000年主营业务收入为69,727.98万元，", "spo_list": [{"predicate": "主营业务收入", "object_type": "金额", "subject_type": "日期", "object": "69,727.98万元", "subject": "2000年", "subject_index": {"begin": 3, "end": 8}, "object_index": {"begin": 15, "end": 26}}]}
{"text": "本公司1998、1999和2000年末及2001年6月30日的其他应收款为295.62万元、192.24万元和960.94万元及3,481.65万元。其他应收款余额主要为海关保证金和代垫上市费用。2001年6月30日，本公司的其他应收款余额中，不存在持本公司5%或以上股份的主要股东欠款。", "spo_list": [{"predicate": "其他应收款余额", "object_type": "金额", "subject_type": "日期", "object": "295.62万元", "subject": "1998", "subject_index": {"begin": 3, "end": 7}, "object_index": {"begin": 37, "end": 45}}, {"predicate": "其他应收款余额", "object_type": "金额", "subject_type": "日期", "object": "192.24万元", "subject": "1999", "subject_index": {"begin": 8, "end": 12}, "object_index": {"begin": 46, "end": 54}}, {"predicate": "其他应收款余额", "object_type": "金额", "subject_type": "日期", "object": "960.94万元", "subject": "2000年", "subject_index": {"begin": 13, "end": 18}, "object_index": {"begin": 55, "end": 63}}, {"predicate": "其他应收款余额", "object_type": "金额", "subject_type": "日期", "object": "3,481.65万元", "subject": "2001年6月30日", "subject_index": {"begin": 20, "end": 30}, "object_index": {"begin": 64, "end": 74}}]}
{"text": "1998、1999和2000年末及2001年6月30日，本公司的其他应付款分别为5,432.82万元、1,123.79万元、1,568.26万元和1,507.04万元。2001年6月30日，本公司的其他应付款中不存在持本公司5%或以上股份的主要股东的款项", "spo_list": [{"predicate": "其他应付款", "object_type": "金额", "subject_type": "日期", "object": "5,432.82万元", "subject": "1998", "subject_index": {"begin": 0, "end": 4}, "object_index": {"begin": 40, "end": 50}}, {"predicate": "其他应付款", "object_type": "金额", "subject_type": "日期", "object": "1,123.79万元", "subject": "1999", "subject_index": {"begin": 5, "end": 9}, "object_index": {"begin": 51, "end": 61}}, {"predicate": "其他应付款", "object_type": "金额", "subject_type": "日期", "object": "1,568.26万元", "subject": "2000年", "subject_index": {"begin": 10, "end": 15}, "object_index": {"begin": 62, "end": 72}}, {"predicate": "其他应付款", "object_type": "金额", "subject_type": "日期", "object": "1,507.04万元", "subject": "2001年6月30日", "subject_index": {"begin": 17, "end": 27}, "object_index": {"begin": 73, "end": 83}}]}
{"text": "本公司2000年5月至12月及2001年1月至6月经营活动产生的现金流量净额分别为14,214.01万元及-5,412.31万元，其中，销售商品、提供劳务收到的现金为57,477.52万元及37,418.72万元，收到的其他与经营活动有关的现金为997.62万元及61.10万元，购买商品、接收劳务支付的现金为34,422.11万元及36,417.77万元，支付给职工及为职工支付的现金为5,851.94万元及3,377.02万元，支付的各种税费为2,183.51万元及2,303.77万元；投资活动产生的现金流量净额为-34,573.78万元及-18,719.99万元，其中，购买固定资产、无形资产和其他长期资产所支付的现金为34,590.12万元及18,759.17万元；筹资活动产生的现金流量净额为23,941.82万元及24,899.37万元，其中，借款所收到的现金为56,320万元及28,020万元，偿还债务所支付的现金为31,340万元及2,000万元，分配股利、利润或偿付利息所支付的现金为1,038.18万元及1,120.63万元；现金及现金等价物净增加额3,581.75万元及765.90万元。", "spo_list": [{"predicate": "公司投资活动产生的现金流量净额", "object_type": "金额", "subject_type": "日期", "object": "-34,573.78万元", "subject": "2000年5月至12月", "subject_index": {"begin": 3, "end": 14}, "object_index": {"begin": 260, "end": 272}}, {"predicate": "公司投资活动产生的现金流量净额", "object_type": "金额", "subject_type": "日期", "object": "-18,719.99万元", "subject": "2001年1月至6月", "subject_index": {"begin": 15, "end": 25}, "object_index": {"begin": 273, "end": 285}}, {"predicate": "公司筹资活动产生的现金流量净额", "object_type": "金额", "subject_type": "日期", "object": "23,941.82万元", "subject": "2000年5月至12月", "subject_index": {"begin": 3, "end": 14}, "object_index": {"begin": 352, "end": 363}}, {"predicate": "公司筹资活动产生的现金流量净额", "object_type": "金额", "subject_type": "日期", "object": "24,899.37万元", "subject": "2001年1月至6月", "subject_index": {"begin": 15, "end": 25}, "object_index": {"begin": 364, "end": 375}}]}
