{"text": "2017年5月12日，本公司下属安全环保分公司受到天津市滨海新区环境局处罚，罚款10万元，处罚原因为该公司新增一台焚烧炉和一套污水处理设施项目于2015年3月调试生产，但未办理建设项目环境保护竣工验收手续。2017年5月13日，本公司下属安全环保分公司受到天津市滨海新区环境局处罚，罚款10万元，处罚原因为该公司厂界下风向恶臭气体浓度超过《恶臭污染物排放标准》的环境恶臭污染物控制标准值。2017年7月11日，本公司下属常州环保涂料有限公司受到常州市钟楼区环境保护局处罚，罚款2万元，处罚原因为彩板车间3楼研磨工段部分研磨桶桶盖未封闭，特种车间内与投料桶桶盖相连的废弃吸收装置管道破损，导致部分挥发性有机气体未经有效收集、处理，直接排入外环境。除上述外，报告期内本公司不存在其他环保相关行政处罚。", "spo_list": [{"predicate": "罚款", "object_type": "金额", "subject_type": "日期", "object": "10万元", "subject": "2017年5月12日", "subject_index": {"begin": 0, "end": 10}, "object_index": {"begin": 40, "end": 44}}, {"predicate": "罚款", "object_type": "金额", "subject_type": "日期", "object": "10万元", "subject": "2017年5月13日", "subject_index": {"begin": 103, "end": 113}, "object_index": {"begin": 143, "end": 147}}, {"predicate": "罚款", "object_type": "金额", "subject_type": "日期", "object": "2万元", "subject": "2017年7月11日", "subject_index": {"begin": 194, "end": 204}, "object_index": {"begin": 238, "end": 241}}]}
{"text": "截至2018年12月31日、2017年12月31日、2016年12月31日，累计补提坏账准备分别为4,625.36万元、4,057.48万元和3,507.12万元。2018年度、2017年度、2016年度净利润减少449.96万元、507.57万元和-506.51万元。", "spo_list": [{"predicate": "坏账准备", "object_type": "金额", "subject_type": "日期", "object": "4,625.36万元", "subject": "2018年12月31日", "subject_index": {"begin": 2, "end": 13}, "object_index": {"begin": 49, "end": 59}}, {"predicate": "坏账准备", "object_type": "金额", "subject_type": "日期", "object": "4,057.48万元", "subject": "2017年12月31日", "subject_index": {"begin": 14, "end": 25}, "object_index": {"begin": 60, "end": 70}}, {"predicate": "坏账准备", "object_type": "金额", "subject_type": "日期", "object": "3,507.12万元", "subject": "2016年12月31日", "subject_index": {"begin": 26, "end": 37}, "object_index": {"begin": 71, "end": 81}}]}
{"text": "本公司因调整中海炼化关于中海油能源发展股份有限公司石化分公司资产转让对价，调减2016年度财务报表中年初未分配利润14,055.06万元，调增其他应付款14,055.06万元。", "spo_list": [{"predicate": "未分配利润", "object_type": "金额", "subject_type": "日期", "object": "14,055.06万元", "subject": "2016年度", "subject_index": {"begin": 39, "end": 45}, "object_index": {"begin": 57, "end": 68}}, {"predicate": "其他应付款", "object_type": "金额", "subject_type": "日期", "object": "14,055.06万元", "subject": "2016年度", "subject_index": {"begin": 39, "end": 45}, "object_index": {"begin": 76, "end": 87}}]}
{"text": "截至2018年12月31日，本公司未分配利润为405,812.07万元。", "spo_list": [{"predicate": "未分配利润", "object_type": "金额", "subject_type": "日期", "object": "405,812.07万元", "subject": "2018年12月31日", "subject_index": {"begin": 2, "end": 13}, "object_index": {"begin": 23, "end": 35}}]}
{"text": "2016年、2017年及2018年，本公司分别投入研发活动经费5.11亿元、5.25亿元及6.40亿元，", "spo_list": [{"predicate": "研发费用", "object_type": "金额", "subject_type": "日期", "object": "5.11亿元", "subject": "2016年", "subject_index": {"begin": 0, "end": 5}, "object_index": {"begin": 31, "end": 37}}, {"predicate": "研发费用", "object_type": "金额", "subject_type": "日期", "object": "5.25亿元", "subject": "2017年", "subject_index": {"begin": 6, "end": 11}, "object_index": {"begin": 38, "end": 44}}, {"predicate": "研发费用", "object_type": "金额", "subject_type": "日期", "object": "6.40亿元", "subject": "2018年", "subject_index": {"begin": 12, "end": 17}, "object_index": {"begin": 45, "end": 51}}]}
