{"text": "2012年末资产总额较2011年末增加约14.59亿元，主要体现为货币资金和存货的增加，资产总额增长，一方面是公司盈利增加，扣除2011年度股利分配的影响后使得股东权益增加5.73亿元；另一方面是负债总额增加8.85亿元，这主要是因为随着募投项目的逐步投产，公司产品的产量迅速增加，销售规模的扩大使得公司2012年末预收账款较2011年末大幅增加8.64亿。", "spo_list": [{"predicate": "预收款项", "object_type": "金额", "subject_type": "日期", "object": "8.64亿", "subject": "2012年末", "subject_index": {"begin": 152, "end": 158}, "object_index": {"begin": 173, "end": 178}}]}
{"text": "公司采购一般有15-30天的付款期限，会形成一定的应付账款，2010年末、2011年末、2012年末和2013年6月末应付账款余额分别为27,234.94万元、30,418.14万元、31,505.36万元和31,461.32万元，主要为应付采购原材料及包装物的款项。2011年年末和2012年年末应付账款均较上年末有所上升主要是公司生产规模扩大使得原材料和包装物采购量上升所致。", "spo_list": [{"predicate": "应付账款余额", "object_type": "金额", "subject_type": "日期", "object": "27,234.94万元", "subject": "2010年末", "subject_index": {"begin": 30, "end": 36}, "object_index": {"begin": 68, "end": 79}}, {"predicate": "应付账款余额", "object_type": "金额", "subject_type": "日期", "object": "30,418.14万元", "subject": "2011年末", "subject_index": {"begin": 37, "end": 43}, "object_index": {"begin": 80, "end": 91}}, {"predicate": "应付账款余额", "object_type": "金额", "subject_type": "日期", "object": "31,505.36万元", "subject": "2012年末", "subject_index": {"begin": 44, "end": 50}, "object_index": {"begin": 92, "end": 103}}, {"predicate": "应付账款余额", "object_type": "金额", "subject_type": "日期", "object": "31,461.32万元", "subject": "2013年6月末", "subject_index": {"begin": 51, "end": 59}, "object_index": {"begin": 104, "end": 115}}]}
{"text": "公司2010年度、2011年度、2012年度和2013年1-6月息税折旧摊销前利润分别为107,132.25万元、129,011.44万元、167,737.03万元和115,828.01万元，", "spo_list": [{"predicate": "息税折旧摊销前利润", "object_type": "金额", "subject_type": "日期", "object": "107,132.25万元", "subject": "2010年度", "subject_index": {"begin": 2, "end": 8}, "object_index": {"begin": 44, "end": 56}}, {"predicate": "息税折旧摊销前利润", "object_type": "金额", "subject_type": "日期", "object": "129,011.44万元", "subject": "2011年度", "subject_index": {"begin": 9, "end": 15}, "object_index": {"begin": 57, "end": 69}}, {"predicate": "息税折旧摊销前利润", "object_type": "金额", "subject_type": "日期", "object": "167,737.03万元", "subject": "2012年度", "subject_index": {"begin": 16, "end": 22}, "object_index": {"begin": 70, "end": 82}}, {"predicate": "息税折旧摊销前利润", "object_type": "金额", "subject_type": "日期", "object": "115,828.01万元", "subject": "2013年1-6月", "subject_index": {"begin": 23, "end": 32}, "object_index": {"begin": 83, "end": 95}}]}
{"text": "公司2010年度、2011年度、2012年度和2013年1-6月投资活动产生的现金流量净额分别为-8,254.26万元、-51,725.58万元、-61,403.91万元和-9,322.30万元。公司报告期内投资活动产生的现金流量净额均为负数且金额较大，主要是因为公司在报告期内大规模投资建设高明海天生产基地。", "spo_list": [{"predicate": "公司投资活动产生的现金流量净额", "object_type": "金额", "subject_type": "日期", "object": "-8,254.26万元", "subject": "2010年度", "subject_index": {"begin": 2, "end": 8}, "object_index": {"begin": 48, "end": 59}}, {"predicate": "公司投资活动产生的现金流量净额", "object_type": "金额", "subject_type": "日期", "object": "-51,725.58万元", "subject": "2011年度", "subject_index": {"begin": 9, "end": 15}, "object_index": {"begin": 60, "end": 72}}, {"predicate": "公司投资活动产生的现金流量净额", "object_type": "金额", "subject_type": "日期", "object": "-61,403.91万元", "subject": "2012年度", "subject_index": {"begin": 16, "end": 22}, "object_index": {"begin": 73, "end": 85}}, {"predicate": "公司投资活动产生的现金流量净额", "object_type": "金额", "subject_type": "日期", "object": "-9,322.30万元", "subject": "2013年1-6月", "subject_index": {"begin": 23, "end": 32}, "object_index": {"begin": 86, "end": 97}}]}
{"text": "公司2013年9月末的预付款项较2013年6月末增长4,658.92万元，主要是因为年底是公司主要原材料大豆的采购旺季，公司在9月末需要预付1,704.70万元大豆采购款，此外公司经营规模的扩大带来的采购规模扩大也使得预付原材料款有所增加", "spo_list": [{"predicate": "预付款项", "object_type": "金额", "subject_type": "日期", "object": "4,658.92万元", "subject": "2013年9月末", "subject_index": {"begin": 2, "end": 10}, "object_index": {"begin": 26, "end": 36}}]}
{"text": "公司2010年末、2011年末、2012年末和2013年6月末在建工程账面价值分别为90,805.55万元、38,121.96万元、37,393.95万元和39,029.17万元。", "spo_list": [{"predicate": "在建工程账面价值", "object_type": "金额", "subject_type": "日期", "object": "90,805.55万元", "subject": "2010年末", "subject_index": {"begin": 2, "end": 8}, "object_index": {"begin": 42, "end": 53}}, {"predicate": "在建工程账面价值", "object_type": "金额", "subject_type": "日期", "object": "38,121.96万元", "subject": "2011年末", "subject_index": {"begin": 9, "end": 15}, "object_index": {"begin": 54, "end": 65}}, {"predicate": "在建工程账面价值", "object_type": "金额", "subject_type": "日期", "object": "37,393.95万元", "subject": "2012年末", "subject_index": {"begin": 16, "end": 22}, "object_index": {"begin": 66, "end": 77}}, {"predicate": "在建工程账面价值", "object_type": "金额", "subject_type": "日期", "object": "39,029.17万元", "subject": "2013年6月末", "subject_index": {"begin": 23, "end": 31}, "object_index": {"begin": 78, "end": 89}}]}
{"text": "公司2010年度、2011年度、2012年度和2013年1-6月的存货周转率分别为6.18、5.97、5.68和6.70次/年，存货周转天数分别为58.30、60.31、63.36和53.71天，固定资产周转率分别为6.17、4.41、3.62和3.99次/年，周转速度较快，反映了公司较好的管理水平和产品良好的销售状况。", "spo_list": [{"predicate": "存货周转率", "object_type": "日期", "subject_type": "比率", "object": "2010年度", "subject": "6.18", "subject_index": {"begin": 41, "end": 45}, "object_index": {"begin": 2, "end": 8}}, {"predicate": "存货周转率", "object_type": "日期", "subject_type": "比率", "object": "2011年度", "subject": "5.97", "subject_index": {"begin": 46, "end": 50}, "object_index": {"begin": 9, "end": 15}}, {"predicate": "存货周转率", "object_type": "日期", "subject_type": "比率", "object": "2012年度", "subject": "5.68", "subject_index": {"begin": 51, "end": 55}, "object_index": {"begin": 16, "end": 22}}, {"predicate": "存货周转率", "object_type": "日期", "subject_type": "比率", "object": "2013年1-6月", "subject": "6.70", "subject_index": {"begin": 56, "end": 60}, "object_index": {"begin": 23, "end": 32}}]}
{"text": "2013年9月末，公司的在建工程余额较2013年6月末增加1.80亿元，主要是因为高明海天150万吨酱油调味品扩建项目、高明海天小调味品工程建设项目和高明海天一期配套工程项目投资按计划推进所致。", "spo_list": [{"predicate": "在建工程余额", "object_type": "金额", "subject_type": "日期", "object": "1.80亿元", "subject": "2013年9月末", "subject_index": {"begin": 0, "end": 8}, "object_index": {"begin": 29, "end": 35}}]}
