{"text": "预收款项主要是客户支付的但尚未发货的疫苗采购预付款。2012年末、2013年末及2014年末，预收款项分别为2,463.23万元、4,138.98万元及2,005.27万元，占流动负债总额的38.61%、65.54％及42.56%。2013年末预收账款较2012年末上升1,675.75万元，升幅为68.06％，主要原因系客户预期疫情后疫苗将恢复性增长备货所致。", "spo_list": [{"predicate": "预收款项", "object_type": "金额", "subject_type": "日期", "object": "2,463.23万元", "subject": "2012年末", "subject_index": {"begin": 26, "end": 32}, "object_index": {"begin": 54, "end": 64}}, {"predicate": "预收款项", "object_type": "金额", "subject_type": "日期", "object": "4,138.98万元", "subject": "2013年末", "subject_index": {"begin": 33, "end": 39}, "object_index": {"begin": 65, "end": 75}}, {"predicate": "预收款项", "object_type": "金额", "subject_type": "日期", "object": "2,005.27万元", "subject": "2014年末", "subject_index": {"begin": 40, "end": 46}, "object_index": {"begin": 76, "end": 86}}, {"predicate": "预收款项", "object_type": "金额", "subject_type": "日期", "object": "1,675.75万元", "subject": "2013年末", "subject_index": {"begin": 116, "end": 122}, "object_index": {"begin": 135, "end": 145}}]}
{"text": "应交税费2014年末较2013年末减少1,268.76万元，主要系应交增值税以及应交企业所得税减少所致。应交增值税减少主要系2014年控股子公司杨凌金海本期产生留抵税金434万所致；应交企业所得税减少，主要因本年应纳税所得额减少以及2014年度企业预缴所得税增加所致。2014年度因母公司收入费用影响利润总额较上期减少1,931万元，本期转入营业外收入的已税政府补助较上期增加577万元，综合影响应纳税所得额减少2,508万元。", "spo_list": [{"predicate": "应交税费", "object_type": "金额", "subject_type": "日期", "object": "1,268.76万元", "subject": "2014年末", "subject_index": {"begin": 4, "end": 10}, "object_index": {"begin": 19, "end": 29}}]}
{"text": "截止2016年6月30日，公司的应付职工薪酬总额为1,789.83万元，无拖欠性质的应付职工薪酬。公司每年末应付职工薪酬金额较大，除了包括正常的应付月度工资外，主要为根据销售人员年度业绩情况计算和提取的年度销售奖金，以及高级管理人员和其他有关人员的年度绩效奖金。", "spo_list": [{"predicate": "应付职工薪酬余额", "object_type": "金额", "subject_type": "日期", "object": "1,789.83万元", "subject": "2016年6月30日", "subject_index": {"begin": 2, "end": 12}, "object_index": {"begin": 25, "end": 35}}]}
{"text": "2012年末、2013年末及2014年末，公司应交税费余额分别为740.20万元、812.77万元及-455.99万元，占流动负债总额的11.60%、12.87％及-9.68%。公司应交税费的构成情况如下：", "spo_list": [{"predicate": "应交税费余额", "object_type": "金额", "subject_type": "日期", "object": "740.20万元", "subject": "2012年末", "subject_index": {"begin": 0, "end": 6}, "object_index": {"begin": 32, "end": 40}}, {"predicate": "应交税费余额", "object_type": "金额", "subject_type": "日期", "object": "812.77万元", "subject": "2013年末", "subject_index": {"begin": 7, "end": 13}, "object_index": {"begin": 41, "end": 49}}, {"predicate": "应交税费余额", "object_type": "金额", "subject_type": "日期", "object": "-455.99万元", "subject": "2014年末", "subject_index": {"begin": 14, "end": 20}, "object_index": {"begin": 50, "end": 59}}]}
