{"text": "崔根良先生，中国国籍，45岁，大专，高级政工师，现任本公司董事长，兼亨通集团有限公司董事、总经理，还兼任上海亨通、江苏亨通线缆有限公司、江苏亨通电力电缆有限公司、吴江亨通电力电缆有限公司、苏州亨通信息科技有限公司以及吴江亨通光电科技有限公司的董事长。崔先生先后获得苏州市劳动模范（1994年）、江苏省劳动模范（1996年）、优秀科技创业转业退伍军人奖（1997年）、全国优秀乡镇企业厂长（经理、董事长）称号（1998年）等多种荣誉称号。", "spo_list": [{"predicate": "大专", "object_type": "学历", "subject_type": "人物", "object": "大专", "subject": "崔根良", "subject_index": {"begin": 0, "end": 3}, "object_index": {"begin": 15, "end": 17}}]}
{"text": "孙锦荣先生，中国国籍，46岁，大专，助理会计师，现任本公司董事，兼任亨通集团有限公司董事长、吴江亨利光电材料有限责任公司董事长。1988年～1990年，任吴江乳胶厂出纳会计；1991年～2000年，历任亨通集团公司财务部副总经理、亨通集团公司副总经理。", "spo_list": [{"predicate": "大专", "object_type": "学历", "subject_type": "人物", "object": "大专", "subject": "孙锦荣", "subject_index": {"begin": 0, "end": 3}, "object_index": {"begin": 15, "end": 17}}]}
{"text": "姚央毛先生，中国国籍，40岁，大专，现任本公司董事、董事会秘书。1989～1993年，担任吴江色织化纤厂副厂长；1994～1999年，担任亨通集团公司办公室主任；2000年至今，担任本公司董事、董事会秘书。", "spo_list": [{"predicate": "大专", "object_type": "学历", "subject_type": "人物", "object": "大专", "subject": "姚央毛", "subject_index": {"begin": 0, "end": 3}, "object_index": {"begin": 15, "end": 17}}]}
{"text": "雷良海先生，中国国籍，41岁，博士研究生，本公司独立董事，雷先生历任上海理工大学财务处处长、沪江现代企业研究所所长、上海理工大学投资与建设学院副院长、上海理工大学商学院副院长等职。", "spo_list": [{"predicate": "研究生", "object_type": "学历", "subject_type": "人物", "object": "博士研究生", "subject": "雷良海", "subject_index": {"begin": 0, "end": 3}, "object_index": {"begin": 15, "end": 20}}]}
{"text": "尹纪成先生，中国国籍，30岁，大专，技术员，现任本公司监事会召集人、本公司销售部经理。1994年～1996年，任吴江妙都光缆有限公司车间主任；1996年～2000年，任吴江妙都光缆有限公司生产部经理。", "spo_list": [{"predicate": "大专", "object_type": "学历", "subject_type": "人物", "object": "大专", "subject": "尹纪成", "subject_index": {"begin": 0, "end": 3}, "object_index": {"begin": 15, "end": 17}}]}
{"text": "截止2003年3月31日，本公司的流动资产总计432，929，057.63元，主要包括（1）货币资金44，225，328.72元，比2002年末增长了41.57%，主要由于银行贷款增加。", "spo_list": [{"predicate": "流动资产", "object_type": "金额", "subject_type": "日期", "object": "432，929，057.63元", "subject": "2003年3月31日", "subject_index": {"begin": 2, "end": 12}, "object_index": {"begin": 23, "end": 38}}]}
{"text": "截止2003年3月31日，本公司固定资产原价212，792，405.47元，累计折旧为69，225，571.84元，固定资产净值为143，536，833.63元；公司固定资产未发生贬值或减值情形，故未计提固定资产减值准备；固定资产折旧采用直线法，根据固定资产类别、估计经济可使用年限和预计净残值率确定折旧率。", "spo_list": [{"predicate": "固定资产净额", "object_type": "金额", "subject_type": "日期", "object": "143，536，833.63元", "subject": "2003年3月31日", "subject_index": {"begin": 2, "end": 12}, "object_index": {"begin": 65, "end": 80}}]}
{"text": "截止2003年3月31日，公司根据《企业会计制度》要求及企业实际情况，已计提各项资产减值1，388.24万元，其中：计提坏帐准备1，091.48万元、存货跌价准备296.76万元。没有证据表明公司长期投资、固定资产、在建工程、无形资产等其他资产存在资产减值情形，故未计提其他资产减值准备。", "spo_list": [{"predicate": "存货跌价准备", "object_type": "金额", "subject_type": "日期", "object": "296.76万元", "subject": "2003年3月31日", "subject_index": {"begin": 2, "end": 12}, "object_index": {"begin": 81, "end": 89}}]}
{"text": "截止2003年3月31日，本公司总资产为578，936，847.62元，其中流动资产432，929，057.63元，占总资产的74.78%；固定资产143，536，833.63元，占总资产的24.79%，所以公司资产的周转能力主要取决于流动资产。", "spo_list": [{"predicate": "流动资产", "object_type": "金额", "subject_type": "日期", "object": "432，929，057.63元", "subject": "2003年3月31日", "subject_index": {"begin": 2, "end": 12}, "object_index": {"begin": 42, "end": 57}}]}
{"text": "公司近三年又一期的流动比率分别为1.18、1.60、1.36、1.20，应收账款周转率分别为2.22、6.48、4.20、0.53，存货周转率分别为2.22、2.96、2.55、0.52，表明公司资产周转能力总体较强，流动性良好，公司面临的短期偿债风险较低，但公司也注意到，随着生产规模的扩大，存货的周转能力可能有所下降。", "spo_list": [{"predicate": "应收账款周转率", "object_type": "日期", "subject_type": "比率", "object": "近三年", "subject": "2.22", "subject_index": {"begin": 46, "end": 50}, "object_index": {"begin": 2, "end": 5}}, {"predicate": "应收账款周转率", "object_type": "日期", "subject_type": "比率", "object": "近三年", "subject": "6.48", "subject_index": {"begin": 51, "end": 55}, "object_index": {"begin": 2, "end": 5}}, {"predicate": "应收账款周转率", "object_type": "日期", "subject_type": "比率", "object": "近三年", "subject": "4.20", "subject_index": {"begin": 56, "end": 60}, "object_index": {"begin": 2, "end": 5}}, {"predicate": "应收账款周转率", "object_type": "日期", "subject_type": "比率", "object": "近三年", "subject": "0.53", "subject_index": {"begin": 61, "end": 65}, "object_index": {"begin": 2, "end": 5}}, {"predicate": "存货周转率", "object_type": "日期", "subject_type": "比率", "object": "近三年", "subject": "2.22", "subject_index": {"begin": 74, "end": 78}, "object_index": {"begin": 2, "end": 5}}, {"predicate": "存货周转率", "object_type": "日期", "subject_type": "比率", "object": "近三年", "subject": "2.96", "subject_index": {"begin": 79, "end": 83}, "object_index": {"begin": 2, "end": 5}}, {"predicate": "存货周转率", "object_type": "日期", "subject_type": "比率", "object": "近三年", "subject": "2.55", "subject_index": {"begin": 84, "end": 88}, "object_index": {"begin": 2, "end": 5}}, {"predicate": "存货周转率", "object_type": "日期", "subject_type": "比率", "object": "近三年", "subject": "0.52", "subject_index": {"begin": 89, "end": 93}, "object_index": {"begin": 2, "end": 5}}]}
{"text": "截止于2003年3月31日，股份公司固定资产原值合计212，792，405.47元，累计折旧69，255，571.84元，固定资产净值143，536，833.63元，主要机器设备目前在国内同行业处于领先水平，", "spo_list": [{"predicate": "固定资产账面价值", "object_type": "金额", "subject_type": "日期", "object": "212，792，405.47元", "subject": "2003年3月31日", "subject_index": {"begin": 3, "end": 13}, "object_index": {"begin": 26, "end": 41}}, {"predicate": "固定资产账面价值", "object_type": "金额", "subject_type": "日期", "object": "143，536，833.63元", "subject": "2003年3月31日", "subject_index": {"begin": 3, "end": 13}, "object_index": {"begin": 67, "end": 82}}]}
{"text": "徐洪强先生，中国国籍，63岁，大专，经济师，现任本公司董事，兼任吴江市苏源电力实业总公司董事长。1964～1979年，任职于苏州供电局人事科、保卫科、团委等；1979年至今，任吴江市苏源电力实业总公司董事长。", "spo_list": [{"predicate": "大专", "object_type": "学历", "subject_type": "人物", "object": "大专", "subject": "徐洪强", "subject_index": {"begin": 0, "end": 3}, "object_index": {"begin": 15, "end": 17}}]}
{"text": "截止2003年3月31日，本公司的流动资产总计432，929，057.63元，主要包括应收账款181，832，594.78元。应收账款账面余额为191，595，971.11元，其中账龄为1年以内的应收账款为188，839，153.04元，占应收账款总额98.56%；账龄在1～2年以内的应收账款2，528，133.71元，占总额的1.32%；2～3年的228，684.36元，占总额的0.12%；公司已计提坏账准备9，763，376.33元。", "spo_list": [{"predicate": "流动资产", "object_type": "金额", "subject_type": "日期", "object": "432，929，057.63元", "subject": "2003年3月31日", "subject_index": {"begin": 2, "end": 12}, "object_index": {"begin": 23, "end": 38}}, {"predicate": "应收账款余额", "object_type": "金额", "subject_type": "日期", "object": "181，832，594.78元", "subject": "2003年3月31日", "subject_index": {"begin": 2, "end": 12}, "object_index": {"begin": 47, "end": 62}}, {"predicate": "应收账款余额", "object_type": "金额", "subject_type": "日期", "object": "191，595，971.11元", "subject": "2003年3月31日", "subject_index": {"begin": 2, "end": 12}, "object_index": {"begin": 72, "end": 87}}, {"predicate": "其他应收款净额", "object_type": "金额", "subject_type": "日期", "object": "188，839，153.04元", "subject": "2003年3月31日", "subject_index": {"begin": 2, "end": 12}, "object_index": {"begin": 103, "end": 118}}]}
{"text": "本公司的流动资产主要为存货、应收账款和货币资金，2003年3月31日余额分别为164，194，938.18元、181，832，594.78元和44，225，328.72元。", "spo_list": [{"predicate": "存货账面价值", "object_type": "金额", "subject_type": "日期", "object": "164，194，938.18元", "subject": "2003年3月31日", "subject_index": {"begin": 24, "end": 34}, "object_index": {"begin": 39, "end": 54}}, {"predicate": "应收账款余额", "object_type": "金额", "subject_type": "日期", "object": "181，832，594.78元", "subject": "2003年3月31日", "subject_index": {"begin": 24, "end": 34}, "object_index": {"begin": 55, "end": 70}}, {"predicate": "货币资金", "object_type": "金额", "subject_type": "日期", "object": "44，225，328.72元", "subject": "2003年3月31日", "subject_index": {"begin": 24, "end": 34}, "object_index": {"begin": 71, "end": 85}}]}
{"text": "以公司2001年末总股本9，112万股为基数，向全体股东派发现金红利每股0.15元，剩余未分配利润32，363，564.50元。", "spo_list": [{"predicate": "未分配利润", "object_type": "金额", "subject_type": "日期", "object": "32，363，564.50元", "subject": "2001年", "subject_index": {"begin": 3, "end": 8}, "object_index": {"begin": 49, "end": 63}}]}
{"text": "2002年度经审计确认的税后利润为50，660，799.27元，根据2003年2月18日公司董事会通过的2002年度利润分配预案，在提取10%法定公积金、5%法定公益金后，以公司2002年末总股本9，112万股为基数，向全体股东派发现金红利每股0.30元，剩余未分配利润48，081，915.54元，留存有新老股东共享。", "spo_list": [{"predicate": "未分配利润", "object_type": "金额", "subject_type": "日期", "object": "48，081，915.54元", "subject": "2002年", "subject_index": {"begin": 0, "end": 5}, "object_index": {"begin": 135, "end": 149}}]}
{"text": "上海亨通截至2002年3月31日帐面净资产值为51，543，971.64元，故此项股权转让价款为2，680.28万元。", "spo_list": [{"predicate": "净资产账面价值", "object_type": "金额", "subject_type": "日期", "object": "51，543，971.64元", "subject": "2002年3月31日", "subject_index": {"begin": 6, "end": 16}, "object_index": {"begin": 23, "end": 37}}]}
{"text": "钱建林先生，中国国籍，30岁，在读研究生，助理工程师，现任本公司总经理、董事兼任亨通集团有限公司董事。钱先生曾担任的主要职务包括：1993～1995年，担任吴江妙都光缆有限公司工程部主任；1995～1996年，担任吴江妙都光缆有限公司技术部主任；1997～1998年，担任吴江妙都光缆有限公司副总经理助理；1998～2000年，担任江苏亨通光电股份有限公司董事、执行副总经理。", "spo_list": [{"predicate": "研究生", "object_type": "学历", "subject_type": "人物", "object": "研究生", "subject": "钱建林", "subject_index": {"begin": 0, "end": 3}, "object_index": {"begin": 17, "end": 20}}]}
{"text": "钱瑞先生，中国国籍，39岁，大专，工程师，现任本公司董事，兼任亨通集团有限公司监事长。1991年4月至1998年12月，曾任亨通集团公司副总经理。", "spo_list": [{"predicate": "大专", "object_type": "学历", "subject_type": "人物", "object": "大专", "subject": "钱瑞", "subject_index": {"begin": 0, "end": 2}, "object_index": {"begin": 14, "end": 16}}]}
{"text": "应收票据522，032.00元，较2002年末下降86.68%，系2002年末的银行承兑汇票已兑现。", "spo_list": []}
{"text": "截止2003年3月31日，本公司的流动资产总计432，929，057.63元，主要包括预付账款23，204，088.98元，较2002年末增长38.25%，增加的原因主要为预付原料采购款；预付账款账龄1年以内的占总额比例99.17%。", "spo_list": [{"predicate": "流动资产", "object_type": "金额", "subject_type": "日期", "object": "432，929，057.63元", "subject": "2003年3月31日", "subject_index": {"begin": 2, "end": 12}, "object_index": {"begin": 23, "end": 38}}]}
{"text": "截止2003年3月31日，本公司账面无形资产净值为2，470，956.36元，全部为本公司以出让方式获得的土地使用权。本公司为取得专利等知识产权而发生的相关费用已于发生时确认为当期费用，未计入资产项下。", "spo_list": [{"predicate": "无形资产账面价值", "object_type": "金额", "subject_type": "日期", "object": "2，470，956.36元", "subject": "2003年3月31日", "subject_index": {"begin": 2, "end": 12}, "object_index": {"begin": 25, "end": 38}}]}
{"text": "截止2003年3月31日，本公司的负债合计为362，497，683.98元，其中流动负债为361，419，183.98元，主要为应付账款、短期借款、其它应付款、预收账款。", "spo_list": [{"predicate": "总负债", "object_type": "金额", "subject_type": "日期", "object": "362，497，683.98元", "subject": "2003年3月31日", "subject_index": {"begin": 2, "end": 12}, "object_index": {"begin": 22, "end": 37}}, {"predicate": "流动负债", "object_type": "金额", "subject_type": "日期", "object": "361，419，183.98元", "subject": "2003年3月31日", "subject_index": {"begin": 2, "end": 12}, "object_index": {"begin": 45, "end": 60}}]}
{"text": "公司现金流状况良好，近三年又一期末的货币资金分别为27，174，523.40元、34，496，196.03元、23，977，881.00元和44，225，328.72元，营运资金分别为48，776，369.63元、142，542，430.84元、124，202，591.11元和71，509，873.65元，2002年度经营活动产生的现金流量净额为99，918，275.67元，公司整体营运资金充足，公司偿债能力较强。", "spo_list": [{"predicate": "公司经营活动产生的现金流量净额", "object_type": "金额", "subject_type": "日期", "object": "99，918，275.67元，", "subject": "2002年度", "subject_index": {"begin": 154, "end": 160}, "object_index": {"begin": 174, "end": 189}}, {"predicate": "货币资金", "object_type": "金额", "subject_type": "日期", "object": "27，174，523.40元", "subject": "近三年又一期末", "subject_index": {"begin": 10, "end": 17}, "object_index": {"begin": 25, "end": 39}}, {"predicate": "货币资金", "object_type": "金额", "subject_type": "日期", "object": "34，496，196.03元", "subject": "近三年又一期末", "subject_index": {"begin": 10, "end": 17}, "object_index": {"begin": 40, "end": 54}}, {"predicate": "货币资金", "object_type": "金额", "subject_type": "日期", "object": "23，977，881.00元", "subject": "近三年又一期末", "subject_index": {"begin": 10, "end": 17}, "object_index": {"begin": 55, "end": 69}}, {"predicate": "货币资金", "object_type": "金额", "subject_type": "日期", "object": "44，225，328.72元", "subject": "近三年又一期末", "subject_index": {"begin": 10, "end": 17}, "object_index": {"begin": 70, "end": 84}}]}
