{"text": "2011年末、2012年末、2013年末和2014年9月末，公司存货账面价值分别为15，854.15万元、12，403.32万元、11，717.86万元和13，841.41万元，占同期期末流动资产比重分别为35.02%、26.56%、21.47%和24.49%。公司存货主要为原材料。虽然储备较多的原材料有利于公司及时、足量供货，并在一定时期内降低采购成本，但若未来原材料价格和产品价格出现较大幅度下降，则将对公司经营业绩产生不利影响。", "spo_list": [{"predicate": "存货账面价值", "object_type": "金额", "subject_type": "日期", "object": "15，854.15万元", "subject": "2011年末", "subject_index": {"begin": 0, "end": 6}, "object_index": {"begin": 41, "end": 52}}, {"predicate": "存货账面价值", "object_type": "金额", "subject_type": "日期", "object": "12，403.32万元", "subject": "2012年末", "subject_index": {"begin": 7, "end": 13}, "object_index": {"begin": 53, "end": 64}}, {"predicate": "存货账面价值", "object_type": "金额", "subject_type": "日期", "object": "11，717.86万元", "subject": "2013年末", "subject_index": {"begin": 14, "end": 20}, "object_index": {"begin": 65, "end": 76}}, {"predicate": "存货账面价值", "object_type": "金额", "subject_type": "日期", "object": "13，841.41万元", "subject": "2014年9月末", "subject_index": {"begin": 21, "end": 29}, "object_index": {"begin": 77, "end": 88}}]}
{"text": "2006年9月25日，弘讯有限董事会通过决议，决定将弘讯有限的注册资本增加至500万美元，新增注册资本全部由RedFactor认缴，投资总额相应增加至900万美元。2007年2月27日，宁波外经贸局作出《关于同意外资企业宁波弘讯科技有限公司增资的批复》（甬外经贸资管函[2007]99号），同意弘讯有限投资总额由原700万美元增至900万美元，注册资本由原350万美元增至500万美元，增资部分以税后人民币利润投入。同日，公司取得换发后的《中华人民共和国外商投资企业批准证书》（商外资外甬字[2001]0240号）。", "spo_list": [{"predicate": "出具日期", "object_type": "日期", "subject_type": "文件", "object": "2007年2月27日", "subject": "《关于同意外资企业宁波弘讯科技有限公司增资的批复》（甬外经贸资管函[2007]99号）", "subject_index": {"begin": 101, "end": 144}, "object_index": {"begin": 82, "end": 92}}, {"predicate": "出具日期", "object_type": "日期", "subject_type": "文件", "object": "2007年2月27日", "subject": "《中华人民共和国外商投资企业批准证书》（商外资外甬字[2001]0240号）", "subject_index": {"begin": 219, "end": 257}, "object_index": {"begin": 82, "end": 92}}]}
{"text": "2011年9月8日，宁波开发区管委会出具《关于同意宁波弘讯科技有限公司增资及调整股权比例的批复》（宁开政项[2011]162号），同意弘讯有限注册资本由1，200万美元增加至1，284.5万美元，增资部分由新投资方宁波和圆、香港一园在工商变更登记前一次性缴清；同意弘讯有限由外资独资企业变更为中外合资企业。同日，宁波市人民政府向弘讯有限颁发了《中华人民共和国台港澳侨投资企业批准证书》（商外资甬资字[2011]0110号）。", "spo_list": [{"predicate": "出具日期", "object_type": "日期", "subject_type": "文件", "object": "2011年9月8日", "subject": "《关于同意宁波弘讯科技有限公司增资及调整股权比例的批复》（宁开政项[2011]162号）", "subject_index": {"begin": 20, "end": 64}, "object_index": {"begin": 0, "end": 9}}, {"predicate": "出具日期", "object_type": "日期", "subject_type": "文件", "object": "2011年9月8日", "subject": "《中华人民共和国台港澳侨投资企业批准证书》（商外资甬资字[2011]0110号）", "subject_index": {"begin": 171, "end": 211}, "object_index": {"begin": 0, "end": 9}}]}
{"text": "2011年9月21日，宁波开发区管委会出具《关于同意宁波弘讯科技有限公司增资及调整股权比例的批复》（宁开政项[2011]170号），同意弘讯有限投资总额由3，800万美元增加至4，300万美元，注册资本由1，284.5万美元增加至1，500万美元，增资部分由新投资方深圳领修、南京涌丰、鼎信博成在工商变更登记前一次性缴清。同日，弘讯有限取得换发的《中华人民共和国外商投资企业批准证书》（商外资甬资字[2011]0110号）。", "spo_list": [{"predicate": "出具日期", "object_type": "日期", "subject_type": "文件", "object": "2011年9月21日", "subject": "《关于同意宁波弘讯科技有限公司增资及调整股权比例的批复》（宁开政项[2011]170号）", "subject_index": {"begin": 21, "end": 65}, "object_index": {"begin": 0, "end": 10}}]}
{"text": "2011年11月28日，上海市浦东新区人民政府出具《关于同意桥弘数控科技（上海）有限公司股权转让及变更投资方名称的批复》（浦府项字[2011]第1405号），同意RedFactor将其持有的上海桥弘25%股权转让给香港金莱。2011年11月29日，上海桥弘取得上海市人民政府换发的《台港澳侨投资企业批准证书》（商外资沪浦合资字[2004]3589号），载明上海桥弘出资人及其出资额分别为：弘讯科技出资150万美元，香港金莱出资50万美元。2011年12月22日，上海桥弘取得上海市工商行政管理局浦东新区分局换发的《企业法人营业执照》，本次股权转让的工商变更登记手续办理完毕。本次转让后，弘讯科技持有上海桥弘75%的股权，香港金莱持有上海桥弘25%的股权。", "spo_list": [{"predicate": "出具日期", "object_type": "日期", "subject_type": "文件", "object": "2011年11月28日", "subject": "《关于同意桥弘数控科技（上海）有限公司股权转让及变更投资方名称的批复》（浦府项字[2011]第1405号）", "subject_index": {"begin": 25, "end": 78}, "object_index": {"begin": 0, "end": 11}}, {"predicate": "出具日期", "object_type": "日期", "subject_type": "文件", "object": "2011年11月29日", "subject": "《台港澳侨投资企业批准证书》（商外资沪浦合资字[2004]3589号）", "subject_index": {"begin": 140, "end": 175}, "object_index": {"begin": 112, "end": 123}}]}
{"text": "周珊珊的基本情况为：1958年4月出生，中国台湾人，台胞证号码为003060**，大专学历，现住台湾新北市。与熊钰麟于2001年9月创立弘讯有限，于2004年11月创立上海桥弘。周珊珊为公司主要创始人。2003年2月至2012年2月担任弘讯有限/弘讯科技董事。", "spo_list": [{"predicate": "任职日期", "object_type": "日期", "subject_type": "人物", "object": "2003年2月至2012年2月", "subject": "周珊珊", "subject_index": {"begin": 89, "end": 92}, "object_index": {"begin": 101, "end": 116}}, {"predicate": "大专", "object_type": "学历", "subject_type": "人物", "object": "大专", "subject": "周珊珊", "subject_index": {"begin": 0, "end": 3}, "object_index": {"begin": 41, "end": 43}}]}
{"text": "周筱龙公司董事、副总经理，女，中国台湾人。1967年4月出生，台胞证号码：0012****。大学学历，现住宁波。1990年7月开始担任台湾弘讯软件部工程师、海外工作组经理，2004年2月开始至今担任台湾弘讯的董事；2006年9月至2011年1月担任上海桥弘软件研发部经理、副总经理；2011年4月至今担任弘讯有限/弘讯科技副总经理；2011年11月至今任上海桥弘副董事长", "spo_list": [{"predicate": "任职日期", "object_type": "日期", "subject_type": "人物", "object": "2004年2月开始至今", "subject": "周筱龙", "subject_index": {"begin": 0, "end": 3}, "object_index": {"begin": 86, "end": 97}}, {"predicate": "任职日期", "object_type": "日期", "subject_type": "人物", "object": "2006年9月至2011年1月", "subject": "周筱龙", "subject_index": {"begin": 0, "end": 3}, "object_index": {"begin": 107, "end": 122}}, {"predicate": "任职日期", "object_type": "日期", "subject_type": "人物", "object": "2011年4月至今", "subject": "周筱龙", "subject_index": {"begin": 0, "end": 3}, "object_index": {"begin": 141, "end": 150}}, {"predicate": "任职日期", "object_type": "日期", "subject_type": "人物", "object": "2011年11月至今", "subject": "周筱龙", "subject_index": {"begin": 0, "end": 3}, "object_index": {"begin": 166, "end": 176}}]}
{"text": "黄曼行公司独立董事，女，中国国籍，无永久境外居留权。1961年6月出生，身份证号码：43010419610628****。博士研究生，会计专业副教授，现住杭州。1985年7月至1987年7月在湖南商学院任教，1987年7月至2000年1月在浙江财经学院任教，2000年1月至今在浙江工商大学任教。2011年11月至今担任公司独立董事，兼任杭州亚太机电股份有限公司、浙江凯恩特种材料股份有限公司、浙江永泰隆电子股份有限公司独立董事，杭州多维教育咨询有限公司执行董事、法定代表人。", "spo_list": [{"predicate": "研究生", "object_type": "学历", "subject_type": "人物", "object": "博士研究生", "subject": "黄曼行", "subject_index": {"begin": 0, "end": 3}, "object_index": {"begin": 61, "end": 66}}, {"predicate": "任职日期", "object_type": "日期", "subject_type": "人物", "object": "1985年7月至1987年7月", "subject": "黄曼行", "subject_index": {"begin": 0, "end": 3}, "object_index": {"begin": 80, "end": 95}}, {"predicate": "任职日期", "object_type": "日期", "subject_type": "人物", "object": "1987年7月至2000年1月", "subject": "黄曼行", "subject_index": {"begin": 0, "end": 3}, "object_index": {"begin": 104, "end": 119}}, {"predicate": "任职日期", "object_type": "日期", "subject_type": "人物", "object": "2000年1月至今", "subject": "黄曼行", "subject_index": {"begin": 0, "end": 3}, "object_index": {"begin": 129, "end": 138}}, {"predicate": "任职日期", "object_type": "日期", "subject_type": "人物", "object": "2011年11月至今", "subject": "黄曼行", "subject_index": {"begin": 0, "end": 3}, "object_index": {"begin": 148, "end": 158}}]}
{"text": "张承瑞公司独立董事，男，中国国籍，无永久境外居留权。1957年7月出生，身份证号码：37010219570714****。博士学位，博士生导师，现任山东大学机械学院教授，数控中心主任。中国机械工程学会高级会员，国际IECTC65/SC65C/WG15技术专家，中国机电一体化技术应用协会理事，中国高校机床研究会华东分会副理事长，中机生产工程学会机床专业委员核心委员，全国工业机械电气系统标准化技术委员会委员，国家科技奖的网评和会评专家，国家高档数控机床04专项的会评专家。出版专著一部，在国内外期刊和会议上发表论文多篇，被EI和SCI收录50多篇。作为负责人承担了6项国家基金项目，多项863、教育部、山东省科技厅和有关企业委托的研究项目。2014年6月至今担任公司独立董事，兼任山东法因数控机械股份有限公司独立董事。", "spo_list": [{"predicate": "任职日期", "object_type": "日期", "subject_type": "人物", "object": "2014年6月至今", "subject": "张承瑞", "subject_index": {"begin": 0, "end": 3}, "object_index": {"begin": 320, "end": 329}}]}
{"text": "何英俊公司监事，男，中国台湾人。1955年8月出生，台胞证号码：018664****。大学学历，法学士，现住台北。曾任镭力建设股份有限公司董事、宝实建设股份有限公司监事，2007年7月至今担任财团法人极忠文教基金会董事、秘书长。2011年11月至今任上海桥弘监事、公司监事。", "spo_list": [{"predicate": "任职日期", "object_type": "日期", "subject_type": "人物", "object": "2011年11月至今", "subject": "何英俊", "subject_index": {"begin": 0, "end": 3}, "object_index": {"begin": 114, "end": 124}}, {"predicate": "任职日期", "object_type": "日期", "subject_type": "人物", "object": "2007年7月至今", "subject": "何英俊", "subject_index": {"begin": 0, "end": 3}, "object_index": {"begin": 85, "end": 94}}]}
{"text": "于洋中国国籍，无永久境外居留权。1978年4月出生，身份证号码：23082319780404****。本科学历，现住上海。2006年5月至2007年4月任上海桥弘研发部工程师，2007年5月至2011年3月任钰江软件研发部主管。2011年5月至2011年11月任上海桥弘副总经理，2011年11月至2014年11月任公司监事会主席，2011年至今任公司副总经理、上海桥弘总经理。", "spo_list": [{"predicate": "任职日期", "object_type": "日期", "subject_type": "人物", "object": "2006年5月至2007年4月", "subject": "于洋", "subject_index": {"begin": 0, "end": 2}, "object_index": {"begin": 61, "end": 76}}, {"predicate": "任职日期", "object_type": "日期", "subject_type": "人物", "object": "2007年5月至2011年3月", "subject": "于洋", "subject_index": {"begin": 0, "end": 2}, "object_index": {"begin": 88, "end": 103}}, {"predicate": "任职日期", "object_type": "日期", "subject_type": "人物", "object": "2011年5月至2011年11月", "subject": "于洋", "subject_index": {"begin": 0, "end": 2}, "object_index": {"begin": 114, "end": 130}}, {"predicate": "任职日期", "object_type": "日期", "subject_type": "人物", "object": "2011年11月至2014年11月", "subject": "于洋", "subject_index": {"begin": 0, "end": 2}, "object_index": {"begin": 140, "end": 157}}, {"predicate": "任职日期", "object_type": "日期", "subject_type": "人物", "object": "2011年至今", "subject": "于洋", "subject_index": {"begin": 0, "end": 2}, "object_index": {"begin": 166, "end": 173}}]}
{"text": "范守苏公司核心技术人员，男，中国国籍，无永久境外居留权。1978年12月出生，身份证号码：32082319781227****。本科学历，现住上海。2006年5月至2007年5月在上海桥弘担任软件工程师。2007年5月至今担任上海桥弘研发二部经理。", "spo_list": [{"predicate": "任职日期", "object_type": "日期", "subject_type": "人物", "object": "2007年5月至今", "subject": "范守苏", "subject_index": {"begin": 0, "end": 3}, "object_index": {"begin": 102, "end": 111}}, {"predicate": "任职日期", "object_type": "日期", "subject_type": "人物", "object": "2006年5月至2007年5月", "subject": "范守苏", "subject_index": {"begin": 0, "end": 3}, "object_index": {"begin": 74, "end": 89}}]}
{"text": "2003年6月19日，浙江正大会计师事务所宁波分所出具了浙正大甬验字（2003）第1019号《验资报告》对股东出资予以验证，截至2003年6月13日止，弘讯有限已收到股东缴纳的以货币现金出资的第二期注册资本499，967.16美元，注册资本累计实收金额为1，029，935.06美元，占注册资本的29.43%。股东香港莱杰占变更后注册资本的100%。", "spo_list": [{"predicate": "出具日期", "object_type": "日期", "subject_type": "文件", "object": "2003年6月19日", "subject": "浙正大甬验字（2003）第1019号《验资报告》", "subject_index": {"begin": 28, "end": 52}, "object_index": {"begin": 0, "end": 10}}, {"predicate": "截止日期", "object_type": "日期", "subject_type": "报告", "object": "截至2003年6月13日止", "subject": "浙正大甬验字（2003）第1019号《验资报告》", "subject_index": {"begin": 28, "end": 52}, "object_index": {"begin": 62, "end": 75}}]}
{"text": "根据2006年12月15日的董事会决议和修改后的章程规定，弘讯有限增加注册资本1，500，000.00美元。2007年4月23日，浙江正大会计师事务所宁波分所出具了浙正大甬验字（2007）第1025号《验资报告》对股东第一次申请增资予以验资，截至2007年4月19日止，弘讯有限已收到股东缴纳的新增注册资本1，500，000.00美元，出资方式以人民币利润转增。注册资本累计实收金额为5，000，000.00美元，股东RedFactor占变更后注册资本的100%。", "spo_list": [{"predicate": "出具日期", "object_type": "日期", "subject_type": "文件", "object": "2007年4月23日", "subject": "浙正大甬验字（2007）第1025号《验资报告》", "subject_index": {"begin": 82, "end": 106}, "object_index": {"begin": 54, "end": 64}}, {"predicate": "截止日期", "object_type": "日期", "subject_type": "报告", "object": "截至2007年4月19日止", "subject": "浙正大甬验字（2007）第1025号《验资报告》", "subject_index": {"begin": 82, "end": 106}, "object_index": {"begin": 121, "end": 134}}]}
{"text": "2011年11月，弘讯科技以2011年9月30日为基准日，采用整体变更方式设立股份有限公司，变更后公司注册资本由1，500万美元变为人民币15，000万元。上述变更已经天健会计师事务所验证，并由其于2011年11月4日出具了天健验（2011）456号《验资报告》。", "spo_list": [{"predicate": "出具日期", "object_type": "日期", "subject_type": "文件", "object": "2011年11月4日", "subject": "天健验（2011）456号《验资报告》", "subject_index": {"begin": 112, "end": 131}, "object_index": {"begin": 99, "end": 109}}]}
{"text": "2012年末货币资金同比增加4，187.61万元，增幅32.62%，主要原因是公司当年加强存货管理，降低了存货资金占用额，增加了经营性现金净流量。", "spo_list": [{"predicate": "货币资金", "object_type": "金额", "subject_type": "日期", "object": "4，187.61万元", "subject": "2012年末", "subject_index": {"begin": 0, "end": 6}, "object_index": {"begin": 14, "end": 24}}]}
{"text": "2014年9月30日货币资金较2013年末减少5，071.44万元，降幅24.12%，主要原因是公司向股东分配利润6000万元。", "spo_list": [{"predicate": "货币资金", "object_type": "金额", "subject_type": "日期", "object": "5，071.44万元", "subject": "2014年9月30日", "subject_index": {"begin": 0, "end": 10}, "object_index": {"begin": 23, "end": 33}}]}
{"text": "2013年末应收票据余额较2012年末增加1，711.37万元，增幅21.37%，2014年9月30日应收票据余额较2013年末增加1，356.37万元，增幅13.95%，主要原因是公司营业规模扩大，使得2013年末、2014年9月未到期的应收票据余额较大。", "spo_list": [{"predicate": "应收票据余额", "object_type": "金额", "subject_type": "日期", "object": "1，711.37万元", "subject": "2013年末", "subject_index": {"begin": 0, "end": 6}, "object_index": {"begin": 21, "end": 31}}, {"predicate": "应收票据余额", "object_type": "金额", "subject_type": "日期", "object": "1，356.37万元", "subject": "2014年9月30日", "subject_index": {"begin": 41, "end": 51}, "object_index": {"begin": 66, "end": 76}}]}
{"text": "2014年9月30日应收账款余额较2013年末增加2，962.45万元，增幅27.90%，主要原因：", "spo_list": [{"predicate": "应收帐款净额", "object_type": "金额", "subject_type": "日期", "object": "2，962.45万元", "subject": "2014年9月30日", "subject_index": {"begin": 0, "end": 10}, "object_index": {"begin": 25, "end": 35}}]}
{"text": "公司2011年末、2012年末、2013年末以及2014年9月30日其他应收净额较小，分别为239.53万元、977.11万元、861.66万元和908.44万元，主要包括保证金、租赁押金等往来款项。", "spo_list": [{"predicate": "其他应收款净额", "object_type": "金额", "subject_type": "日期", "object": "239.53万元", "subject": "2011年末", "subject_index": {"begin": 2, "end": 8}, "object_index": {"begin": 46, "end": 54}}, {"predicate": "其他应收款净额", "object_type": "金额", "subject_type": "日期", "object": "977.11万元", "subject": "2012年末", "subject_index": {"begin": 9, "end": 15}, "object_index": {"begin": 55, "end": 63}}, {"predicate": "其他应收款净额", "object_type": "金额", "subject_type": "日期", "object": "861.66万元", "subject": "2013年末", "subject_index": {"begin": 16, "end": 22}, "object_index": {"begin": 64, "end": 72}}, {"predicate": "其他应收款净额", "object_type": "金额", "subject_type": "日期", "object": "908.44万元", "subject": "2014年9月30日", "subject_index": {"begin": 24, "end": 34}, "object_index": {"begin": 73, "end": 81}}]}
{"text": "2011年末、2012年末、2013年末及2014年9月30日在建工程余额分别为9.92万元、44.28万元、1，628.30万元和3，944.98万元，2013年末及2014年9月30日在建工程余额较大，主要原因是本期新厂房工程增加投入。", "spo_list": [{"predicate": "在建工程余额", "object_type": "金额", "subject_type": "日期", "object": "9.92万元", "subject": "2011年末", "subject_index": {"begin": 0, "end": 6}, "object_index": {"begin": 40, "end": 46}}, {"predicate": "在建工程余额", "object_type": "金额", "subject_type": "日期", "object": "44.28万元", "subject": "2012年末", "subject_index": {"begin": 7, "end": 13}, "object_index": {"begin": 47, "end": 54}}, {"predicate": "在建工程余额", "object_type": "金额", "subject_type": "日期", "object": "1，628.30万元", "subject": "2013年末", "subject_index": {"begin": 14, "end": 20}, "object_index": {"begin": 55, "end": 65}}, {"predicate": "在建工程余额", "object_type": "金额", "subject_type": "日期", "object": "3，944.98万元", "subject": "2014年9月30日", "subject_index": {"begin": 21, "end": 31}, "object_index": {"begin": 66, "end": 76}}]}
{"text": "公司2013年末其他非流动资产余额为898.27万元，系预付国外技术合作方技术授权定金及研发费用646万元及本期新增预付购房款248万元共同影响所致。公司2014年9月30日其他非流动资产余额为0万元，系预付国外技术合作方技术授权定金及研发费用，本期完成资料移交结转无形资产核算及预付的购房款相关房屋交付结转至固定资产核算共同影响所致。", "spo_list": [{"predicate": "其他非流动资产", "object_type": "金额", "subject_type": "日期", "object": "898.27万元", "subject": "2013年末", "subject_index": {"begin": 2, "end": 8}, "object_index": {"begin": 18, "end": 26}}]}
{"text": "2012年末应付账款余额较2011年末减少860.22万元，降幅27.10%，主要原因是公司存货管理的加强、驱动器自制率的提高，减少了当年原材料采购量，另外，随着2011年日本地震对集成电路、主机板子等塑机控制系统类原材料或其主要零部件产量影响的消除，公司恢复了该等原材料的正常储备，减少了存货的采购量，使得2012年末应付账款余额低于2011年末余额。", "spo_list": [{"predicate": "应付账款余额", "object_type": "金额", "subject_type": "日期", "object": "860.22万元", "subject": "2012年末", "subject_index": {"begin": 0, "end": 6}, "object_index": {"begin": 21, "end": 29}}]}
{"text": "2011年末、2012年末、2013年末及2014年9月30日预收账款余额较小，分别为120.43万元、98.08万元、96.90万元和123.09万元。", "spo_list": [{"predicate": "预收账款余额", "object_type": "金额", "subject_type": "日期", "object": "120.43万元", "subject": "2011年末", "subject_index": {"begin": 0, "end": 6}, "object_index": {"begin": 43, "end": 51}}, {"predicate": "预收账款余额", "object_type": "金额", "subject_type": "日期", "object": "98.08万元", "subject": "2012年末", "subject_index": {"begin": 7, "end": 13}, "object_index": {"begin": 52, "end": 59}}, {"predicate": "预收账款余额", "object_type": "金额", "subject_type": "日期", "object": "96.90万元", "subject": "2013年末", "subject_index": {"begin": 14, "end": 20}, "object_index": {"begin": 60, "end": 67}}, {"predicate": "预收账款余额", "object_type": "金额", "subject_type": "日期", "object": "123.09万元", "subject": "2014年9月30日", "subject_index": {"begin": 21, "end": 31}, "object_index": {"begin": 68, "end": 76}}]}
{"text": "2011年末、2012年末、2013年末及2014年9月30日应付职工薪酬余额分别为1，163.28万元、1，250.45万元、1，546.73万元和1，128.23万元。", "spo_list": [{"predicate": "应付职工薪酬余额", "object_type": "金额", "subject_type": "日期", "object": "1，163.28万元", "subject": "2011年末", "subject_index": {"begin": 0, "end": 6}, "object_index": {"begin": 42, "end": 52}}, {"predicate": "应付职工薪酬余额", "object_type": "金额", "subject_type": "日期", "object": "1，250.45万元", "subject": "2012年末", "subject_index": {"begin": 7, "end": 13}, "object_index": {"begin": 53, "end": 63}}, {"predicate": "应付职工薪酬余额", "object_type": "金额", "subject_type": "日期", "object": "1，546.73万元", "subject": "2013年末", "subject_index": {"begin": 14, "end": 20}, "object_index": {"begin": 64, "end": 74}}, {"predicate": "应付职工薪酬余额", "object_type": "金额", "subject_type": "日期", "object": "1，128.23万元", "subject": "2014年9月30日", "subject_index": {"begin": 21, "end": 31}, "object_index": {"begin": 75, "end": 85}}]}
{"text": "2011年末、2012年末、2013年末及2014年9月30日应付利息余额较小，分别为125.40万元、79.00万元、22.75万元和26.82万元。", "spo_list": [{"predicate": "应付利息", "object_type": "金额", "subject_type": "日期", "object": "125.40万元", "subject": "2011年末", "subject_index": {"begin": 0, "end": 6}, "object_index": {"begin": 43, "end": 51}}, {"predicate": "应付利息", "object_type": "金额", "subject_type": "日期", "object": "79.00万元", "subject": "2012年末", "subject_index": {"begin": 7, "end": 13}, "object_index": {"begin": 52, "end": 59}}, {"predicate": "应付利息", "object_type": "金额", "subject_type": "日期", "object": "22.75万元", "subject": "2013年末", "subject_index": {"begin": 14, "end": 20}, "object_index": {"begin": 60, "end": 67}}, {"predicate": "应付利息", "object_type": "金额", "subject_type": "日期", "object": "26.82万元", "subject": "2014年9月30日", "subject_index": {"begin": 21, "end": 31}, "object_index": {"begin": 68, "end": 75}}]}
{"text": "2011年末、2012年末、2013年末和2014年9月末，公司应收账款净额分别为7，160.70万元、7，760.25万元、10，618.76万元和13，581.21万元，占同期末流动资产比重分别为15.82%、16.62%、19.46%和24.03%。公司针对应收账款制定了稳健的会计政策，足额计提坏账准备。同时，公司应收账款质量良好，主要为一年以内的应收账款，公司应收账款不会对公司经营产生重大不利影响。但是，如果公司不能按期收回应收账款，则公司存在一定的资产损失的风险。", "spo_list": [{"predicate": "应收账款净额", "object_type": "金额", "subject_type": "日期", "object": "13，581.21万元", "subject": "2014年9月末", "subject_index": {"begin": 21, "end": 29}, "object_index": {"begin": 75, "end": 86}}, {"predicate": "应收账款净额", "object_type": "金额", "subject_type": "日期", "object": "10，618.76万元", "subject": "2013年末", "subject_index": {"begin": 14, "end": 20}, "object_index": {"begin": 63, "end": 74}}, {"predicate": "应收账款净额", "object_type": "金额", "subject_type": "日期", "object": "7，760.25万元", "subject": "2012年末", "subject_index": {"begin": 7, "end": 13}, "object_index": {"begin": 52, "end": 62}}, {"predicate": "应收账款净额", "object_type": "金额", "subject_type": "日期", "object": "7，160.70万元", "subject": "2011年末", "subject_index": {"begin": 0, "end": 6}, "object_index": {"begin": 41, "end": 51}}]}
{"text": "2011年6月29日，天健会计师事务所出具《验资报告》（天健验[2011]262号），证实截至2011年6月27日，RedFactor已缴纳新增的注册资本700万美元。2011年7月4日，弘讯有限取得宁波市工商行政管理局换发的《企业法人营业执照》。", "spo_list": [{"predicate": "出具日期", "object_type": "日期", "subject_type": "文件", "object": "2011年6月29日", "subject": "《验资报告》（天健验[2011]262号）", "subject_index": {"begin": 21, "end": 42}, "object_index": {"begin": 0, "end": 10}}, {"predicate": "截止日期", "object_type": "日期", "subject_type": "报告", "object": "2011年6月27日", "subject": "《验资报告》（天健验[2011]262号）", "subject_index": {"begin": 21, "end": 42}, "object_index": {"begin": 47, "end": 57}}]}
{"text": "2011年9月23日，天健会计师事务所对本次增资履行了验资程序，出具了《验资报告》（天健验[2011]405号）。2011年9月27日，弘讯有限取得宁波市工商行政管理局换发的《企业法人营业执照》。", "spo_list": [{"predicate": "出具日期", "object_type": "日期", "subject_type": "文件", "object": "2011年9月23日", "subject": "《验资报告》（天健验[2011]405号）", "subject_index": {"begin": 35, "end": 56}, "object_index": {"begin": 0, "end": 10}}]}
{"text": "2011年3月25日，弘讯有限签署《宁波弘讯软件开发有限公司章程》。2011年3月28日，浙江正大会计师事务所有限公司宁波分所出具《验资报告》（浙正大甬验字[2011]第2068号），经验证，截至2011年3月25日，弘讯软件已收到股东以货币缴纳的注册资本合计200万元。2011年4月2日，宁波市工商行政管理局向弘讯软件颁发《企业法人营业执照》。", "spo_list": [{"predicate": "出具日期", "object_type": "日期", "subject_type": "文件", "object": "2011年3月28日", "subject": "《验资报告》（浙正大甬验字[2011]第2068号）", "subject_index": {"begin": 65, "end": 91}, "object_index": {"begin": 34, "end": 44}}, {"predicate": "截止日期", "object_type": "日期", "subject_type": "报告", "object": "2011年3月25日", "subject": "《验资报告》（浙正大甬验字[2011]第2068号）", "subject_index": {"begin": 65, "end": 91}, "object_index": {"begin": 98, "end": 108}}]}
{"text": "熊钰麟公司董事长。男，中国台湾人，1954年10月出生，台胞证号码：001128**。大学学历，现住台湾新北市。1984年6月于台湾成立台湾弘讯有限，与周珊珊于2001年9月创立弘讯有限，于2004年11月创立上海桥弘。熊钰麟为公司主要创始人。1989年2月至今担任台湾弘讯董事长，2010年12月至今担任上海桥弘董事长，2001年8月至2003年8月任弘讯有限董事，2003年8月至2011年9月担任弘讯有限副董事长，2008年月10月至2011年9月任弘讯有限总经理，2011年9月至今担任弘讯有限/弘讯科技董事长，2011年8月至今担任RedFactor董事长。", "spo_list": [{"predicate": "任职日期", "object_type": "日期", "subject_type": "人物", "object": "1989年2月至今", "subject": "熊钰麟", "subject_index": {"begin": 0, "end": 3}, "object_index": {"begin": 122, "end": 131}}, {"predicate": "任职日期", "object_type": "日期", "subject_type": "人物", "object": "2008年月10月至2011年9月", "subject": "熊钰麟", "subject_index": {"begin": 0, "end": 3}, "object_index": {"begin": 210, "end": 227}}, {"predicate": "任职日期", "object_type": "日期", "subject_type": "人物", "object": "2011年9月至今", "subject": "熊钰麟", "subject_index": {"begin": 0, "end": 3}, "object_index": {"begin": 236, "end": 245}}, {"predicate": "任职日期", "object_type": "日期", "subject_type": "人物", "object": "2010年12月至今", "subject": "熊钰麟", "subject_index": {"begin": 0, "end": 3}, "object_index": {"begin": 141, "end": 151}}, {"predicate": "任职日期", "object_type": "日期", "subject_type": "人物", "object": "2011年8月至今", "subject": "熊钰麟", "subject_index": {"begin": 0, "end": 3}, "object_index": {"begin": 260, "end": 269}}, {"predicate": "任职日期", "object_type": "日期", "subject_type": "人物", "object": "2001年8月至2003年8月", "subject": "熊钰麟", "subject_index": {"begin": 0, "end": 3}, "object_index": {"begin": 161, "end": 176}}, {"predicate": "任职日期", "object_type": "日期", "subject_type": "人物", "object": "2003年8月至2011年9月", "subject": "熊钰麟", "subject_index": {"begin": 0, "end": 3}, "object_index": {"begin": 184, "end": 199}}]}
{"text": "阴昆公司董事、副总经理，男，中国国籍，无永久境外居留权。1979年8月出生，身份证号码：41070319790809****。本科学历，现住上海。2005年4月至2011年3月历任上海桥弘研发部组长、经理、副总经理，2011年4月至今担任弘讯有限/弘讯科技副总经理，2011年11月至今任上海桥弘董事。", "spo_list": [{"predicate": "任职日期", "object_type": "日期", "subject_type": "人物", "object": "2005年4月至2011年3月", "subject": "阴昆", "subject_index": {"begin": 0, "end": 2}, "object_index": {"begin": 73, "end": 88}}, {"predicate": "任职日期", "object_type": "日期", "subject_type": "人物", "object": "2011年4月至今", "subject": "阴昆", "subject_index": {"begin": 0, "end": 2}, "object_index": {"begin": 108, "end": 117}}, {"predicate": "任职日期", "object_type": "日期", "subject_type": "人物", "object": "2011年11月至今", "subject": "阴昆", "subject_index": {"begin": 0, "end": 2}, "object_index": {"begin": 133, "end": 143}}]}
{"text": "何万山公司董事，男，中国台湾人。1964年6月出生，台胞证号码：000526****（B）。大专学历，现住台北。1988年3月至2006年3月历任台湾弘讯品保部经理、生产部经理，2006年3月至2010年3月任弘讯有限生产部经理，2010年4月至今先后担任台湾弘讯品保部经理、资材部经理、副总经理。2001年9月至今任弘讯有限/弘讯科技董事，是行业标准《机械电气设备塑料机械计算机控制系统第1部分：通用技术条件》（GB/T24113.1-2009）的主要起草人。", "spo_list": [{"predicate": "任职日期", "object_type": "日期", "subject_type": "人物", "object": "1988年3月至2006年3月", "subject": "何万山", "subject_index": {"begin": 0, "end": 3}, "object_index": {"begin": 56, "end": 71}}, {"predicate": "任职日期", "object_type": "日期", "subject_type": "人物", "object": "2010年4月至今", "subject": "何万山", "subject_index": {"begin": 0, "end": 3}, "object_index": {"begin": 115, "end": 124}}, {"predicate": "任职日期", "object_type": "日期", "subject_type": "人物", "object": "2001年9月至今", "subject": "何万山", "subject_index": {"begin": 0, "end": 3}, "object_index": {"begin": 149, "end": 158}}, {"predicate": "任职日期", "object_type": "日期", "subject_type": "人物", "object": "2006年3月至2010年3月", "subject": "何万山", "subject_index": {"begin": 0, "end": 3}, "object_index": {"begin": 89, "end": 104}}]}
{"text": "、林丹桂公司监事会主席，女，中国国籍，无永久境外居留权。1981年11月出生，身份证号码：33022519811109****。本科学历，现住宁波。2004年7月至2011年1月任职浙江正大会计师事务所宁波分所，2011年2月至2013年7月任职弘讯科技财务部，2013年8月至今任职弘讯科技审计部，2014年11月至今任公司监事会主席。", "spo_list": [{"predicate": "任职日期", "object_type": "日期", "subject_type": "人物", "object": "2004年7月至2011年1月", "subject": "林丹桂", "subject_index": {"begin": 1, "end": 4}, "object_index": {"begin": 74, "end": 89}}, {"predicate": "任职日期", "object_type": "日期", "subject_type": "人物", "object": "2011年2月至2013年7月", "subject": "林丹桂", "subject_index": {"begin": 1, "end": 4}, "object_index": {"begin": 106, "end": 121}}, {"predicate": "任职日期", "object_type": "日期", "subject_type": "人物", "object": "2013年8月至今", "subject": "林丹桂", "subject_index": {"begin": 1, "end": 4}, "object_index": {"begin": 131, "end": 140}}, {"predicate": "任职日期", "object_type": "日期", "subject_type": "人物", "object": "2014年11月至今", "subject": "林丹桂", "subject_index": {"begin": 1, "end": 4}, "object_index": {"begin": 150, "end": 160}}]}
{"text": "郑琴公司副总经理、董事会秘书，女，中国国籍，无永久境外居留权。1981年4月出生，身份证号码：33018219810424****。本科学历，现住宁波。2006年9月至2012年1月历任弘讯有限行政部副经理、管理部经理，2012年2月至今担任公司副总经理、董事会秘书。", "spo_list": [{"predicate": "任职日期", "object_type": "日期", "subject_type": "人物", "object": "2006年9月至2012年1月", "subject": "郑琴", "subject_index": {"begin": 0, "end": 2}, "object_index": {"begin": 76, "end": 91}}, {"predicate": "任职日期", "object_type": "日期", "subject_type": "人物", "object": "2012年2月至今", "subject": "郑琴", "subject_index": {"begin": 0, "end": 2}, "object_index": {"begin": 110, "end": 119}}]}
{"text": "张洪磊公司核心技术人员，男，中国国籍，无永久境外居留权。1981年9月出生，身份证号码：23038119810926****。本科学历，现住上海。2006年6月至2011年4月在上海桥弘担任软件工程师，2011年5月至今担任上海桥弘研发一部经理。", "spo_list": [{"predicate": "任职日期", "object_type": "日期", "subject_type": "人物", "object": "2006年6月至2011年4月", "subject": "张洪磊", "subject_index": {"begin": 0, "end": 3}, "object_index": {"begin": 73, "end": 88}}, {"predicate": "任职日期", "object_type": "日期", "subject_type": "人物", "object": "2011年5月至今", "subject": "张洪磊", "subject_index": {"begin": 0, "end": 3}, "object_index": {"begin": 101, "end": 110}}]}
{"text": "2003年经宁波经济技术开发区管理委员会以宁开政项〔2003〕465号文件批准和公司董事会决议，香港莱杰将其对弘讯有限的出资全部转让给RedFactor。2003年11月20日，浙江正大会计师事务所宁波分所出具了浙正大甬验字（2003）第1078号《验资报告》对股东出资予以验证，截至2003年11月18日止，弘讯有限已收到股东缴纳的以货币现金出资的第三期注册资本1，470，064.94美元，注册资本累计实收金额为2，500，000.00美元，占注册资本的71.43%。股东RedFactor占变更后注册资本的100%。", "spo_list": [{"predicate": "出具日期", "object_type": "日期", "subject_type": "文件", "object": "2003年11月20日", "subject": "浙正大甬验字（2003）第1078号《验资报告》", "subject_index": {"begin": 106, "end": 130}, "object_index": {"begin": 77, "end": 88}}, {"predicate": "截止日期", "object_type": "日期", "subject_type": "报告", "object": "2003年11月18日止", "subject": "浙正大甬验字（2003）第1078号《验资报告》", "subject_index": {"begin": 106, "end": 130}, "object_index": {"begin": 142, "end": 154}}]}
{"text": "根据2011年5月30日董事会决议和修改后章程的规定，弘讯有限增加注册资本7，000，000.00美元。2011年6月29日，天健会计师事务出具了天健验（2011）262号《验资报告》对股东第二次申请增资予以验资，截至2011年6月27日止，弘讯有限已收到股东缴纳的以货币现金出资的新增注册资本7，000，000.00美元。注册资本累计实收金额12，000，000.00美元，股东RedFactor占变更后注册资本的100%。", "spo_list": [{"predicate": "出具日期", "object_type": "日期", "subject_type": "文件", "object": "2011年6月29日", "subject": "天健验（2011）262号《验资报告》", "subject_index": {"begin": 73, "end": 92}, "object_index": {"begin": 52, "end": 62}}, {"predicate": "截止日期", "object_type": "日期", "subject_type": "报告", "object": "2011年6月27日", "subject": "天健验（2011）262号《验资报告》", "subject_index": {"begin": 73, "end": 92}, "object_index": {"begin": 109, "end": 119}}]}
{"text": "2011年10月24日，坤元资产评估有限公司出具了坤元评报[2011]第419号评估报告，根据本次评估的资产特性，资产评估方法主要采用资产基础法.", "spo_list": [{"predicate": "出具日期", "object_type": "日期", "subject_type": "文件", "object": "2011年10月24日", "subject": "坤元评报[2011]第419号", "subject_index": {"begin": 25, "end": 40}, "object_index": {"begin": 0, "end": 11}}]}
{"text": "货币资金是公司流动资产的重要组成部分，2011年末、2012年末、2013年末以及2014年9月30日货币资金余额分别为12，837.63万元、17，025.24万元、21，026.21万元和15，954.77万元，占当年末流动资产比重分别为28.36%、36.45%、38.53%和28.23%。", "spo_list": [{"predicate": "货币资金余额", "object_type": "金额", "subject_type": "日期", "object": "15，954.77万元", "subject": "2014年9月30日", "subject_index": {"begin": 41, "end": 51}, "object_index": {"begin": 96, "end": 107}}, {"predicate": "货币资金余额", "object_type": "金额", "subject_type": "日期", "object": "21，026.21万元", "subject": "2013年末", "subject_index": {"begin": 33, "end": 39}, "object_index": {"begin": 84, "end": 95}}, {"predicate": "货币资金余额", "object_type": "金额", "subject_type": "日期", "object": "17，025.24万元", "subject": "2012年末", "subject_index": {"begin": 26, "end": 32}, "object_index": {"begin": 72, "end": 83}}, {"predicate": "货币资金余额", "object_type": "金额", "subject_type": "日期", "object": "12，837.63万元", "subject": "2011年末", "subject_index": {"begin": 19, "end": 25}, "object_index": {"begin": 60, "end": 71}}]}
{"text": "2013年末应收账款余额较2012年末增加3，062.74万元，增幅37.42%主要原因：", "spo_list": [{"predicate": "应收账款余额", "object_type": "金额", "subject_type": "日期", "object": "3，062.74万元", "subject": "2013年", "subject_index": {"begin": 0, "end": 5}, "object_index": {"begin": 21, "end": 31}}]}
{"text": "公司2011年末、2012年末、2013年末以及2014年9月30日预付账款余额分别为178.94万元、504.78万元、473.86万元和978.34万元。2012年末预付账款账面余额较大的主要原因是预付国外技术合作方许可证订金及研发费用及预付上市申报费用共同影响所致；2013年末预付账款账面余额较大的主要原因是预付上市申报费用和其他合同款共同影响所致；2014年9月30日预付账款账面余额较大的主要原因是预付了供应商上海雷尼威尔测量技术有限公司货款，用于采购高性能传感器等。", "spo_list": [{"predicate": "预付款项余额", "object_type": "金额", "subject_type": "日期", "object": "978.34万元", "subject": "2014年9月30日", "subject_index": {"begin": 24, "end": 34}, "object_index": {"begin": 70, "end": 78}}, {"predicate": "预付款项余额", "object_type": "金额", "subject_type": "日期", "object": "473.86万元", "subject": "2013年末", "subject_index": {"begin": 16, "end": 22}, "object_index": {"begin": 61, "end": 69}}, {"predicate": "预付款项余额", "object_type": "金额", "subject_type": "日期", "object": "504.78万元", "subject": "2012年末", "subject_index": {"begin": 9, "end": 15}, "object_index": {"begin": 52, "end": 60}}, {"predicate": "预付款项余额", "object_type": "金额", "subject_type": "日期", "object": "178.94万元", "subject": "2011年末", "subject_index": {"begin": 2, "end": 8}, "object_index": {"begin": 43, "end": 51}}]}
{"text": "存货是公司流动资产的重要组成部分，2011年末、2012年末、2013年末以及2014年9月30日存货净额分别为15，854.15万元、12，403.32万元、11，717.86万元和13，841.41万元，占当年末流动资产比重分别为35.02%、26.56%、21.47%和24.49%", "spo_list": [{"predicate": "存货净值", "object_type": "金额", "subject_type": "日期", "object": "13，841.41万元", "subject": "2014年9月30日", "subject_index": {"begin": 39, "end": 49}, "object_index": {"begin": 92, "end": 103}}, {"predicate": "存货净值", "object_type": "金额", "subject_type": "日期", "object": "11，717.86万元", "subject": "2013年末", "subject_index": {"begin": 31, "end": 37}, "object_index": {"begin": 80, "end": 91}}, {"predicate": "存货净值", "object_type": "金额", "subject_type": "日期", "object": "12，403.32万元", "subject": "2012年末", "subject_index": {"begin": 24, "end": 30}, "object_index": {"begin": 68, "end": 79}}, {"predicate": "存货净值", "object_type": "金额", "subject_type": "日期", "object": "15，854.15万元", "subject": "2011年末", "subject_index": {"begin": 17, "end": 23}, "object_index": {"begin": 56, "end": 67}}]}
{"text": "发行人2011年末、2012年末、2013年末及2014年9月30日其他流动资产金额较小，分别为5.85万元、22.79万元、55.79万元和168.50万元，主要是预缴企业所得税、待抵扣的进项税以及尚未摊销完毕的通讯费、顾问费、房租费、保险费及其他费用。2014年9月30日其他流动资产余额较2013年末增长主要系预缴企业所得税、待抵扣的进项税增加所致", "spo_list": [{"predicate": "流动资产", "object_type": "金额", "subject_type": "日期", "object": "168.50万元", "subject": "2014年9月30日", "subject_index": {"begin": 24, "end": 34}, "object_index": {"begin": 71, "end": 79}}, {"predicate": "流动资产", "object_type": "金额", "subject_type": "日期", "object": "55.79万元", "subject": "2013年末", "subject_index": {"begin": 17, "end": 23}, "object_index": {"begin": 63, "end": 70}}, {"predicate": "流动资产", "object_type": "金额", "subject_type": "日期", "object": "22.79万元", "subject": "2012年末", "subject_index": {"begin": 10, "end": 16}, "object_index": {"begin": 55, "end": 62}}, {"predicate": "流动资产", "object_type": "金额", "subject_type": "日期", "object": "5.85万元", "subject": "2011年末", "subject_index": {"begin": 3, "end": 9}, "object_index": {"begin": 48, "end": 54}}]}
{"text": "2014年9月30日无形资产账面价值较上年末增加592.71万元，增幅12.09%，主要原因是本期新增非专利技术755.79万元。", "spo_list": [{"predicate": "无形资产", "object_type": "金额", "subject_type": "日期", "object": "592.71万元", "subject": "2014年9月30日", "subject_index": {"begin": 0, "end": 10}, "object_index": {"begin": 24, "end": 32}}]}
{"text": "2011年末、2012年末、2013年末及2014年9月30日递延所得税资产余额分别为399.67万元、423.50万元、448.60万元和661.93万元，主要是合并抵销内部未实现利润以及资产减值准备形成的暂时性差异。公司递延所得税资产在资产总额中占比较低，对公司财务状况影响较小。", "spo_list": [{"predicate": "递延所得税资产", "object_type": "金额", "subject_type": "日期", "object": "661.93万元", "subject": "2014年9月30日", "subject_index": {"begin": 21, "end": 31}, "object_index": {"begin": 70, "end": 78}}, {"predicate": "递延所得税资产", "object_type": "金额", "subject_type": "日期", "object": "448.60万元", "subject": "2013年末", "subject_index": {"begin": 14, "end": 20}, "object_index": {"begin": 61, "end": 69}}, {"predicate": "递延所得税资产", "object_type": "金额", "subject_type": "日期", "object": "423.50万元", "subject": "2012年末", "subject_index": {"begin": 7, "end": 13}, "object_index": {"begin": 52, "end": 60}}, {"predicate": "递延所得税资产", "object_type": "金额", "subject_type": "日期", "object": "399.67万元", "subject": "2011年末", "subject_index": {"begin": 0, "end": 6}, "object_index": {"begin": 43, "end": 51}}]}
{"text": "2011年末、2012年末、2013年末及2014年9月30日应付账款余额分别为3，174.63万元、2，314.41万元、5，169.62万元和5，833.74万元，占当年末负债的比重分别为17.95%、18.47%、32.03%和29.94%，主要是公司应付供应商的原材料、辅料采购款项等", "spo_list": [{"predicate": "应付账款余额", "object_type": "金额", "subject_type": "日期", "object": "5，833.74万元", "subject": "2014年9月30日", "subject_index": {"begin": 21, "end": 31}, "object_index": {"begin": 73, "end": 83}}, {"predicate": "应付账款余额", "object_type": "金额", "subject_type": "日期", "object": "5，169.62万元", "subject": "2013年末", "subject_index": {"begin": 14, "end": 20}, "object_index": {"begin": 62, "end": 72}}, {"predicate": "应付账款余额", "object_type": "金额", "subject_type": "日期", "object": "2，314.41万元", "subject": "2012年末", "subject_index": {"begin": 7, "end": 13}, "object_index": {"begin": 51, "end": 61}}, {"predicate": "应付账款余额", "object_type": "金额", "subject_type": "日期", "object": "3，174.63万元", "subject": "2011年末", "subject_index": {"begin": 0, "end": 6}, "object_index": {"begin": 40, "end": 50}}, {"predicate": "资产负债率", "object_type": "日期", "subject_type": "比率", "object": "2014年9月30日", "subject": "29.94%", "subject_index": {"begin": 117, "end": 123}, "object_index": {"begin": 21, "end": 31}}, {"predicate": "资产负债率", "object_type": "日期", "subject_type": "比率", "object": "2013年末", "subject": "32.03%", "subject_index": {"begin": 110, "end": 116}, "object_index": {"begin": 14, "end": 20}}, {"predicate": "资产负债率", "object_type": "日期", "subject_type": "比率", "object": "2012年末", "subject": "18.47%", "subject_index": {"begin": 103, "end": 109}, "object_index": {"begin": 7, "end": 13}}, {"predicate": "资产负债率", "object_type": "日期", "subject_type": "比率", "object": "2011年末", "subject": "17.95%", "subject_index": {"begin": 96, "end": 102}, "object_index": {"begin": 0, "end": 6}}]}
{"text": "2011年末、2012年末、2013年末及2014年9月30日其他应付款余额较分别为214.14万元、56.96万元、52.81万元和68.79万元，占当年末负债的比重分别为1.21%、0.46%、0.33%和0.35%，主要包括应支付的市场开拓费、差旅费、运费及押金保证金等。", "spo_list": [{"predicate": "其他应付款余额", "object_type": "金额", "subject_type": "日期", "object": "68.79万元", "subject": "2014年9月30日", "subject_index": {"begin": 21, "end": 31}, "object_index": {"begin": 67, "end": 74}}, {"predicate": "其他应付款余额", "object_type": "金额", "subject_type": "日期", "object": "52.81万元", "subject": "2013年末", "subject_index": {"begin": 14, "end": 20}, "object_index": {"begin": 59, "end": 66}}, {"predicate": "其他应付款余额", "object_type": "金额", "subject_type": "日期", "object": "56.96万元", "subject": "2012年末", "subject_index": {"begin": 7, "end": 13}, "object_index": {"begin": 51, "end": 58}}, {"predicate": "其他应付款余额", "object_type": "金额", "subject_type": "日期", "object": "214.14万元", "subject": "2011年末", "subject_index": {"begin": 0, "end": 6}, "object_index": {"begin": 42, "end": 50}}]}
{"text": "公司非流动负债主要是长期借款，2011年末、2012年末、2013年末及2014年9月30日余额分别为1，465.16万元、391.64万元、325.91万元和561.42万元，2011年末、2012年末、2013年末及2014年9月30日长期借款余额占当年末负债的比重分别为8.28%、3.13%、2.02%和2.88%。", "spo_list": [{"predicate": "长期借款余额", "object_type": "金额", "subject_type": "日期", "object": "1，465.16万元", "subject": "2011年末", "subject_index": {"begin": 15, "end": 21}, "object_index": {"begin": 51, "end": 61}}, {"predicate": "长期借款余额", "object_type": "金额", "subject_type": "日期", "object": "391.64万元", "subject": "2012年末", "subject_index": {"begin": 22, "end": 28}, "object_index": {"begin": 62, "end": 70}}, {"predicate": "长期借款余额", "object_type": "金额", "subject_type": "日期", "object": "325.91万元", "subject": "2013年末", "subject_index": {"begin": 29, "end": 35}, "object_index": {"begin": 71, "end": 79}}, {"predicate": "长期借款余额", "object_type": "金额", "subject_type": "日期", "object": "561.42万元", "subject": "2014年9月30日", "subject_index": {"begin": 36, "end": 46}, "object_index": {"begin": 80, "end": 88}}]}
{"text": "2011年、2012年、2013年及2014年1-9月投资收益金额较小，分别56.95万元、7.80万元、-24.52万元和-65.50万元，是公司购买期限及收益固定的理财产品以及远期外汇合约交易产生。公司已收回所有理财产品回本金及收益。2013年及2014年1-9月投资收益是公司投资深圳市弘粤驱动有限公司产生的。", "spo_list": [{"predicate": "投资收益", "object_type": "金额", "subject_type": "日期", "object": "-65.50万元", "subject": "2014年1-9月", "subject_index": {"begin": 18, "end": 27}, "object_index": {"begin": 62, "end": 70}}, {"predicate": "投资收益", "object_type": "金额", "subject_type": "日期", "object": "-24.52万元", "subject": "2013年", "subject_index": {"begin": 12, "end": 17}, "object_index": {"begin": 53, "end": 61}}, {"predicate": "投资收益", "object_type": "金额", "subject_type": "日期", "object": "7.80万元", "subject": "2012年", "subject_index": {"begin": 6, "end": 11}, "object_index": {"begin": 46, "end": 52}}, {"predicate": "投资收益", "object_type": "金额", "subject_type": "日期", "object": "56.95万元", "subject": "2011年", "subject_index": {"begin": 0, "end": 5}, "object_index": {"begin": 38, "end": 45}}]}
{"text": "2011年10月14日，天健会计师事务所出具天健审[2011]5046号审计报告。2011年10月24日，坤元资产评估有限公司出具了坤元评报[2011]第419号评估报告。经评估，截至2011年9月30日弘讯有限股东全部权益账面价值343，622，338.13元，评估价值371，471，202.59元，评估增值27，848，864.46元，增值率为8.10%。", "spo_list": [{"predicate": "出具日期", "object_type": "日期", "subject_type": "文件", "object": "2011年10月14日", "subject": "天健审[2011]5046号审计报告", "subject_index": {"begin": 22, "end": 40}, "object_index": {"begin": 0, "end": 11}}, {"predicate": "出具日期", "object_type": "日期", "subject_type": "文件", "object": "2011年10月24日", "subject": "坤元评报[2011]第419号评估报告", "subject_index": {"begin": 66, "end": 85}, "object_index": {"begin": 41, "end": 52}}]}
{"text": "2003年8月30日，香港莱杰与RedFactor签订《股权转让协议》，约定香港莱杰将其持有的弘讯有限全部股权转让给RedFactor。此次股权转让时，香港莱杰的股权结构为周珊珊持股80%、熊钰麟持股20%，RedFactor的股权结构为周珊珊持股100%。2003年11月10日，宁波开发区管委会出具了《关于宁波弘讯科技有限公司股权变更的批复》（宁开政项[2003]465号），同意香港莱杰将其持有的弘讯有限100%股权转让给RedFactor。2003年11月11日，宁波市人民政府向弘讯有限颁发新的《中华人民共和国外商投资企业批准证书》。2004年2月26日，弘讯有限取得宁波市工商行政管理局换发的《企业法人营业执照》。", "spo_list": [{"predicate": "出具日期", "object_type": "日期", "subject_type": "文件", "object": "2003年11月10日，", "subject": "《关于宁波弘讯科技有限公司股权变更的批复》（宁开政项[2003]465号）", "subject_index": {"begin": 152, "end": 189}, "object_index": {"begin": 129, "end": 141}}]}
{"text": "2007年4月23日，浙江正大会计师事务所有限公司宁波分所出具《验资报告》（浙正大甬验字（2007）第1025号），证实截至2007年4月19日，股东已经缴纳新增的注册资本150万美元。2007年4月26日，弘讯有限取得宁波市工商行政管理局换发的《企业法人营业执照》。", "spo_list": [{"predicate": "出具日期", "object_type": "日期", "subject_type": "文件", "object": "2007年4月23日", "subject": "《验资报告》（浙正大甬验字（2007）第1025号）", "subject_index": {"begin": 31, "end": 57}, "object_index": {"begin": 0, "end": 10}}]}
{"text": "2011年9月14日，天健会计师事务所对本次增资履行了验资程序，出具了《验资报告》（天健验[2011]387号）。2011年9月16日，弘讯有限取得宁波市工商行政管理局换发的《企业法人营业执照》。", "spo_list": [{"predicate": "出具日期", "object_type": "日期", "subject_type": "文件", "object": "2011年9月14日", "subject": "《验资报告》（天健验[2011]387号）", "subject_index": {"begin": 35, "end": 56}, "object_index": {"begin": 0, "end": 10}}]}
{"text": "此次增资价格参考公司净资产协商作价。2011年9月7日，宁波市敬德资产评估有限责任公司出具了甬敬评字[2011]第129号评估报告。经评估，截至2011年7月31日，弘讯有限的账面净资产为190，169，786.23元，评估后净资产为222，941，050.17元，评估增值为32，771，263.94元，增值率为17.2%。根据《增资及股权调整协议》计算，此次增资的价格为每1美元弘讯有限的新增注册资本对应37.17元人民币。本次增资情况如下：", "spo_list": [{"predicate": "出具日期", "object_type": "日期", "subject_type": "文件", "object": "2011年9月7日", "subject": "甬敬评字[2011]第129号评估报告", "subject_index": {"begin": 46, "end": 65}, "object_index": {"begin": 18, "end": 27}}]}
{"text": "2011年11月15日，RedFactor与香港金莱签订《股权转让协议》，RedFactor将其持有的上海桥弘25%的股权以10，045，312.74元的价格转让给香港金莱。本次股权转让对价参考净资产和评估值协商作价。截至2011年9月30日，上海桥弘的总资产为62，826，713.29元，净资产为40，181，250.96元，净利润为6，875，515.39元。根据坤元资产评估有限公司2011年10月22日出具坤元评报（2011）418号《资产评估报告》，上海桥弘在评估基准日2011年9月30日的净资产评估价值40，717，264.19元，评估增值536，013.23元，增值率1.33%。", "spo_list": [{"predicate": "出具日期", "object_type": "日期", "subject_type": "文件", "object": "2011年10月22日", "subject": "坤元评报（2011）418号《资产评估报告》", "subject_index": {"begin": 208, "end": 230}, "object_index": {"begin": 195, "end": 206}}]}
{"text": "熊钰麟的基本情况为：公司董事长，男，1954年10月出生，中国台湾人，台胞证号码：001128**。大学学历，现住台湾新北市。1984年6月于台湾成立台湾弘讯有限，与周珊珊于2001年9月创立弘讯有限，于2004年11月创立上海桥弘。熊钰麟为公司主要创始人。1989年2月至今担任台湾弘讯董事长，2010年12月至今担任上海桥弘董事长，2001年8月至2003年8月任弘讯有限董事，2003年8月至2011年9月担任弘讯有限副董事长，2008年月10月至2011年9月任弘讯有限总经理，2011年9月至今担任弘讯有限/弘讯科技董事长，2011年8月至今担任RedFactor董事长。", "spo_list": [{"predicate": "任职日期", "object_type": "日期", "subject_type": "人物", "object": "1989年2月", "subject": "熊钰麟", "subject_index": {"begin": 0, "end": 3}, "object_index": {"begin": 129, "end": 136}}, {"predicate": "任职日期", "object_type": "日期", "subject_type": "人物", "object": "2010年12月至今", "subject": "熊钰麟", "subject_index": {"begin": 0, "end": 3}, "object_index": {"begin": 148, "end": 158}}, {"predicate": "任职日期", "object_type": "日期", "subject_type": "人物", "object": "2001年8月至2003年8月", "subject": "熊钰麟", "subject_index": {"begin": 0, "end": 3}, "object_index": {"begin": 168, "end": 183}}, {"predicate": "任职日期", "object_type": "日期", "subject_type": "人物", "object": "2003年8月至2011年9月", "subject": "熊钰麟", "subject_index": {"begin": 0, "end": 3}, "object_index": {"begin": 191, "end": 206}}, {"predicate": "任职日期", "object_type": "日期", "subject_type": "人物", "object": "2008年月10月至2011年9月", "subject": "熊钰麟", "subject_index": {"begin": 0, "end": 3}, "object_index": {"begin": 217, "end": 234}}, {"predicate": "任职日期", "object_type": "日期", "subject_type": "人物", "object": "2011年9月至今", "subject": "熊钰麟", "subject_index": {"begin": 0, "end": 3}, "object_index": {"begin": 243, "end": 252}}, {"predicate": "任职日期", "object_type": "日期", "subject_type": "人物", "object": "2011年8月至今", "subject": "熊钰麟", "subject_index": {"begin": 0, "end": 3}, "object_index": {"begin": 267, "end": 276}}]}
{"text": "俞田龙公司董事、总经理，男，中国国籍，无永久境外居留权。1967年3月出生，身份证号码：11010819670321****。本科学历，现住宁波。2003年5月至2008年9月担任弘讯有限业务经理，2008年10月至2011年9月担任弘讯有限副总经理，2011年9月至今担任弘讯有限/弘讯科技总经理，2012年2月至今任公司董事，2011年8月至今任宁波和圆执行事务合伙人", "spo_list": [{"predicate": "任职日期", "object_type": "日期", "subject_type": "人物", "object": "2003年5月至2008年9月", "subject": "俞田龙", "subject_index": {"begin": 0, "end": 3}, "object_index": {"begin": 73, "end": 88}}, {"predicate": "任职日期", "object_type": "日期", "subject_type": "人物", "object": "2008年10月至2011年9月", "subject": "俞田龙", "subject_index": {"begin": 0, "end": 3}, "object_index": {"begin": 99, "end": 115}}, {"predicate": "任职日期", "object_type": "日期", "subject_type": "人物", "object": "2011年9月至今", "subject": "俞田龙", "subject_index": {"begin": 0, "end": 3}, "object_index": {"begin": 126, "end": 135}}, {"predicate": "任职日期", "object_type": "日期", "subject_type": "人物", "object": "2012年2月至今", "subject": "俞田龙", "subject_index": {"begin": 0, "end": 3}, "object_index": {"begin": 150, "end": 159}}, {"predicate": "任职日期", "object_type": "日期", "subject_type": "人物", "object": "2011年8月至今", "subject": "俞田龙", "subject_index": {"begin": 0, "end": 3}, "object_index": {"begin": 165, "end": 174}}]}
{"text": "林庆文公司董事，男，中国台湾人。1956年12月出生，台胞证号码：002258****（B）。大专学历，现住台北。1984年7月至2008年1月任台湾弘讯技术部经理，2008年2月至2010年1月任台湾弘讯副总经理，2010年2月至今任台湾弘讯总经理，2003年8月至今任弘讯有限/弘讯科技董事，2011年8月至今任香港一园董事。", "spo_list": [{"predicate": "任职日期", "object_type": "日期", "subject_type": "人物", "object": "1984年7月至2008年1月", "subject": "林庆文", "subject_index": {"begin": 0, "end": 3}, "object_index": {"begin": 57, "end": 72}}, {"predicate": "任职日期", "object_type": "日期", "subject_type": "人物", "object": "2008年2月至2010年1月", "subject": "林庆文", "subject_index": {"begin": 0, "end": 3}, "object_index": {"begin": 83, "end": 98}}, {"predicate": "任职日期", "object_type": "日期", "subject_type": "人物", "object": "2010年2月至今", "subject": "林庆文", "subject_index": {"begin": 0, "end": 3}, "object_index": {"begin": 108, "end": 117}}, {"predicate": "任职日期", "object_type": "日期", "subject_type": "人物", "object": "2003年8月至今", "subject": "林庆文", "subject_index": {"begin": 0, "end": 3}, "object_index": {"begin": 126, "end": 135}}, {"predicate": "任职日期", "object_type": "日期", "subject_type": "人物", "object": "2011年8月", "subject": "林庆文", "subject_index": {"begin": 0, "end": 3}, "object_index": {"begin": 148, "end": 155}}]}
{"text": "靳明公司独立董事，男，中国国籍，无永久境外居留权。1961年1月出生，身份证号码：3301061961012****。博士学位，教授，现住杭州。历任浙江财经学院企业管理教研室主任、经济信息管理系副主任、工商管理学院副院长、科研处处长兼研究生办公室主任。现任浙江财经学院《财经论丛》学报编辑部主任、上市公司研究所所长、企业管理学科带头人。为浙江省“新世纪151人才工程”二层次人选、浙江省高校中青年学科带头人，中国市场学会与中国高校市场学研究会常务理事、中国数量经济学会理事、浙江省企业管理研究会常务理事。2011年11月至今担任公司独立董事，兼任宁波理工监测科技股份有限公司独立董事。", "spo_list": [{"predicate": "任职日期", "object_type": "日期", "subject_type": "人物", "object": "2011年11月至今", "subject": "靳明", "subject_index": {"begin": 0, "end": 2}, "object_index": {"begin": 252, "end": 262}}]}
{"text": "何英俊公司监事，男，中国台湾人。1955年8月出生，台胞证号码：018664****。大学学历，法学士，现住台北。曾任镭力建设股份有限公司董事、宝实建设股份有限公司监事，2007年7月至今担任财团法人极忠文教基金会董事、秘书长。2011年11月至今任上海桥弘监事、公司监事。", "spo_list": [{"predicate": "任职日期", "object_type": "日期", "subject_type": "人物", "object": "2007年7月至今", "subject": "何英俊", "subject_index": {"begin": 0, "end": 3}, "object_index": {"begin": 85, "end": 94}}, {"predicate": "任职日期", "object_type": "日期", "subject_type": "人物", "object": "2011年11月至今", "subject": "何英俊", "subject_index": {"begin": 0, "end": 3}, "object_index": {"begin": 114, "end": 124}}]}
{"text": "叶海萍公司财务总监，女，中国国籍，无永久境外居留权。1972年2月出生，身份证号码：33020619720229****。本科学历，会计师，现住宁波。1992年8月至2002年6月在宁波凡雷尔包装有限公司财务部任职，2002年7月至2008年9月担任弘讯有限财务部会计，2008年10月至2011年11月担任弘讯有限财务经理，2011年11月至今担任公司财务总监。", "spo_list": [{"predicate": "任职日期", "object_type": "日期", "subject_type": "人物", "object": "1992年8月至2002年6月", "subject": "叶海萍", "subject_index": {"begin": 0, "end": 3}, "object_index": {"begin": 75, "end": 90}}, {"predicate": "任职日期", "object_type": "日期", "subject_type": "人物", "object": "2002年7月至2008年9月", "subject": "叶海萍", "subject_index": {"begin": 0, "end": 3}, "object_index": {"begin": 108, "end": 123}}, {"predicate": "任职日期", "object_type": "日期", "subject_type": "人物", "object": "2008年10月至2011年11月", "subject": "叶海萍", "subject_index": {"begin": 0, "end": 3}, "object_index": {"begin": 135, "end": 152}}, {"predicate": "任职日期", "object_type": "日期", "subject_type": "人物", "object": "2011年11月至今", "subject": "叶海萍", "subject_index": {"begin": 0, "end": 3}, "object_index": {"begin": 163, "end": 173}}]}
{"text": "2002年4月28日，宁波海诚会计师事务所出具了海诚外验（2002）第047号《验资报告》对股东出资予以验证，截至2002年4月4日止，股东香港莱杰以货币现金出资529，967.90美元，占注册资本的15.14%，注册资本为350万美元。", "spo_list": [{"predicate": "出具日期", "object_type": "日期", "subject_type": "文件", "object": "2002年4月28日", "subject": "海诚外验（2002）第047号《验资报告》对股东出资予以验证", "subject_index": {"begin": 24, "end": 54}, "object_index": {"begin": 0, "end": 10}}]}
{"text": "2004年8月25日，浙江正大会计师事务所宁波分所出具了浙正大甬验字（2004）第1126号《验资报告》对股东出资予以验证，截至2004年8月23日止，弘讯有限已收到股东缴纳的以货币现金出资的第四期注册资本1，000，000.00美元，注册资本累计实收金额为3，500，000.00美元，占注册资本100%。股东RedFactor占变更后注册资本的100%。", "spo_list": [{"predicate": "出具日期", "object_type": "日期", "subject_type": "文件", "object": "2004年8月25日", "subject": "浙正大甬验字（2004）第1126号《验资报告》", "subject_index": {"begin": 28, "end": 52}, "object_index": {"begin": 0, "end": 10}}]}
{"text": "2011年9月7日，宁波市敬德资产评估有限责任公司出具了甬敬评字[2011]第129号评估报告，根据本次评估的资产特性，资产评估方法主要采用成本法和市场法。", "spo_list": [{"predicate": "出具日期", "object_type": "日期", "subject_type": "文件", "object": "2011年9月7日", "subject": "甬敬评字[2011]第129号评估报告", "subject_index": {"begin": 28, "end": 47}, "object_index": {"begin": 0, "end": 9}}]}
{"text": "2013年末货币资金同比增加4，000.96万元，增幅23.50%，主要原因是随着公司营业规模扩大，经营性现金净流量增加。", "spo_list": [{"predicate": "货币资金", "object_type": "金额", "subject_type": "日期", "object": "4，000.96万元", "subject": "2013年末", "subject_index": {"begin": 0, "end": 6}, "object_index": {"begin": 14, "end": 24}}]}
{"text": "2012年末应收票据余额较2011年末减少979.91万元，降幅10.90%，主要原因是加强了应收票据的管理，将更多的银行承兑汇票进行背书转让、支付购货款。", "spo_list": [{"predicate": "应收票据余额", "object_type": "金额", "subject_type": "日期", "object": "979.91万元", "subject": "2012年末", "subject_index": {"begin": 0, "end": 6}, "object_index": {"begin": 21, "end": 29}}]}
{"text": "2011年末、2012年末、2013年末以及2014年9月30日公司应收账款净额分别为7，160.70万元、7，760.25万元、10，618.76万元和13，581.21万元占当年末流动资产比重分别为15.82%、16.62%、19.46%和24.03%。", "spo_list": [{"predicate": "应收账款净额", "object_type": "金额", "subject_type": "日期", "object": "7，160.70万元", "subject": "2011年末", "subject_index": {"begin": 0, "end": 6}, "object_index": {"begin": 43, "end": 53}}, {"predicate": "应收账款净额", "object_type": "金额", "subject_type": "日期", "object": "7，760.25万元", "subject": "2012年末", "subject_index": {"begin": 7, "end": 13}, "object_index": {"begin": 54, "end": 64}}, {"predicate": "应收账款净额", "object_type": "金额", "subject_type": "日期", "object": "10，618.76万元和", "subject": "2013年末", "subject_index": {"begin": 14, "end": 20}, "object_index": {"begin": 65, "end": 77}}, {"predicate": "应收账款净额", "object_type": "金额", "subject_type": "日期", "object": "13，581.21万元", "subject": "2014年9月30日", "subject_index": {"begin": 22, "end": 32}, "object_index": {"begin": 77, "end": 88}}]}
{"text": "2013年末库存商品较2012年末增加392.04万元，增幅32.78%，主要原因是公司预计到2014年市场需求将增加，适当增加库存商品。", "spo_list": [{"predicate": "存货", "object_type": "金额", "subject_type": "日期", "object": "392.04万元", "subject": "2013年末", "subject_index": {"begin": 0, "end": 6}, "object_index": {"begin": 19, "end": 27}}]}
{"text": "2014年9月30日库存商品较2013年末增加618.05万元，增幅38.92%，主要原因是公司为了年底及时发货，适当增加库存商品。", "spo_list": [{"predicate": "存货", "object_type": "金额", "subject_type": "日期", "object": "618.05万元", "subject": "2014年9月30日", "subject_index": {"begin": 0, "end": 10}, "object_index": {"begin": 23, "end": 31}}]}
{"text": "发行人2011年末、2012年末、2013年末及2014年9月30日其他流动资产金额较小，分别为0万元、0万元、97.27万元和16.99万元，主要是将剩余摊销期在一年以内的长期待摊费用改列所致。", "spo_list": [{"predicate": "流动资产", "object_type": "金额", "subject_type": "日期", "object": "0万元", "subject": "2011年末", "subject_index": {"begin": 3, "end": 9}, "object_index": {"begin": 48, "end": 51}}, {"predicate": "流动资产", "object_type": "金额", "subject_type": "日期", "object": "0万元", "subject": "2012年末", "subject_index": {"begin": 10, "end": 16}, "object_index": {"begin": 52, "end": 55}}, {"predicate": "流动资产", "object_type": "金额", "subject_type": "日期", "object": "97.27万元", "subject": "2013年末", "subject_index": {"begin": 17, "end": 23}, "object_index": {"begin": 56, "end": 63}}, {"predicate": "流动资产", "object_type": "金额", "subject_type": "日期", "object": "16.99万元", "subject": "2014年9月30日", "subject_index": {"begin": 24, "end": 34}, "object_index": {"begin": 64, "end": 71}}]}
{"text": "2011年末、2012年末、2013年末及2014年9月30日长期待摊费用余额较小，分别为443.83万元、328.98万元、113.09万元和532.98万元，主要包括未摊销完毕的房屋租金、租赁资产改良支出。", "spo_list": [{"predicate": "长期待摊费用的余额", "object_type": "金额", "subject_type": "日期", "object": "443.83万元", "subject": "2011年末", "subject_index": {"begin": 0, "end": 6}, "object_index": {"begin": 45, "end": 53}}, {"predicate": "长期待摊费用的余额", "object_type": "金额", "subject_type": "日期", "object": "328.98万元、", "subject": "2012年末", "subject_index": {"begin": 7, "end": 13}, "object_index": {"begin": 54, "end": 63}}, {"predicate": "长期待摊费用", "object_type": "金额", "subject_type": "日期", "object": "113.09万元", "subject": "2013年末", "subject_index": {"begin": 14, "end": 20}, "object_index": {"begin": 63, "end": 71}}, {"predicate": "长期待摊费用的余额", "object_type": "金额", "subject_type": "日期", "object": "532.98万元", "subject": "2014年9月30日", "subject_index": {"begin": 21, "end": 31}, "object_index": {"begin": 72, "end": 80}}]}
{"text": "2011年末、2012年末、2013年末及2014年9月30日应付票据余额分别为652.22万元、442.83万元、1，779.77万元和2，556.72万元，占当年末负债的比重分别为3.69%、3.53%、11.03%和13.12%，2013年末、2014年9月30日应付票据余额较大的主要原因是公司为了改善现金流管理，向公司最主要的也是长期合作的供应商宁波菲仕运动控制技术有限公司开具了银行承兑汇票，截至2013年末、2014年9月30日向宁波菲仕运动控制技术有限公司开具了银行承兑汇票余额分别为1，314.68万元、1，808.85万元。", "spo_list": [{"predicate": "应付票据", "object_type": "金额", "subject_type": "日期", "object": "652.22万元", "subject": "2011年末", "subject_index": {"begin": 0, "end": 6}, "object_index": {"begin": 40, "end": 48}}, {"predicate": "应付票据", "object_type": "金额", "subject_type": "日期", "object": "442.83万元", "subject": "2012年末", "subject_index": {"begin": 7, "end": 13}, "object_index": {"begin": 49, "end": 57}}, {"predicate": "应付票据", "object_type": "金额", "subject_type": "日期", "object": "1，779.77万元", "subject": "2013年末", "subject_index": {"begin": 14, "end": 20}, "object_index": {"begin": 58, "end": 68}}, {"predicate": "应付票据", "object_type": "金额", "subject_type": "日期", "object": "2，556.72万元", "subject": "2014年9月30日", "subject_index": {"begin": 21, "end": 31}, "object_index": {"begin": 69, "end": 79}}]}
{"text": "2011年末、2012年末、2013年末及2014年9月30日应交税费余额分别为415.5万元、575.24万元、780.41万元和807.23万元，占年末负债的比重分别为2.35%、4.59%、4.84%和4.14%，主要为应交企业所得税，2014年9月30日应交税费余额较大原因是，随着公司营业规模的增加、盈利能力的增强，应交企业所得税、增值税余额较大；弘讯科技、弘讯软件2014年1-9月分别按照25%(预缴税率)、12.5%的税率预缴企业所得税，高于2013年15%、0%的企业所得税税率。", "spo_list": [{"predicate": "应交税费", "object_type": "金额", "subject_type": "日期", "object": "415.5万元", "subject": "2011年末", "subject_index": {"begin": 0, "end": 6}, "object_index": {"begin": 40, "end": 47}}, {"predicate": "应交税费", "object_type": "金额", "subject_type": "日期", "object": "575.24万元", "subject": "2012年末", "subject_index": {"begin": 7, "end": 13}, "object_index": {"begin": 48, "end": 56}}, {"predicate": "应交税费", "object_type": "金额", "subject_type": "日期", "object": "780.41万元", "subject": "2013年末", "subject_index": {"begin": 14, "end": 20}, "object_index": {"begin": 57, "end": 65}}, {"predicate": "应交税费", "object_type": "金额", "subject_type": "日期", "object": "807.23万元", "subject": "2014年9月30日", "subject_index": {"begin": 21, "end": 31}, "object_index": {"begin": 66, "end": 74}}]}
{"text": "2011年末、2012年末、2013年末及2014年9月30日一年内到期的非流动负债余额分别为259.40万元、153.94万元、151.31万元和94.20万元，一年内到期的非流动负债占当年末负债的比重分别为1.47%、1.23%、0.94%和0.48%，均是一年内到期的长期借款。", "spo_list": [{"predicate": "非流动负债", "object_type": "金额", "subject_type": "日期", "object": "259.40万元", "subject": "2011年末", "subject_index": {"begin": 0, "end": 6}, "object_index": {"begin": 47, "end": 55}}, {"predicate": "非流动负债", "object_type": "金额", "subject_type": "日期", "object": "153.94万元、", "subject": "2012年末", "subject_index": {"begin": 7, "end": 13}, "object_index": {"begin": 56, "end": 65}}, {"predicate": "非流动负债", "object_type": "金额", "subject_type": "日期", "object": "151.31万元", "subject": "2013年末", "subject_index": {"begin": 14, "end": 20}, "object_index": {"begin": 65, "end": 73}}, {"predicate": "非流动负债", "object_type": "金额", "subject_type": "日期", "object": "94.20万元", "subject": "2014年9月30日", "subject_index": {"begin": 21, "end": 31}, "object_index": {"begin": 74, "end": 81}}]}
{"text": "2012年末长期借款较上年末减少1，073.52万元，降幅73.27%，主要原因是公司当年提前偿还借款。", "spo_list": [{"predicate": "长期借款", "object_type": "金额", "subject_type": "日期", "object": "1，073.52万元", "subject": "2012年末", "subject_index": {"begin": 0, "end": 6}, "object_index": {"begin": 16, "end": 26}}]}
{"text": "2011年、2012年、2013年及2014年1-9月公允价值变动损益金额较小，分别为-36.59万元和24.85万元、10.73万元和0万元，均是由于公司为降低外汇风险，远期外汇交易产生的公允价值变动损益，具体内容参见本节之“二、", "spo_list": [{"predicate": "公允价值变动损益", "object_type": "金额", "subject_type": "日期", "object": "-36.59万元", "subject": "2011年", "subject_index": {"begin": 0, "end": 5}, "object_index": {"begin": 43, "end": 51}}, {"predicate": "公允价值变动损益", "object_type": "金额", "subject_type": "日期", "object": "24.85万元", "subject": "2012年", "subject_index": {"begin": 6, "end": 11}, "object_index": {"begin": 52, "end": 59}}, {"predicate": "公允价值变动损益", "object_type": "金额", "subject_type": "日期", "object": "10.73万元", "subject": "2013年", "subject_index": {"begin": 12, "end": 17}, "object_index": {"begin": 60, "end": 67}}, {"predicate": "公允价值变动损益", "object_type": "金额", "subject_type": "日期", "object": "0万元", "subject": "2014年1-9月", "subject_index": {"begin": 18, "end": 27}, "object_index": {"begin": 68, "end": 71}}]}
