{"text": "根据瑞华会计师于2019年1月10日出具的瑞华审字［2019］01460001号审计报告，公司截至2015年12月31日的净资产由521,708,226.60元调整至518,297,418.71元。", "spo_list": [{"predicate": "净资产账面价值", "object_type": "金额", "subject_type": "日期", "object": "521,708,226.60元", "subject": "截至2015年12月31日", "subject_index": {"begin": 47, "end": 60}, "object_index": {"begin": 65, "end": 80}}]}
{"text": "截至2018年12月31日，公司固定资产原值为21,217.57万元，账面价值为12,751.55万元，主要包括房屋及建筑物、机器设备、运输工具、电子设备和办公设备及其他等，", "spo_list": [{"predicate": "固定资产账面价值", "object_type": "金额", "subject_type": "日期", "object": "12,751.55万元", "subject": "截至2018年12月31日", "subject_index": {"begin": 0, "end": 13}, "object_index": {"begin": 40, "end": 51}}]}
{"text": "截至2017年末，公司货币资金较2016年末增加4,602.14万元，增幅为29.79%，主要系当期经营活动现金流量净额增加，以及购建长期资产、支付股利和利息综合所致。", "spo_list": [{"predicate": "货币资金", "object_type": "金额", "subject_type": "日期", "object": "4,602.14万元", "subject": "截至2017年末", "subject_index": {"begin": 0, "end": 8}, "object_index": {"begin": 24, "end": 34}}]}
{"text": "截至2018年末，公司货币资金较2017年末增加1,025.13万元，增幅为5.11%，主要系当期经营活动现金流量净额增加，以及购建长期资产、偿还融资租赁款项和支付利息综合所致。", "spo_list": [{"predicate": "货币资金", "object_type": "金额", "subject_type": "日期", "object": "1,025.13万元", "subject": "截至2018年末", "subject_index": {"begin": 0, "end": 8}, "object_index": {"begin": 24, "end": 34}}]}
{"text": "截至2017年末，公司应收票据余额较2016年末增加9,229.27万元，增幅为46.46%，主要系公司业务增长以及客户以票据结算的比例增大所致。截至2018年末，公司应收票据余额较2017年末增加7,375.62万元，增幅为25.35%，主要系公司业务增长所致。截至2016年末、2017年末及2018年末，公司应收票据账面价值占营业收入的比例分别为29.30%、37.91%及37.37%。", "spo_list": [{"predicate": "应收票据余额", "object_type": "金额", "subject_type": "日期", "object": "9,229.27万元", "subject": "截至2017年末", "subject_index": {"begin": 0, "end": 8}, "object_index": {"begin": 26, "end": 36}}]}
{"text": "报告期各期末，公司应收票据前五名客户主要为大型军工集团。截至2016年末、2017年末及2018年末，公司应收票据前五名客户账面余额合计分别为12,327.33万元、18,805.42万元及28,663.16万元，占应收票据账面余额的比例分别为62.05%、64.63%及78.59%。", "spo_list": [{"predicate": "应收票据余额", "object_type": "金额", "subject_type": "日期", "object": "12,327.33万元", "subject": "截至2016年末", "subject_index": {"begin": 28, "end": 36}, "object_index": {"begin": 71, "end": 82}}, {"predicate": "应收票据余额", "object_type": "金额", "subject_type": "日期", "object": "18,805.42万元", "subject": "2017年末", "subject_index": {"begin": 37, "end": 43}, "object_index": {"begin": 83, "end": 94}}, {"predicate": "应收票据余额", "object_type": "金额", "subject_type": "日期", "object": "28,663.16万元", "subject": "2018年末", "subject_index": {"begin": 44, "end": 50}, "object_index": {"begin": 95, "end": 106}}]}
{"text": "报告期内，公司预付款项主要为公司预付给供应商的货款和设备款。截至2016年末、2017年末及2018年末，公司的预付款项分别为2,265.23万元、1,780.32万元及1,319.02万元，分别占期末流动资产的2.62%、1.72%及1.06%，占比较低。", "spo_list": [{"predicate": "预付款项余额", "object_type": "金额", "subject_type": "日期", "object": "2,265.23万元", "subject": "截至2016年末", "subject_index": {"begin": 30, "end": 38}, "object_index": {"begin": 63, "end": 73}}, {"predicate": "预付款项余额", "object_type": "金额", "subject_type": "日期", "object": "1,780.32万元", "subject": "2017年末", "subject_index": {"begin": 39, "end": 45}, "object_index": {"begin": 74, "end": 84}}, {"predicate": "预付款项余额", "object_type": "金额", "subject_type": "日期", "object": "1,319.02万元", "subject": "2018年末", "subject_index": {"begin": 46, "end": 52}, "object_index": {"begin": 85, "end": 95}}]}
{"text": "截至2016年末、2017年末及2018年末，公司在建工程账面价值分别为122.15万元、642.24万元及4,426.56万元，占非流动资产的比例分别为0.76%、3.94%及20.80%。", "spo_list": [{"predicate": "在建工程账面价值", "object_type": "金额", "subject_type": "日期", "object": "122.15万元", "subject": "2016年末", "subject_index": {"begin": 2, "end": 8}, "object_index": {"begin": 36, "end": 44}}, {"predicate": "在建工程账面价值", "object_type": "金额", "subject_type": "日期", "object": "642.24万元", "subject": "2017年末", "subject_index": {"begin": 9, "end": 15}, "object_index": {"begin": 45, "end": 53}}, {"predicate": "在建工程账面价值", "object_type": "金额", "subject_type": "日期", "object": "4,426.56万元", "subject": "2018年末", "subject_index": {"begin": 16, "end": 22}, "object_index": {"begin": 54, "end": 64}}]}
{"text": "截至2016年末、2017年末及2018年末，公司无形资产账面价值分别为2,200.99万元、2,336.93万元及2,545.68万元，占非流动资产的比例分别为13.77%、14.33%及11.96%。截至2017年末，公司无形资产较2016年末增加135.94万元，主要系公司当年进行信息系统升级所致。截至2018年末，公司无形资产较2017年末增加208.76万元，主要系公司当年购置办公软件所致。", "spo_list": [{"predicate": "无形资产账面价值", "object_type": "金额", "subject_type": "日期", "object": "2,200.99万元", "subject": "2016年末", "subject_index": {"begin": 2, "end": 8}, "object_index": {"begin": 36, "end": 46}}, {"predicate": "无形资产账面价值", "object_type": "金额", "subject_type": "日期", "object": "2,336.93万元", "subject": "2017年末", "subject_index": {"begin": 9, "end": 15}, "object_index": {"begin": 47, "end": 57}}, {"predicate": "无形资产账面价值", "object_type": "金额", "subject_type": "日期", "object": "2,545.68万元", "subject": "2018年末", "subject_index": {"begin": 16, "end": 22}, "object_index": {"begin": 58, "end": 68}}]}
{"text": "报告期内，公司应付职工薪酬主要包括工资、奖金、五险一金等。截至2016年末、2017年末及2018年末，公司应付职工薪酬分别为2,911.51万元、2,820.10万元及3,915.10万元，占负债的比例分别为10.12%、8.49%及11.43%。", "spo_list": [{"predicate": "应付职工薪酬", "object_type": "金额", "subject_type": "日期", "object": "2,911.51万元", "subject": "截至2016年末", "subject_index": {"begin": 29, "end": 37}, "object_index": {"begin": 63, "end": 73}}, {"predicate": "应付职工薪酬", "object_type": "金额", "subject_type": "日期", "object": "2,820.10万元", "subject": "2017年末", "subject_index": {"begin": 38, "end": 44}, "object_index": {"begin": 74, "end": 84}}, {"predicate": "应付职工薪酬", "object_type": "金额", "subject_type": "日期", "object": "3,915.10万元", "subject": "2018年末", "subject_index": {"begin": 45, "end": 51}, "object_index": {"begin": 85, "end": 95}}]}
{"text": "截至2016年末、2017年末及2018年末，公司其他应付款分别为146.47万元、156.30万元及158.38万元，占负债的比例分别为0.51%、0.47%及0.46%。", "spo_list": [{"predicate": "其他应付款余额", "object_type": "金额", "subject_type": "日期", "object": "146.47万元", "subject": "2016年末", "subject_index": {"begin": 2, "end": 8}, "object_index": {"begin": 33, "end": 41}}, {"predicate": "其他应付款余额", "object_type": "金额", "subject_type": "日期", "object": "156.30万元", "subject": "2017年末", "subject_index": {"begin": 9, "end": 15}, "object_index": {"begin": 42, "end": 50}}, {"predicate": "其他应付款余额", "object_type": "金额", "subject_type": "日期", "object": "158.38万元", "subject": "2018年末", "subject_index": {"begin": 16, "end": 22}, "object_index": {"begin": 51, "end": 59}}]}
{"text": "截至2016年末、2017年末及2018年末，公司流动比率分别为3.12、3.12及3.63，速动比率分别为2.77、2.74及3.10，流动性状况良好，公司经营稳健，短期偿债能力较强。公司2017年末流动比率和速动比率与2016年末相比基本保持稳定。公司2018年末流动比率和速动比率较2017年末有所增长，主要系随着业务规模增长，经营利润增加使得公司应收款项及存货相应增加所致。", "spo_list": [{"predicate": "速动比率", "object_type": "日期", "subject_type": "比率", "object": "2016年末", "subject": "2.77", "subject_index": {"begin": 54, "end": 58}, "object_index": {"begin": 2, "end": 8}}, {"predicate": "速动比率", "object_type": "日期", "subject_type": "比率", "object": "2017年末", "subject": "2.74", "subject_index": {"begin": 59, "end": 63}, "object_index": {"begin": 9, "end": 15}}, {"predicate": "速动比率", "object_type": "日期", "subject_type": "比率", "object": "2018年末", "subject": "3.10", "subject_index": {"begin": 64, "end": 68}, "object_index": {"begin": 16, "end": 22}}]}
{"text": "2016年度、2017年度、2018年度，公司分别发生营业成本33,081.70万元、42,151.29万元及44,964.75万元。", "spo_list": [{"predicate": "总营业成本", "object_type": "金额", "subject_type": "日期", "object": "33,081.70万元", "subject": "2016年度", "subject_index": {"begin": 0, "end": 6}, "object_index": {"begin": 31, "end": 42}}, {"predicate": "总营业成本", "object_type": "金额", "subject_type": "日期", "object": "42,151.29万元", "subject": "2017年度", "subject_index": {"begin": 7, "end": 13}, "object_index": {"begin": 43, "end": 54}}, {"predicate": "总营业成本", "object_type": "金额", "subject_type": "日期", "object": "44,964.75万元", "subject": "2018年度", "subject_index": {"begin": 14, "end": 20}, "object_index": {"begin": 55, "end": 66}}]}
{"text": "2016年度、2017年度及2018年度，公司分别发生研发费用2,297.61万元、2,281.00万元及2,973.36万元。", "spo_list": [{"predicate": "研发费用", "object_type": "金额", "subject_type": "日期", "object": "2,297.61万元", "subject": "2016年度", "subject_index": {"begin": 0, "end": 6}, "object_index": {"begin": 31, "end": 41}}, {"predicate": "研发费用", "object_type": "金额", "subject_type": "日期", "object": "2,281.00万元", "subject": "2017年度", "subject_index": {"begin": 7, "end": 13}, "object_index": {"begin": 42, "end": 52}}, {"predicate": "研发费用", "object_type": "金额", "subject_type": "日期", "object": "2,973.36万元", "subject": "2018年度", "subject_index": {"begin": 14, "end": 20}, "object_index": {"begin": 53, "end": 63}}]}
{"text": "截至2018年12月31日，发行人无形资产账面净值为2,545.68万元，", "spo_list": [{"predicate": "无形资产", "object_type": "金额", "subject_type": "日期", "object": "2,545.68万元", "subject": "2018年12月31日", "subject_index": {"begin": 2, "end": 13}, "object_index": {"begin": 26, "end": 36}}]}
{"text": "截至2016年末、2017年末及2018年末，公司货币资金分别为15,448.64万元、20,050.78万元及21,075.90万元，占流动资产的比例分别为17.86%、19.42%及16.99%。", "spo_list": [{"predicate": "货币资金", "object_type": "金额", "subject_type": "日期", "object": "21,075.90万元", "subject": "2018年末", "subject_index": {"begin": 16, "end": 22}, "object_index": {"begin": 56, "end": 67}}, {"predicate": "货币资金", "object_type": "金额", "subject_type": "日期", "object": "20,050.78万元", "subject": "2017年末", "subject_index": {"begin": 9, "end": 15}, "object_index": {"begin": 44, "end": 55}}, {"predicate": "货币资金", "object_type": "金额", "subject_type": "日期", "object": "15,448.64万元", "subject": "2016年末", "subject_index": {"begin": 2, "end": 8}, "object_index": {"begin": 32, "end": 43}}]}
{"text": "2017年末的应收票据余额为29,095.06万元，截至2018年末，已托收解付24,558.45万元，已背书转让3,353.75万元，已贴现50.00万元，已转为应收账款186.68万元，处于托收在途状态946.18万元。", "spo_list": [{"predicate": "应收票据余额", "object_type": "金额", "subject_type": "日期", "object": "29,095.06万元", "subject": "2017年末", "subject_index": {"begin": 0, "end": 6}, "object_index": {"begin": 14, "end": 25}}]}
{"text": "截至2017年末，公司应收账款账面价值较2016年末增加791.80万元，增幅为1.99%，增幅较小主要原因为公司不断加强应收账款的管理工作，以及应收账款周转率相对较高的代理业务收入比重提升所致。", "spo_list": [{"predicate": "应收账款净额", "object_type": "金额", "subject_type": "日期", "object": "791.80万元", "subject": "2017年末", "subject_index": {"begin": 2, "end": 8}, "object_index": {"begin": 28, "end": 36}}]}
{"text": "报告期内，公司其他应收款主要由保证金及员工借款构成。截至2016年末、2017年末及2018年末，公司其他应收款分别为237.09万元、231.03万元及858.43万元，占流动资产的比例分别为0.27%、0.22%及0.69%，占比较低。", "spo_list": [{"predicate": "其他应收款净额", "object_type": "金额", "subject_type": "日期", "object": "858.43万元", "subject": "2018年末", "subject_index": {"begin": 42, "end": 48}, "object_index": {"begin": 77, "end": 85}}, {"predicate": "其他应收款净额", "object_type": "金额", "subject_type": "日期", "object": "231.03万元", "subject": "2017年末", "subject_index": {"begin": 35, "end": 41}, "object_index": {"begin": 68, "end": 76}}, {"predicate": "其他应收款净额", "object_type": "金额", "subject_type": "日期", "object": "237.09万元", "subject": "2016年末", "subject_index": {"begin": 28, "end": 34}, "object_index": {"begin": 59, "end": 67}}]}
{"text": "截至2016年末及2017年末，公司长期应收款分别为226.86万元及114.20万元，为公司固定资产融资租赁业务项下的保证金。2018年末，长期应收款随着融资租赁业务的完成已结清。", "spo_list": [{"predicate": "长期应收款", "object_type": "金额", "subject_type": "日期", "object": "114.20万元", "subject": "2017年末", "subject_index": {"begin": 9, "end": 15}, "object_index": {"begin": 35, "end": 43}}, {"predicate": "长期应收款", "object_type": "金额", "subject_type": "日期", "object": "226.86万元", "subject": "2016年末", "subject_index": {"begin": 2, "end": 8}, "object_index": {"begin": 26, "end": 34}}]}
{"text": "截至2018年末，公司在建工程较2017年末增加3,784.32万元，主要系公司对苏州生产基地建设持续投入及当年购置的部分生产设备尚未安装完毕所致。", "spo_list": [{"predicate": "在建工程账面价值", "object_type": "金额", "subject_type": "日期", "object": "3,784.32万元", "subject": "2018年末", "subject_index": {"begin": 2, "end": 8}, "object_index": {"begin": 24, "end": 34}}]}
{"text": "截至2016年末、2017年末及2018年末，公司负债总额分别为28,760.12万元、33,206.49万元及34,244.29万元。公司负债主要为流动负债，截至2016年末、2017年末及2018年末，公司流动负债占总负债的比重分别为96.29%、99.65%及99.87%，负债结构较为稳定。", "spo_list": [{"predicate": "流动负债", "object_type": "金额", "subject_type": "日期", "object": "34,244.29万元", "subject": "2018年末", "subject_index": {"begin": 16, "end": 22}, "object_index": {"begin": 56, "end": 67}}, {"predicate": "流动负债", "object_type": "金额", "subject_type": "日期", "object": "33,206.49万元", "subject": "2017年末", "subject_index": {"begin": 9, "end": 15}, "object_index": {"begin": 44, "end": 55}}, {"predicate": "流动负债", "object_type": "金额", "subject_type": "日期", "object": "28,760.12万元", "subject": "2016年末", "subject_index": {"begin": 2, "end": 8}, "object_index": {"begin": 32, "end": 43}}]}
{"text": "截至2016年末、2017年末及2018年末，公司应交税费分别为728.58万元、1,047.48万元及1,346.26万元，占当期负债的比例分别为2.53%、3.15%及3.93%。报告期各期末应交税费存在波动，主要系纳税义务与实际缴纳进度存在差异所致。", "spo_list": [{"predicate": "应交税费", "object_type": "金额", "subject_type": "日期", "object": "1,346.26万元", "subject": "2018年末", "subject_index": {"begin": 16, "end": 22}, "object_index": {"begin": 52, "end": 62}}, {"predicate": "应交税费", "object_type": "金额", "subject_type": "日期", "object": "1,047.48万元", "subject": "2017年末", "subject_index": {"begin": 9, "end": 15}, "object_index": {"begin": 41, "end": 51}}, {"predicate": "应交税费", "object_type": "金额", "subject_type": "日期", "object": "728.58万元", "subject": "2016年末", "subject_index": {"begin": 2, "end": 8}, "object_index": {"begin": 32, "end": 40}}]}
{"text": "截至2016年末及2017年末，公司一年内到期的非流动负债分别为854.00万元及950.98万元，主要为一年内到期的长期应付款。上述长期应付款为因融资租入固定资产而发生的应付融资租赁款，该笔款项已于2018年1月偿还。", "spo_list": [{"predicate": "非流动负债", "object_type": "金额", "subject_type": "日期", "object": "950.98万元", "subject": "2017年末", "subject_index": {"begin": 9, "end": 15}, "object_index": {"begin": 41, "end": 49}}, {"predicate": "非流动负债", "object_type": "金额", "subject_type": "日期", "object": "854.00万元", "subject": "2016年末", "subject_index": {"begin": 2, "end": 8}, "object_index": {"begin": 32, "end": 40}}]}
{"text": "截至2016年末、2017年末及2018年末，公司合并口径资产负债率分别为28.06%、27.78%及23.57%，母公司资产负债率分别为26.43%、24.28%及17.43%。报告期内，公司资产负债率较低，长期偿债能力较强。", "spo_list": [{"predicate": "资产负债率", "object_type": "日期", "subject_type": "比率", "object": "2018年末", "subject": "23.57%", "subject_index": {"begin": 51, "end": 57}, "object_index": {"begin": 16, "end": 22}}, {"predicate": "资产负债率", "object_type": "日期", "subject_type": "比率", "object": "2017年", "subject": "27.78%", "subject_index": {"begin": 44, "end": 50}, "object_index": {"begin": 9, "end": 14}}, {"predicate": "资产负债率", "object_type": "日期", "subject_type": "比率", "object": "2016年末", "subject": "28.06%", "subject_index": {"begin": 37, "end": 43}, "object_index": {"begin": 2, "end": 8}}]}
{"text": "2016年度、2017年度及2018年度，公司分别发生主营业务成本33,013.94万元、42,042.25万元及44,865.69万元。其中，2017年度公司主营业务成本较2016年度增加9,028.31万元，增幅为27.35%，2018年度公司主营业务成本较2017年度增加2,823.44万元，增幅为6.72%，成本增长与主营业务收入增长趋势基本一致。", "spo_list": [{"predicate": "主营业务成本", "object_type": "金额", "subject_type": "日期", "object": "44,865.69万元", "subject": "2018年度", "subject_index": {"begin": 14, "end": 20}, "object_index": {"begin": 57, "end": 68}}, {"predicate": "主营业务成本", "object_type": "金额", "subject_type": "日期", "object": "42,042.25万元", "subject": "2017年度", "subject_index": {"begin": 7, "end": 13}, "object_index": {"begin": 45, "end": 56}}, {"predicate": "主营业务成本", "object_type": "金额", "subject_type": "日期", "object": "33,013.94万元", "subject": "2016年度", "subject_index": {"begin": 0, "end": 6}, "object_index": {"begin": 33, "end": 44}}, {"predicate": "主营业务成本", "object_type": "金额", "subject_type": "日期", "object": "9,028.31万元", "subject": "2017年", "subject_index": {"begin": 72, "end": 77}, "object_index": {"begin": 95, "end": 105}}]}
{"text": "2017年度公司自产业务毛利为24,632.55万元，较2016年度下降1,846.20万元。", "spo_list": []}
{"text": "2018年度，公司实现主营业务毛利47,164.32万元，较2017年度增长50.30%，", "spo_list": [{"predicate": "毛利额", "object_type": "金额", "subject_type": "日期", "object": "47,164.32万元", "subject": "2018年度", "subject_index": {"begin": 0, "end": 6}, "object_index": {"begin": 17, "end": 28}}]}
{"text": "2016年5月12日，元六有限股东会通过决议，以全体股东为发起人将元六有限整体变更为股份公司，以元六有限截至2015年12月31日经审计的净资产账面值521,708,226.60元为基础，按1:0.2300的比例折合成股份公司股本120,000,000股，每股面值人民币1元，其余401,708,226.60元计入资本公积。", "spo_list": [{"predicate": "净资产账面价值", "object_type": "金额", "subject_type": "日期", "object": "521,708,226.60元", "subject": "2015年12月31日", "subject_index": {"begin": 54, "end": 65}, "object_index": {"begin": 75, "end": 90}}]}
{"text": "截至2018年12月31日，公司应交税费为1,346.26万元，主要为应交增值税及企业所得税等。", "spo_list": [{"predicate": "应交税费", "object_type": "金额", "subject_type": "日期", "object": "1,346.26万元", "subject": "2018年12月31日", "subject_index": {"begin": 2, "end": 13}, "object_index": {"begin": 21, "end": 31}}]}
{"text": "应收票据均为因销售货物而收取的银行承兑汇票和商业承兑汇票。2016年末、2017年末及2018年末，公司应收票据余额分别为19,865.79万元、29,095.06万元及36,470.68万元，其中商业承兑汇票占应收票据的比例分别为76.45%、68.17%及76.68%，占比相对较高。", "spo_list": [{"predicate": "应付票据", "object_type": "金额", "subject_type": "日期", "object": "19,865.79万元", "subject": "2016年末", "subject_index": {"begin": 29, "end": 35}, "object_index": {"begin": 61, "end": 72}}, {"predicate": "应收票据", "object_type": "金额", "subject_type": "日期", "object": "29,095.06万元", "subject": "2017年末", "subject_index": {"begin": 36, "end": 42}, "object_index": {"begin": 73, "end": 84}}, {"predicate": "应收票据", "object_type": "金额", "subject_type": "日期", "object": "36,470.68万元", "subject": "2018年末", "subject_index": {"begin": 43, "end": 49}, "object_index": {"begin": 85, "end": 96}}]}
{"text": "截至2018末，公司应收账款账面价值较2017年末增加7,600.46万元，增幅为18.74%，小于当期营业收入增长幅度，主要系随着业务增长而相应增加。", "spo_list": [{"predicate": "其他应收账款账面价值", "object_type": "金额", "subject_type": "日期", "object": "7,600.46万元", "subject": "2018末", "subject_index": {"begin": 2, "end": 7}, "object_index": {"begin": 27, "end": 37}}]}
{"text": "截至2016年末、2017年末及2018年末，公司非流动资产合计分别为15,984.90万元、16,313.24万元及21,280.70万元，主要由固定资产、在建工程及无形资产构成。报告期内，上述三类资产合计占非流动资产的比例分别为94.05%、94.90%及92.68%。", "spo_list": [{"predicate": "非流动资产", "object_type": "金额", "subject_type": "日期", "object": "15,984.90万元", "subject": "2016年末", "subject_index": {"begin": 2, "end": 8}, "object_index": {"begin": 35, "end": 46}}, {"predicate": "非流动资产", "object_type": "金额", "subject_type": "日期", "object": "16,313.24万元", "subject": "2017年末", "subject_index": {"begin": 9, "end": 15}, "object_index": {"begin": 47, "end": 58}}, {"predicate": "非流动资产", "object_type": "金额", "subject_type": "日期", "object": "21,280.70万元", "subject": "2018年末", "subject_index": {"begin": 16, "end": 22}, "object_index": {"begin": 59, "end": 70}}]}
{"text": "截至2017年末，公司在建工程较2016年末增加520.08万元，主要系公司当年进行信息系统升级及苏州生产基地开工建设所致。", "spo_list": [{"predicate": "在建工程账面价值", "object_type": "金额", "subject_type": "日期", "object": "520.08万元", "subject": "2017年末", "subject_index": {"begin": 2, "end": 8}, "object_index": {"begin": 24, "end": 32}}]}
{"text": "截至2016年末、2017年末及2018年末，公司其他非流动资产分别为0.00万元、0.00万元及334.78万元。", "spo_list": [{"predicate": "非流动资产", "object_type": "金额", "subject_type": "日期", "object": "0.00万元", "subject": "2016年末", "subject_index": {"begin": 2, "end": 8}, "object_index": {"begin": 35, "end": 41}}, {"predicate": "非流动资产", "object_type": "金额", "subject_type": "日期", "object": "0.00万元", "subject": "2017年末", "subject_index": {"begin": 9, "end": 15}, "object_index": {"begin": 42, "end": 48}}, {"predicate": "非流动资产", "object_type": "金额", "subject_type": "日期", "object": "334.78万元", "subject": "2018年末", "subject_index": {"begin": 16, "end": 22}, "object_index": {"begin": 49, "end": 57}}]}
{"text": "截至2016年末、2017年末及2018年末，公司应付账款分别为3,264.89万元、6,573.83万元及7,093.68万元，占负债的比例分别为11.35%、19.80%及20.71%。", "spo_list": [{"predicate": "应付账款", "object_type": "金额", "subject_type": "日期", "object": "3,264.89万元", "subject": "2016年末", "subject_index": {"begin": 2, "end": 8}, "object_index": {"begin": 32, "end": 42}}, {"predicate": "应付账款", "object_type": "金额", "subject_type": "日期", "object": "6,573.83万元", "subject": "2017年末", "subject_index": {"begin": 9, "end": 15}, "object_index": {"begin": 43, "end": 53}}, {"predicate": "应付账款", "object_type": "金额", "subject_type": "日期", "object": "7,093.68万元", "subject": "2018年末", "subject_index": {"begin": 16, "end": 22}, "object_index": {"begin": 54, "end": 64}}]}
{"text": "截至2016年末及2017年末，公司长期应付款分别为1,067.00万元及116.02万元。上述长期应付款为因融资租入固定资产而发生的应付融资租赁款，该笔款项已于2018年1月偿还。", "spo_list": [{"predicate": "长期应付款", "object_type": "金额", "subject_type": "日期", "object": "1,067.00万元", "subject": "2016年末", "subject_index": {"begin": 2, "end": 8}, "object_index": {"begin": 26, "end": 36}}, {"predicate": "长期应付款", "object_type": "金额", "subject_type": "日期", "object": "116.02万元", "subject": "2017年末", "subject_index": {"begin": 9, "end": 15}, "object_index": {"begin": 37, "end": 45}}]}
{"text": "2016年度、2017年度及2018年度，公司存货周转率分别为3.77次、3.80次及2.96次。", "spo_list": [{"predicate": "存货周转率", "object_type": "日期", "subject_type": "比率", "object": "2016年度", "subject": "3.77次", "subject_index": {"begin": 31, "end": 36}, "object_index": {"begin": 0, "end": 6}}, {"predicate": "存货周转率", "object_type": "日期", "subject_type": "比率", "object": "2017年度", "subject": "3.80次", "subject_index": {"begin": 37, "end": 42}, "object_index": {"begin": 7, "end": 13}}, {"predicate": "存货周转率", "object_type": "日期", "subject_type": "比率", "object": "2018年度", "subject": "2.96次", "subject_index": {"begin": 43, "end": 48}, "object_index": {"begin": 14, "end": 20}}]}
{"text": "2016年度、2017年度及2018年度，公司期间费用分别为16,821.76万元、16,975.38万元及18,712.36万元，占营业收入比例分别为25.79%、23.04%及20.26%。随着公司营业收入增长较快，同时加强费用管理，期间费用率呈逐渐下降趋势，主要期间费用项目的变化趋势与实际业务发生情况一致。", "spo_list": [{"predicate": "期间费用", "object_type": "金额", "subject_type": "日期", "object": "16,821.76万元", "subject": "2016年度", "subject_index": {"begin": 0, "end": 6}, "object_index": {"begin": 30, "end": 41}}, {"predicate": "期间费用", "object_type": "金额", "subject_type": "日期", "object": "16,975.38万元", "subject": "2017年度", "subject_index": {"begin": 7, "end": 13}, "object_index": {"begin": 42, "end": 53}}, {"predicate": "期间费用", "object_type": "金额", "subject_type": "日期", "object": "18,712.36万元", "subject": "2018年度", "subject_index": {"begin": 14, "end": 20}, "object_index": {"begin": 54, "end": 65}}]}
{"text": "公司自有资金参考公司2018年末的货币资金为21,075.90万元，现有流动资金贷款参考公司2018年末短期借款为21,260.00万元，其他渠道提供的营运资金参考公司2018年末其他应付款和其他应收款之差为-700.05万元。", "spo_list": [{"predicate": "货币资金", "object_type": "金额", "subject_type": "日期", "object": "21,075.90万元", "subject": "2018年末", "subject_index": {"begin": 10, "end": 16}, "object_index": {"begin": 22, "end": 33}}, {"predicate": "短期借款", "object_type": "金额", "subject_type": "日期", "object": "21,260.00万元，", "subject": "2018年末", "subject_index": {"begin": 46, "end": 52}, "object_index": {"begin": 57, "end": 69}}]}
{"text": "截至2018年12月31日，公司应付账款为7,093.68万元，均为应支付供应商的款项。", "spo_list": [{"predicate": "应付账款余额", "object_type": "金额", "subject_type": "日期", "object": "7,093.68万元", "subject": "2018年12月31日", "subject_index": {"begin": 2, "end": 13}, "object_index": {"begin": 21, "end": 31}}]}
{"text": "截至2016年末、2017年末及2018年末，公司应收账款账面价值分别为39,763.94万元、40,555.74万元及48,156.20万元，各期末应收账款占流动资产比例分别为45.97%、39.29%及38.83%，占营业收入的比例分别为60.98%、55.05%及52.15%。", "spo_list": [{"predicate": "应收帐款账面价值", "object_type": "金额", "subject_type": "日期", "object": "39,763.94万元", "subject": "2016年末", "subject_index": {"begin": 2, "end": 8}, "object_index": {"begin": 36, "end": 47}}, {"predicate": "应收帐款账面价值", "object_type": "金额", "subject_type": "日期", "object": "40,555.74万元", "subject": "2017年末", "subject_index": {"begin": 9, "end": 15}, "object_index": {"begin": 48, "end": 59}}, {"predicate": "应收帐款账面价值", "object_type": "金额", "subject_type": "日期", "object": "48,156.20万元", "subject": "2018年末", "subject_index": {"begin": 16, "end": 22}, "object_index": {"begin": 60, "end": 71}}]}
{"text": "截至2016年末、2017年末及2018年末，公司应收账款前五名客户账面余额合计分别为17,958.41万元、18,932.82万元及27,919.53万元，占应收账款账面余额比例分别为42.89%、44.42%及54.83%，未对任一客户形成重大依赖。", "spo_list": [{"predicate": "应收帐款账面价值", "object_type": "金额", "subject_type": "日期", "object": "17,958.41万元", "subject": "2016年末", "subject_index": {"begin": 2, "end": 8}, "object_index": {"begin": 43, "end": 54}}, {"predicate": "应收帐款账面价值", "object_type": "金额", "subject_type": "日期", "object": "18,932.82万元", "subject": "2017年末", "subject_index": {"begin": 9, "end": 15}, "object_index": {"begin": 55, "end": 66}}, {"predicate": "应收帐款账面价值", "object_type": "金额", "subject_type": "日期", "object": "27,919.53万元", "subject": "2018年末", "subject_index": {"begin": 16, "end": 22}, "object_index": {"begin": 67, "end": 78}}]}
{"text": "截至2016年末、2017年末及2018年末，公司固定资产账面价值分别为12,710.16万元、12,502.33万元及12,751.55万元，分别占当期非流动资产的79.51%、76.64%及59.92%。", "spo_list": [{"predicate": "固定资产账面价值", "object_type": "金额", "subject_type": "日期", "object": "12,710.16万元", "subject": "2016年末", "subject_index": {"begin": 2, "end": 8}, "object_index": {"begin": 36, "end": 47}}, {"predicate": "固定资产账面价值", "object_type": "金额", "subject_type": "日期", "object": "12,502.33万元", "subject": "2017年末", "subject_index": {"begin": 9, "end": 15}, "object_index": {"begin": 48, "end": 59}}, {"predicate": "固定资产账面价值", "object_type": "金额", "subject_type": "日期", "object": "12,751.55万元", "subject": "2018年末", "subject_index": {"begin": 16, "end": 22}, "object_index": {"begin": 60, "end": 71}}]}
{"text": "截至2016年末、2017年末及2018年末，公司递延所得税资产分别为562.94万元、645.62万元及1,219.09万元。", "spo_list": [{"predicate": "递延所得税资产", "object_type": "金额", "subject_type": "日期", "object": "562.94万元", "subject": "2016年末", "subject_index": {"begin": 2, "end": 8}, "object_index": {"begin": 35, "end": 43}}, {"predicate": "递延所得税资产", "object_type": "金额", "subject_type": "日期", "object": "645.62万元", "subject": "2017年末", "subject_index": {"begin": 9, "end": 15}, "object_index": {"begin": 44, "end": 52}}, {"predicate": "递延所得税资产", "object_type": "金额", "subject_type": "日期", "object": "1,219.09万元", "subject": "2018年末", "subject_index": {"begin": 16, "end": 22}, "object_index": {"begin": 53, "end": 63}}]}
{"text": "截至2016年末、2017年末及2018年末，公司预收款项分别为167.68万元、461.78万元及425.32万元，占当期负债的比例分别为0.58%、1.39%及1.24%，占比较低。", "spo_list": [{"predicate": "预收款项余额", "object_type": "金额", "subject_type": "日期", "object": "167.68万元", "subject": "2016年末", "subject_index": {"begin": 2, "end": 8}, "object_index": {"begin": 32, "end": 40}}, {"predicate": "预收款项余额", "object_type": "金额", "subject_type": "日期", "object": "461.78万元", "subject": "2017年末", "subject_index": {"begin": 9, "end": 15}, "object_index": {"begin": 41, "end": 49}}, {"predicate": "预收款项余额", "object_type": "金额", "subject_type": "日期", "object": "425.32万元", "subject": "2018年末", "subject_index": {"begin": 16, "end": 22}, "object_index": {"begin": 50, "end": 58}}]}
{"text": "2016年度、2017年度及2018年度，公司息税折旧摊销前利润分别为17,172.51万元、17,547.26万元及29,188.54万元，公司息税折旧摊销前利润较高。2016年度、2017年度及2018年度，公司利息保障倍数分别为11.19倍、16.14倍及22.54倍。", "spo_list": [{"predicate": "息税折旧摊销前利润", "object_type": "金额", "subject_type": "日期", "object": "17,172.51万元", "subject": "2016年度", "subject_index": {"begin": 0, "end": 6}, "object_index": {"begin": 35, "end": 46}}, {"predicate": "息税折旧摊销前利润", "object_type": "金额", "subject_type": "日期", "object": "17,547.26万元", "subject": "2017年度", "subject_index": {"begin": 7, "end": 13}, "object_index": {"begin": 47, "end": 58}}, {"predicate": "息税折旧摊销前利润", "object_type": "金额", "subject_type": "日期", "object": "29,188.54万元", "subject": "2018年度", "subject_index": {"begin": 14, "end": 20}, "object_index": {"begin": 59, "end": 70}}]}
{"text": "2017年度公司毛利为31,380.04万元，较2016年度下降496.61万元，主要系自产业务毛利下降所致。", "spo_list": [{"predicate": "毛利额", "object_type": "金额", "subject_type": "日期", "object": "31,380.04万元", "subject": "2017年度", "subject_index": {"begin": 0, "end": 6}, "object_index": {"begin": 11, "end": 22}}]}
{"text": "2017年度公司期间费用为16,975.38万元，较2016年度上升153.62万元，主要系随着公司业务规模增长，期间费用有所上升所致。", "spo_list": [{"predicate": "期间费用", "object_type": "金额", "subject_type": "日期", "object": "16,975.38万元", "subject": "2017年度", "subject_index": {"begin": 0, "end": 6}, "object_index": {"begin": 13, "end": 24}}]}
