{"text": "1993年8月2日，汕头经济特区立信会计师事务所出具《验资证明书》（汕特立会验字[93]第013号），验证截至1993年7月31日止，公司已收到股东郑丽珊缴纳的注册资本美元101，461.40元，折合人民币578，906.60元。其中，货币出资美元5万元，折合人民币284，705.00元；实物（轿车）出资港元39.80万元，折合人民币294，201.60元。", "spo_list": [{"predicate": "出具日期", "object_type": "日期", "subject_type": "文件", "object": "1993年8月2日", "subject": "《验资证明书》（汕特立会验字[93]第013号）", "subject_index": {"begin": 26, "end": 50}, "object_index": {"begin": 0, "end": 9}}, {"predicate": "截止日期", "object_type": "日期", "subject_type": "报告", "object": "1993年8月2日", "subject": "《验资证明书》（汕特立会验字[93]第013号）", "subject_index": {"begin": 26, "end": 50}, "object_index": {"begin": 0, "end": 9}}]}
{"text": "1996年3月26日，汕头商海会计师事务所出具《验资报告》（汕商会外验字[96]第024号），经其审验，公司已收到股东郑丽珊缴纳的第三期注册资本美元284，603.60元，全部为货币出资。至此，公司累计实收资本为美元80万元，注册资本全部到位。", "spo_list": [{"predicate": "出具日期", "object_type": "日期", "subject_type": "文件", "object": "1996年3月26日", "subject": "《验资报告》（汕商会外验字[96]第024号）", "subject_index": {"begin": 23, "end": 46}, "object_index": {"begin": 0, "end": 10}}, {"predicate": "截止日期", "object_type": "日期", "subject_type": "报告", "object": "1996年3月26日", "subject": "《验资报告》（汕商会外验字[96]第024号）", "subject_index": {"begin": 23, "end": 46}, "object_index": {"begin": 0, "end": 10}}]}
{"text": "2011年1月19日，汕头市纵横会计师事务所对本次增资出具《验资报告》（纵横验字（2011）第034号），验证截至2011年1月19日止，公司已收到陈雁升、杨时青、马丽芳、梁捷兰、宋福、恒复投资、黄灏、陈校、黄庄泽、徐兴泽、吴先俊、陈树龙、林育平、王建龙和宋永围缴纳的新增注册资本合计17，698，123.76元，全部为货币出资。公司变更后的累计注册资本实收金额为70，004，648.49元。", "spo_list": [{"predicate": "出具日期", "object_type": "日期", "subject_type": "文件", "object": "2011年1月19日", "subject": "《验资报告》（纵横验字（2011）第034号）", "subject_index": {"begin": 29, "end": 52}, "object_index": {"begin": 0, "end": 10}}, {"predicate": "截止日期", "object_type": "日期", "subject_type": "报告", "object": "2011年1月19日止", "subject": "《验资报告》（纵横验字（2011）第034号）", "subject_index": {"begin": 29, "end": 52}, "object_index": {"begin": 57, "end": 68}}]}
{"text": "陈雁升，1970年11月出生，中国国籍，拥有境外永久居留权，中山大学管理学院EMBA。2000年5月创办广东星辉塑胶实业有限公司并任总经理，现任星辉互动娱乐股份有限公司董事长、总经理，广东星辉天拓互动娱乐有限公司董事长，福建星辉婴童用品有限公司董事长，兼任中国上市公司协会常务理事、中国轻工进出口商会玩具分会副会长等职务。", "spo_list": [{"predicate": "任职日期", "object_type": "日期", "subject_type": "人物", "object": "2000年5月", "subject": "陈雁升", "subject_index": {"begin": 0, "end": 3}, "object_index": {"begin": 43, "end": 50}}]}
{"text": "梁捷兰已于2013年9月将其所持发行人股权全部转让予陈雁升，其在作为发行人股东期间的从业经历，具体如下：梁捷兰，1983年5月出生，中国国籍，无境外永久居留权，身份证号码为44182119830511****，住所在广东省佛岗县，自2006年至2013年9月在广州市三金有限公司任职，历任专营店店长、业务主管、采购部副经理。", "spo_list": [{"predicate": "任职日期", "object_type": "日期", "subject_type": "人物", "object": "2006年至2013年9月", "subject": "梁捷兰", "subject_index": {"begin": 0, "end": 3}, "object_index": {"begin": 116, "end": 129}}]}
{"text": "刘强，男，1972年8月出生，中国国籍，无境外永久居留权，身份证号码为51302719720815****，住所在北京市。自2008年9月至今担任恒复投资执行董事、总经理。", "spo_list": [{"predicate": "任职日期", "object_type": "日期", "subject_type": "人物", "object": "2008年9月至今", "subject": "刘强", "subject_index": {"begin": 0, "end": 2}, "object_index": {"begin": 62, "end": 71}}]}
{"text": "黄灏已于2013年9月将其所持发行人股权全部转让予宋福，其在作为发行人股东期间的从业经历，具体如下：黄灏，1986年9月出生，中国国籍，无境外永久居留权，身份证号码为44050719860924****，住所在广东省汕头市，2010年4月至2013年9月担任广东锋沅投资有限公司执行董事兼总经理。", "spo_list": [{"predicate": "任职日期", "object_type": "日期", "subject_type": "人物", "object": "2010年4月至2013年9月", "subject": "黄灏已", "subject_index": {"begin": 0, "end": 3}, "object_index": {"begin": 112, "end": 127}}]}
{"text": "陈校，1982年8月出生，中国国籍，无境外永久居留权，身份证号码为44050719820827****，住所在广州市天河区，2005年创办汕头市中客科技信息有限公司并担任执行董事，2011年创办汕头市尚格贸易有限公司并担任执行董事兼总经理。", "spo_list": [{"predicate": "任职日期", "object_type": "日期", "subject_type": "人物", "object": "2005年", "subject": "陈校", "subject_index": {"begin": 0, "end": 2}, "object_index": {"begin": 62, "end": 67}}, {"predicate": "任职日期", "object_type": "日期", "subject_type": "人物", "object": "2011年", "subject": "陈校", "subject_index": {"begin": 0, "end": 2}, "object_index": {"begin": 90, "end": 95}}]}
{"text": "1993年8月2日，汕头经济特区立信会计师事务所对宏辉有限设立时股东第一期投入的注册资金进行验证，并出具了《验资证明书》（汕特立会验字[93]第013号），证实：截至1993年7月31日止，公司已收到股东郑丽珊投入资本101，461.40美元。", "spo_list": [{"predicate": "出具日期", "object_type": "日期", "subject_type": "文件", "object": "1993年8月2日", "subject": "《验资证明书》（汕特立会验字[93]第013号）", "subject_index": {"begin": 53, "end": 77}, "object_index": {"begin": 0, "end": 9}}, {"predicate": "截止日期", "object_type": "日期", "subject_type": "报告", "object": "截至1993年7月31日止", "subject": "《验资证明书》（汕特立会验字[93]第013号）", "subject_index": {"begin": 53, "end": 77}, "object_index": {"begin": 81, "end": 94}}]}
{"text": "2010年11月18日，正中珠江出具了《实收外币资本汇率折算鉴证报告》（广会所专字[2010]第10005010041号），证实：截至2010年9月30日，公司的实收外币资本折成人民币金额为11，306，524.73元。", "spo_list": [{"predicate": "出具日期", "object_type": "日期", "subject_type": "文件", "object": "2010年11月18日", "subject": "《实收外币资本汇率折算鉴证报告》（广会所专字[2010]第10005010041号）", "subject_index": {"begin": 19, "end": 61}, "object_index": {"begin": 0, "end": 11}}, {"predicate": "截止日期", "object_type": "日期", "subject_type": "报告", "object": "截至2010年9月30日", "subject": "《实收外币资本汇率折算鉴证报告》（广会所专字[2010]第10005010041号）", "subject_index": {"begin": 19, "end": 61}, "object_index": {"begin": 65, "end": 77}}]}
{"text": "2011年3月21日，正中珠江出具了《验资报告》（广会所验字[2011]第10005010121号）。根据该《验资报告》的审验结果，公司已将经审计的截至2011年1月31日的净资产163，063，613.04元中的100，000，000.00元折为100，000，000.00股，剩余部分计入资本公积，整体变更设立股份公司。", "spo_list": [{"predicate": "出具日期", "object_type": "日期", "subject_type": "文件", "object": "2011年3月21日", "subject": "《验资报告》（广会所验字[2011]第10005010121号）", "subject_index": {"begin": 18, "end": 50}, "object_index": {"begin": 0, "end": 10}}, {"predicate": "截止日期", "object_type": "日期", "subject_type": "报告", "object": "2011年1月31日", "subject": "《验资报告》（广会所验字[2011]第10005010121号）", "subject_index": {"begin": 18, "end": 50}, "object_index": {"begin": 76, "end": 86}}]}
{"text": "黄俊辉：董事长，男，1963年4月出生，中国国籍，无境外永久居留权，毕业于汕头大学，曾任佛山三水乐平中心卫生院、汕头市中心医院医生。1992年起担任宏辉有限执行董事、总经理，现任公司的董事长、总经理，兼任中国食品土畜进出口商会会员、中国果品流通协会副会长。", "spo_list": [{"predicate": "任职日期", "object_type": "日期", "subject_type": "人物", "object": "1992年", "subject": "黄俊辉", "subject_index": {"begin": 0, "end": 3}, "object_index": {"begin": 66, "end": 71}}]}
{"text": "徐兴泽：董事，男，1979年8月出生，中国国籍，无境外永久居留权，本科学历，自2000年8月起任职于发行人，历任业务经理，现任发行人董事兼副总经理，以及烟台宏辉总经理；兼任莱阳市工商联果业商会副会长。", "spo_list": [{"predicate": "任职日期", "object_type": "日期", "subject_type": "人物", "object": "2000年8月", "subject": "徐兴泽", "subject_index": {"begin": 0, "end": 3}, "object_index": {"begin": 39, "end": 46}}]}
{"text": "张昭其：独立董事，男，1965年3月出生，中国国籍，无境外永久居留权，博士研究生学历，教授、博士生导师；曾任职于广东省中山市水果办公室，现任华南农业大学园艺学院教授；兼任南方园艺产品保鲜教育部工程研究中心主任、广东省植物生理学会常务理事；2011年11月起任发行人独立董事。", "spo_list": [{"predicate": "研究生", "object_type": "学历", "subject_type": "人物", "object": "博士研究生学历", "subject": "张昭其", "subject_index": {"begin": 0, "end": 3}, "object_index": {"begin": 35, "end": 42}}]}
{"text": "纪粉萍：监事，女，1984年11月出生，中国国籍，无境外永久居留权，大专学历，2007年7月至今，担任发行人国际商务部经理，2011年10月起兼任发行人监事", "spo_list": [{"predicate": "大专", "object_type": "学历", "subject_type": "人物", "object": "大专", "subject": "纪粉萍", "subject_index": {"begin": 0, "end": 3}, "object_index": {"begin": 34, "end": 36}}]}
{"text": "宋永围：副总经理，男，1979年10月出生，中国国籍，无境外永久居留权，本科学历，2000年9月起在发行人任职，历任业务经理，2011年3月起任发行人副总经理。", "spo_list": [{"predicate": "任职日期", "object_type": "日期", "subject_type": "人物", "object": "2000年9月", "subject": "宋永围", "subject_index": {"begin": 0, "end": 3}, "object_index": {"begin": 41, "end": 48}}]}
{"text": "王建龙：副总经理，男，1977年1月出生，中国国籍，无境外永久居留权，1995年6月毕业于惠来县第二中学，1999年3月起任职于发行人，历任业务员、采购经理，2012年1月起任发行人副总经理；2010年9月至今任广州正通总经理。", "spo_list": [{"predicate": "任职日期", "object_type": "日期", "subject_type": "人物", "object": "1999年3月", "subject": "王建龙", "subject_index": {"begin": 0, "end": 3}, "object_index": {"begin": 53, "end": 60}}]}
{"text": "2014年3月28日，公司第二届董事会第一次会议选举黄俊辉先生继续担任公司董事长。", "spo_list": [{"predicate": "任职日期", "object_type": "日期", "subject_type": "人物", "object": "2014年3月28日", "subject": "黄俊辉", "subject_index": {"begin": 26, "end": 29}, "object_index": {"begin": 0, "end": 10}}]}
{"text": "2011年3月15日，公司职工代表大会选举郑晓璇作为第一届监事会职工代表监事。2011年3月21日，公司召开创立大会，会议选举吴先俊和林育平为第一届监事会监事，与职工代表监事郑晓璇共同组成公司第一届监事会。同日，公司召开第一届监事会第一次会议，会议审议通过了选举吴先俊为发行人第一届监事会主席的决议。", "spo_list": [{"predicate": "任职日期", "object_type": "日期", "subject_type": "人物", "object": "2011年3月15日", "subject": "郑晓璇", "subject_index": {"begin": 21, "end": 24}, "object_index": {"begin": 0, "end": 10}}, {"predicate": "任职日期", "object_type": "日期", "subject_type": "人物", "object": "2011年3月21日", "subject": "吴先俊", "subject_index": {"begin": 63, "end": 66}, "object_index": {"begin": 39, "end": 49}}, {"predicate": "任职日期", "object_type": "日期", "subject_type": "人物", "object": "2011年3月21日", "subject": "林育平", "subject_index": {"begin": 67, "end": 70}, "object_index": {"begin": 39, "end": 49}}]}
{"text": "2014年3月17日，公司2014年第一次临时股东大会选举吴先俊、林育平继续担任监事，与职工代表监事纪粉萍共同组成新一届监事会", "spo_list": [{"predicate": "任职日期", "object_type": "日期", "subject_type": "人物", "object": "2014年3月17日", "subject": "吴先俊", "subject_index": {"begin": 29, "end": 32}, "object_index": {"begin": 0, "end": 10}}, {"predicate": "任职日期", "object_type": "日期", "subject_type": "人物", "object": "2014年3月17日", "subject": "林育平", "subject_index": {"begin": 33, "end": 36}, "object_index": {"begin": 0, "end": 10}}, {"predicate": "任职日期", "object_type": "日期", "subject_type": "人物", "object": "2014年3月17日", "subject": "纪粉萍", "subject_index": {"begin": 50, "end": 53}, "object_index": {"begin": 0, "end": 10}}]}
{"text": "2011年11月30日，经公司2011年第一次临时股东大会审议通过，增补陈雁升为公司第一届董事会董事，增补张昭其为公司第一届董事会独立董事。", "spo_list": [{"predicate": "任职日期", "object_type": "日期", "subject_type": "人物", "object": "2011年11月30日", "subject": "陈雁升", "subject_index": {"begin": 36, "end": 39}, "object_index": {"begin": 0, "end": 11}}, {"predicate": "任职日期", "object_type": "日期", "subject_type": "人物", "object": "2011年11月30日", "subject": "张昭其", "subject_index": {"begin": 53, "end": 56}, "object_index": {"begin": 0, "end": 11}}]}
{"text": "变更为股份有限公司时，经2011年3月21日创立大会审议通过，选举吴先俊、林育平为监事，与职工代表监事郑晓璇共同组成发行人第一届监事会。同日，经第一届监事会第一次会议审议通过，选举吴先俊为发行人第一届监事会主席。", "spo_list": [{"predicate": "任职日期", "object_type": "日期", "subject_type": "人物", "object": "2011年3月21日", "subject": "吴先俊", "subject_index": {"begin": 33, "end": 36}, "object_index": {"begin": 12, "end": 22}}, {"predicate": "任职日期", "object_type": "日期", "subject_type": "人物", "object": "2011年3月21日", "subject": "林育平", "subject_index": {"begin": 37, "end": 40}, "object_index": {"begin": 12, "end": 22}}, {"predicate": "任职日期", "object_type": "日期", "subject_type": "人物", "object": "2011年3月21日", "subject": "郑晓璇", "subject_index": {"begin": 51, "end": 54}, "object_index": {"begin": 12, "end": 22}}]}
{"text": "变更为股份有限公司时，经2011年3月21日第一届董事会第一次会议审议通过，聘任黄俊辉为总经理，陈树龙为副总经理兼董事会秘书，徐兴泽、宋永围为副总经理，林晓芬为财务总监。", "spo_list": [{"predicate": "任职日期", "object_type": "日期", "subject_type": "人物", "object": "2011年3月21日", "subject": "黄俊辉", "subject_index": {"begin": 40, "end": 43}, "object_index": {"begin": 12, "end": 22}}, {"predicate": "任职日期", "object_type": "日期", "subject_type": "人物", "object": "2011年3月21日", "subject": "陈树龙", "subject_index": {"begin": 48, "end": 51}, "object_index": {"begin": 12, "end": 22}}, {"predicate": "任职日期", "object_type": "日期", "subject_type": "人物", "object": "2011年3月21日", "subject": "徐兴泽", "subject_index": {"begin": 63, "end": 66}, "object_index": {"begin": 12, "end": 22}}, {"predicate": "任职日期", "object_type": "日期", "subject_type": "人物", "object": "2011年3月21日", "subject": "宋永围", "subject_index": {"begin": 67, "end": 70}, "object_index": {"begin": 12, "end": 22}}, {"predicate": "任职日期", "object_type": "日期", "subject_type": "人物", "object": "2011年3月21日", "subject": "林晓芬", "subject_index": {"begin": 76, "end": 79}, "object_index": {"begin": 12, "end": 22}}]}
{"text": "2014年3月28日，公司第二届董事会第一次会议决议聘任黄俊辉为总经理，陈树龙为副总经理兼董事会秘书，徐兴泽、宋永围、王建龙为副总经理，林晓芬为财务总监。本次改聘后公司高级管理人员未发生变更。", "spo_list": [{"predicate": "任职日期", "object_type": "日期", "subject_type": "人物", "object": "2014年3月28日", "subject": "黄俊辉", "subject_index": {"begin": 28, "end": 31}, "object_index": {"begin": 0, "end": 10}}, {"predicate": "任职日期", "object_type": "日期", "subject_type": "人物", "object": "2014年3月28日", "subject": "陈树龙", "subject_index": {"begin": 36, "end": 39}, "object_index": {"begin": 0, "end": 10}}, {"predicate": "任职日期", "object_type": "日期", "subject_type": "人物", "object": "2014年3月28日", "subject": "徐兴泽", "subject_index": {"begin": 51, "end": 54}, "object_index": {"begin": 0, "end": 10}}, {"predicate": "任职日期", "object_type": "日期", "subject_type": "人物", "object": "2014年3月28日", "subject": "宋永围", "subject_index": {"begin": 55, "end": 58}, "object_index": {"begin": 0, "end": 10}}, {"predicate": "任职日期", "object_type": "日期", "subject_type": "人物", "object": "2014年3月28日", "subject": "王建龙", "subject_index": {"begin": 59, "end": 62}, "object_index": {"begin": 0, "end": 10}}, {"predicate": "任职日期", "object_type": "日期", "subject_type": "人物", "object": "2014年3月28日", "subject": "林晓芬", "subject_index": {"begin": 68, "end": 71}, "object_index": {"begin": 0, "end": 10}}]}
{"text": "公司于2011年3月21日召开第一届董事会第一次会议，聘任陈树龙为董事会秘书，建立了董事会秘书制度。2014年3月28日，第二届董事会第一次会议继续聘任陈树龙先生为公司董事会秘书。2011年11月14日，公司召开第一届董事会第四次会议，审议通过了《董事会秘书工作细则》，对董事会秘书的职责、履职要求进行了规定。", "spo_list": [{"predicate": "任职日期", "object_type": "日期", "subject_type": "人物", "object": "2011年3月21日", "subject": "陈树龙", "subject_index": {"begin": 29, "end": 32}, "object_index": {"begin": 3, "end": 13}}, {"predicate": "任职日期", "object_type": "日期", "subject_type": "人物", "object": "2014年3月28日", "subject": "陈树龙", "subject_index": {"begin": 76, "end": 79}, "object_index": {"begin": 50, "end": 60}}]}
{"text": "报告期内各期末，公司货币资金余额分别为7，151.74万元、5，734.38万元、7，439.45万元和8，947.08万元，占资产总额的比例分别为15.40%、10.85%、12.14%和14.62%。", "spo_list": [{"predicate": "货币资金余额", "object_type": "金额", "subject_type": "日期", "object": "7，151.74万元", "subject": "报告期内各期末", "subject_index": {"begin": 0, "end": 7}, "object_index": {"begin": 19, "end": 29}}, {"predicate": "货币资金余额", "object_type": "金额", "subject_type": "日期", "object": "5，734.38万元", "subject": "报告期内各期末", "subject_index": {"begin": 0, "end": 7}, "object_index": {"begin": 30, "end": 40}}, {"predicate": "货币资金余额", "object_type": "金额", "subject_type": "日期", "object": "7，439.45万元", "subject": "报告期内各期末", "subject_index": {"begin": 0, "end": 7}, "object_index": {"begin": 41, "end": 51}}, {"predicate": "货币资金余额", "object_type": "金额", "subject_type": "日期", "object": "8，947.08万元", "subject": "报告期内各期末", "subject_index": {"begin": 0, "end": 7}, "object_index": {"begin": 52, "end": 62}}]}
{"text": "报告期内各期末，公司预付款项余额分别为47.21万元、66.95万元、276.27万元和1，613.47万元。公司预付款项主要是供应商货款。截至报告期末，公司预付款项前五名单位如下：", "spo_list": [{"predicate": "预付款项余额", "object_type": "金额", "subject_type": "日期", "object": "47.21万元", "subject": "报告期内各期末", "subject_index": {"begin": 0, "end": 7}, "object_index": {"begin": 19, "end": 26}}, {"predicate": "预付款项余额", "object_type": "金额", "subject_type": "日期", "object": "66.95万元", "subject": "报告期内各期末", "subject_index": {"begin": 0, "end": 7}, "object_index": {"begin": 27, "end": 34}}, {"predicate": "预付款项余额", "object_type": "金额", "subject_type": "日期", "object": "276.27万元", "subject": "报告期内各期末", "subject_index": {"begin": 0, "end": 7}, "object_index": {"begin": 35, "end": 43}}, {"predicate": "预付款项余额", "object_type": "金额", "subject_type": "日期", "object": "1，613.47万元", "subject": "报告期内各期末", "subject_index": {"begin": 0, "end": 7}, "object_index": {"begin": 44, "end": 54}}]}
{"text": "报告期内各期末，公司其他流动资产余额分别为1，291.08万元、2，181.56万元、1，855.61万元和1，570.24万元，主要为待抵扣的增值税进项税额。根据税法规定，增值税发票需由税务机关审核通过后才予抵扣，对于未审核的增值税发票所涉及的进项税额，公司记入其他流动资产。待审核通过后，由“其他流动资产”科目转入“应交税金——应交增值税（进项税额）”科目。", "spo_list": [{"predicate": "其他流动资产余额", "object_type": "金额", "subject_type": "日期", "object": "1，291.08万元", "subject": "报告期内各期末", "subject_index": {"begin": 0, "end": 7}, "object_index": {"begin": 21, "end": 31}}, {"predicate": "其他流动资产余额", "object_type": "金额", "subject_type": "日期", "object": "2，181.56万元", "subject": "报告期内各期末", "subject_index": {"begin": 0, "end": 7}, "object_index": {"begin": 32, "end": 42}}, {"predicate": "其他流动资产余额", "object_type": "金额", "subject_type": "日期", "object": "1，855.61万元", "subject": "报告期内各期末", "subject_index": {"begin": 0, "end": 7}, "object_index": {"begin": 43, "end": 53}}, {"predicate": "其他流动资产余额", "object_type": "金额", "subject_type": "日期", "object": "1，570.24万元", "subject": "报告期内各期末", "subject_index": {"begin": 0, "end": 7}, "object_index": {"begin": 54, "end": 64}}]}
{"text": "报告期内各期末，公司应付账款余额分别为2，335.83万元2，008.91万元、2，000.36万元和2，386.73万元。公司应付账款主要为应付供应商原材料款和工程设备款等。", "spo_list": [{"predicate": "应付账款余额", "object_type": "金额", "subject_type": "日期", "object": "2，335.83万元", "subject": "报告期内各期末", "subject_index": {"begin": 0, "end": 7}, "object_index": {"begin": 19, "end": 29}}, {"predicate": "应付账款余额", "object_type": "金额", "subject_type": "日期", "object": "2，008.91万元", "subject": "报告期内各期末", "subject_index": {"begin": 0, "end": 7}, "object_index": {"begin": 29, "end": 39}}, {"predicate": "应付账款余额", "object_type": "金额", "subject_type": "日期", "object": "2，000.36万元", "subject": "报告期内各期末", "subject_index": {"begin": 0, "end": 7}, "object_index": {"begin": 40, "end": 50}}, {"predicate": "应付账款余额", "object_type": "金额", "subject_type": "日期", "object": "2，386.73万元", "subject": "报告期内各期末", "subject_index": {"begin": 0, "end": 7}, "object_index": {"begin": 51, "end": 61}}]}
{"text": "报告期内各期末，公司其他应付款余额分别为260.84万元、264.27万元、264.36万元和8.97万元。2013年-2015年主要为需退回的保险公司赔偿支出260.66万元。", "spo_list": [{"predicate": "其他应付款余额", "object_type": "金额", "subject_type": "日期", "object": "260.84万元", "subject": "报告期内各期末", "subject_index": {"begin": 0, "end": 7}, "object_index": {"begin": 20, "end": 28}}, {"predicate": "其他应付款余额", "object_type": "金额", "subject_type": "日期", "object": "264.27万元", "subject": "报告期内各期末", "subject_index": {"begin": 0, "end": 7}, "object_index": {"begin": 29, "end": 37}}, {"predicate": "其他应付款余额", "object_type": "金额", "subject_type": "日期", "object": "264.36万元", "subject": "报告期内各期末", "subject_index": {"begin": 0, "end": 7}, "object_index": {"begin": 38, "end": 46}}, {"predicate": "其他应付款余额", "object_type": "金额", "subject_type": "日期", "object": "8.97万元", "subject": "报告期内各期末", "subject_index": {"begin": 0, "end": 7}, "object_index": {"begin": 47, "end": 53}}]}
{"text": "报告期各年度，公司存货周转率分别为4.21次、3.20次和3.05次。2013年下半年起，公司对永辉超市、新华都、联华超市、步步高、华联综超、家家悦、上蔬永辉、卜蜂莲花、物美超市和大润发等新增客户及百佳超市的销售规模快速增长。为满足新增客户及老客户的采购需求，公司相应增加了原材料储备，使得存货周转率有所下滑，但仍处于较高水平。", "spo_list": [{"predicate": "存货周转率", "object_type": "日期", "subject_type": "比率", "object": "报告期各年度", "subject": "4.21次", "subject_index": {"begin": 17, "end": 22}, "object_index": {"begin": 0, "end": 6}}, {"predicate": "存货周转率", "object_type": "日期", "subject_type": "比率", "object": "报告期各年度", "subject": "3.20次", "subject_index": {"begin": 23, "end": 28}, "object_index": {"begin": 0, "end": 6}}, {"predicate": "存货周转率", "object_type": "日期", "subject_type": "比率", "object": "报告期各年度", "subject": "3.05次", "subject_index": {"begin": 29, "end": 34}, "object_index": {"begin": 0, "end": 6}}]}
{"text": "报告期内，公司通过短期借款来解决收购旺季的短期资金需求，随着公司业务的扩展，公司短期借款金额有所增加，报告期内各期末公司短期借款余额分别为13，500.00万元、15，300.00万元、15，570.00万元和12，840.00万元", "spo_list": [{"predicate": "短期借款余额", "object_type": "金额", "subject_type": "日期", "object": "13，500.00万元", "subject": "报告期内", "subject_index": {"begin": 0, "end": 4}, "object_index": {"begin": 69, "end": 80}}, {"predicate": "短期借款余额", "object_type": "金额", "subject_type": "日期", "object": "15，300.00万元", "subject": "报告期内", "subject_index": {"begin": 0, "end": 4}, "object_index": {"begin": 81, "end": 92}}, {"predicate": "短期借款余额", "object_type": "金额", "subject_type": "日期", "object": "15，570.00万元", "subject": "报告期内", "subject_index": {"begin": 0, "end": 4}, "object_index": {"begin": 93, "end": 104}}, {"predicate": "短期借款余额", "object_type": "金额", "subject_type": "日期", "object": "12，840.00万元", "subject": "报告期内", "subject_index": {"begin": 0, "end": 4}, "object_index": {"begin": 105, "end": 116}}]}
{"text": "2010年11月18日，正中珠江出具了《实收外币资本汇率折算鉴证报告》（广会所专字[2010]第10005010041号），证明截至2010年9月30日，公司的实收外币资本折成人民币金额为11，306，524.73元。", "spo_list": [{"predicate": "出具日期", "object_type": "日期", "subject_type": "文件", "object": "2010年11月18日", "subject": "《实收外币资本汇率折算鉴证报告》（广会所专字[2010]第10005010041号）", "subject_index": {"begin": 19, "end": 61}, "object_index": {"begin": 0, "end": 11}}, {"predicate": "截止日期", "object_type": "日期", "subject_type": "报告", "object": "2010年9月30日", "subject": "《实收外币资本汇率折算鉴证报告》（广会所专字[2010]第10005010041号", "subject_index": {"begin": 19, "end": 60}, "object_index": {"begin": 66, "end": 76}}]}
{"text": "2011年3月5日，广东中广信资产评估有限公司对本次股改出具了《资产评估报告》（中广信评报字[2011]第050号）。2011年3月21日，正中珠江出具了《验资报告》（广会所验字[2011]第10005010121号）。根据该《验资报告》的审验结果，公司已将经审计的截至2011年1月31日的净资产163，063，613.04元，折为公司股本100，000，000.00元。", "spo_list": [{"predicate": "出具日期", "object_type": "日期", "subject_type": "文件", "object": "2011年3月5日", "subject": "《资产评估报告》（中广信评报字[2011]第050号）", "subject_index": {"begin": 31, "end": 58}, "object_index": {"begin": 0, "end": 9}}, {"predicate": "出具日期", "object_type": "日期", "subject_type": "文件", "object": "2011年3月21日", "subject": "《验资报告》（广会所验字[2011]第10005010121号）", "subject_index": {"begin": 77, "end": 109}, "object_index": {"begin": 59, "end": 69}}, {"predicate": "截止日期", "object_type": "日期", "subject_type": "报告", "object": "2011年1月31日", "subject": "《验资报告》", "subject_index": {"begin": 113, "end": 119}, "object_index": {"begin": 135, "end": 145}}, {"predicate": "净资产账面价值", "object_type": "金额", "subject_type": "日期", "object": "163，063，613.04元", "subject": "2011年3月5日", "subject_index": {"begin": 0, "end": 9}, "object_index": {"begin": 149, "end": 164}}]}
{"text": "1994年5月11日，汕头市鮀岛会计师事务所出具《验资报告》（[94]汕鮀会验字350号），证实：公司已收到股东第二期投入资本外汇394，540.00美元，工具车一部计19，395.00美元，合计413，935.00美元。", "spo_list": [{"predicate": "出具日期", "object_type": "日期", "subject_type": "文件", "object": "1994年5月11日", "subject": "《验资报告》（[94]汕鮀会验字350号）", "subject_index": {"begin": 24, "end": 45}, "object_index": {"begin": 0, "end": 10}}]}
{"text": "2007年5月31日，汕头市斯威会计师事务所出具了《验资报告》（斯威[2007]验字第85号），证实：截至2007年5月29日止，公司已收到格理特萨国际缴纳的新增注册资本合计159，970.00美元，全部以货币出资。", "spo_list": [{"predicate": "出具日期", "object_type": "日期", "subject_type": "文件", "object": "2007年5月31日", "subject": "《验资报告》（斯威[2007]验字第85号）", "subject_index": {"begin": 25, "end": 47}, "object_index": {"begin": 0, "end": 10}}, {"predicate": "截止日期", "object_type": "日期", "subject_type": "报告", "object": "2007年5月29日止", "subject": "《验资报告》（斯威[2007]验字第85号）", "subject_index": {"begin": 25, "end": 47}, "object_index": {"begin": 53, "end": 64}}]}
{"text": "2010年12月14日，汕头市纵横会计师事务所出具了《验资报告》（纵横验字[2010]第667号），证实：截至2010年12月14日止，公司已收到黄俊辉、郑幼文缴纳的新增注册资本人民币41，000，000.00元，全部为货币出资。公司变更后的累计注册资本实收金额为人民币52，306，524.73元。", "spo_list": [{"predicate": "出具日期", "object_type": "日期", "subject_type": "文件", "object": "2010年12月14日", "subject": "《验资报告》（纵横验字[2010]第667号）", "subject_index": {"begin": 26, "end": 49}, "object_index": {"begin": 0, "end": 11}}, {"predicate": "截止日期", "object_type": "日期", "subject_type": "报告", "object": "2010年12月14日", "subject": "《验资报告》（纵横验字[2010]第667号）", "subject_index": {"begin": 26, "end": 49}, "object_index": {"begin": 55, "end": 66}}]}
{"text": "公司无形资产主要由土地使用权及电脑软件构成，截至报告期末，公司无形资产账面价值为2，350.81万元。公司主要无形资产具体情况如下：", "spo_list": [{"predicate": "无形资产", "object_type": "金额", "subject_type": "日期", "object": "2，350.81万元", "subject": "截至报告期末", "subject_index": {"begin": 22, "end": 28}, "object_index": {"begin": 40, "end": 50}}]}
{"text": "黄俊辉：董事长，男，1963年4月出生，中国国籍，无境外永久居留权，毕业于汕头大学，曾任佛山三水乐平中心卫生院、汕头市中心医院医生。1992年起担任宏辉有限执行董事、总经理，现任公司的董事长、总经理，兼任中国食品土畜进出口商会会员、中国果品流通协会副会长。", "spo_list": [{"predicate": "任职日期", "object_type": "日期", "subject_type": "人物", "object": "1992年", "subject": "黄俊辉", "subject_index": {"begin": 0, "end": 3}, "object_index": {"begin": 66, "end": 71}}]}
{"text": "陈楚裕：独立董事，男，1978年4月出生，中国国籍，无境外永久居留权，硕士研究生学历，律师，曾任职于上海绿林装饰新材料有限公司、中国图书进出口上海公司、上海大润发有限公司、湖南人和律师事务所上海分所；现任职于上海元竹律师事务所，职务为主任律师；兼任上海广东商会副会长、上海潮汕商会理事；2011年3月起任发行人独立董事。", "spo_list": [{"predicate": "研究生", "object_type": "学历", "subject_type": "人物", "object": "硕士研究生学历", "subject": "陈楚裕", "subject_index": {"begin": 0, "end": 3}, "object_index": {"begin": 35, "end": 42}}]}
{"text": "林育平：监事，男，1963年6月出生，中国国籍，无境外永久居留权，毕业于地都中学，曾任职于揭阳市揭东县地都镇双港村工艺厂、揭阳市揭东县地都镇双港村村委会、汕头市姚氏毛织有限公司；1992年10月起在发行人任职，历任车间主任、厂长，现任发行人福建宏辉总经理，2011年3月起兼任发行人监事。", "spo_list": [{"predicate": "任职日期", "object_type": "日期", "subject_type": "人物", "object": "1992年10月", "subject": "林育平", "subject_index": {"begin": 0, "end": 3}, "object_index": {"begin": 89, "end": 97}}, {"predicate": "任职日期", "object_type": "日期", "subject_type": "人物", "object": "2011年3月", "subject": "林育平", "subject_index": {"begin": 0, "end": 3}, "object_index": {"begin": 128, "end": 135}}]}
{"text": "2011年3月21日，公司召开创立大会，会议根据各发起人提名，选举黄俊辉、陈树龙、徐兴泽、杨亮（独立董事）、陈楚裕（独立董事）为公司第一届董事会成员，任期3年。同日，公司召开第一届董事会第一次会议，选举黄俊辉为发行人第一届董事会董事长。", "spo_list": [{"predicate": "任职日期", "object_type": "日期", "subject_type": "人物", "object": "2011年3月21日", "subject": "黄俊辉", "subject_index": {"begin": 33, "end": 36}, "object_index": {"begin": 0, "end": 10}}, {"predicate": "任职日期", "object_type": "日期", "subject_type": "人物", "object": "2011年3月21日", "subject": "陈树龙", "subject_index": {"begin": 37, "end": 40}, "object_index": {"begin": 0, "end": 10}}, {"predicate": "任职日期", "object_type": "日期", "subject_type": "人物", "object": "2011年3月21日", "subject": "徐兴泽", "subject_index": {"begin": 41, "end": 44}, "object_index": {"begin": 0, "end": 10}}, {"predicate": "任职日期", "object_type": "日期", "subject_type": "人物", "object": "2011年3月21日", "subject": "杨亮", "subject_index": {"begin": 45, "end": 47}, "object_index": {"begin": 0, "end": 10}}, {"predicate": "任职日期", "object_type": "日期", "subject_type": "人物", "object": "2011年3月21日", "subject": "陈楚裕", "subject_index": {"begin": 54, "end": 57}, "object_index": {"begin": 0, "end": 10}}]}
{"text": "2011年10月19日，郑晓璇辞去职工代表监事职务。同日，公司职工代表大会选举纪粉萍为职工代表监事，与吴先俊和林育平组成公司第一届监事会。", "spo_list": [{"predicate": "任职日期", "object_type": "日期", "subject_type": "人物", "object": "2011年10月19日", "subject": "纪粉萍", "subject_index": {"begin": 39, "end": 42}, "object_index": {"begin": 0, "end": 11}}]}
{"text": "变更为股份有限公司时，经2011年3月21日创立大会审议通过，选举黄俊辉、陈树龙、徐兴泽、杨亮、陈楚裕为发行人第一届董事会董事，其中杨亮、陈楚裕为独立董事，任期三年。同日，经公司第一届董事会第一次会议审议通过，选举黄俊辉为发行人第一届董事会董事长。", "spo_list": [{"predicate": "任职日期", "object_type": "日期", "subject_type": "人物", "object": "2011年3月21日", "subject": "黄俊辉", "subject_index": {"begin": 33, "end": 36}, "object_index": {"begin": 12, "end": 22}}, {"predicate": "任职日期", "object_type": "日期", "subject_type": "人物", "object": "2011年3月21日", "subject": "陈树龙", "subject_index": {"begin": 37, "end": 40}, "object_index": {"begin": 12, "end": 22}}, {"predicate": "任职日期", "object_type": "日期", "subject_type": "人物", "object": "2011年3月21日", "subject": "徐兴泽", "subject_index": {"begin": 41, "end": 44}, "object_index": {"begin": 12, "end": 22}}, {"predicate": "任职日期", "object_type": "日期", "subject_type": "人物", "object": "2011年3月21日", "subject": "杨亮", "subject_index": {"begin": 45, "end": 47}, "object_index": {"begin": 12, "end": 22}}, {"predicate": "任职日期", "object_type": "日期", "subject_type": "人物", "object": "2011年3月21日", "subject": "陈楚裕", "subject_index": {"begin": 48, "end": 51}, "object_index": {"begin": 12, "end": 22}}]}
{"text": "2011年10月19日，郑晓璇辞去职工代表监事职务。同日，公司职工代表大会选举纪粉萍为职工代表监事，与吴先俊和林育平组成公司第一届监事会。", "spo_list": [{"predicate": "任职日期", "object_type": "日期", "subject_type": "人物", "object": "2011年10月19日", "subject": "纪粉萍", "subject_index": {"begin": 39, "end": 42}, "object_index": {"begin": 0, "end": 11}}]}
{"text": "2014年3月17日，公司2014年第一次临时股东大会选举吴先俊、林育平继续担任监事，与职工代表监事纪粉萍共同组成新一届监事会。2014年3月28日，公司监事会选举吴先俊先生继续担任监事会主席。本次改选后，监事会成员未发生变更。", "spo_list": [{"predicate": "任职日期", "object_type": "日期", "subject_type": "人物", "object": "2014年3月17日", "subject": "吴先俊", "subject_index": {"begin": 29, "end": 32}, "object_index": {"begin": 0, "end": 10}}, {"predicate": "任职日期", "object_type": "日期", "subject_type": "人物", "object": "2014年3月17日", "subject": "林育平", "subject_index": {"begin": 33, "end": 36}, "object_index": {"begin": 0, "end": 10}}, {"predicate": "任职日期", "object_type": "日期", "subject_type": "人物", "object": "2014年3月28日", "subject": "吴先俊", "subject_index": {"begin": 82, "end": 85}, "object_index": {"begin": 64, "end": 74}}]}
{"text": "经2012年1月20日第一届董事会第六次会议审议通过，聘任王建龙为副总经理。", "spo_list": [{"predicate": "任职日期", "object_type": "日期", "subject_type": "人物", "object": "2012年1月20日", "subject": "王建龙", "subject_index": {"begin": 29, "end": 32}, "object_index": {"begin": 1, "end": 11}}]}
{"text": "公司现有3名独立董事，系由发起人或董事会提名。2011年3月21日，公司召开了创立大会，选举杨亮、陈楚裕为独立董事。2011年11月30日，公司召开的2011年第一次临时股东大会选举张昭其为独立董事。", "spo_list": [{"predicate": "任职日期", "object_type": "日期", "subject_type": "人物", "object": "2011年3月21日", "subject": "杨亮", "subject_index": {"begin": 46, "end": 48}, "object_index": {"begin": 23, "end": 33}}, {"predicate": "任职日期", "object_type": "日期", "subject_type": "人物", "object": "2011年3月21日", "subject": "陈楚裕", "subject_index": {"begin": 49, "end": 52}, "object_index": {"begin": 23, "end": 33}}, {"predicate": "任职日期", "object_type": "日期", "subject_type": "人物", "object": "2011年11月30日", "subject": "张昭其", "subject_index": {"begin": 91, "end": 94}, "object_index": {"begin": 58, "end": 69}}]}
{"text": "近年来，公司销售规模逐年扩大，公司客户资源稳定、订单充足，为保持增长态势，公司除增加原材料储备量，还需应对原材料价格上涨带来的资金压力。在公司自身实力不断增强的情况下，为提升对客户的快速响应能力及满足其一次性多品类采购需求，公司适度增加原材料储备。2013年末、2014年末和2015年末公司的存货余额分别为9，006.95万元、16，971.39万元和17，008.66万元。公司经营所得不断用于扩大产销，故报告期内各期经营活动产生的现金流量净额总体偏低。", "spo_list": [{"predicate": "存货余额", "object_type": "金额", "subject_type": "日期", "object": "17，008.66万元", "subject": "2015年末", "subject_index": {"begin": 138, "end": 144}, "object_index": {"begin": 177, "end": 188}}, {"predicate": "存货余额", "object_type": "金额", "subject_type": "日期", "object": "16，971.39万元", "subject": "2014年末", "subject_index": {"begin": 131, "end": 137}, "object_index": {"begin": 165, "end": 176}}, {"predicate": "存货余额", "object_type": "金额", "subject_type": "日期", "object": "9，006.95万元", "subject": "2013年末", "subject_index": {"begin": 124, "end": 130}, "object_index": {"begin": 154, "end": 164}}]}
{"text": "报告期内各期末，公司应收账款净额分别为11，182.27万元、10，426.50万元、16，644.68万元和14，855.01万元。受国外客户信用期长于国内客户以及国外收入波动的影响，应收账款出现一定的波动。", "spo_list": [{"predicate": "应收账款净额", "object_type": "金额", "subject_type": "日期", "object": "11，182.27万元", "subject": "报告期内各期末", "subject_index": {"begin": 0, "end": 7}, "object_index": {"begin": 19, "end": 30}}, {"predicate": "应收账款净额", "object_type": "金额", "subject_type": "日期", "object": "10，426.50万元", "subject": "报告期内各期末", "subject_index": {"begin": 0, "end": 7}, "object_index": {"begin": 31, "end": 42}}, {"predicate": "应收账款净额", "object_type": "金额", "subject_type": "日期", "object": "16，644.68万元", "subject": "报告期内各期末", "subject_index": {"begin": 0, "end": 7}, "object_index": {"begin": 43, "end": 54}}, {"predicate": "应收账款净额", "object_type": "金额", "subject_type": "日期", "object": "14，855.01万元", "subject": "报告期内各期末", "subject_index": {"begin": 0, "end": 7}, "object_index": {"begin": 55, "end": 66}}]}
{"text": "报告期内各期末，公司其他应收款账面价值分别为143.77万元、391.69万元、516.59万元和187.06万元。公司其他应收款主要为赔偿退款、出口退税款、保证金等。", "spo_list": [{"predicate": "应收帐款账面价值", "object_type": "金额", "subject_type": "日期", "object": "143.77万元", "subject": "报告期内各期末", "subject_index": {"begin": 0, "end": 7}, "object_index": {"begin": 22, "end": 30}}, {"predicate": "应收帐款账面价值", "object_type": "金额", "subject_type": "日期", "object": "391.69万元", "subject": "报告期内各期末", "subject_index": {"begin": 0, "end": 7}, "object_index": {"begin": 31, "end": 39}}, {"predicate": "应收帐款账面价值", "object_type": "金额", "subject_type": "日期", "object": "516.59万元", "subject": "报告期内各期末", "subject_index": {"begin": 0, "end": 7}, "object_index": {"begin": 40, "end": 48}}, {"predicate": "应收帐款账面价值", "object_type": "金额", "subject_type": "日期", "object": "187.06万元", "subject": "报告期内各期末", "subject_index": {"begin": 0, "end": 7}, "object_index": {"begin": 49, "end": 57}}]}
{"text": "报告期内各期末，公司短期借款余额分别为13，500.00万元、15，300.00万元、15，570.00万元和12，840.00万元。公司短期借款主要用于公司扩大生产经营规模以及解决农产品采购旺季的资金需求。", "spo_list": [{"predicate": "短期借款余额", "object_type": "金额", "subject_type": "日期", "object": "13，500.00万元", "subject": "报告期内各期末", "subject_index": {"begin": 0, "end": 7}, "object_index": {"begin": 19, "end": 30}}, {"predicate": "短期借款余额", "object_type": "金额", "subject_type": "日期", "object": "15，300.00万元", "subject": "报告期内各期末", "subject_index": {"begin": 0, "end": 7}, "object_index": {"begin": 31, "end": 42}}, {"predicate": "短期借款余额", "object_type": "金额", "subject_type": "日期", "object": "15，570.00万元", "subject": "报告期内各期末", "subject_index": {"begin": 0, "end": 7}, "object_index": {"begin": 43, "end": 54}}, {"predicate": "短期借款余额", "object_type": "金额", "subject_type": "日期", "object": "12，840.00万元", "subject": "报告期内各期末", "subject_index": {"begin": 0, "end": 7}, "object_index": {"begin": 55, "end": 66}}]}
{"text": "报告期内各期末，公司预收款项余额分别为0万元、73.17万元、147.51万元和1.68万元。公司预收款项主要是预收客户货款。", "spo_list": [{"predicate": "预收账款余额", "object_type": "金额", "subject_type": "日期", "object": "0万元", "subject": "报告期内各期末", "subject_index": {"begin": 0, "end": 7}, "object_index": {"begin": 19, "end": 22}}, {"predicate": "预收账款余额", "object_type": "金额", "subject_type": "日期", "object": "73.17万元", "subject": "报告期内各期末", "subject_index": {"begin": 0, "end": 7}, "object_index": {"begin": 23, "end": 30}}, {"predicate": "预收款项余额", "object_type": "金额", "subject_type": "日期", "object": "147.51万元", "subject": "报告期内各期末", "subject_index": {"begin": 0, "end": 7}, "object_index": {"begin": 31, "end": 39}}, {"predicate": "预收款项余额", "object_type": "金额", "subject_type": "日期", "object": "1.68万元", "subject": "报告期内各期末", "subject_index": {"begin": 0, "end": 7}, "object_index": {"begin": 40, "end": 46}}]}
{"text": "报告期，公司的流动比率分别为1.75、1.99、2.20和2.59，流动比率保持上升趋势；速动比率分别为1.20、1.04、1.34和1.60，公司短期偿债能力较强。", "spo_list": [{"predicate": "速动比率", "object_type": "日期", "subject_type": "比率", "object": "报告期", "subject": "1.20", "subject_index": {"begin": 52, "end": 56}, "object_index": {"begin": 0, "end": 3}}, {"predicate": "速动比率", "object_type": "日期", "subject_type": "比率", "object": "报告期", "subject": "1.04", "subject_index": {"begin": 57, "end": 61}, "object_index": {"begin": 0, "end": 3}}, {"predicate": "速动比率", "object_type": "日期", "subject_type": "比率", "object": "报告期", "subject": "1.34", "subject_index": {"begin": 62, "end": 66}, "object_index": {"begin": 0, "end": 3}}, {"predicate": "速动比率", "object_type": "日期", "subject_type": "比率", "object": "报告期", "subject": "1.60", "subject_index": {"begin": 67, "end": 71}, "object_index": {"begin": 0, "end": 3}}]}
{"text": "根据朗源股份2013年度报告数据显示，该公司2013年新鲜苹果内销收入为14，342.22万元，毛利额为1，869.74万元，其毛利率为13.04%。本公司2013年内销部分剔除超市费用后的综合毛利率为14.55%，较朗源股份略高1.51个百分点。根据朗源股份2014年度报告数据显示，公司鲜苹果产品总收入为38，697.85万元，毛利率为23.91%。本公司2014年剔除超市费用后的综合毛利率为16.64%，较朗源股份低7.27个百分点。根据朗源股份2015年度报告数据显示，公司鲜果产品总收入为13，400.20万元，而2014年为38，941.49万元，2015年比上年同期减少65.59%，销售大幅减少导致毛利率为-4.01%。本公司2015年剔除超市费用后的综合毛利率为16.31%，较朗源股份高20.32个百分点。同时朗源股份除新鲜苹果外，其他产品主要为干果和葡萄干，与本公司产品在整体上缺乏可比性。", "spo_list": [{"predicate": "毛利额", "object_type": "金额", "subject_type": "日期", "object": "1，869.74万元", "subject": "2013年", "subject_index": {"begin": 22, "end": 27}, "object_index": {"begin": 52, "end": 62}}]}
{"text": "公司财务费用主要包括利息支出和汇兑损益等。报告期，公司财务费用分别为1，129.08万元、770.85万元、175.47万元和189.21万元，占当期营业收入的比重分别为2.44%、1.49%、0.28%和0.63%，主要是短期借款增加，利息支出相应增加，及人民币汇率波动导致汇兑损益。", "spo_list": [{"predicate": "财务费用", "object_type": "金额", "subject_type": "日期", "object": "1，129.08万元", "subject": "报告期", "subject_index": {"begin": 21, "end": 24}, "object_index": {"begin": 34, "end": 44}}, {"predicate": "财务费用", "object_type": "金额", "subject_type": "日期", "object": "770.85万元", "subject": "报告期", "subject_index": {"begin": 21, "end": 24}, "object_index": {"begin": 45, "end": 53}}, {"predicate": "财务费用", "object_type": "金额", "subject_type": "日期", "object": "175.47万元", "subject": "报告期", "subject_index": {"begin": 21, "end": 24}, "object_index": {"begin": 54, "end": 62}}, {"predicate": "财务费用", "object_type": "金额", "subject_type": "日期", "object": "189.21万元", "subject": "报告期", "subject_index": {"begin": 21, "end": 24}, "object_index": {"begin": 63, "end": 71}}]}
{"text": "1、2013年末存货比年初增加1，290.08万元，经营性应收项目比年初增加4，398.05万元，经营性应付项目比年初增加1，143.38万元，累计净减少经营活动现金流4，544.75万元。", "spo_list": [{"predicate": "存货", "object_type": "金额", "subject_type": "日期", "object": "1，290.08万元", "subject": "2013年", "subject_index": {"begin": 2, "end": 7}, "object_index": {"begin": 15, "end": 25}}]}
{"text": "截至报告期末，公司净资产43，608.07万元，每股净资产4.36元。", "spo_list": [{"predicate": "每股净资产", "object_type": "金额", "subject_type": "日期", "object": "4.36元", "subject": "截至报告期末", "subject_index": {"begin": 0, "end": 6}, "object_index": {"begin": 29, "end": 34}}, {"predicate": "净资产账面价值", "object_type": "金额", "subject_type": "日期", "object": "43，608.07万元", "subject": "截至报告期末", "subject_index": {"begin": 0, "end": 6}, "object_index": {"begin": 12, "end": 23}}]}
{"text": "1994年5月11日，汕头市鮀岛会计师事务所出具《验资报告》（[94]汕鮀会验字350号），经其审验，公司已收到股东郑丽珊缴纳的第二期注册资本美元413，935.00元，折合人民币2，488，486.35元。其中货币出资美元394，540.00元，实物（工具车）出资美元19，395.00元。", "spo_list": [{"predicate": "出具日期", "object_type": "日期", "subject_type": "文件", "object": "1994年5月11日", "subject": "《验资报告》（[94]汕鮀会验字350号）", "subject_index": {"begin": 24, "end": 45}, "object_index": {"begin": 0, "end": 10}}]}
{"text": "2007年5月31日，汕头市斯威会计师事务所出具《验资报告》（斯威[2007]验字第85号），验证截至2007年5月29日止，公司已收到格理特萨国际缴纳的新增注册资本美元159，970.00元，全部以货币出资。", "spo_list": [{"predicate": "出具日期", "object_type": "日期", "subject_type": "文件", "object": "2007年5月31日", "subject": "《验资报告》（斯威[2007]验字第85号）", "subject_index": {"begin": 24, "end": 46}, "object_index": {"begin": 0, "end": 10}}]}
{"text": "2008年4月29日，汕头市斯威会计师事务所出具《验资报告》（斯威[2008]验字第119号），验证截至2008年1月31日止，公司已收到格理特萨国际缴纳的新增注册资本美元639，950.00元，全部以货币出资。变更后的累计注册资本为美元160万元，实收资本为美元1，599，920.00元", "spo_list": [{"predicate": "出具日期", "object_type": "日期", "subject_type": "文件", "object": "2008年4月29日", "subject": "《验资报告》（斯威[2008]验字第119号）", "subject_index": {"begin": 24, "end": 47}, "object_index": {"begin": 0, "end": 10}}]}
{"text": "2010年11月18日，正中珠江出具了《实收外币资本汇率折算鉴证报告》（广会所专字[2010]第10005010041号），证明截至2010年9月30日，公司的实收外币资本折成人民币金额为11，306，524.73元。", "spo_list": [{"predicate": "出具日期", "object_type": "日期", "subject_type": "文件", "object": "2010年11月18日", "subject": "《实收外币资本汇率折算鉴证报告》（广会所专字[2010]第10005010041号）", "subject_index": {"begin": 19, "end": 61}, "object_index": {"begin": 0, "end": 11}}]}
{"text": "宋福，1973年2月出生，中国国籍，无境外永久居留权，身份证号码为11010419730203****，住所在北京市。2008年创办北京丽泽桥酒店，2009年至今经营嘉利港(北京)企业管理咨询有限公司并担任董事长。", "spo_list": [{"predicate": "任职日期", "object_type": "日期", "subject_type": "人物", "object": "2009年", "subject": "宋福", "subject_index": {"begin": 0, "end": 2}, "object_index": {"begin": 74, "end": 79}}]}
{"text": "许平，女，1953年9月出生，中国国籍，无境外永久居留权，身份证号码为65010219530919****，住所在上海市。自2008年9月至今担任恒复投资监事。", "spo_list": [{"predicate": "任职日期", "object_type": "日期", "subject_type": "人物", "object": "2008年9月", "subject": "许平", "subject_index": {"begin": 0, "end": 2}, "object_index": {"begin": 62, "end": 69}}]}
{"text": "黄庄泽，1989年5月出生，中国国籍，无境外永久居留权，身份证号码为44050819890510****，住所在广东省汕头市。2008年9月至2010年12月参军，2011年至今在汕头市经济特区振兴食品有限公司任职，现为总经理助理。黄庄泽所持发行人的股权不存在委托持股、信托持股或一致行动关系等情形。", "spo_list": [{"predicate": "任职日期", "object_type": "日期", "subject_type": "人物", "object": "2011年", "subject": "黄庄泽", "subject_index": {"begin": 0, "end": 3}, "object_index": {"begin": 82, "end": 87}}]}
{"text": "1996年3月26日，汕头商海会计师事务所出具《验资报告》（汕商会外验字[96]第024号），证实：郑丽珊第三期投入资本外汇284，603.60美元。以上三期投入资本总额为800，000.00美元，注册资本全部到位。", "spo_list": [{"predicate": "出具日期", "object_type": "日期", "subject_type": "文件", "object": "1996年3月26日", "subject": "《验资报告》（汕商会外验字[96]第024号）", "subject_index": {"begin": 23, "end": 46}, "object_index": {"begin": 0, "end": 10}}]}
{"text": "2008年4月29日，汕头市斯威会计师事务所出具了《验资报告》（斯威[2008]验字第119号），证实：截至2008年1月31日止，公司已收到格理特萨国际缴纳的新增注册资本合计639，950.00美元，全部以货币出资。变更后的累计注册资本为美元160万，实收资本为1，599，920.00美元", "spo_list": [{"predicate": "出具日期", "object_type": "日期", "subject_type": "文件", "object": "2008年4月29日", "subject": "《验资报告》（斯威[2008]验字第119号）", "subject_index": {"begin": 25, "end": 48}, "object_index": {"begin": 0, "end": 10}}]}
{"text": "2011年1月19日，汕头市纵横会计师事务所出具了《验资报告》（纵横验字[2011]第034号），证实：截至2011年1月19日止，公司已收到陈雁升、杨时青、马丽芳、梁捷兰、宋福、恒复投资、黄灏、陈校、黄庄泽、徐兴泽、吴先俊、陈树龙、林育平、王建龙和宋永围缴纳的新增注册资本合计17，698，123.76元，全部为货币出资。公司变更后的累计注册资本实收金额为人民币70，004，648.49元。", "spo_list": [{"predicate": "出具日期", "object_type": "日期", "subject_type": "文件", "object": "2011年1月19日", "subject": "《验资报告》（纵横验字[2011]第034号）", "subject_index": {"begin": 25, "end": 48}, "object_index": {"begin": 0, "end": 10}}]}
{"text": "2011年3月21日，正中珠江出具了《验资报告》（广会所验字[2011]第10005010121号）。根据该《验资报告》的审验结果，公司已将经审计的截至2011年1月31日的净资产163，063，613.04元折为100，000，000.00股，剩余部分计入资本公积。", "spo_list": [{"predicate": "出具日期", "object_type": "日期", "subject_type": "文件", "object": "2011年3月21日", "subject": "《验资报告》（广会所验字[2011]第10005010121号）", "subject_index": {"begin": 18, "end": 50}, "object_index": {"begin": 0, "end": 10}}]}
{"text": "黄俊辉：男，1963年4月出生，中国国籍，无境外永久居留权，身份证号码为44050219630421****，住所为广东省汕头市金霞街道***。毕业于汕头大学，曾任佛山三水乐平中心卫生院、汕头市中心医院医生。1992年起担任宏辉有限执行董事、总经理，现任公司的董事长、总经理，兼任中国食品土畜进出口商会会员、中国果品流通协会副会长。", "spo_list": [{"predicate": "任职日期", "object_type": "日期", "subject_type": "人物", "object": "1992年", "subject": "黄俊辉", "subject_index": {"begin": 0, "end": 3}, "object_index": {"begin": 104, "end": 109}}]}
{"text": "陈树龙：董事，男，1978年7月出生，中国国籍，无境外永久居留权，本科学历，曾任汕头嘉威化妆品有限公司会计、烟台宏辉财务经理；2010年10月至今任职于发行人，现任发行人董事、董事会秘书兼副总经理。", "spo_list": [{"predicate": "任职日期", "object_type": "日期", "subject_type": "人物", "object": "2010年10月", "subject": "陈树龙", "subject_index": {"begin": 0, "end": 3}, "object_index": {"begin": 63, "end": 71}}]}
{"text": "杨亮：独立董事，男，1970年2月出生，中国国籍，无境外永久居留权，本科学历，中国注册会计师、中国注册税务师、中国注册资产评估师；曾供职于汕头经济特区免税品企业集团公司企业部、广东太古可口可乐公司汕头分公司、汕头市铭信会计师事务所有限公司、东莞市巨成会计师事务所；曾任星辉互动娱乐股份有限公司独立董事；现任汕头市金税税务师事务所所长；2011年3月起任发行人独立董事。", "spo_list": [{"predicate": "任职日期", "object_type": "日期", "subject_type": "人物", "object": "2011年3月", "subject": "杨亮", "subject_index": {"begin": 0, "end": 2}, "object_index": {"begin": 167, "end": 174}}]}
{"text": "吴先俊：监事会主席，男，1960年3月出生，中国国籍，无境外永久居留权，毕业于汕头大学，曾任职于陆丰国营红湖农场、广东省汕头果菜进出口公司；2006年4月至今，曾先后担任烟台宏辉副总经理、天津宏辉总经理，2011年3月起兼任发行人监事。", "spo_list": [{"predicate": "任职日期", "object_type": "日期", "subject_type": "人物", "object": "2006年4月", "subject": "吴先俊", "subject_index": {"begin": 0, "end": 3}, "object_index": {"begin": 70, "end": 77}}]}
{"text": "林晓芬：财务总监，女，1975年9月出生，中国国籍，无境外永久居留权，本科学历，中国注册会计师，中国注册资产评估师、中国注册税务师。曾任职于汕头大洋集团公司、汕头市铭信会计师事务所有限公司、深圳南方民和会计师事务所、汕头市金正会计师事务所；2011年3月至今，任发行人财务总监。", "spo_list": [{"predicate": "任职日期", "object_type": "日期", "subject_type": "人物", "object": "2011年3月", "subject": "林晓芬", "subject_index": {"begin": 0, "end": 3}, "object_index": {"begin": 120, "end": 127}}]}
{"text": "徐华：女，1973年10月出生，中国国籍，无境外永久居留权。本科学历，毕业于莱阳农学院，修读植物保护专业。2009年11月进入公司，现任公司基地管理部经理。", "spo_list": [{"predicate": "任职日期", "object_type": "日期", "subject_type": "人物", "object": "2009年11月", "subject": "徐华", "subject_index": {"begin": 0, "end": 2}, "object_index": {"begin": 53, "end": 61}}]}
{"text": "2014年3月17日，公司2014年第一次临时股东大会选举黄俊辉、陈雁升、陈树龙、徐兴泽、杨亮、陈楚裕、张昭其继续担任公司董事，其中杨亮、陈楚裕、张昭其为独立董事。", "spo_list": [{"predicate": "任职日期", "object_type": "日期", "subject_type": "人物", "object": "2014年3月17日", "subject": "黄俊辉", "subject_index": {"begin": 29, "end": 32}, "object_index": {"begin": 0, "end": 10}}, {"predicate": "任职日期", "object_type": "日期", "subject_type": "人物", "object": "2014年3月17日", "subject": "陈雁升", "subject_index": {"begin": 33, "end": 36}, "object_index": {"begin": 0, "end": 10}}, {"predicate": "任职日期", "object_type": "日期", "subject_type": "人物", "object": "2014年3月17日", "subject": "陈树龙", "subject_index": {"begin": 37, "end": 40}, "object_index": {"begin": 0, "end": 10}}, {"predicate": "任职日期", "object_type": "日期", "subject_type": "人物", "object": "2014年3月17日", "subject": "徐兴泽", "subject_index": {"begin": 41, "end": 44}, "object_index": {"begin": 0, "end": 10}}, {"predicate": "任职日期", "object_type": "日期", "subject_type": "人物", "object": "2014年3月17日", "subject": "杨亮", "subject_index": {"begin": 45, "end": 47}, "object_index": {"begin": 0, "end": 10}}, {"predicate": "任职日期", "object_type": "日期", "subject_type": "人物", "object": "2014年3月17日", "subject": "陈楚裕", "subject_index": {"begin": 48, "end": 51}, "object_index": {"begin": 0, "end": 10}}, {"predicate": "任职日期", "object_type": "日期", "subject_type": "人物", "object": "2014年3月17日", "subject": "张昭其", "subject_index": {"begin": 52, "end": 55}, "object_index": {"begin": 0, "end": 10}}, {"predicate": "任职日期", "object_type": "日期", "subject_type": "人物", "object": "2014年3月17日", "subject": "杨亮", "subject_index": {"begin": 66, "end": 68}, "object_index": {"begin": 0, "end": 10}}, {"predicate": "任职日期", "object_type": "日期", "subject_type": "人物", "object": "2014年3月17日", "subject": "陈楚裕", "subject_index": {"begin": 69, "end": 72}, "object_index": {"begin": 0, "end": 10}}, {"predicate": "任职日期", "object_type": "日期", "subject_type": "人物", "object": "2014年3月17日", "subject": "张昭其", "subject_index": {"begin": 73, "end": 76}, "object_index": {"begin": 0, "end": 10}}]}
{"text": "2014年3月28日，公司第二届监事会第一次会议选举吴先俊先生继续担任监事会主席。", "spo_list": [{"predicate": "任职日期", "object_type": "日期", "subject_type": "人物", "object": "2014年3月28日", "subject": "吴先俊", "subject_index": {"begin": 26, "end": 29}, "object_index": {"begin": 0, "end": 10}}]}
{"text": "2014年3月17日，公司2014年第一次临时股东大会选举黄俊辉、陈雁升、陈树龙、徐兴泽、杨亮、陈楚裕、张昭其继续担任公司董事，其中杨亮、陈楚裕、张昭其为独立董事。2014年3月28日，公司董事会选举黄俊辉先生继续担任公司董事长。本次改选后，董事会成员未发生变更。", "spo_list": [{"predicate": "任职日期", "object_type": "日期", "subject_type": "人物", "object": "2014年3月17日", "subject": "黄俊辉", "subject_index": {"begin": 29, "end": 32}, "object_index": {"begin": 0, "end": 10}}, {"predicate": "任职日期", "object_type": "日期", "subject_type": "人物", "object": "2014年3月17日", "subject": "陈雁升", "subject_index": {"begin": 33, "end": 36}, "object_index": {"begin": 0, "end": 10}}, {"predicate": "任职日期", "object_type": "日期", "subject_type": "人物", "object": "2014年3月17日", "subject": "陈树龙", "subject_index": {"begin": 37, "end": 40}, "object_index": {"begin": 0, "end": 10}}, {"predicate": "任职日期", "object_type": "日期", "subject_type": "人物", "object": "2014年3月17日", "subject": "徐兴泽", "subject_index": {"begin": 41, "end": 44}, "object_index": {"begin": 0, "end": 10}}, {"predicate": "任职日期", "object_type": "日期", "subject_type": "人物", "object": "2014年3月17日", "subject": "杨亮", "subject_index": {"begin": 45, "end": 47}, "object_index": {"begin": 0, "end": 10}}, {"predicate": "任职日期", "object_type": "日期", "subject_type": "人物", "object": "2014年3月17日", "subject": "陈楚裕", "subject_index": {"begin": 48, "end": 51}, "object_index": {"begin": 0, "end": 10}}, {"predicate": "任职日期", "object_type": "日期", "subject_type": "人物", "object": "2014年3月17日", "subject": "张昭其", "subject_index": {"begin": 52, "end": 55}, "object_index": {"begin": 0, "end": 10}}, {"predicate": "任职日期", "object_type": "日期", "subject_type": "人物", "object": "2014年3月17日", "subject": "杨亮", "subject_index": {"begin": 66, "end": 68}, "object_index": {"begin": 0, "end": 10}}, {"predicate": "任职日期", "object_type": "日期", "subject_type": "人物", "object": "2014年3月17日", "subject": "陈楚裕", "subject_index": {"begin": 69, "end": 72}, "object_index": {"begin": 0, "end": 10}}, {"predicate": "任职日期", "object_type": "日期", "subject_type": "人物", "object": "2014年3月17日", "subject": "张昭其", "subject_index": {"begin": 73, "end": 76}, "object_index": {"begin": 0, "end": 10}}, {"predicate": "任职日期", "object_type": "日期", "subject_type": "人物", "object": "2014年3月17日", "subject": "黄俊辉", "subject_index": {"begin": 100, "end": 103}, "object_index": {"begin": 0, "end": 10}}]}
{"text": "2014年3月1日，公司2014年第一次临时股东大会选举杨亮、陈楚裕、张昭其继续担任公司独立董事。", "spo_list": [{"predicate": "任职日期", "object_type": "日期", "subject_type": "人物", "object": "2014年3月1日", "subject": "杨亮", "subject_index": {"begin": 28, "end": 30}, "object_index": {"begin": 0, "end": 9}}, {"predicate": "任职日期", "object_type": "日期", "subject_type": "人物", "object": "2014年3月1日", "subject": "陈楚裕", "subject_index": {"begin": 31, "end": 34}, "object_index": {"begin": 0, "end": 9}}, {"predicate": "任职日期", "object_type": "日期", "subject_type": "人物", "object": "2014年3月1日", "subject": "张昭其", "subject_index": {"begin": 35, "end": 38}, "object_index": {"begin": 0, "end": 9}}]}
{"text": "为整体变更为股份公司提供参考，公司聘请广东中广信对公司以2011年1月31日为基准日的股东全部权益价值进行了评估。广东中广信资产评估有限公司于2011年3月5日出具了《资产评估报告书》（中广信评报字[2011]第050号）。此次评估采用收益法，宏辉有限净资产账面价值为16，306万元，评估价值为27，145万元，评估增值10，839万元，增值率为66.47%，主要为土地使用权、房屋建筑物增值以及账面上无法体现的无形资产价值（如商标品牌价值及销售网络或客户关系等）。此次评估仅为整体变更为股份公司提供价值参考依据，有关评估结果未进行账务调整。", "spo_list": [{"predicate": "出具日期", "object_type": "日期", "subject_type": "文件", "object": "2011年3月5日", "subject": "《资产评估报告书》（中广信评报字[2011]第050号）", "subject_index": {"begin": 83, "end": 111}, "object_index": {"begin": 71, "end": 80}}]}
{"text": "报告期内公司货币资金主要用于公司的日常经营需求，满足经营的季节性要求以及采购资金需求。公司除自有资金外，主要通过短期借款融资。公司与银行签订的短期借款合同多为授信合同，具有“随借、随用、随还”的特点，为降低资金成本，提高资金运用效率，公司会根据采购和销售进度随借随还，将货币资金余额控制在较低水平。2014年末的货币资金余额较2013年末减少1，417.36万元，主要系公司为满足需求增长相应增加存货原材料储备支出所致。", "spo_list": [{"predicate": "货币资金余额", "object_type": "金额", "subject_type": "日期", "object": "1，417.36万元", "subject": "2014年", "subject_index": {"begin": 149, "end": 154}, "object_index": {"begin": 171, "end": 181}}]}
{"text": "公司2015年末应收账款余额较2014年末增长了59.64%，其中内销客户和外销应收账款余额分别增长了3，449.34万元和3，096.12万元；主要原因系：1、随着公司国内超市客户销售收入的增长，应收账款余额亦相应增长；2、2015年12月公司新开拓了客户广州易初莲花连锁有限公司和重庆世纪果园农产品有限公司，合计应收账款余额1，225.95万元（占对应营业收入的95.74%），占内销客户应收账款增加额的36%；3、2015年外销收入增长和国外市场受世界经济不景气的影响部分国外客户回款期延长导致应收账款余额增加。4、报告期末应收账款余额较2015年末减少1，883.62万元，回收情况良好。", "spo_list": [{"predicate": "应收账款余额", "object_type": "金额", "subject_type": "日期", "object": "3，449.34万元", "subject": "2015年末", "subject_index": {"begin": 2, "end": 8}, "object_index": {"begin": 51, "end": 61}}, {"predicate": "应收账款余额", "object_type": "金额", "subject_type": "日期", "object": "3，096.12万元", "subject": "2015年末", "subject_index": {"begin": 2, "end": 8}, "object_index": {"begin": 62, "end": 72}}]}
{"text": "报告期内各期末，公司存货余额分别为9，006.95万元、16，971.39万元、17，008.66万元和16，965.80万元。", "spo_list": [{"predicate": "存货余额", "object_type": "金额", "subject_type": "日期", "object": "17，008.66万元", "subject": "报告期内各期末", "subject_index": {"begin": 0, "end": 7}, "object_index": {"begin": 40, "end": 51}}, {"predicate": "存货余额", "object_type": "金额", "subject_type": "日期", "object": "16，971.39万元", "subject": "报告期内各期末", "subject_index": {"begin": 0, "end": 7}, "object_index": {"begin": 28, "end": 39}}, {"predicate": "存货余额", "object_type": "金额", "subject_type": "日期", "object": "9，006.95万元", "subject": "报告期内各期末", "subject_index": {"begin": 0, "end": 7}, "object_index": {"begin": 17, "end": 27}}, {"predicate": "存货余额", "object_type": "金额", "subject_type": "日期", "object": "16，965.80万元", "subject": "报告期内各期末", "subject_index": {"begin": 0, "end": 7}, "object_index": {"begin": 52, "end": 63}}]}
{"text": "公司固定资产主要包括房屋建筑物、机器设备、运输设备和办公设备。报告期内各期末，公司固定资产原值分别为16，603.28万元、16，854.64万元、17，583.82万元和17，573.15万元。", "spo_list": [{"predicate": "固定资产账面价值", "object_type": "金额", "subject_type": "日期", "object": "16，603.28万元", "subject": "报告期内各期末", "subject_index": {"begin": 31, "end": 38}, "object_index": {"begin": 50, "end": 61}}, {"predicate": "固定资产账面价值", "object_type": "金额", "subject_type": "日期", "object": "16，854.64万元", "subject": "报告期内各期末", "subject_index": {"begin": 31, "end": 38}, "object_index": {"begin": 62, "end": 73}}, {"predicate": "固定资产账面价值", "object_type": "金额", "subject_type": "日期", "object": "17，583.82万元", "subject": "报告期内各期末", "subject_index": {"begin": 31, "end": 38}, "object_index": {"begin": 74, "end": 85}}, {"predicate": "固定资产账面价值", "object_type": "金额", "subject_type": "日期", "object": "17，573.15万元", "subject": "报告期内各期末", "subject_index": {"begin": 31, "end": 38}, "object_index": {"begin": 86, "end": 97}}]}
{"text": "报告期内各期末，公司应付职工薪酬余额分别为208.26万元、202.14万元、232.26万元和217.82万元。各报告期年末公司应付职工薪酬主要为已计提但尚未发放的当年12月工资及当年年终奖，一般于次年1月份发放。公司不存在拖欠性质的应付职工薪酬。", "spo_list": [{"predicate": "应付职工薪酬余额", "object_type": "金额", "subject_type": "日期", "object": "208.26万元", "subject": "报告期内各期末，", "subject_index": {"begin": 0, "end": 8}, "object_index": {"begin": 21, "end": 29}}, {"predicate": "应付职工薪酬余额", "object_type": "金额", "subject_type": "日期", "object": "202.14万元", "subject": "报告期内各期末，", "subject_index": {"begin": 0, "end": 8}, "object_index": {"begin": 30, "end": 38}}, {"predicate": "应付职工薪酬余额", "object_type": "金额", "subject_type": "日期", "object": "232.26万元", "subject": "报告期内各期末，", "subject_index": {"begin": 0, "end": 8}, "object_index": {"begin": 39, "end": 47}}, {"predicate": "应付职工薪酬余额", "object_type": "金额", "subject_type": "日期", "object": "217.82万元。", "subject": "报告期内各期末，", "subject_index": {"begin": 0, "end": 8}, "object_index": {"begin": 48, "end": 57}}]}
{"text": "2014年末与2013年末相比，流动比率有一定的提高，速动比例略有下降，主要是由于公司经营的需要，采购了苹果和梨等大量原材料，2014年末公司的存货比2013年末增加7，964.44万元。", "spo_list": [{"predicate": "存货", "object_type": "金额", "subject_type": "日期", "object": "7，964.44万元", "subject": "2014年末", "subject_index": {"begin": 63, "end": 69}, "object_index": {"begin": 83, "end": 93}}]}
{"text": "报告期，受销售时间和客户结算周期的影响，应收账款金额增长较快，从而使得应收账款周转速度有所下滑。应收账款金额增加的原因参见本部分“（一）资产、负债的主要构成和主要资产减值准备情况1、资产构成分析”之“（3）应收账款”。报告期各年度，公司应收账款周转率分别为4.85次、4.56次和4.43次，随着公司业务规模的提升，应收账款周转率略有下降，但仍保持较快的回款速度。", "spo_list": [{"predicate": "应收账款周转率", "object_type": "日期", "subject_type": "比率", "object": "报告期各年度", "subject": "4.85次", "subject_index": {"begin": 128, "end": 133}, "object_index": {"begin": 109, "end": 115}}, {"predicate": "应收账款周转率", "object_type": "日期", "subject_type": "比率", "object": "报告期各年度", "subject": "4.56次", "subject_index": {"begin": 134, "end": 139}, "object_index": {"begin": 109, "end": 115}}, {"predicate": "应收账款周转率", "object_type": "日期", "subject_type": "比率", "object": "报告期各年度", "subject": "4.43次", "subject_index": {"begin": 140, "end": 145}, "object_index": {"begin": 109, "end": 115}}]}
{"text": "报告期，公司主营业务毛利额分别为10，963.81万元、10，265.87万元、11，326.14万元和5，017.39万元，各年度基本保持稳定。", "spo_list": [{"predicate": "毛利额", "object_type": "金额", "subject_type": "日期", "object": "10，963.81万元", "subject": "报告期", "subject_index": {"begin": 0, "end": 3}, "object_index": {"begin": 16, "end": 27}}, {"predicate": "毛利额", "object_type": "金额", "subject_type": "日期", "object": "10，265.87万元", "subject": "报告期", "subject_index": {"begin": 0, "end": 3}, "object_index": {"begin": 28, "end": 39}}, {"predicate": "毛利额", "object_type": "金额", "subject_type": "日期", "object": "11，326.14万元", "subject": "报告期", "subject_index": {"begin": 0, "end": 3}, "object_index": {"begin": 40, "end": 51}}, {"predicate": "毛利额", "object_type": "金额", "subject_type": "日期", "object": "5，017.39万元", "subject": "报告期", "subject_index": {"begin": 0, "end": 3}, "object_index": {"begin": 52, "end": 62}}]}
{"text": "报告期，公司销售费用分别为4，007.33万元、3，529.11万元、3，333.89万元和1，451.89万元，占当期营业收入的比重分别为8.68%、6.81%、5.28%和4.82%，销售费率控制在较低水平，公司的销售费用主要包括超市费用和运杂费用，报告期内两项合计均占销售费用的79%-90%。", "spo_list": [{"predicate": "销售费用", "object_type": "金额", "subject_type": "日期", "object": "4，007.33万元", "subject": "报告期", "subject_index": {"begin": 0, "end": 3}, "object_index": {"begin": 13, "end": 23}}, {"predicate": "销售费用", "object_type": "金额", "subject_type": "日期", "object": "3，529.11万元", "subject": "报告期", "subject_index": {"begin": 0, "end": 3}, "object_index": {"begin": 24, "end": 34}}, {"predicate": "销售费用", "object_type": "金额", "subject_type": "日期", "object": "3，333.89万元", "subject": "报告期", "subject_index": {"begin": 0, "end": 3}, "object_index": {"begin": 35, "end": 45}}, {"predicate": "销售费用", "object_type": "金额", "subject_type": "日期", "object": "1，451.89万元", "subject": "报告期", "subject_index": {"begin": 0, "end": 3}, "object_index": {"begin": 46, "end": 56}}]}
{"text": "报告期，非经常性损益净额分别为-187.22万元、-53.20万元、253.27万元和18.34万元，占当期归属于母公司所有者的净利润的比重分别为-4.61%、-1.15%、3.87%和0.65%。扣除非经常性损益后，公司报告期内净利润分别为4，245.69万元、4，678.47万元、6，001.95万元和2，802.66万元。", "spo_list": [{"predicate": "非经常性损益", "object_type": "金额", "subject_type": "日期", "object": "-187.22万元", "subject": "报告期", "subject_index": {"begin": 0, "end": 3}, "object_index": {"begin": 15, "end": 24}}, {"predicate": "非经常性损益", "object_type": "金额", "subject_type": "日期", "object": "-53.20万元", "subject": "报告期", "subject_index": {"begin": 0, "end": 3}, "object_index": {"begin": 25, "end": 33}}, {"predicate": "非经常性损益", "object_type": "金额", "subject_type": "日期", "object": "253.27万元", "subject": "报告期", "subject_index": {"begin": 0, "end": 3}, "object_index": {"begin": 34, "end": 42}}, {"predicate": "非经常性损益", "object_type": "金额", "subject_type": "日期", "object": "18.34万元", "subject": "报告期", "subject_index": {"begin": 0, "end": 3}, "object_index": {"begin": 43, "end": 50}}]}
