{"text": "2016年10月16日，天健所出具天健验〔2016〕422号《验资报告》，审验了公司截至2016年7月26日止新增注册资本及股本情况，对未分配利润转增事项予以确认。截至本招股说明书签署之日，公司股本结构未再发生变化", "spo_list": [{"predicate": "出具日期", "object_type": "日期", "subject_type": "文件", "object": "2016年10月16日", "subject": "天健验〔2016〕422号《验资报告》", "subject_index": {"begin": 17, "end": 36}, "object_index": {"begin": 0, "end": 11}}, {"predicate": "截止日期", "object_type": "日期", "subject_type": "报告", "object": "截至2016年7月26日", "subject": "天健验〔2016〕422号《验资报告》", "subject_index": {"begin": 17, "end": 36}, "object_index": {"begin": 42, "end": 54}}]}
{"text": "发行人是由恒林有限整体变更设立。公司设立时，恒林有限以基准日（2007年10月31日）经东方会计师审计的净资产值78，753，204.55元为依据，其中60，000，000.00元折合为恒林股份股本60，000，000股，剩余18，753，204.55元计入资本公积。东方会计师已对本次整体变更投入的股本进行了审验，并出具了浙东会验[2007]1419号《验资报告》。", "spo_list": [{"predicate": "净资产账面价值", "object_type": "金额", "subject_type": "日期", "object": "78，753，204.55元", "subject": "2007年10月31日", "subject_index": {"begin": 31, "end": 42}, "object_index": {"begin": 56, "end": 70}}, {"predicate": "出具日期", "object_type": "日期", "subject_type": "文件", "object": "2007年10月31日", "subject": "浙东会验[2007]1419号《验资报告》", "subject_index": {"begin": 162, "end": 183}, "object_index": {"begin": 31, "end": 42}}]}
{"text": "2007年6月21日，广德安德会计师事务所出具了《验资报告》（广安会审验字（2007）076号）对上述出资予以验证。", "spo_list": [{"predicate": "出具日期", "object_type": "日期", "subject_type": "文件", "object": "2007年6月21日", "subject": "《验资报告》（广安会审验字（2007）076号）", "subject_index": {"begin": 24, "end": 48}, "object_index": {"begin": 0, "end": 10}}]}
{"text": "勤信评估以2009年12月31日为评估基准日对捷林家具整体资产进行了评估，并出具《资产评估报告》（浙勤评报〔2010〕65号）。截至评估基准日，捷林家具净资产账面价值14，614，719.33元，评估价值为22，091，205.09元，对应的80%股权价值为17，672，964.07元。本次评估增值的原因为土地使用权增值。", "spo_list": [{"predicate": "出具日期", "object_type": "日期", "subject_type": "文件", "object": "2009年12月31日", "subject": "《资产评估报告》（浙勤评报〔2010〕65号）", "subject_index": {"begin": 40, "end": 63}, "object_index": {"begin": 5, "end": 16}}, {"predicate": "净资产账面价值", "object_type": "金额", "subject_type": "日期", "object": "14，614，719.33元", "subject": "2009年12月31日", "subject_index": {"begin": 5, "end": 16}, "object_index": {"begin": 83, "end": 97}}]}
{"text": "根据经天健所审计的财务报表，截至2015年11月30日，浙江朴美总资产968.62万元，净资产37.23万元，2015年1-11月实现营业收入2，723.38万元，实现净利润9.21万元。", "spo_list": [{"predicate": "净资产账面价值", "object_type": "金额", "subject_type": "日期", "object": "37.23万元", "subject": "2015年11月30日", "subject_index": {"begin": 16, "end": 27}, "object_index": {"begin": 47, "end": 54}}]}
{"text": "恒达投资于2007年10月12日由王江林与其配偶梅益敏以货币资金出资设立，注册资本1，000万元。2007年9月27日，湖州中天和会计师事务所出具中天和验字（2007）第130号《验资报告》验证确认：截至2007年9月27日止，恒达投资已收到全体股东缴纳的注册资本。", "spo_list": [{"predicate": "出具日期", "object_type": "日期", "subject_type": "文件", "object": "2007年9月27日", "subject": "中天和验字（2007）第130号《验资报告》", "subject_index": {"begin": 73, "end": 95}, "object_index": {"begin": 49, "end": 59}}, {"predicate": "截止日期", "object_type": "日期", "subject_type": "报告", "object": "2007年9月27日止", "subject": "中天和验字（2007）第130号《验资报告》", "subject_index": {"begin": 73, "end": 95}, "object_index": {"begin": 102, "end": 113}}]}
{"text": "2014年至2017年6月公司研发投入分别为6，071.90万元、7，068.72万元、8，883.14万元和4，273.95万元，持续的研发创新投入是发行人保持产品竞争优势的重要保证，是实现企业创新战略的有力支撑。", "spo_list": [{"predicate": "研发费用", "object_type": "金额", "subject_type": "日期", "object": "6，071.90万元", "subject": "2014年至2017年6月", "subject_index": {"begin": 0, "end": 13}, "object_index": {"begin": 22, "end": 32}}, {"predicate": "研发费用", "object_type": "金额", "subject_type": "日期", "object": "7，068.72万元", "subject": "2014年至2017年6月", "subject_index": {"begin": 0, "end": 13}, "object_index": {"begin": 33, "end": 43}}, {"predicate": "研发费用", "object_type": "金额", "subject_type": "日期", "object": "8，883.14万元", "subject": "2014年至2017年6月", "subject_index": {"begin": 0, "end": 13}, "object_index": {"begin": 44, "end": 54}}, {"predicate": "研发费用", "object_type": "金额", "subject_type": "日期", "object": "4，273.95万元", "subject": "2014年至2017年6月", "subject_index": {"begin": 0, "end": 13}, "object_index": {"begin": 55, "end": 65}}]}
{"text": "2015年至2017年6月绍兴源盛海绵有限公司采购金额分别为10.43万元、284.89万元和864.08万元，绍兴源盛海绵有限公司为公司客户指定的供应商，故报告期内公司向绍兴源盛海绵有限公司采购金额大幅增加。报告期内其他主要供应商采购金额变动较小。", "spo_list": [{"predicate": "财务费用", "object_type": "金额", "subject_type": "日期", "object": "10.43万元", "subject": "015年至2017年6月", "subject_index": {"begin": 1, "end": 13}, "object_index": {"begin": 30, "end": 37}}, {"predicate": "财务费用", "object_type": "金额", "subject_type": "日期", "object": "284.89万元", "subject": "015年至2017年6月", "subject_index": {"begin": 1, "end": 13}, "object_index": {"begin": 38, "end": 46}}, {"predicate": "财务费用", "object_type": "金额", "subject_type": "日期", "object": "864.08万元", "subject": "015年至2017年6月", "subject_index": {"begin": 1, "end": 13}, "object_index": {"begin": 47, "end": 55}}]}
{"text": "蔡彬，男，1982年8月生，中国国籍，无境外永久居留权，专科学历。2012年加入恒林股份任PMC部经理和总经理办公室经理。2015年6月至今任恒林股份董事。", "spo_list": [{"predicate": "任职日期", "object_type": "日期", "subject_type": "人物", "object": "2012年", "subject": "蔡彬", "subject_index": {"begin": 0, "end": 2}, "object_index": {"begin": 33, "end": 38}}, {"predicate": "任职日期", "object_type": "日期", "subject_type": "人物", "object": "2015年6月至今", "subject": "蔡彬", "subject_index": {"begin": 0, "end": 2}, "object_index": {"begin": 61, "end": 70}}]}
{"text": "刘国平，男，1953年8月出生，中国国籍，无境外永久居留权，本科学历，副教授。历任浙江工业大学经贸学院讲师、副教授、党总支副书记、书记，绍兴市越城区副区长，浙江省委政策研究室处长。2003年至今任杭州思达管理咨询有限公司执行董事兼总经理。2010年12月至2013年10月任恒林股份独立董事。2015年6月至今任恒林股份独立董事。", "spo_list": [{"predicate": "任职日期", "object_type": "日期", "subject_type": "人物", "object": "2010年12月至2013年10月", "subject": "刘国平", "subject_index": {"begin": 0, "end": 3}, "object_index": {"begin": 119, "end": 136}}, {"predicate": "任职日期", "object_type": "日期", "subject_type": "人物", "object": "2015年6月至今", "subject": "刘国平", "subject_index": {"begin": 0, "end": 3}, "object_index": {"begin": 146, "end": 155}}]}
{"text": "李长水，男，1965年3月生，中国国籍，无境外永久居留权，高中学历。2000年至2008年任恒林股份技术部主管，2008年至今任公司生产部经理。2007年12月至今任恒林股份职工监事。", "spo_list": [{"predicate": "任职日期", "object_type": "日期", "subject_type": "人物", "object": "2000年至2008年", "subject": "李长水", "subject_index": {"begin": 0, "end": 3}, "object_index": {"begin": 34, "end": 45}}, {"predicate": "任职日期", "object_type": "日期", "subject_type": "人物", "object": "2008年至今", "subject": "李长水", "subject_index": {"begin": 0, "end": 3}, "object_index": {"begin": 56, "end": 63}}, {"predicate": "任职日期", "object_type": "日期", "subject_type": "人物", "object": "2007年12月至今", "subject": "李长水", "subject_index": {"begin": 0, "end": 3}, "object_index": {"begin": 72, "end": 82}}]}
{"text": "李卉，女，1985年10月出生，中国国籍，无境外永久居留权，专科学历。2007年7月至今任恒林股份国际业务部经理。2015年6月至今任恒林股份监事。", "spo_list": [{"predicate": "任职日期", "object_type": "日期", "subject_type": "人物", "object": "2007年7月至今", "subject": "李卉", "subject_index": {"begin": 0, "end": 2}, "object_index": {"begin": 35, "end": 44}}, {"predicate": "任职日期", "object_type": "日期", "subject_type": "人物", "object": "2015年6月至今", "subject": "李卉", "subject_index": {"begin": 0, "end": 2}, "object_index": {"begin": 57, "end": 66}}]}
{"text": "2015年9月12日，公司召开第四届董事会第二次会议，同意将韦云代公司持有的米德国际的100%股权转回给公司并对米德国际进行增资99万元港币。2015年9月27日，公司召开2015年第四次临时股东大会该事项进行了审议。2015年11月17日，浙江省商务厅出具了《企业境外投资证书》（境外投资证第N3300201500593）对该增资事项进行了批准。", "spo_list": [{"predicate": "出具日期", "object_type": "日期", "subject_type": "文件", "object": "2015年11月17日", "subject": "《企业境外投资证书》（境外投资证第N3300201500593）", "subject_index": {"begin": 130, "end": 162}, "object_index": {"begin": 109, "end": 120}}]}
{"text": "以2007年10月31日为评估基准日对恒林有限进行了整体评估并于2007年12月6日出具了《浙江恒林家具有限公司整体资产评估项目报告书》（安振评字（2007）第68号）。", "spo_list": [{"predicate": "出具日期", "object_type": "日期", "subject_type": "文件", "object": "2007年12月6日", "subject": "《浙江恒林家具有限公司整体资产评估项目报告书》（安振评字（2007）第68号）", "subject_index": {"begin": 45, "end": 84}, "object_index": {"begin": 32, "end": 42}}]}
{"text": "2013年9月24日，吕国红与公司签署了《股权转让协议》，吕国红将其持有的80%的捷林家具股权转让给公司。坤元评估接受公司委托，以2013年11月30日为评估基准日对捷林家具进行了追溯评估并于2015年12月31日出具了《浙江恒林椅业股份有限公司拟进行股权收购涉及的广德捷林家具有限公司股东全部权益价值评估项目资产评估报告》（坤元评报[2015]755号）。", "spo_list": [{"predicate": "出具日期", "object_type": "日期", "subject_type": "文件", "object": "2015年12月31日", "subject": "《浙江恒林椅业股份有限公司拟进行股权收购涉及的广德捷林家具有限公司股东全部权益价值评估项目资产评估报告》（坤元评报[2015]755号）", "subject_index": {"begin": 110, "end": 178}, "object_index": {"begin": 96, "end": 107}}]}
{"text": "2015年末货币资金较2014年末减少3，005.23万元，主要系公司2015年公司实施了分红方案；2016年末货币资金较2015年末增加7，780.00万元，主要系公司业务规模迅速发展，经营活动现金净流入增加所致；2017年6月末货币资金较2016年末减少4，454.50万元，主要系公司以挂牌成交的方式受让了安吉县经济开发区工业土地收储中心收储的原浙江利豪家具有限公司的土地和房产。", "spo_list": [{"predicate": "货币资金", "object_type": "金额", "subject_type": "日期", "object": "3，005.23万元", "subject": "2015年末", "subject_index": {"begin": 0, "end": 6}, "object_index": {"begin": 19, "end": 29}}, {"predicate": "货币资金", "object_type": "金额", "subject_type": "日期", "object": "7，780.00万元", "subject": "2016年末", "subject_index": {"begin": 50, "end": 56}, "object_index": {"begin": 69, "end": 79}}, {"predicate": "货币资金", "object_type": "金额", "subject_type": "日期", "object": "4，454.50万元", "subject": "2017年6月末", "subject_index": {"begin": 108, "end": 116}, "object_index": {"begin": 129, "end": 139}}]}
{"text": "2015年末较2014年末应付票据余额波动较小，2016年末较2015年末应付票据余额减少了406.92万元，一是由于部分供应商考虑到票据贴现需要支付一定比例的贴现利息，在资金较为充裕的情况下不再通过票据方式结算，如2014年、2015年末应付票据余额第一大供应商安吉民望包装材料厂在2016年不再通过票据方式结算；二是由于2015年末应付票据余额第五大供应商安吉景华木业有限公司在2016年与公司业务量下降导致应付票据余额也有所下降。", "spo_list": [{"predicate": "应付账款余额", "object_type": "金额", "subject_type": "日期", "object": "406.92万元", "subject": "2016年末", "subject_index": {"begin": 24, "end": 30}, "object_index": {"begin": 46, "end": 54}}]}
{"text": "报告期内，公司息税折旧摊销前利润分别为18，487.13万元、25，760.25万元、33，340.61万元和13，217.35万元，利息保障倍数分别为7.16、13.41、156.31和5，691.19，公司盈利能力和利息保障倍数逐年提高，具备较强的债务偿付能力。报告期内，公司息税折旧摊销前利润足够支付到期贷款和利息。", "spo_list": [{"predicate": "利息保障倍数", "object_type": "日期", "subject_type": "比率", "object": "报告期内", "subject": "7.16", "subject_index": {"begin": 76, "end": 80}, "object_index": {"begin": 0, "end": 4}}, {"predicate": "利息保障倍数", "object_type": "日期", "subject_type": "比率", "object": "报告期内", "subject": "13.41", "subject_index": {"begin": 81, "end": 86}, "object_index": {"begin": 0, "end": 4}}, {"predicate": "利息保障倍数", "object_type": "日期", "subject_type": "比率", "object": "报告期内", "subject": "156.31", "subject_index": {"begin": 87, "end": 93}, "object_index": {"begin": 0, "end": 4}}, {"predicate": "利息保障倍数", "object_type": "日期", "subject_type": "比率", "object": "报告期内", "subject": "5，691.19", "subject_index": {"begin": 94, "end": 102}, "object_index": {"begin": 0, "end": 4}}, {"predicate": "息税折旧摊销前利润", "object_type": "金额", "subject_type": "日期", "object": "18，487.13万元", "subject": "报告期内", "subject_index": {"begin": 0, "end": 4}, "object_index": {"begin": 19, "end": 30}}, {"predicate": "息税折旧摊销前利润", "object_type": "金额", "subject_type": "日期", "object": "25，760.25万元", "subject": "报告期内", "subject_index": {"begin": 0, "end": 4}, "object_index": {"begin": 31, "end": 42}}, {"predicate": "息税折旧摊销前利润", "object_type": "金额", "subject_type": "日期", "object": "33，340.61万元", "subject": "报告期内", "subject_index": {"begin": 0, "end": 4}, "object_index": {"begin": 43, "end": 54}}, {"predicate": "息税折旧摊销前利润", "object_type": "金额", "subject_type": "日期", "object": "13，217.35万元", "subject": "报告期内", "subject_index": {"begin": 0, "end": 4}, "object_index": {"begin": 55, "end": 66}}]}
{"text": "报告期内，公司通过新建生产线等方式逐步提高产能，报告期各期末机器设备类固定资产的期末账面原值分别为7，978.25万元、9，385.34万元、10，683.76万元和11，359.78万元。办公椅的产能由2013年的500万件到提高到2016年的660万件，产能的释放是公司收入保持增长趋势的重要保证。", "spo_list": [{"predicate": "固定资产账面价值", "object_type": "金额", "subject_type": "日期", "object": "7，978.25万元", "subject": "报告期内", "subject_index": {"begin": 0, "end": 4}, "object_index": {"begin": 49, "end": 59}}, {"predicate": "固定资产账面价值", "object_type": "金额", "subject_type": "日期", "object": "9，385.34万元", "subject": "报告期内", "subject_index": {"begin": 0, "end": 4}, "object_index": {"begin": 60, "end": 70}}, {"predicate": "固定资产账面价值", "object_type": "金额", "subject_type": "日期", "object": "10，683.76万元", "subject": "报告期内", "subject_index": {"begin": 0, "end": 4}, "object_index": {"begin": 71, "end": 82}}, {"predicate": "固定资产账面价值", "object_type": "金额", "subject_type": "日期", "object": "11，359.78万元", "subject": "报告期内", "subject_index": {"begin": 0, "end": 4}, "object_index": {"begin": 83, "end": 94}}]}
{"text": "报告期各期公司研发投入分别为6，071.90万元、7，068.72万元、8，883.14万元和4，273.95万元，坚持每年用销售额的4%-5%投入到研发创新中，持续不断的研发投入保证了公司的可持续发展，也是公司能够位于行业领先地位的基石。", "spo_list": [{"predicate": "研发费用", "object_type": "金额", "subject_type": "日期", "object": "6，071.90万元", "subject": "报告期各期", "subject_index": {"begin": 0, "end": 5}, "object_index": {"begin": 14, "end": 24}}, {"predicate": "研发费用", "object_type": "金额", "subject_type": "日期", "object": "7，068.72万元", "subject": "报告期各期", "subject_index": {"begin": 0, "end": 5}, "object_index": {"begin": 25, "end": 35}}, {"predicate": "研发费用", "object_type": "金额", "subject_type": "日期", "object": "8，883.14万元", "subject": "报告期各期", "subject_index": {"begin": 0, "end": 5}, "object_index": {"begin": 36, "end": 46}}, {"predicate": "研发费用", "object_type": "金额", "subject_type": "日期", "object": "4，273.95万元", "subject": "报告期各期", "subject_index": {"begin": 0, "end": 5}, "object_index": {"begin": 47, "end": 57}}]}
{"text": "，报告期各期末公司的资产负债率分别为59.38%、57.32%、40.10%和36.14%，在同行业中处于较高的水平。2017年6月末公司流动比率和速动比率分别为1.77和1.39，低于行业平均水平。公司与同行业可比公司资产负债率对比如下：", "spo_list": [{"predicate": "资产负债率", "object_type": "日期", "subject_type": "比率", "object": "报告期各期末", "subject": "59.38%", "subject_index": {"begin": 18, "end": 24}, "object_index": {"begin": 1, "end": 7}}, {"predicate": "资产负债率", "object_type": "日期", "subject_type": "比率", "object": "报告期各期末", "subject": "57.32%", "subject_index": {"begin": 25, "end": 31}, "object_index": {"begin": 1, "end": 7}}, {"predicate": "资产负债率", "object_type": "日期", "subject_type": "比率", "object": "报告期各期末", "subject": "40.10%", "subject_index": {"begin": 32, "end": 38}, "object_index": {"begin": 1, "end": 7}}, {"predicate": "资产负债率", "object_type": "日期", "subject_type": "比率", "object": "报告期各期末", "subject": "36.14%", "subject_index": {"begin": 39, "end": 45}, "object_index": {"begin": 1, "end": 7}}, {"predicate": "速动比率", "object_type": "日期", "subject_type": "比率", "object": "2017年6月末", "subject": "1.39", "subject_index": {"begin": 86, "end": 90}, "object_index": {"begin": 59, "end": 67}}]}
{"text": "2007年4月24日，湖州弘大会计师事务所有限公司出具了《验资报告》（湖弘会验报字（2007）36号），对上述出资予以验证。", "spo_list": [{"predicate": "出具日期", "object_type": "日期", "subject_type": "文件", "object": "2007年4月24日", "subject": "《验资报告》（湖弘会验报字（2007）36号）", "subject_index": {"begin": 28, "end": 51}, "object_index": {"begin": 0, "end": 10}}]}
{"text": "2010年6月22日，湖州弘大会计师事务所有限公司出具了《验资报告》（湖弘会验报字（2010）96号）对本次增资新增注册资本中的300万元出资到位情况予以验证；2010年9月3日，天健所出具了《验资报告》（天健验〔2010〕232号）对本次增资的第二期出资1，200万元予以验证。", "spo_list": [{"predicate": "出具日期", "object_type": "日期", "subject_type": "文件", "object": "2010年9月3日", "subject": "《验资报告》（天健验〔2010〕232号）", "subject_index": {"begin": 96, "end": 117}, "object_index": {"begin": 80, "end": 89}}, {"predicate": "出具日期", "object_type": "日期", "subject_type": "文件", "object": "2010年6月22日", "subject": "《验资报告》（湖弘会验报字（2010）96号）", "subject_index": {"begin": 28, "end": 51}, "object_index": {"begin": 0, "end": 10}}]}
{"text": "2015年12月31日，坤元评估以2013年11月30日为评估基准日对上述股权转让行为涉及的捷林家具的股东全部权益价值进行追溯评估，并出具了坤元评报〔2015〕755号《资产评估报告》，捷林家具股东全部权益的评估价值为22，024，571.98元。", "spo_list": [{"predicate": "出具日期", "object_type": "日期", "subject_type": "文件", "object": "2015年12月31日", "subject": "〔2015〕755号《资产评估报告》", "subject_index": {"begin": 74, "end": 92}, "object_index": {"begin": 0, "end": 11}}]}
{"text": "2012年1月11日，湖州中天和会计师事务所出具了《验资报告》（中天和验（2012）4号）对上述出资情况予以验证。", "spo_list": [{"predicate": "出具日期", "object_type": "日期", "subject_type": "文件", "object": "2012年1月11日", "subject": "《验资报告》（中天和验（2012）4号）", "subject_index": {"begin": 25, "end": 45}, "object_index": {"begin": 0, "end": 10}}]}
{"text": "2015年12月31日，坤元评估以2015年11月30日为评估基准日对浙江朴美股东全部权益价值进行了评估，并出具《浙江恒林椅业股份有限公司拟进行股权转让涉及的浙江朴美健康家居有限公司股东全部权益价值评估项目资产评估报告》（坤元评报〔2015〕750号）。", "spo_list": [{"predicate": "出具日期", "object_type": "日期", "subject_type": "文件", "object": "2015年12月31日", "subject": "《浙江恒林椅业股份有限公司拟进行股权转让涉及的浙江朴美健康家居有限公司股东全部权益价值评估项目资产评估报告》（坤元评报〔2015〕750号）", "subject_index": {"begin": 56, "end": 126}, "object_index": {"begin": 0, "end": 11}}]}
{"text": "2014年至2016年钢材采购单价分别为每吨3，474.48元、2，757.31元和3，005.34元，2014年至2016年钢材采购量分别为2.05万吨、1.95万吨和2.30万吨，", "spo_list": [{"predicate": "财务费用", "object_type": "金额", "subject_type": "日期", "object": "3，474.48元", "subject": "2014年至2016年", "subject_index": {"begin": 0, "end": 11}, "object_index": {"begin": 22, "end": 31}}, {"predicate": "财务费用", "object_type": "金额", "subject_type": "日期", "object": "2，757.31元", "subject": "2014年至2016年", "subject_index": {"begin": 0, "end": 11}, "object_index": {"begin": 32, "end": 41}}, {"predicate": "财务费用", "object_type": "金额", "subject_type": "日期", "object": "3，005.34元", "subject": "2014年至2016年", "subject_index": {"begin": 0, "end": 11}, "object_index": {"begin": 42, "end": 51}}]}
{"text": "王江林，男，1970年1月生，中国国籍，无境外永久居留权，本科学历，高级经济师。1998年创办安吉恒林，并担任执行董事职务。2007年12月至今任恒林股份董事长兼总经理。王江林长期从事家具产品研发和经营管理，是多项国家专利的发明（设计）人，为公司关键技术人员。曾获“安吉县劳动模范、浙江家具行业杰出企业家”等称号。担任的社会职务包括安吉县人大代表、浙江省家具行业协会副会长、浙江省椅业协会副会长、浙江经济发展理事会副主席。", "spo_list": [{"predicate": "任职日期", "object_type": "日期", "subject_type": "人物", "object": "2007年12月至今", "subject": "王江林", "subject_index": {"begin": 0, "end": 3}, "object_index": {"begin": 62, "end": 72}}]}
{"text": "王雅琴，女，1967年9月生，中国国籍，无境外永久居留权，本科学历。1998年加入恒林股份以来，历任出纳、生产部经理兼采购主管。2009年12月至今任恒林股份董事、副总经理。", "spo_list": [{"predicate": "任职日期", "object_type": "日期", "subject_type": "人物", "object": "1998年", "subject": "王雅琴", "subject_index": {"begin": 0, "end": 3}, "object_index": {"begin": 34, "end": 39}}, {"predicate": "任职日期", "object_type": "日期", "subject_type": "人物", "object": "2009年12月", "subject": "王雅琴", "subject_index": {"begin": 0, "end": 3}, "object_index": {"begin": 64, "end": 72}}]}
{"text": "陈天明，男，1973年6月生，中国国籍，无境外永久居留权，专科学历。1998年加入恒林股份任公司生产部部长。2007年12月至今任恒林股份董事、工会主席、物控部经理。", "spo_list": [{"predicate": "大专", "object_type": "学历", "subject_type": "人物", "object": "专科学历", "subject": "陈天明", "subject_index": {"begin": 0, "end": 3}, "object_index": {"begin": 29, "end": 33}}, {"predicate": "任职日期", "object_type": "日期", "subject_type": "人物", "object": "1998年", "subject": "陈天明", "subject_index": {"begin": 0, "end": 3}, "object_index": {"begin": 34, "end": 39}}, {"predicate": "任职日期", "object_type": "日期", "subject_type": "人物", "object": "2007年12月至今", "subject": "陈天明", "subject_index": {"begin": 0, "end": 3}, "object_index": {"begin": 54, "end": 64}}]}
{"text": "天健所对公司2014年12月31日、2015年12月31日、2016年12月31日和2017年6月30日的合并及母公司资产负债表，2014年度、2015年度、2016年度和2017年1-6月的合并及母公司利润表、合并及母公司现金流量表、合并及母公司所有者权益变动表以及财务报表附注进行了审计，并出具了编号为“天健审〔2017〕8048号”的标准无保留意见《审计报告》。", "spo_list": [{"predicate": "出具日期", "object_type": "日期", "subject_type": "文件", "object": "2014年度、2015年度、2016年度和2017年1-6月", "subject": "天健审〔2017〕8048号”的标准无保留意见《审计报告》", "subject_index": {"begin": 154, "end": 183}, "object_index": {"begin": 65, "end": 95}}]}
{"text": "2010年8月5日，勤信评估出具了《浙江恒林家具有限公司整体资产评估项目报告书复核意见》（浙勤评报〔2010〕254号）。勤信评估认为原“安振评字[2007]第68号”资产评估报告书的格式基本符合规范、评估基准日的选择适当、评估所依据的法律法规和准则等基本合理、评估过程和步骤基本符合准则要求，部分评估参数的选择欠恰当，但对整体评估结果的影响不大，评估结论基本反映了浙江恒林家具有限公司整体资产的市场价值。", "spo_list": [{"predicate": "出具日期", "object_type": "日期", "subject_type": "文件", "object": "2010年8月5日", "subject": "《浙江恒林家具有限公司整体资产评估项目报告书复核意见》（浙勤评报〔2010〕254号）", "subject_index": {"begin": 17, "end": 60}, "object_index": {"begin": 0, "end": 9}}]}
{"text": "坤元评估接受绿叶房地产的委托，以2015年8月31日为评估基准日对绿叶房地产持有的“青青家园”36套商品住宅进行了整体评估并于2015年12月5日出具了《浙江绿叶房地产开发有限公司拟进行资产转让涉及的单项资产评估报告项目资产评估报告》（坤元评字[2015]644号）。", "spo_list": [{"predicate": "出具日期", "object_type": "日期", "subject_type": "文件", "object": "2015年12月5日", "subject": "《浙江绿叶房地产开发有限公司拟进行资产转让涉及的单项资产评估报告项目资产评估报告》（坤元评字[2015]644号）", "subject_index": {"begin": 76, "end": 133}, "object_index": {"begin": 63, "end": 73}}]}
{"text": "报告期各期末，公司货币资金余额分别为19，725.39万元、16，720.16万元、24，500.17万元和20，045.67万元，占流动资产比重分别为21.16%、26.72%、31.15%和27.81%。", "spo_list": [{"predicate": "货币资金余额", "object_type": "金额", "subject_type": "日期", "object": "19，725.39万元", "subject": "报告期各期末", "subject_index": {"begin": 0, "end": 6}, "object_index": {"begin": 18, "end": 29}}, {"predicate": "货币资金余额", "object_type": "金额", "subject_type": "日期", "object": "16，720.16万元", "subject": "报告期各期末", "subject_index": {"begin": 0, "end": 6}, "object_index": {"begin": 30, "end": 41}}, {"predicate": "货币资金余额", "object_type": "金额", "subject_type": "日期", "object": "24，500.17万元", "subject": "报告期各期末", "subject_index": {"begin": 0, "end": 6}, "object_index": {"begin": 42, "end": 53}}, {"predicate": "货币资金余额", "object_type": "金额", "subject_type": "日期", "object": "20，045.67万元", "subject": "报告期各期末", "subject_index": {"begin": 0, "end": 6}, "object_index": {"begin": 54, "end": 65}}]}
{"text": "截至2017年6月30日，公司递延所得税资产为814.31万元，系公司按照会计规定与税法规定之间形成的可抵扣暂行性差异。", "spo_list": [{"predicate": "递延所得税资产", "object_type": "金额", "subject_type": "日期", "object": "814.31万元", "subject": "2017年6月30日", "subject_index": {"begin": 2, "end": 12}, "object_index": {"begin": 23, "end": 31}}]}
{"text": "报告期各期末，公司流动比率分别为1.25、1.15、1.78和1.77，速动比率分别为1.08、0.92、1.40和1.39，流动比率和速动比率整体呈先降后升趋势，主要原因为：（1）2014年公司长期借款进入还款期转入流动负债；（2）2015年实施了现金分红导致流动资产减少；（3）公司偿还了短期借款导致2016年末公司短期借款较2015年末减少13，383.33万元。", "spo_list": [{"predicate": "短期借款", "object_type": "金额", "subject_type": "日期", "object": "13，383.33万元", "subject": "2016年末", "subject_index": {"begin": 152, "end": 158}, "object_index": {"begin": 173, "end": 184}}, {"predicate": "速动比率", "object_type": "日期", "subject_type": "比率", "object": "报告期各期末", "subject": "1.08", "subject_index": {"begin": 43, "end": 47}, "object_index": {"begin": 0, "end": 6}}, {"predicate": "速动比率", "object_type": "日期", "subject_type": "比率", "object": "报告期各期末", "subject": "0.92", "subject_index": {"begin": 48, "end": 52}, "object_index": {"begin": 0, "end": 6}}, {"predicate": "速动比率", "object_type": "日期", "subject_type": "比率", "object": "报告期各期末", "subject": "1.40", "subject_index": {"begin": 53, "end": 57}, "object_index": {"begin": 0, "end": 6}}, {"predicate": "速动比率", "object_type": "日期", "subject_type": "比率", "object": "报告期各期末", "subject": "1.39", "subject_index": {"begin": 58, "end": 62}, "object_index": {"begin": 0, "end": 6}}]}
{"text": "公司2017年6月末货币资金比上年6月末增加5，123.59万元，主要系公司经营状况良好、业务规模增长、客户回款正常所致。", "spo_list": [{"predicate": "货币资金", "object_type": "金额", "subject_type": "日期", "object": "5，123.59万元", "subject": "2017年6月", "subject_index": {"begin": 2, "end": 9}, "object_index": {"begin": 22, "end": 32}}]}
{"text": "（2）研发投入因素。2014年至2016年，公司的研发费用分别为6，071.90万元、7，068.72万元和8，883.14万元，呈不断上升趋势。较强的研发能力使公司能够不断开发出新产品，快速响应客户需求，实现收入的稳定增长。", "spo_list": [{"predicate": "研发费用", "object_type": "金额", "subject_type": "日期", "object": "6，071.90万元", "subject": "2014年至2016年", "subject_index": {"begin": 10, "end": 21}, "object_index": {"begin": 32, "end": 42}}, {"predicate": "研发费用", "object_type": "金额", "subject_type": "日期", "object": "7，068.72万元", "subject": "2014年至2016年", "subject_index": {"begin": 10, "end": 21}, "object_index": {"begin": 43, "end": 53}}, {"predicate": "研发费用", "object_type": "金额", "subject_type": "日期", "object": "8，883.14万元", "subject": "2014年至2016年", "subject_index": {"begin": 10, "end": 21}, "object_index": {"begin": 54, "end": 64}}]}
{"text": "公司2017年1-6月营业利润为12，473.60万元，较上年同期下降17.26%，主要系2017年上半年公司主营业务综合毛利率为27.28%，较去年同期下降4.12%所致。", "spo_list": [{"predicate": "营业利润", "object_type": "金额", "subject_type": "日期", "object": "12，473.60万元", "subject": "2017年1-6月", "subject_index": {"begin": 2, "end": 11}, "object_index": {"begin": 16, "end": 27}}]}
{"text": "，2014年至2017年6月公司研发投入分别为6，071.90万元、7，068.72万元、8，883.14万元和4，273.95万元，坚持每年用销售额的4-5%投入到研发创新，持续不断的高位研发投入保证了公司的可持续发展，也是公司能够位于行业领先地位的基石。", "spo_list": [{"predicate": "研发费用", "object_type": "金额", "subject_type": "日期", "object": "6，071.90万元", "subject": "2014年至2017年6月", "subject_index": {"begin": 1, "end": 14}, "object_index": {"begin": 23, "end": 33}}, {"predicate": "研发费用", "object_type": "金额", "subject_type": "日期", "object": "7，068.72万元", "subject": "2014年至2017年6月", "subject_index": {"begin": 1, "end": 14}, "object_index": {"begin": 34, "end": 44}}, {"predicate": "研发费用", "object_type": "金额", "subject_type": "日期", "object": "8，883.14万元", "subject": "2014年至2017年6月", "subject_index": {"begin": 1, "end": 14}, "object_index": {"begin": 45, "end": 55}}, {"predicate": "研发费用", "object_type": "金额", "subject_type": "日期", "object": "4，273.95万元", "subject": "2014年至2017年6月", "subject_index": {"begin": 1, "end": 14}, "object_index": {"begin": 56, "end": 66}}]}
{"text": "2010年6月21日，浙江省安吉经济开发区管理委员会出具《关于同意中外合资湖州恒鑫金属制品有限公司变更规模、法定住所的批复》（安管委经[2010]25号），批准湖州恒鑫本次增资事项。同日，浙江省人民政府颁布了变更后的《中华人民共和国台港澳侨投资企业批准证书》（商外资浙府资湖字[2007]00044号）。", "spo_list": [{"predicate": "出具日期", "object_type": "日期", "subject_type": "文件", "object": "2010年6月21日", "subject": "《关于同意中外合资湖州恒鑫金属制品有限公司变更规模、法定住所的批复》（安管委经[2010]25号）", "subject_index": {"begin": 28, "end": 77}, "object_index": {"begin": 0, "end": 10}}]}
{"text": "2007年8月15日，广德安德会计师事务出具了《验资报告》（广安会验（2007）130号）对上述新增注册资本予以验证。", "spo_list": [{"predicate": "出具日期", "object_type": "日期", "subject_type": "文件", "object": "2007年8月15日", "subject": "《验资报告》（广安会验（2007）130号）", "subject_index": {"begin": 23, "end": 45}, "object_index": {"begin": 0, "end": 10}}]}
{"text": "以2017年6月30日为评估基准日对恒升小贷进行了整体评估并于2017年9月10日出具了《安吉恒林商贸有限公司拟股权收购涉及的安吉恒升科技小额贷款有限公司股东全部权益价值评估项目资产评估报告》（北方亚事评报字[2017]第01-380号）。", "spo_list": [{"predicate": "出具日期", "object_type": "日期", "subject_type": "文件", "object": "2017年9月10日", "subject": "安吉恒林商贸有限公司拟股权收购涉及的安吉恒升科技小额贷款有限公司股东全部权益价值评估项目资产评估报告》（北方亚事评报字[2017]第01-380号）。", "subject_index": {"begin": 45, "end": 120}, "object_index": {"begin": 31, "end": 41}}]}
{"text": "2014年至2017年6月公司对常州市凯迪电器股份有限公司采购金额分别为1，011.29万元、1，185.36万元、1，421.08万元和793.60万元，采购金额占该类采购总金额的比例分别为33.21%、43.16%、45.73%和52.00%。", "spo_list": []}
{"text": "王郑兴，男，1975年6月生，中国国籍，无境外永久居留权，硕士学历，高级技师。2008年加入恒林股份任研发部经理，2013年10月至今任恒林股份董事、副总经理。在任职期间带领恒林股份的研发团队开发多项成果获得国家专利和各类奖项。", "spo_list": [{"predicate": "任职日期", "object_type": "日期", "subject_type": "人物", "object": "2008年", "subject": "王郑兴", "subject_index": {"begin": 0, "end": 3}, "object_index": {"begin": 39, "end": 44}}, {"predicate": "任职日期", "object_type": "日期", "subject_type": "人物", "object": "2013年10月至今", "subject": "王郑兴", "subject_index": {"begin": 0, "end": 3}, "object_index": {"begin": 57, "end": 67}}]}
{"text": "朱思东，男，1970年11月生，中国国籍，无境外永久居留权，本科学历，会计师职称。2003年加入恒林股份历任恒林股份会计、财务经理，2015年6月至今任恒林股份董事，2015年7月至今任恒林股份财务负责人。", "spo_list": [{"predicate": "任职日期", "object_type": "日期", "subject_type": "人物", "object": "2015年6月", "subject": "朱思东", "subject_index": {"begin": 0, "end": 3}, "object_index": {"begin": 66, "end": 73}}, {"predicate": "任职日期", "object_type": "日期", "subject_type": "人物", "object": "2015年7月", "subject": "朱思东", "subject_index": {"begin": 0, "end": 3}, "object_index": {"begin": 83, "end": 90}}]}
{"text": "蒋鸿源，男，1946年2月生，中国国籍，无境外永久居留权，本科学历，高级工程师。2006年至2016年12月任浙江省家具行业协会理事长兼秘书长，2016年12月至今任浙江省家具行业协会名誉理事长兼专家委员会主任。2010年12月至2013年10月任恒林股份独立董事。2015年6月至今任恒林股份独立董事。", "spo_list": [{"predicate": "任职日期", "object_type": "日期", "subject_type": "人物", "object": "2006年至2016年12月", "subject": "蒋鸿源", "subject_index": {"begin": 0, "end": 3}, "object_index": {"begin": 40, "end": 54}}, {"predicate": "任职日期", "object_type": "日期", "subject_type": "人物", "object": "2016年12月至今", "subject": "蒋鸿源", "subject_index": {"begin": 0, "end": 3}, "object_index": {"begin": 72, "end": 82}}, {"predicate": "任职日期", "object_type": "日期", "subject_type": "人物", "object": "2010年12月至2013年10月", "subject": "蒋鸿源", "subject_index": {"begin": 0, "end": 3}, "object_index": {"begin": 106, "end": 123}}, {"predicate": "任职日期", "object_type": "日期", "subject_type": "人物", "object": "2015年6月至今", "subject": "蒋鸿源", "subject_index": {"begin": 0, "end": 3}, "object_index": {"begin": 133, "end": 142}}]}
{"text": "熊晓萍，女，1975年11月出生，中国国籍，无境外永久居留权，硕士研究生学历，高级会计师。曾任杭州万国投资管理有限公司财务经理。2010年至2011年，任浙江灵康药业有限公司财务总监；2011年至2015年，任灵康药业集团股份有限公司财务总监、董事会秘书；2015年起，任西藏卫信康医药股份有限公司财务总监、董事会秘书。2015年6月至今任恒林股份独立董事。", "spo_list": [{"predicate": "研究生", "object_type": "学历", "subject_type": "人物", "object": "研究生", "subject": "熊晓萍", "subject_index": {"begin": 0, "end": 3}, "object_index": {"begin": 33, "end": 36}}, {"predicate": "任职日期", "object_type": "日期", "subject_type": "人物", "object": "2010年至2011年", "subject": "熊晓萍", "subject_index": {"begin": 0, "end": 3}, "object_index": {"begin": 64, "end": 75}}, {"predicate": "任职日期", "object_type": "日期", "subject_type": "人物", "object": "2011年至2015年", "subject": "熊晓萍", "subject_index": {"begin": 0, "end": 3}, "object_index": {"begin": 92, "end": 103}}, {"predicate": "任职日期", "object_type": "日期", "subject_type": "人物", "object": "2015年起", "subject": "熊晓萍", "subject_index": {"begin": 0, "end": 3}, "object_index": {"begin": 128, "end": 134}}, {"predicate": "任职日期", "object_type": "日期", "subject_type": "人物", "object": "2015年6月至今", "subject": "熊晓萍", "subject_index": {"begin": 0, "end": 3}, "object_index": {"begin": 160, "end": 169}}]}
{"text": "韦云，男，1962年1月出生，中国国籍，无境外永久居留权，高中学历。2009年1月至今任恒林股份国内业务部经理。2013年10月至今任恒林股份监事会主席。", "spo_list": [{"predicate": "任职日期", "object_type": "日期", "subject_type": "人物", "object": "。2009年1月", "subject": "韦云，", "subject_index": {"begin": 0, "end": 3}, "object_index": {"begin": 33, "end": 41}}, {"predicate": "任职日期", "object_type": "日期", "subject_type": "人物", "object": "2013年10月", "subject": "韦云，", "subject_index": {"begin": 0, "end": 3}, "object_index": {"begin": 56, "end": 64}}]}
{"text": "公司高级管理人员5名，任期为2015年6月至2018年6月。王江林，本公司董事长兼总经理（个人情况详见本节之“一、董事、监事、高级管理人员与核心技术人员的基本情况”之“（一）董事会成员”）。王雅琴，本公司董事兼副总经理（个人情况详见本节之“一、董事、监事、高级管理人员与核心技术人员的基本情况”之“（一）董事会成员”）。王郑兴，本公司董事兼副总经理（个人情况详见本节之“一、董事、监事、高级管理人员与核心技术人员的基本情况”之“（一）董事会成员”）。朱思东，本公司财务负责人（个人情况详见本节之“一、董事、监事、高级管理人员与核心技术人员的基本情况”之“（一）董事会成员”）。", "spo_list": [{"predicate": "任职日期", "object_type": "日期", "subject_type": "人物", "object": "2015年6月至2018年6月", "subject": "王江林", "subject_index": {"begin": 30, "end": 33}, "object_index": {"begin": 14, "end": 29}}, {"predicate": "任职日期", "object_type": "日期", "subject_type": "人物", "object": "2015年6月至2018年6月", "subject": "王雅琴", "subject_index": {"begin": 95, "end": 98}, "object_index": {"begin": 14, "end": 29}}, {"predicate": "任职日期", "object_type": "日期", "subject_type": "人物", "object": "2015年6月至2018年6月", "subject": "朱思东", "subject_index": {"begin": 225, "end": 228}, "object_index": {"begin": 14, "end": 29}}, {"predicate": "任职日期", "object_type": "日期", "subject_type": "人物", "object": "2015年6月至2018年6月", "subject": "王郑兴", "subject_index": {"begin": 160, "end": 163}, "object_index": {"begin": 14, "end": 29}}]}
{"text": "以2009年12月31日为评估基准日对捷林家具进行了整体评估并于2010年3月22日出具了《浙江恒林椅业股份有限公司拟进行股权转让涉及的广德捷林家具有限公司股东全部权益价值评估报告资产评估项目报告》（浙勤评报字[2010]第65号）。", "spo_list": [{"predicate": "出具日期", "object_type": "日期", "subject_type": "文件", "object": "2009年12月31日", "subject": "《浙江恒林椅业股份有限公司拟进行股权转让涉及的广德捷林家具有限公司股东全部权益价值评估报告资产评估项目报告》（浙勤评报字[2010]第65号）。", "subject_index": {"begin": 45, "end": 117}, "object_index": {"begin": 1, "end": 12}}]}
{"text": "以2017年6月30日为评估基准日对恒升小贷进行了整体评估并于2017年9月10日出具了《安吉恒林商贸有限公司拟股权收购涉及的安吉恒升科技小额贷款有限公司股东全部权益价值评估项目资产评估报告》（北方亚事评报字[2017]第01-380号）。", "spo_list": [{"predicate": "出具日期", "object_type": "日期", "subject_type": "文件", "object": "2017年6月30日", "subject": "《安吉恒林商贸有限公司拟股权收购涉及的安吉恒升科技小额贷款有限公司股东全部权益价值评估项目资产评估报告》（北方亚事评报字[2017]第01-380号）", "subject_index": {"begin": 44, "end": 119}, "object_index": {"begin": 1, "end": 11}}]}
{"text": "：①2017年6月末公司其他货币资金中有34.40万元保函保证金和12.00万元国网电费保证金使用受限，不属于现金及现金等价物；②2016年末公司其他货币资金中有12，979.68万元掉期外汇保证金使用受限，不属于现金及现金等价物；③2015年末公司其他货币资金中有1，000万元定期存款用于借款质押、有875.60万元贸易融资保证金以及247万元远期外汇合约保证金使用受限，不属于现金及现金等价物；④2014年末公司其他货币资金中有2，000万元定期存款用于借款质押、有17.50万元远期外汇合约保证金使用受限，不属于现金及现金等价物。", "spo_list": []}
{"text": "2015年末应收账款较2014年末应收账款增加29.66%的主要原因是：（1）2015年公司对华为技术有限公司的销售较2014年增加导致2015年末公司对华为技术有限公司的应收账款较2014年末增加2，373.02万元；（", "spo_list": []}
{"text": "2015年末无形资产账面价值较2014年末略有下降，主要是因为2015年新增无形资产少于2015年无形资产摊销金额所致。2016年末无形资产账面价值较2015年末增加1，609.71万元，主要是公司于2016年5月以出让的方式获得一宗土地使用权，该宗土地使用权的出让款总价为1，646万元，该地块用于募集资金投资项目之一“年产300万套健康坐具生产线项目”且已取得该地块的土地使用权证书。2017年6月末无形资产账面价值较2016年末增加4，076.38万元，主要是2017年公司以挂牌成交的方式受让了安吉县经济开发区工业土地收储中心收储的原浙江利豪家具有限公司的土地。截至2017年6月30日，公司无形资产情况如下：", "spo_list": [{"predicate": "无形资产", "object_type": "金额", "subject_type": "日期", "object": "1，609.71万元", "subject": "2016年末", "subject_index": {"begin": 60, "end": 66}, "object_index": {"begin": 83, "end": 93}}, {"predicate": "无形资产", "object_type": "金额", "subject_type": "日期", "object": "4，076.38万元", "subject": "2017年6月末", "subject_index": {"begin": 194, "end": 202}, "object_index": {"begin": 219, "end": 229}}]}
{"text": "（1）2014年公司偿还了部分银行借款，短期借款和长期借款的总体规模呈下降趋势；（2）2015年公司偿还了一年内到期的长期借款14，000万元及部分短期借款；（3）公司偿还了短期借款导致2016年末公司短期借款较2015年末减少13，383.33万元。", "spo_list": [{"predicate": "长期借款", "object_type": "金额", "subject_type": "日期", "object": "14，000万元", "subject": "2015年", "subject_index": {"begin": 43, "end": 48}, "object_index": {"begin": 63, "end": 71}}]}
{"text": "公司2017年6月末短期借款比上年6月末减少4，907.17万元，主要系公司经营情况良好，资金较为充裕，归还短期借款所致。", "spo_list": [{"predicate": "短期借款", "object_type": "金额", "subject_type": "日期", "object": "4，907.17万元", "subject": "2017年6月末", "subject_index": {"begin": 2, "end": 10}, "object_index": {"begin": 22, "end": 32}}]}
{"text": "公司管理费用2016年较2015年增长了3，225.61万元，主要系研发费用及职工薪酬变动引起，其中研发费用增长了1，814.42万元，职工薪酬增长了1，079.79万元，二者增长金额占总增长金额的89.73%。", "spo_list": [{"predicate": "管理费用", "object_type": "金额", "subject_type": "日期", "object": "3，225.61万元", "subject": "2016年", "subject_index": {"begin": 6, "end": 11}, "object_index": {"begin": 20, "end": 30}}, {"predicate": "研发费用", "object_type": "金额", "subject_type": "日期", "object": "1，814.42万元", "subject": "2016年", "subject_index": {"begin": 6, "end": 11}, "object_index": {"begin": 57, "end": 67}}, {"predicate": "应付职工薪酬", "object_type": "金额", "subject_type": "日期", "object": "了1，079.79万元", "subject": "2016年", "subject_index": {"begin": 6, "end": 11}, "object_index": {"begin": 74, "end": 85}}]}
