{"text": "发行人系由宏盛有限以2012年3月31日为基准日整体变更设立的股份有限公司。2012年5月12日，立信出具了信会师报字［2012］第113132号《审计报告》，确认宏盛有限截至2012年3月31日的净资产为139，643，649.63元。2012年5月28日，宏盛有限通过股东会决议，同意以上述经审计的净资产按1:0.5371的比率折为7，500万股，将宏盛有限整体变更为股份有限公司。2012年8月13日，公司取得江苏省无锡工商行政管理局核发的《企业法人营业执照》，注册号为320211000081945，注册资本为7，500万元。", "spo_list": [{"predicate": "出具日期", "object_type": "日期", "subject_type": "文件", "object": "2012年3月31日", "subject": "《审计报告》", "subject_index": {"begin": 73, "end": 79}, "object_index": {"begin": 10, "end": 20}}, {"predicate": "截止日期", "object_type": "日期", "subject_type": "报告", "object": "2012年3月31日", "subject": "《审计报告》", "subject_index": {"begin": 73, "end": 79}, "object_index": {"begin": 10, "end": 20}}]}
{"text": "王诚先生，1971年12月生，中国国籍，无境外永久居留权，大学本科学历。王诚先生曾任锡山市对外贸易（集团）有限公司业务员、美国霍华德·伯格公司中国办事处采购代表、宏盛有限副总经理、公司董事会秘书；自2011年以来先后任宏盛有限总经理、公司董事会秘书、公司总经理，现任本公司总经理。", "spo_list": [{"predicate": "任职日期", "object_type": "日期", "subject_type": "人物", "object": "2011年", "subject": "王诚", "subject_index": {"begin": 0, "end": 2}, "object_index": {"begin": 99, "end": 104}}]}
{"text": "凌祥先生，1967年6月出生，中国国籍，无境外永久居留权，博士、教授、博士生导师，教育部长江学者特聘教授，江苏省特聘教授，国务院特殊津贴专家，美国机械工程师学会会员。2011年至今任南京工业大学机械及动力工程学院院长。长期从事工业节能技术研究，2012年入选江苏省第五届十大杰出发明人，2013年被遴选为江苏省“333高层次人才培养工程”第一层次培养对象。2012年-2014年曾任公司监事、监事会主席。", "spo_list": [{"predicate": "任职日期", "object_type": "日期", "subject_type": "人物", "object": "2012年-2014年", "subject": "凌祥", "subject_index": {"begin": 0, "end": 2}, "object_index": {"begin": 178, "end": 189}}]}
{"text": "单博先生，1990年1月出生，中国国籍，无境外永久居留权，研究生，2011年至2013年，英国利兹大学读书，2013年至今，任江苏太湖律师事务律师助理。", "spo_list": [{"predicate": "任职日期", "object_type": "日期", "subject_type": "人物", "object": "2013年", "subject": "单博", "subject_index": {"begin": 0, "end": 2}, "object_index": {"begin": 54, "end": 59}}, {"predicate": "研究生", "object_type": "学历", "subject_type": "人物", "object": "研究生", "subject": "单博", "subject_index": {"begin": 0, "end": 2}, "object_index": {"begin": 29, "end": 32}}]}
{"text": "徐荣飞，1974年9月生，中国国籍，无境外永久居留权，大学本科学历，毕业于上海交通大学制冷设备与低温技术专业。徐荣飞先生曾任江苏双良集团设计工程师、无锡小天鹅苏泰洗涤机械有限公司机械工程师、埃克尔空调技术（无锡）有限公司技术部主管；自2011年以来先后任宏盛有限技术部经理、公司技术部经理、公司监事，现任本公司技术部经理、监事。", "spo_list": [{"predicate": "任职日期", "object_type": "日期", "subject_type": "人物", "object": "2011年", "subject": "徐荣飞", "subject_index": {"begin": 0, "end": 3}, "object_index": {"begin": 117, "end": 122}}]}
{"text": "2011年12月30日，立信无锡分所出具立信锡验［2011］字第0013号验资报告，确认宏盛有限234.5679万元新增资本已经缴足。立信对宏盛有限本次增资进行了复核，并于2013年2月6日出具了信会师报字［2013］第113118号验资复核报告。", "spo_list": [{"predicate": "出具日期", "object_type": "日期", "subject_type": "文件", "object": "2011年12月30日", "subject": "立信锡验［2011］字第0013号验资报告", "subject_index": {"begin": 20, "end": 41}, "object_index": {"begin": 0, "end": 11}}, {"predicate": "截止日期", "object_type": "日期", "subject_type": "报告", "object": "2011年12月30日", "subject": "立信锡验［2011］字第0013号验资报告", "subject_index": {"begin": 20, "end": 41}, "object_index": {"begin": 0, "end": 11}}]}
{"text": "宏盛有限于2012年5月28日召开股东会，决定以有限公司截至2012年3月31日经审计的净资产值139，643，649.63元，按照1:0.5371的比例折为股本总额75，000，000.00元，其余64，643，649.63元计入资本公积，整体变更共同发起设立“无锡宏盛换热器制造股份有限公司”。2012年8月13日，公司领取了无锡市工商行政管理局颁发的注册号为320211000081945的《企业法人营业执照》", "spo_list": [{"predicate": "净资产账面价值", "object_type": "金额", "subject_type": "日期", "object": "139，643，649.63元", "subject": "2012年3月31日", "subject_index": {"begin": 30, "end": 40}, "object_index": {"begin": 48, "end": 63}}]}
{"text": "公司系由宏盛有限整体变更设立的股份有限公司。2012年6月28日宏盛有限通过股东会决议，同意以宏盛有限截至2012年3月31日经审计的净资产值139，643，649.63元，按照1:0.5371的比例折为股本总额75，000，000.00元，其余64，643，649.63元计入资本公积。立信于2012年6月13日出具信会师报字［2012］第113517号《验资报告》，确认截至2012年6月13日公司注册资本人民币75，000，000.00元已全部缴足。", "spo_list": [{"predicate": "净资产账面价值", "object_type": "金额", "subject_type": "日期", "object": "139，643，649.63元", "subject": "2012年3月31日", "subject_index": {"begin": 53, "end": 63}, "object_index": {"begin": 71, "end": 86}}]}
{"text": "陶真琳女士，1981年11月生，中国国籍，无境外永久居留权，大学本科学历。陶真琳女士曾任南野金属材料（无锡）有限公司总务组长、无锡冠云铝业有限责任公司综合办职员、无锡万盛综合办职员；现任本公司监事会主席、本公司工会主席、职工代表监事。", "spo_list": []}
{"text": "立信对公司2013年度、2014年度、2015年度及2016年1-6月的财务报表进行了审计，并出具了信会师报字[2016]第115526号标准无保留意见的《审计报告》。本节引用或者披露的财务会计信息，均引自经审计的财务报告或根据其中相关数据计算得出并反映。本节的财务会计数据及有关的分析反映了公司报告期内经审计的财务报表及有关附注的重要内容。投资者欲对本公司的财务状况、经营成果和会计政策进行详细了解，应当认真阅读公司经审计的财务报表及审计报告。", "spo_list": [{"predicate": "出具日期", "object_type": "日期", "subject_type": "文件", "object": "2016年1-6月", "subject": "信会师报字[2016]第115526号标准无保留意见的《审计报告》", "subject_index": {"begin": 50, "end": 83}, "object_index": {"begin": 26, "end": 35}}, {"predicate": "截止日期", "object_type": "日期", "subject_type": "报告", "object": "2016年1-6月", "subject": "信会师报字[2016]第115526号标准无保留意见的《审计报告》", "subject_index": {"begin": 50, "end": 83}, "object_index": {"begin": 26, "end": 35}}]}
{"text": "根据《公司注册资本登记管理规定》的要求，公司在整体变更为股份有限公司时，聘请了江苏中天进行了评估，江苏中天于2012年5月15日出具了苏中资评报字［2012］第38号《资产评估报告》。", "spo_list": [{"predicate": "出具日期", "object_type": "日期", "subject_type": "文件", "object": "2012年5月15日", "subject": "苏中资评报字［2012］第38号《资产评估报告》", "subject_index": {"begin": 67, "end": 91}, "object_index": {"begin": 54, "end": 64}}, {"predicate": "截止日期", "object_type": "日期", "subject_type": "报告", "object": "2012年5月15日", "subject": "苏中资评报字［2012］第38号《资产评估报告》", "subject_index": {"begin": 67, "end": 91}, "object_index": {"begin": 54, "end": 64}}]}
{"text": "2014年末，公司新增客户应收账款期末余额为616.66万元，占外销应收账款总额的比例为10.61%，其中账期小于等于90天的占比9.58%，超过90天的占比1.03%。其中，2014年度新增客户中给予的账期超过90天的对应的收入为87.46万元，占2014年主营收入的比重为0.39%，占比较小。", "spo_list": [{"predicate": "其他应付款余额", "object_type": "金额", "subject_type": "日期", "object": "616.66万元", "subject": "2014年末", "subject_index": {"begin": 0, "end": 6}, "object_index": {"begin": 22, "end": 30}}]}
{"text": "报告期内，公司的在建工程主要为设备安装、办公楼改扩建及新厂区建设投入。2013-2015年末及2016年6月末公司在建工程余额分别为1，469.27万元、163.11万元、1，103.89万元及2，705.61万元，占非流动资产的比重分别为17.36%、1.84%、11.70%和23.44%。截至2014年末，公司换热器性能试验设备及办公楼改扩建均已完工并转入固定资产。公司新完工的换热器性能实验设备先进程度较高，能对内、对外承接多种产品的性能测试。这有助于公司深化与现有客户的合作关系并开发更多的新客户，从而进一步提升公司的竞争力。截至2016年6月末，公司在建工程全部为新厂区建设相关的厂房及基础设施。", "spo_list": [{"predicate": "在建工程余额", "object_type": "金额", "subject_type": "日期", "object": "1，469.27万元", "subject": "013-2015年末", "subject_index": {"begin": 36, "end": 46}, "object_index": {"begin": 66, "end": 76}}, {"predicate": "在建工程余额", "object_type": "金额", "subject_type": "日期", "object": "163.11万元", "subject": "013-2015年末", "subject_index": {"begin": 36, "end": 46}, "object_index": {"begin": 77, "end": 85}}, {"predicate": "在建工程余额", "object_type": "金额", "subject_type": "日期", "object": "1，103.89万元", "subject": "013-2015年末", "subject_index": {"begin": 36, "end": 46}, "object_index": {"begin": 86, "end": 96}}, {"predicate": "在建工程余额", "object_type": "金额", "subject_type": "日期", "object": "2，705.61万元", "subject": "2016年6月末", "subject_index": {"begin": 47, "end": 55}, "object_index": {"begin": 97, "end": 107}}]}
{"text": "2000年12月25日，钮法清与丁茂正共同出资设立宏盛有限。其中，钮法清以经无锡众信会计师事务所（以下简称“无锡众信”）2000年12月5日出具的锡众评报字［2000］第051号评估报告（评估基准日为2000年12月1日）确认的评估值为138.779万元的一批机器设备投入宏盛有限，丁茂正以人民币现金15万元出资。宏盛有限获无锡市工商行政管理局核发的《企业法人营业执照》（注册号：3202122100077）。", "spo_list": [{"predicate": "出具日期", "object_type": "日期", "subject_type": "文件", "object": "2000年12月5日", "subject": "锡众评报字［2000］第051号评估报告", "subject_index": {"begin": 73, "end": 93}, "object_index": {"begin": 60, "end": 70}}, {"predicate": "截止日期", "object_type": "日期", "subject_type": "报告", "object": "2000年12月5日", "subject": "锡众评报字［2000］第051号评估报告", "subject_index": {"begin": 73, "end": 93}, "object_index": {"begin": 60, "end": 70}}]}
{"text": "余彪先生，1959年9月出生，中国国籍，无境外永久居留权，博士，自2011年以来任美国依利诺州卡特皮勒(Carterpillar)发动机冷却和尾气后处理部高级研发工程师；同时兼职美国依利诺州格林英万股份有限公司总工程师。", "spo_list": [{"predicate": "任职日期", "object_type": "日期", "subject_type": "人物", "object": "2011年", "subject": "余彪", "subject_index": {"begin": 0, "end": 2}, "object_index": {"begin": 33, "end": 38}}]}
{"text": "岳惠兴先生，1964年7月生，中国国籍，无境外永久居留权，高中学历。岳惠兴先生曾任无锡市和平五金电器厂职员、无锡市宏盛换热器厂厂长、宏盛有限生产主管、销售经理、生产部经理；自2011年以来先后任宏盛有限副总经理、公司副总经理，现任本公司副总经理。", "spo_list": [{"predicate": "任职日期", "object_type": "日期", "subject_type": "人物", "object": "2011年", "subject": "岳惠兴", "subject_index": {"begin": 0, "end": 3}, "object_index": {"begin": 87, "end": 92}}]}
{"text": "2011年12月10日，宏盛有限股东会通过决议，同意公司注册资本由1，000万元增加至1，234.5679万元，增资额共计234.5679万元，其中常州中科以货币资金2，000.00万元认缴61.7284万元出资、盐城中科以货币资金2，000.00万元认缴61.7284万元出资、镇江中科以货币资金1，500.00万元认缴46.2963万元出资、宜兴中科以货币资金1，100.00万元认缴33.9506万元出资、常熟中科以货币资金1，000.00万元认缴30.8642万元出资。上述新增股东对公司合计增资7，600万元（上述新增股东增资价格均为32.40元/注册资本），其中234.5679万元作为公司注册资本，其余部分计入资本公积。2012年1月29日，无锡市滨湖工商行政管理局对本次变更事项出具了准予变更登记通知书。", "spo_list": [{"predicate": "货币资金", "object_type": "金额", "subject_type": "日期", "object": "2，000.00万元", "subject": "2011年12月10日", "subject_index": {"begin": 0, "end": 11}, "object_index": {"begin": 83, "end": 93}}, {"predicate": "货币资金", "object_type": "金额", "subject_type": "日期", "object": "2，000.00万元", "subject": "2011年12月10日", "subject_index": {"begin": 0, "end": 11}, "object_index": {"begin": 116, "end": 126}}, {"predicate": "货币资金", "object_type": "金额", "subject_type": "日期", "object": "1，500.00万元", "subject": "2011年12月10日", "subject_index": {"begin": 0, "end": 11}, "object_index": {"begin": 149, "end": 159}}, {"predicate": "货币资金", "object_type": "金额", "subject_type": "日期", "object": "1，100.00万元", "subject": "2011年12月10日", "subject_index": {"begin": 0, "end": 11}, "object_index": {"begin": 182, "end": 192}}, {"predicate": "货币资金", "object_type": "金额", "subject_type": "日期", "object": "1，000.00万元", "subject": "2011年12月10日", "subject_index": {"begin": 0, "end": 11}, "object_index": {"begin": 215, "end": 225}}]}
{"text": "立信于2012年6月13日出具信会师报字［2012］第113517号验资报告，确认截至2012年6月13日公司注册资本人民币75，000，000.00元已全部缴足。", "spo_list": [{"predicate": "出具日期", "object_type": "日期", "subject_type": "文件", "object": "2012年6月13日", "subject": "［2012］第113517号验资报告", "subject_index": {"begin": 20, "end": 38}, "object_index": {"begin": 3, "end": 13}}, {"predicate": "截止日期", "object_type": "日期", "subject_type": "报告", "object": "2012年6月13日", "subject": "［2012］第113517号验资报告", "subject_index": {"begin": 20, "end": 38}, "object_index": {"begin": 43, "end": 53}}]}
{"text": "公司生产经营中使用的主要无形资产为土地使用权、商标、专利及计算机软件等。截至报告期末，公司的无形资产净值为2，919.90万元，主要无形资产情况如下：", "spo_list": [{"predicate": "无形资产", "object_type": "金额", "subject_type": "日期", "object": "2，919.90万元", "subject": "报告期末", "subject_index": {"begin": 38, "end": 42}, "object_index": {"begin": 53, "end": 63}}]}
{"text": "潘浩先生，1976年3月生，中国国籍，无境外永久居留权，大专学历。潘浩先生曾任博西威家用电器有限公司质量工程师；现任本公司质量部经理、监事。", "spo_list": [{"predicate": "大专", "object_type": "学历", "subject_type": "人物", "object": "大专学历", "subject": "潘浩", "subject_index": {"begin": 0, "end": 2}, "object_index": {"begin": 28, "end": 32}}]}
{"text": "龚少平先生，1971年8月生，中国国籍，无境外永久居留权，大学专科学历。龚少平先生曾任江阴钢厂财务会计、江阴新东洋纸制品有限公司财务主管、无锡安易软件有限公司技术部经理、紫易网络执行董事、经理、无锡众信税务师事务所项目经理、无锡方正税务师事务所项目经理、公司太滆分公司负责人；现任本公司财务负责人、董事会秘书。", "spo_list": [{"predicate": "大专", "object_type": "学历", "subject_type": "人物", "object": "大学专科学历", "subject": "龚少平", "subject_index": {"begin": 0, "end": 3}, "object_index": {"begin": 29, "end": 35}}]}
{"text": "截至报告期末，公司资本公积合计为64，643，649.63元，为宏盛有限2012年3月31日股份制改造时，超过股本部分计入资本公积——股本（或资本）溢价形成。", "spo_list": [{"predicate": "资本公积", "object_type": "金额", "subject_type": "日期", "object": "64，643，649.63元", "subject": "截至报告期末", "subject_index": {"begin": 0, "end": 6}, "object_index": {"begin": 16, "end": 30}}]}
{"text": "报告期内公司主要外销客户的信用政策未发生改变，但存在客户因自身原因或结算资料的确认时间等影响而造成的延期付款的情况。2013年-2015年期末，外销客户应收账款超账期余额分别为260.91万元、533.72万元、551.95万元，分别占公司当期外销应收账款余额的比例5.38%、9.18%、8.04%，超账期款项期后均全部收回；2016年6月末，外销客户应收账款无超账期的情况。", "spo_list": [{"predicate": "其他应收款余额", "object_type": "金额", "subject_type": "日期", "object": "260.91万元", "subject": "2013年-2015年期末", "subject_index": {"begin": 58, "end": 71}, "object_index": {"begin": 88, "end": 96}}, {"predicate": "其他应付款余额", "object_type": "金额", "subject_type": "日期", "object": "533.72万元", "subject": "2013年-2015年期末", "subject_index": {"begin": 58, "end": 71}, "object_index": {"begin": 97, "end": 105}}, {"predicate": "其他应付款余额", "object_type": "金额", "subject_type": "日期", "object": "551.95万元", "subject": "2013年-2015年期末", "subject_index": {"begin": 58, "end": 71}, "object_index": {"begin": 106, "end": 114}}]}
{"text": "截至报告期末，公司应收账款余额为7，507.17万元，账龄在一年以内的占98.14%，累计计提坏账准备金额为413.55万元；公司其他应收款余额为30.39万元，账龄在一年以内的占62.16%，累计计提坏账准备金额为7.44万元。", "spo_list": [{"predicate": "其他应收款余额", "object_type": "金额", "subject_type": "日期", "object": "7，507.17万元", "subject": "截至报告期末", "subject_index": {"begin": 0, "end": 6}, "object_index": {"begin": 16, "end": 26}}, {"predicate": "应收帐款坏账准备", "object_type": "金额", "subject_type": "日期", "object": "413.55万元", "subject": "截至报告期末", "subject_index": {"begin": 0, "end": 6}, "object_index": {"begin": 54, "end": 62}}, {"predicate": "其他应收款余额", "object_type": "金额", "subject_type": "日期", "object": "30.39万元", "subject": "截至报告期末", "subject_index": {"begin": 0, "end": 6}, "object_index": {"begin": 73, "end": 80}}, {"predicate": "应收帐款坏账准备", "object_type": "金额", "subject_type": "日期", "object": "7.44万元", "subject": "截至报告期末", "subject_index": {"begin": 0, "end": 6}, "object_index": {"begin": 108, "end": 114}}]}
{"text": "宏盛有限设立时的验资由无锡灵圣会计师事务所（以下简称“无锡灵圣”）2000年12月15日出具的锡灵会师验内字［2000］第055号验资报告审验确认。", "spo_list": [{"predicate": "出具日期", "object_type": "日期", "subject_type": "文件", "object": "2000年12月15日", "subject": "内字［2000］第055号验资报告", "subject_index": {"begin": 52, "end": 69}, "object_index": {"begin": 33, "end": 44}}]}
{"text": "宋亚春先生，1976年2月生，中国国籍，无境外永久居留权，大学专科学历。宋亚春先生曾任无锡市马山换热器厂技术员，无锡宏盛换热器技术员、销售经理、采购经理；自2011年以来任宏盛有限总经理助理，现任本公司总经理助理。", "spo_list": [{"predicate": "大专", "object_type": "学历", "subject_type": "人物", "object": "大学专科", "subject": "宋亚春", "subject_index": {"begin": 0, "end": 3}, "object_index": {"begin": 29, "end": 33}}, {"predicate": "任职日期", "object_type": "日期", "subject_type": "人物", "object": "2011年", "subject": "宋亚春", "subject_index": {"begin": 0, "end": 3}, "object_index": {"begin": 78, "end": 83}}]}
{"text": "2012年2月25日，立信无锡分所出具立信锡验［2012］字第40004号验资报告，确认宏盛有限已将资本公积6，265.4321万元转增注册资本。立信对宏盛有限本次转增进行了复核，并于2013年2月6日出具了信会师报字［2013］第113118号验资复核报告。", "spo_list": [{"predicate": "出具日期", "object_type": "日期", "subject_type": "文件", "object": "2012年2月25日", "subject": "立信锡验［2012］字第40004号验资报告", "subject_index": {"begin": 19, "end": 41}, "object_index": {"begin": 0, "end": 10}}, {"predicate": "出具日期", "object_type": "日期", "subject_type": "文件", "object": "2013年2月6日", "subject": "信会师报字［2013］第113118号验资复核报告", "subject_index": {"begin": 104, "end": 129}, "object_index": {"begin": 92, "end": 101}}]}
{"text": "立信对宏盛有限截至2012年3月31日止的财务报表进行了审计，并于2012年5月12日出具了信会师报字［2012］第113132号审计报告，确认宏盛有限截至2012年3月31日的净资产为139，643，649.63元。", "spo_list": [{"predicate": "出具日期", "object_type": "日期", "subject_type": "文件", "object": "2012年5月12日", "subject": "信会师报字［2012］第113132号审计报告", "subject_index": {"begin": 46, "end": 69}, "object_index": {"begin": 33, "end": 43}}]}
{"text": "为了保证原材料供应的稳定性、更好地安排生产以提升生产效率，公司与常州乐曦达成了资产收购意向。2013年2月12日公司董事会通过决议，同意公司向常州乐曦购买其铝材加工所需的机器设备等资产。2013年3月4日，公司与常州乐曦签署了资产收购协议。本次购买资产按照评估值定价，购买金额总计190.92万元。根据江苏中天2013年2月6日出具的苏中资评报字［2013］第20号评估报告", "spo_list": [{"predicate": "出具日期", "object_type": "日期", "subject_type": "文件", "object": "2013年2月6日", "subject": "苏中资评报字［2013］第20号评估报告", "subject_index": {"begin": 167, "end": 187}, "object_index": {"begin": 155, "end": 164}}]}
{"text": "夏立军先生，1976年4月生，中国国籍，无境外永久居留权，博士研究生学历、教授。夏立军先生曾任上海财经大学会计学院讲师、硕士生导师、教授、博士生导师；现任上海交通大学安泰经济与管理学院教授、博士生导师、会计系主任，兼任本公司独立董事、上海广电电气（集团）股份有限公司独立董事、江阴润玛电子材料股份有限公司独立董事、无锡智能自控工程股份有限公司独立董事、浙江伟明环保股份有限公司独立董事、中国审计学会理事、上海市审计学会理事。", "spo_list": [{"predicate": "研究生", "object_type": "学历", "subject_type": "人物", "object": "研究生", "subject": "夏立军", "subject_index": {"begin": 0, "end": 3}, "object_index": {"begin": 31, "end": 34}}]}
{"text": "截至报告期末，公司负债合计为57，450，967.43元，除递延收益587，606.57元、递延所得税负债192，339.78元外，全部为流动负债。", "spo_list": [{"predicate": "递延所得税资产", "object_type": "金额", "subject_type": "日期", "object": "587，606.57元", "subject": "报告期末", "subject_index": {"begin": 2, "end": 6}, "object_index": {"begin": 34, "end": 45}}, {"predicate": "递延所得税负债", "object_type": "金额", "subject_type": "日期", "object": "192，339.78元", "subject": "报告期末", "subject_index": {"begin": 2, "end": 6}, "object_index": {"begin": 53, "end": 64}}]}
{"text": "公司的无形资产主要为土地使用权、专利权。2013-2015年末及2016年6月末，公司的无形资产余额分别为3，160.94万元、3，079.27万元、2，985.69万元及2，919.90万元，占非流动资产的比重分别为37.34%、34.75%、31.63%和25.30%。", "spo_list": [{"predicate": "无形资产", "object_type": "金额", "subject_type": "日期", "object": "3，160.94万元", "subject": "2013-2015年末及2016年6月末", "subject_index": {"begin": 20, "end": 40}, "object_index": {"begin": 53, "end": 63}}, {"predicate": "无形资产", "object_type": "金额", "subject_type": "日期", "object": "3，079.27万元", "subject": "2013-2015年末及2016年6月末", "subject_index": {"begin": 20, "end": 40}, "object_index": {"begin": 64, "end": 74}}, {"predicate": "无形资产", "object_type": "金额", "subject_type": "日期", "object": "2，985.69万元", "subject": "2013-2015年末及2016年6月末", "subject_index": {"begin": 20, "end": 40}, "object_index": {"begin": 75, "end": 85}}, {"predicate": "无形资产", "object_type": "金额", "subject_type": "日期", "object": "2，919.90万元", "subject": "2013-2015年末及2016年6月末", "subject_index": {"begin": 20, "end": 40}, "object_index": {"begin": 86, "end": 96}}]}
