{"text": "截至2014年9月30日，公司应付账款余额为5,686.41万元，主要为应付原材料采购款，公司应付账款期末余额中无应付持有本公司5%（含5%）以上表决权股份的股东和关联方款项情况。", "spo_list": [{"predicate": "应付账款余额", "object_type": "金额", "subject_type": "日期", "object": "5,686.41万元", "subject": "2014年9月30日", "subject_index": {"begin": 2, "end": 12}, "object_index": {"begin": 22, "end": 32}}]}
{"text": "2014年9月末，公司流动资产余额为26,591.18万元，占资产总额的比重为57.05%，较2013年末小幅下降，主要是由于本期期末在建工程增加以及货币资金余额下降所致。", "spo_list": [{"predicate": "其他流动资产余额", "object_type": "金额", "subject_type": "日期", "object": "26,591.18万元", "subject": "2014年9月末", "subject_index": {"begin": 0, "end": 8}, "object_index": {"begin": 18, "end": 29}}]}
{"text": "2013年末，公司应收票据为5.00万元，占当期流动资产的比重为0.02%。", "spo_list": [{"predicate": "应收票据", "object_type": "金额", "subject_type": "日期", "object": "5.00万元", "subject": "2013年末", "subject_index": {"begin": 0, "end": 6}, "object_index": {"begin": 14, "end": 20}}]}
{"text": "报告期内，公司预付款项主要是广告费、战略合作品牌管理费以及中介机构费等。2011-2013年末以及2014年9月末，公司预付款项余额分别为518.99万元、448.20万元、589.86万元和734.71万元，分别占当期流动资产的比重为5.27%、3.19%、2.17%和2.76%。", "spo_list": [{"predicate": "预付款项余额", "object_type": "金额", "subject_type": "日期", "object": "518.99万元", "subject": "2011-2013年末以及2014年9月末", "subject_index": {"begin": 36, "end": 57}, "object_index": {"begin": 69, "end": 77}}, {"predicate": "预付款项余额", "object_type": "金额", "subject_type": "日期", "object": "448.20万元", "subject": "2011-2013年末以及2014年9月末", "subject_index": {"begin": 36, "end": 57}, "object_index": {"begin": 78, "end": 86}}, {"predicate": "预付款项余额", "object_type": "金额", "subject_type": "日期", "object": "589.86万元", "subject": "2011-2013年末以及2014年9月末", "subject_index": {"begin": 36, "end": 57}, "object_index": {"begin": 87, "end": 95}}, {"predicate": "预付款项余额", "object_type": "金额", "subject_type": "日期", "object": "734.71万元", "subject": "2011-2013年末以及2014年9月末", "subject_index": {"begin": 36, "end": 57}, "object_index": {"begin": 96, "end": 104}}]}
{"text": "2013年末，公司预付款项余额较2012年末增加141.67万元，同比增长31.61%，主要是公司根据市场经营需要，在广告投入、品牌推广等方面持续投入导致预付广告费、战略合作品牌费等增加所致。", "spo_list": [{"predicate": "预付款项余额", "object_type": "金额", "subject_type": "日期", "object": "141.67万元", "subject": "2013年末", "subject_index": {"begin": 0, "end": 6}, "object_index": {"begin": 24, "end": 32}}]}
{"text": "报告期各期末，公司存货净值分别为1,806.25万元、2,092.16万元、2,662.49万元和2,693.94万元，占当期流动资产的比重分别为18.34%、14.90%、9.78%和10.13%。2011年-2013年末以及2014年9月末，", "spo_list": [{"predicate": "存货净值", "object_type": "金额", "subject_type": "日期", "object": "1,806.25万元", "subject": "报告期各期末", "subject_index": {"begin": 0, "end": 6}, "object_index": {"begin": 16, "end": 26}}, {"predicate": "存货净值", "object_type": "金额", "subject_type": "日期", "object": "2,092.16万元", "subject": "报告期各期末", "subject_index": {"begin": 0, "end": 6}, "object_index": {"begin": 27, "end": 37}}, {"predicate": "存货净值", "object_type": "金额", "subject_type": "日期", "object": "2,662.49万元", "subject": "报告期各期末", "subject_index": {"begin": 0, "end": 6}, "object_index": {"begin": 38, "end": 48}}, {"predicate": "存货净值", "object_type": "金额", "subject_type": "日期", "object": "2,693.94万元", "subject": "报告期各期末", "subject_index": {"begin": 0, "end": 6}, "object_index": {"begin": 49, "end": 59}}]}
{"text": "报告期内，发行人存货主要以原材料为主，原材料金额占存货总额的比重超过85%。发行人生产周期的长短决定了原材料的消耗速度，因此，发行人的生产周期与原材料的周转速度、存货余额具有一定相关性。生产周期越短，原材料的周转率越快，期末原材料余额相对较小。报告期内，发行人各期末存货余额分别为1,806.25万元、2,092.16万元、2,662.49万元和2,693.94万元，存货周转天数分别为23.34天、24.19天、21.11天以及18.71天，基本与公司产品的生产周期相一致。", "spo_list": [{"predicate": "存货余额", "object_type": "金额", "subject_type": "日期", "object": "1,806.25万元", "subject": "报告期内", "subject_index": {"begin": 0, "end": 4}, "object_index": {"begin": 140, "end": 150}}, {"predicate": "存货余额", "object_type": "金额", "subject_type": "日期", "object": "2,092.16万元", "subject": "报告期内", "subject_index": {"begin": 0, "end": 4}, "object_index": {"begin": 151, "end": 161}}, {"predicate": "存货余额", "object_type": "金额", "subject_type": "日期", "object": "2,662.49万元", "subject": "报告期内", "subject_index": {"begin": 0, "end": 4}, "object_index": {"begin": 162, "end": 172}}, {"predicate": "存货余额", "object_type": "金额", "subject_type": "日期", "object": "2,693.94万元", "subject": "报告期内", "subject_index": {"begin": 0, "end": 4}, "object_index": {"begin": 173, "end": 183}}]}
{"text": "2012年以及2013年末，公司其他流动资产余额较上年末分别增加321.85万元、758.25万元，增长较快，主要原因是：一方面，随着原材料采购量的增加，期末购进材料暂估入账而对应的暂估进项税相应增长；另一方面，公司广告费和直营店租金的增加使得待摊费用增长。2014年9月末，公司其他流动资产余额较上年末增加342.16万元，主要是由于当期期末待摊广告费用金额相对较高。", "spo_list": [{"predicate": "其他流动资产余额", "object_type": "金额", "subject_type": "日期", "object": "321.85万元", "subject": "2012年", "subject_index": {"begin": 0, "end": 5}, "object_index": {"begin": 32, "end": 40}}, {"predicate": "其他流动资产余额", "object_type": "金额", "subject_type": "日期", "object": "758.25万元", "subject": "2013年末", "subject_index": {"begin": 7, "end": 13}, "object_index": {"begin": 41, "end": 49}}]}
{"text": "2013年末以及2014年9月末，公司在建工程较上年末分别增加2,265.18万元和2,048.72万元，主要是由于当期增加对整体衣柜技术升级扩建工程的资金投入影响所致。", "spo_list": [{"predicate": "在建工程账面价值", "object_type": "金额", "subject_type": "日期", "object": "2,265.18万元", "subject": "2013年末", "subject_index": {"begin": 0, "end": 6}, "object_index": {"begin": 31, "end": 41}}, {"predicate": "在建工程账面价值", "object_type": "金额", "subject_type": "日期", "object": "2,048.72万元", "subject": "2014年9月末", "subject_index": {"begin": 8, "end": 16}, "object_index": {"begin": 42, "end": 52}}]}
{"text": "报告期内，发行人其他非流动资产主要为预付设备款。2011年-2013年末以及2014年9月末，其他非流动资产分别为45.72万元、2.69万元、348.80万元和676.28万元。其中，2013年末以及2014年9月末，其他非流动资产金额相对较大，主要是已预付款项的机器设备当期期末尚未交付使用所致。", "spo_list": [{"predicate": "其他非流动资产", "object_type": "金额", "subject_type": "日期", "object": "45.72万元", "subject": "2011年-2013年末以及2014年9月末", "subject_index": {"begin": 24, "end": 46}, "object_index": {"begin": 57, "end": 64}}, {"predicate": "其他非流动资产", "object_type": "金额", "subject_type": "日期", "object": "2.69万元", "subject": "2011年-2013年末以及2014年9月末", "subject_index": {"begin": 24, "end": 46}, "object_index": {"begin": 65, "end": 71}}, {"predicate": "其他非流动资产", "object_type": "金额", "subject_type": "日期", "object": "348.80万元", "subject": "2011年-2013年末以及2014年9月末", "subject_index": {"begin": 24, "end": 46}, "object_index": {"begin": 72, "end": 80}}, {"predicate": "其他非流动资产", "object_type": "金额", "subject_type": "日期", "object": "676.28万元", "subject": "2011年-2013年末以及2014年9月末", "subject_index": {"begin": 24, "end": 46}, "object_index": {"begin": 81, "end": 89}}]}
{"text": "报告期内，公司负债全部是流动负债。2011年-2013年末以及2014年9月末，公司流动负债分别为8,790.65万元、8,200.80万元、16,240.15万元和13,787.89万元。2012年末，公司负债总额较2011年末减少589.85万元，主要是应付账款减少影响所致。2013年末，公司负债总额较2012年末增加8,039.34万元，主要原因受预收款项和应付账款增长的影响。2014年9月末，公司负债总额较上年末减少2,452.26万元，主要是受预收款项减少的影响。", "spo_list": [{"predicate": "流动负债", "object_type": "金额", "subject_type": "日期", "object": "8,790.65万元", "subject": "2011年-2013年末", "subject_index": {"begin": 17, "end": 29}, "object_index": {"begin": 49, "end": 59}}, {"predicate": "流动负债", "object_type": "金额", "subject_type": "日期", "object": "8,200.80万元", "subject": "2011年-2013年末", "subject_index": {"begin": 17, "end": 29}, "object_index": {"begin": 60, "end": 70}}, {"predicate": "流动负债", "object_type": "金额", "subject_type": "日期", "object": "16,240.15万元", "subject": "2011年-2013年末", "subject_index": {"begin": 17, "end": 29}, "object_index": {"begin": 71, "end": 82}}, {"predicate": "流动负债", "object_type": "金额", "subject_type": "日期", "object": "13,787.89万元", "subject": "2014年9月末", "subject_index": {"begin": 31, "end": 39}, "object_index": {"begin": 83, "end": 94}}]}
{"text": "2012年末，公司营业收入增长18.28%，应付账款余额较2011年末同比减少1,053.50万元，主要是因为：公司当期经营业绩持续增长，经营活动现金流量相对充沛，公司期末与供应商结算金额增加使得当期应付账款余额出现下降。", "spo_list": [{"predicate": "应付账款余额", "object_type": "金额", "subject_type": "日期", "object": "1,053.50万元", "subject": "2012年末", "subject_index": {"begin": 0, "end": 6}, "object_index": {"begin": 39, "end": 49}}]}
{"text": "2014年9月末，公司应付账款余额较上年末下降889.24万元，主要是由于四季度为全年销售旺季，原材料的采购量和采购金额相应较大所致。", "spo_list": [{"predicate": "应付账款余额", "object_type": "金额", "subject_type": "日期", "object": "889.24万元", "subject": "2014年9月末", "subject_index": {"begin": 0, "end": 8}, "object_index": {"begin": 23, "end": 31}}]}
{"text": "报告期内，公司整体衣柜为个性化设计、定制化生产的产品，通常采取“先收款后发货”的收款方式，预收账款主要是预收经销商和终端客户的预先支付的货款。2011年-2013年末以及2014年9月末，公司预收款项余额分别为2,404.69万元、2,363.49万元、7,226.90万元和4,917.96万元，占流动负债的比例分别为27.36%、28.82%、44.50%和35.67%，占比较高。", "spo_list": [{"predicate": "预收款项余额", "object_type": "金额", "subject_type": "日期", "object": "2,404.69万元", "subject": "2011年-2013年末", "subject_index": {"begin": 71, "end": 83}, "object_index": {"begin": 105, "end": 115}}, {"predicate": "预收款项余额", "object_type": "金额", "subject_type": "日期", "object": "2,363.49万元", "subject": "2011年-2013年末", "subject_index": {"begin": 71, "end": 83}, "object_index": {"begin": 116, "end": 126}}, {"predicate": "预收款项余额", "object_type": "金额", "subject_type": "日期", "object": "7,226.90万元", "subject": "2011年-2013年末", "subject_index": {"begin": 71, "end": 83}, "object_index": {"begin": 127, "end": 137}}, {"predicate": "预收款项余额", "object_type": "金额", "subject_type": "日期", "object": "4,917.96万元", "subject": "2014年9月末", "subject_index": {"begin": 85, "end": 93}, "object_index": {"begin": 138, "end": 148}}]}
{"text": "报告期内，公司应交税费余额主要为企业所得税和增值税。2011年-2013年末以及2014年9月末，应交税费余额分别为888.24万元、1,147.52万元、1,172.70万元和1,406.09万元。", "spo_list": [{"predicate": "应交税费余额", "object_type": "金额", "subject_type": "日期", "object": "888.24万元", "subject": "2011年-2013年末", "subject_index": {"begin": 26, "end": 38}, "object_index": {"begin": 58, "end": 66}}, {"predicate": "应交税费余额", "object_type": "金额", "subject_type": "日期", "object": "1,147.52万元", "subject": "2011年-2013年末", "subject_index": {"begin": 26, "end": 38}, "object_index": {"begin": 67, "end": 77}}, {"predicate": "应交税费余额", "object_type": "金额", "subject_type": "日期", "object": "1,172.70万元", "subject": "2011年-2013年末", "subject_index": {"begin": 26, "end": 38}, "object_index": {"begin": 78, "end": 88}}, {"predicate": "应交税费余额", "object_type": "金额", "subject_type": "日期", "object": "1,406.09万元", "subject": "2014年9月末", "subject_index": {"begin": 40, "end": 48}, "object_index": {"begin": 89, "end": 99}}]}
{"text": "2011年-2013年末以及2014年1-9月，公司投资活动产生的现金流量净额分别为-3,933.34万元、-1,005.08万元、-3,857.10万元和-3,966.48万元，主要是公司为了扩大生产经营规模，增加房屋建筑物、土地、机器设备等资本性支出。其中，2011年，公司投资活动产生的现金流量净额为-3,933.34万元，主要是支付厂房改造工程进度款以及新购机器设备、办公设备、运输设备等。2012年，公司投资活动产生的现金流量净额为-1,005.08万元，主要因本期收回投资收到现金1,001.00万元、购建固定资产等长期资产支付现金2,006.08万元影响所致。", "spo_list": [{"predicate": "公司投资活动产生的现金流量净额", "object_type": "金额", "subject_type": "日期", "object": "-3,933.34万元", "subject": "2011年-2013年末", "subject_index": {"begin": 0, "end": 12}, "object_index": {"begin": 42, "end": 53}}, {"predicate": "公司投资活动产生的现金流量净额", "object_type": "金额", "subject_type": "日期", "object": "-1,005.08万元", "subject": "2011年-2013年末", "subject_index": {"begin": 0, "end": 12}, "object_index": {"begin": 54, "end": 65}}, {"predicate": "公司投资活动产生的现金流量净额", "object_type": "金额", "subject_type": "日期", "object": "-3,857.10万元", "subject": "2011年-2013年末", "subject_index": {"begin": 0, "end": 12}, "object_index": {"begin": 66, "end": 77}}, {"predicate": "公司投资活动产生的现金流量净额", "object_type": "金额", "subject_type": "日期", "object": "-3,966.48万元", "subject": "2014年1-9月", "subject_index": {"begin": 14, "end": 23}, "object_index": {"begin": 78, "end": 89}}]}
{"text": "2011年，公司筹资活动产生的现金流量净额-1,761.04万元，主要是收到股东增资款1,325万元的同时，偿还银行借款本金3,000万元及支付利息86.04万元影响所致。2013年以及2014年1-9月，公司筹资活动产生的现金流量净额为-1,470.00万元和-4,042.50万元，主要是当期公司向全体股东派发现金股利支出。", "spo_list": [{"predicate": "公司筹资活动产生的现金流量净额", "object_type": "金额", "subject_type": "日期", "object": "-1,761.04万元", "subject": "2011年", "subject_index": {"begin": 0, "end": 5}, "object_index": {"begin": 21, "end": 32}}, {"predicate": "公司筹资活动产生的现金流量净额", "object_type": "金额", "subject_type": "日期", "object": "-1,470.00万元", "subject": "2013年", "subject_index": {"begin": 86, "end": 91}, "object_index": {"begin": 119, "end": 130}}, {"predicate": "公司筹资活动产生的现金流量净额", "object_type": "金额", "subject_type": "日期", "object": "-4,042.50万元", "subject": "2014年1-9月", "subject_index": {"begin": 93, "end": 102}, "object_index": {"begin": 131, "end": 142}}]}
{"text": "报告期内，公司应收账款周转率分别为158.94、103.48、113.78和109.36，总体处于较高水平，主要原因为：公司采用先收款后发货的销售结算政策，使得各期末应收账款余额较小所致。", "spo_list": [{"predicate": "应收账款周转率", "object_type": "日期", "subject_type": "比率", "object": "报告期内", "subject": "158.94", "subject_index": {"begin": 17, "end": 23}, "object_index": {"begin": 0, "end": 4}}, {"predicate": "应收账款周转率", "object_type": "日期", "subject_type": "比率", "object": "报告期内", "subject": "103.48", "subject_index": {"begin": 24, "end": 30}, "object_index": {"begin": 0, "end": 4}}, {"predicate": "应收账款周转率", "object_type": "日期", "subject_type": "比率", "object": "报告期内", "subject": "113.78", "subject_index": {"begin": 31, "end": 37}, "object_index": {"begin": 0, "end": 4}}, {"predicate": "应收账款周转率", "object_type": "日期", "subject_type": "比率", "object": "报告期内", "subject": "109.36", "subject_index": {"begin": 38, "end": 44}, "object_index": {"begin": 0, "end": 4}}]}
{"text": "2011年-2013年，公司分别实现营业收入38,488.11万元、45,523.80万元和64,966.58万元。与此相比，公司同期应收账款期末余额分别为404.54万元、475.33万元和666.63万元。2012年末，公司应收账款余额虽然仍然较小，但增长较快，使得公司应收账款周转率呈现下降趋势，2013年末，应收账款周转率与上年基本持平。", "spo_list": [{"predicate": "应收账款余额", "object_type": "金额", "subject_type": "日期", "object": "404.54万元", "subject": "2011年-2013年", "subject_index": {"begin": 0, "end": 11}, "object_index": {"begin": 78, "end": 86}}, {"predicate": "应收账款余额", "object_type": "金额", "subject_type": "日期", "object": "475.33万元", "subject": "2011年-2013年", "subject_index": {"begin": 0, "end": 11}, "object_index": {"begin": 87, "end": 95}}, {"predicate": "应收账款余额", "object_type": "金额", "subject_type": "日期", "object": "666.63万元", "subject": "2011年-2013年", "subject_index": {"begin": 0, "end": 11}, "object_index": {"begin": 96, "end": 104}}]}
{"text": "截至2014年9月30日，公司预收款项余额为4,917.96万元，主要为预收货款，账龄基本在一年以内。公司预收款项期末余额中，除预收王义坤2.16万元外，无预收持有本公司5%（含5%）以上表决权股份的股东和关联方款项情况。", "spo_list": [{"predicate": "预收款项余额", "object_type": "金额", "subject_type": "日期", "object": "4,917.96万元", "subject": "2014年9月30日", "subject_index": {"begin": 2, "end": 12}, "object_index": {"begin": 22, "end": 32}}]}
{"text": "截至2014年9月30日，公司其他应付款余额为1,753.41万元，主要为公司收取经销商的保证金，其他应付款期末余额中无持有本公司5%（含5%）以上表决权股东和关联方款项情况。", "spo_list": [{"predicate": "其他应付款余额", "object_type": "金额", "subject_type": "日期", "object": "1,753.41万元", "subject": "2014年9月30日", "subject_index": {"begin": 2, "end": 12}, "object_index": {"begin": 23, "end": 33}}]}
{"text": "2012年末、2013年末，公司货币资金余额较上期末分别增加4,550.15万元、11,396.69万元，同比增长84.89%、115.00%，主要是由于本期公司经营情况继续保持良好发展势头，经营活动产生的现金流量充沛，使得当期现金及现金等价物增加所致。2014年9月末，公司货币资金余额较上年末减少1,394.18万元，小幅下降6.54%。", "spo_list": [{"predicate": "货币资金余额", "object_type": "金额", "subject_type": "日期", "object": "11,396.69万元", "subject": "2013年末", "subject_index": {"begin": 7, "end": 13}, "object_index": {"begin": 41, "end": 52}}, {"predicate": "货币资金余额", "object_type": "金额", "subject_type": "日期", "object": "4,550.15万元", "subject": "2012年末", "subject_index": {"begin": 0, "end": 6}, "object_index": {"begin": 30, "end": 40}}]}
{"text": "2011年-2013年末以及2014年9月末，公司应收账款账面价值分别为396.45万元、465.82万元、652.73万元和446.77万元，占当期流动资产的比重分别为4.03%、3.32%、2.40%和1.68%，占比较小。2012年末、2013年末，公司应收账款分别较上期末增加69.37万元、186.91万元，主要是随着直营店销售规模的扩大，北京和上海直营店所在卖场代收销售货款增加所致。2014年9月末，公司应收账款较上年末减少205.96万元，下降31.55%，主要是由于2014年1-9月公司将北京地区直营店转让给经销商，使得应收直营店所在卖场代收销售款减少所致。", "spo_list": [{"predicate": "应收账款净额", "object_type": "金额", "subject_type": "日期", "object": "446.77万元", "subject": "2014年9月末", "subject_index": {"begin": 14, "end": 22}, "object_index": {"begin": 63, "end": 71}}, {"predicate": "应收账款净额", "object_type": "金额", "subject_type": "日期", "object": "652.73万元", "subject": "2014年9月末", "subject_index": {"begin": 14, "end": 22}, "object_index": {"begin": 54, "end": 62}}, {"predicate": "应收账款净额", "object_type": "金额", "subject_type": "日期", "object": "465.82万元", "subject": "-2013年末", "subject_index": {"begin": 5, "end": 12}, "object_index": {"begin": 45, "end": 53}}, {"predicate": "应收账款净额", "object_type": "金额", "subject_type": "日期", "object": "396.45万元", "subject": "2011年", "subject_index": {"begin": 0, "end": 5}, "object_index": {"begin": 36, "end": 44}}]}
{"text": "2012年末，公司预付款项余额较2011年末减少70.79万元，同比减少13.64%，主要是因为2012年公司逐步改向网络媒体投放广告，当期期末预付的广告费相比上年末预付央视广告费减少所致。", "spo_list": [{"predicate": "预付账款余额", "object_type": "金额", "subject_type": "日期", "object": "70.79万元", "subject": "2012年末", "subject_index": {"begin": 0, "end": 6}, "object_index": {"begin": 24, "end": 31}}]}
{"text": "2014年9月末，公司预付款项余额较2013年末增加144.85万元，增长24.56%，主要是公司根据经营需要，在广告、宣传费等方面预付款增加所致。", "spo_list": [{"predicate": "预付账款余额", "object_type": "金额", "subject_type": "日期", "object": "144.85万元", "subject": "2014年9月末", "subject_index": {"begin": 0, "end": 8}, "object_index": {"begin": 26, "end": 34}}]}
{"text": "2012年末、2013年末，公司存货净值分别同比增加285.91万元、570.33万元，同比增长15.83%、27.26%，主要原因是伴随经营规模的扩大和销售订单的增长，为了满足产品订单生产和交货期要求，公司原材料采购相应增长所致。2014年9月末，公司存货净值2,693.94万元，其中原材料2,449.76万元，占比90.94%。", "spo_list": [{"predicate": "存货净值", "object_type": "金额", "subject_type": "日期", "object": "570.33万元", "subject": "2013年末", "subject_index": {"begin": 7, "end": 13}, "object_index": {"begin": 35, "end": 43}}, {"predicate": "存货净值", "object_type": "金额", "subject_type": "日期", "object": "285.91万元", "subject": "2012年末", "subject_index": {"begin": 0, "end": 6}, "object_index": {"begin": 26, "end": 34}}, {"predicate": "存货净值", "object_type": "金额", "subject_type": "日期", "object": "2,693.94万元", "subject": "2014年9月末", "subject_index": {"begin": 116, "end": 124}, "object_index": {"begin": 131, "end": 141}}]}
{"text": "各报告期末，公司其他流动资产主要为暂估进项税、待摊费用等。2011年-2013年末以及2014年9月末，公司其他流动资产余额分别为543.17万元、865.02万元、1,623.26万元和1,965.42万元，占当期流动资产比重分别为5.52%、6.16%、5.96%和7.39%。其中，暂估进项税主要是公司期末购进材料暂估入账而对应的暂估进项税，待摊费用主要为公司待摊装修费用、租赁及广告费等。", "spo_list": [{"predicate": "流动资产", "object_type": "金额", "subject_type": "日期", "object": "543.17万元", "subject": "2011年-2013年末", "subject_index": {"begin": 29, "end": 41}, "object_index": {"begin": 65, "end": 73}}, {"predicate": "流动资产", "object_type": "金额", "subject_type": "日期", "object": "865.02万元", "subject": "2011年-2013年末", "subject_index": {"begin": 29, "end": 41}, "object_index": {"begin": 74, "end": 82}}, {"predicate": "流动资产", "object_type": "金额", "subject_type": "日期", "object": "1,623.26万元", "subject": "2014年9月末", "subject_index": {"begin": 43, "end": 51}, "object_index": {"begin": 83, "end": 93}}, {"predicate": "流动资产", "object_type": "金额", "subject_type": "日期", "object": "1,965.42万元", "subject": "2014年9月末", "subject_index": {"begin": 43, "end": 51}, "object_index": {"begin": 94, "end": 104}}]}
{"text": "2012年末，公司在建工程较去年末减少153.39万元，主要是由于本期2020家具工艺软件、包覆工序废气治理工程等完工转出。", "spo_list": [{"predicate": "在建工程账面价值", "object_type": "金额", "subject_type": "日期", "object": "153.39万元", "subject": "2012年末", "subject_index": {"begin": 0, "end": 6}, "object_index": {"begin": 19, "end": 27}}]}
{"text": "公司无形资产主要是电脑软件。2011年-2013年末以及2014年9月末，无形资产账面价值分别为0.98万元、230.04万元、208.06万元和206.61万元。2012年末，公司无形资产较2011年末增长229.06万元，增幅较大，主要是由于本期公司2020家具工艺系统完工结转至无形资产所致。报告期末，公司无形资产不存在减值情况。", "spo_list": [{"predicate": "无形资产", "object_type": "金额", "subject_type": "日期", "object": "0.98万元", "subject": "2011年-2013年末", "subject_index": {"begin": 14, "end": 26}, "object_index": {"begin": 48, "end": 54}}, {"predicate": "无形资产", "object_type": "金额", "subject_type": "日期", "object": "206.61万元", "subject": "2014年9月末", "subject_index": {"begin": 28, "end": 36}, "object_index": {"begin": 73, "end": 81}}, {"predicate": "无形资产", "object_type": "金额", "subject_type": "日期", "object": "230.04万元", "subject": "2011年-2013年末", "subject_index": {"begin": 14, "end": 26}, "object_index": {"begin": 55, "end": 63}}, {"predicate": "无形资产", "object_type": "金额", "subject_type": "日期", "object": "208.06万元", "subject": "2011年-2013年末", "subject_index": {"begin": 14, "end": 26}, "object_index": {"begin": 64, "end": 72}}, {"predicate": "无形资产", "object_type": "金额", "subject_type": "日期", "object": "229.06万元", "subject": "2012年末", "subject_index": {"begin": 82, "end": 88}, "object_index": {"begin": 104, "end": 112}}]}
{"text": "2011年-2013年末以及2014年9月末，公司应付账款余额分别为4,980.89万元、3,927.39万元、6,575.65万元和5,686.41万元，占流动负债的比重分别为56.66%、47.89%、40.49%和41.24%。报告期各期末，公司应付帐款主要是应付板材、铝型材、五金配件等原材料的采购款。为保证产品品质及控制采购成本，公司制定了严格的供应商管理控制程序。采购人员先对供应商资料进行收集和调查，对于重要物料，需要经过实地评估和样品评估程序，对供应商进行评估，经评估合格后，纳入合格供应商名录", "spo_list": [{"predicate": "应付账款余额", "object_type": "金额", "subject_type": "日期", "object": "5,686.41万元", "subject": "2014年9月末", "subject_index": {"begin": 14, "end": 22}, "object_index": {"begin": 67, "end": 77}}, {"predicate": "应付账款余额", "object_type": "金额", "subject_type": "日期", "object": "4,980.89万元", "subject": "2011年-2013年末", "subject_index": {"begin": 0, "end": 12}, "object_index": {"begin": 34, "end": 44}}, {"predicate": "应付账款余额", "object_type": "金额", "subject_type": "日期", "object": "3,927.39万元", "subject": "2011年-2013年末", "subject_index": {"begin": 0, "end": 12}, "object_index": {"begin": 45, "end": 55}}, {"predicate": "应付账款余额", "object_type": "金额", "subject_type": "日期", "object": "6,575.65万元", "subject": "2011年-2013年末", "subject_index": {"begin": 0, "end": 12}, "object_index": {"begin": 56, "end": 66}}]}
{"text": "2013年末，公司营业收入增长42.71%，预收账款当期余额同比增加4,863.41万元，增长较快，高于收入增长速度，主要原因是：当期市场景气度较高，公司销售增长较快，期末未执行订单快速增加，导致当期期末预收账款余额显著增长。2014年上半年，公司销售收入同比增长74.40%，2013年末未执行订单本期完工结转为当期收入增长奠定了良好基础。", "spo_list": [{"predicate": "预收账款余额", "object_type": "金额", "subject_type": "日期", "object": "4,863.41万元", "subject": "2013年末", "subject_index": {"begin": 0, "end": 6}, "object_index": {"begin": 34, "end": 44}}]}
{"text": "2014年9月末，公司预收账款余额较上年末减少2,308.95万元，主要是四季度为全年销售旺季，该季度销售收入占比最高，9月末订单金额较上年12月末有所减少所致。2014年9月末，伴随收入的快速增长，公司预收账款较2013年9月末实现了持续增长。", "spo_list": [{"predicate": "预收账款余额", "object_type": "金额", "subject_type": "日期", "object": "2,308.95万元", "subject": "2014年9月末", "subject_index": {"begin": 0, "end": 8}, "object_index": {"begin": 23, "end": 33}}]}
{"text": "报告期内，公司其他应付款主要是收取经销商的保证金等。2011年-2013年末以及2014年9月末，公司其他应付款期末余额分别为502.66万元、762.40万元、1,244.38万元和1,753.41万元，占当期流动负债的比例分别为5.72%、9.30%、7.66%和12.72%。各期末，公司其他应付款持续增长，主要是新增经销商缴纳的保证金影响所致。", "spo_list": [{"predicate": "其他应付款余额", "object_type": "金额", "subject_type": "日期", "object": "1,753.41万元", "subject": "2014年9月末", "subject_index": {"begin": 40, "end": 48}, "object_index": {"begin": 92, "end": 102}}, {"predicate": "其他应付款余额", "object_type": "金额", "subject_type": "日期", "object": "502.66万元", "subject": "2011年-2013年末", "subject_index": {"begin": 26, "end": 38}, "object_index": {"begin": 63, "end": 71}}, {"predicate": "其他应付款余额", "object_type": "金额", "subject_type": "日期", "object": "762.40万元", "subject": "2011年-2013年末", "subject_index": {"begin": 26, "end": 38}, "object_index": {"begin": 72, "end": 80}}, {"predicate": "其他应付款余额", "object_type": "金额", "subject_type": "日期", "object": "1,244.38万元", "subject": "2011年-2013年末", "subject_index": {"begin": 26, "end": 38}, "object_index": {"begin": 81, "end": 91}}]}
{"text": "2013年以及2014年1-9月，公司投资活动产生的现金流量净额为-3,857.10万元和-3,966.48万元，主要是由于本期公司新购大量机器设备以及增加对整体衣柜技术升级扩建工程（土建）的资金投入，导致公司采购固定资产等支付现金4,031.37万元和4,162.60万元影响所致。", "spo_list": [{"predicate": "公司投资活动产生的现金流量净额", "object_type": "金额", "subject_type": "日期", "object": "-3,966.48万元", "subject": "2014年1-9月", "subject_index": {"begin": 7, "end": 16}, "object_index": {"begin": 45, "end": 56}}, {"predicate": "公司投资活动产生的现金流量净额", "object_type": "金额", "subject_type": "日期", "object": "-3,857.10万元", "subject": "2013年", "subject_index": {"begin": 0, "end": 5}, "object_index": {"begin": 33, "end": 44}}]}
{"text": "2011年-2013年末以及2014年9月末，公司息税折旧摊销前利润分别为5,934.47万元、7,948.48万元、12,884.61万元和11,429.04万元。伴随息税折旧摊销前利润的增长，公司利息保障倍数较高，2011年利息保障倍数为64.44倍利息支付能力较强。", "spo_list": [{"predicate": "息税折旧摊销前利润", "object_type": "金额", "subject_type": "日期", "object": "11,429.04万元", "subject": "2014年9月末", "subject_index": {"begin": 14, "end": 22}, "object_index": {"begin": 71, "end": 82}}, {"predicate": "息税折旧摊销前利润", "object_type": "金额", "subject_type": "日期", "object": "5,934.47万元", "subject": "2011年-2013年末", "subject_index": {"begin": 0, "end": 12}, "object_index": {"begin": 37, "end": 47}}, {"predicate": "息税折旧摊销前利润", "object_type": "金额", "subject_type": "日期", "object": "7,948.48万元", "subject": "2011年-2013年末", "subject_index": {"begin": 0, "end": 12}, "object_index": {"begin": 48, "end": 58}}, {"predicate": "息税折旧摊销前利润", "object_type": "金额", "subject_type": "日期", "object": "12,884.61万元", "subject": "2011年-2013年末", "subject_index": {"begin": 0, "end": 12}, "object_index": {"begin": 59, "end": 70}}]}
{"text": "与同行业上市公司相比，公司存货周转率水平高于同行业的其他三家上市公司，反映公司存货周转能力强，存货的流动性和存货资金占用量比较合理。宜华木业、美克家居由于销售模式不同，与公司可比性较小。报告期内，索菲亚存货周转率为13.84、11.84、10.35和6.75，而公司存货周转率分别为15.42、14.88、17.05和14.43，", "spo_list": [{"predicate": "存货周转率", "object_type": "日期", "subject_type": "比率", "object": "报告期内", "subject": "13.84", "subject_index": {"begin": 107, "end": 112}, "object_index": {"begin": 93, "end": 97}}, {"predicate": "存货周转率", "object_type": "日期", "subject_type": "比率", "object": "报告期内", "subject": "11.84", "subject_index": {"begin": 113, "end": 118}, "object_index": {"begin": 93, "end": 97}}, {"predicate": "存货周转率", "object_type": "日期", "subject_type": "比率", "object": "报告期内", "subject": "10.35", "subject_index": {"begin": 119, "end": 124}, "object_index": {"begin": 93, "end": 97}}, {"predicate": "存货周转率", "object_type": "日期", "subject_type": "比率", "object": "报告期内", "subject": "6.75", "subject_index": {"begin": 125, "end": 129}, "object_index": {"begin": 93, "end": 97}}, {"predicate": "存货周转率", "object_type": "日期", "subject_type": "比率", "object": "报告期内", "subject": "15.42", "subject_index": {"begin": 141, "end": 146}, "object_index": {"begin": 93, "end": 97}}, {"predicate": "存货周转率", "object_type": "日期", "subject_type": "比率", "object": "报告期内", "subject": "14.88", "subject_index": {"begin": 147, "end": 152}, "object_index": {"begin": 93, "end": 97}}, {"predicate": "存货周转率", "object_type": "日期", "subject_type": "比率", "object": "报告期内", "subject": "17.05", "subject_index": {"begin": 153, "end": 158}, "object_index": {"begin": 93, "end": 97}}, {"predicate": "存货周转率", "object_type": "日期", "subject_type": "比率", "object": "报告期内", "subject": "14.43", "subject_index": {"begin": 159, "end": 164}, "object_index": {"begin": 93, "end": 97}}]}
{"text": "报告期内，公司经营状况良好，盈利能力逐年增强，2011年-2013年，公司净利润分别为4,629.42万元、6,025.68万元、10,055.55万元，三年复合增长率为47.38%，公司经营业绩的持续增长是企业实施股利分红政策的前提。同时，报告期内公司经营活动产生的现金流量净额分别为7,866.28万元、5,555.23万元和16,718.79万元，各期末货币资金余额分别为5,359.90万元、9,910.05万元和21,306.74万元，良好的现金流量状况和相对充足的货币资金为公司实施股利分配政策提供了条件和保障。", "spo_list": [{"predicate": "货币资金余额", "object_type": "金额", "subject_type": "日期", "object": "5,359.90万元", "subject": "报告期", "subject_index": {"begin": 121, "end": 124}, "object_index": {"begin": 189, "end": 199}}, {"predicate": "货币资金余额", "object_type": "金额", "subject_type": "日期", "object": "9,910.05万元", "subject": "报告期", "subject_index": {"begin": 121, "end": 124}, "object_index": {"begin": 200, "end": 210}}, {"predicate": "货币资金余额", "object_type": "金额", "subject_type": "日期", "object": "21,306.74万元", "subject": "报告期", "subject_index": {"begin": 121, "end": 124}, "object_index": {"begin": 211, "end": 222}}]}
