{"text": "2008年3月4日，中联资产评估有限公司出具了“中联评报字（2008）第66号”资产评估报告书，确认截至评估基准日2008年2月29日，发行人净资产评估值为8,490.02万元。", "spo_list": [{"predicate": "净资产评估值", "object_type": "金额", "subject_type": "日期", "object": "8,490.02万元", "subject": "2008年2月29日", "subject_index": {"begin": 57, "end": 67}, "object_index": {"begin": 78, "end": 88}}]}
{"text": "经评估，长江机械厂1998年12月31日的净资产账面值3,068.01万元，调整后账面值3,068.01万元，评估值3,135.99万元，评估增值67.98万元，增值率2.22%，长江机械改制设立时净资产送股部分不存在出资不实。", "spo_list": [{"predicate": "净资产评估值", "object_type": "金额", "subject_type": "日期", "object": "3,135.99万元", "subject": "1998年12月31日", "subject_index": {"begin": 9, "end": 20}, "object_index": {"begin": 58, "end": 68}}]}
{"text": "2015年3月，发行人子公司长江机械违法将废润滑油通过厂区雨水沟排放，被四川省泸州市环境保护局处以6万元的罚款（川环法泸环罚字[2015]1号）。泸州市环境保护局于2017年8月出具《泸州市环境保护局关于泸州长江机械有限公司所受环保行政处罚不属于情节严重情形的情况说明》，确认该处罚不属于情节严重情形。除上述事项外，报告期内发行人及其子公司未收到其他环境保护主管部门出具的行政处罚通知或决定，亦不存在违反环境保护相关法律法规的重大违法行为。", "spo_list": [{"predicate": "罚款", "object_type": "金额", "subject_type": "日期", "object": "6万元", "subject": "2015年3月", "subject_index": {"begin": 0, "end": 7}, "object_index": {"begin": 49, "end": 52}}]}
{"text": "本公司2017年1-6月计算企业所得税税前加计扣除研究开发费为1,332,634.31元。", "spo_list": [{"predicate": "研发费用", "object_type": "金额", "subject_type": "日期", "object": "1,332,634.31元", "subject": "2017年1-6月", "subject_index": {"begin": 3, "end": 12}, "object_index": {"begin": 31, "end": 44}}]}
{"text": "根据2017年4月28日泸州市地方税务局第三直属税务分局受理长江机械申报的《企业所得税优惠事项备案表》，长江机械2016年度企业所得税税前加计扣除研究开发费为5,109,104.18元。", "spo_list": [{"predicate": "研发费用", "object_type": "金额", "subject_type": "日期", "object": "5,109,104.18元", "subject": "2016年", "subject_index": {"begin": 56, "end": 61}, "object_index": {"begin": 79, "end": 92}}]}
{"text": "根据2016年4月18日重庆市璧山县国家税务局受理重庆豪能申报的《企业所得税优惠事项备案表》，重庆豪能2015年度申报企业所得税税前加计扣除研究开发费为2,167,188.63元。", "spo_list": [{"predicate": "研发费用", "object_type": "金额", "subject_type": "日期", "object": "2,167,188.63元", "subject": "2015年", "subject_index": {"begin": 51, "end": 56}, "object_index": {"begin": 76, "end": 89}}]}
{"text": "重庆豪能2017年1-6月计算企业所得税税前加计扣除研究开发费为2,230,328.08元。", "spo_list": [{"predicate": "研发费用", "object_type": "金额", "subject_type": "日期", "object": "2,230,328.08元", "subject": "2017年1-6月", "subject_index": {"begin": 4, "end": 13}, "object_index": {"begin": 32, "end": 45}}]}
{"text": "报告期各期末，发行人库存商品账面价值分别为6,480.85万元、7,242.78万元、7,923.40万元和9,291.06万元，占存货账面价值的比例分别为55.04%、45.11%、50.87%和51.20%。", "spo_list": [{"predicate": "存货账面价值", "object_type": "金额", "subject_type": "日期", "object": "6,480.85万元", "subject": "报告期各期末", "subject_index": {"begin": 0, "end": 6}, "object_index": {"begin": 21, "end": 31}}, {"predicate": "存货账面价值", "object_type": "金额", "subject_type": "日期", "object": "7,242.78万元", "subject": "报告期各期末", "subject_index": {"begin": 0, "end": 6}, "object_index": {"begin": 32, "end": 42}}, {"predicate": "存货账面价值", "object_type": "金额", "subject_type": "日期", "object": "7,923.40万元", "subject": "报告期各期末", "subject_index": {"begin": 0, "end": 6}, "object_index": {"begin": 43, "end": 53}}, {"predicate": "存货账面价值", "object_type": "金额", "subject_type": "日期", "object": "9,291.06万元", "subject": "报告期各期末", "subject_index": {"begin": 0, "end": 6}, "object_index": {"begin": 54, "end": 64}}]}
{"text": "2015年末公司无形资产账面原值较2014年末增加2,846.89万元，主要系长江机械于2015年2月取得新厂区土地使用权所致。2016年末公司无形资产账面原值较2015年末减少1,057.70万元，原因为：根据2013年10月10日长江机械与泸州市土地收购储备和开发中心及泸州市江阳区人民政府签署《国有土地使用权收购合同》，泸州市土地收购储备和开发中心收购长江机械位于泸州市龙马潭区小市宝莲街和泸州市江阳区前进中路56,478.57平方米（计84.72亩）的国有土地使用权和其范围内27,802.51平方米的厂房等建筑物，由于相关土地将被处置，从而由无形资产转入其他非流动资产。", "spo_list": [{"predicate": "无形资产账面价值", "object_type": "金额", "subject_type": "日期", "object": "2,846.89万元", "subject": "2015年末", "subject_index": {"begin": 0, "end": 6}, "object_index": {"begin": 25, "end": 35}}]}
{"text": "报告期各期末，公司递延收益分别为847.13万元、1,937.14万元、1,985.00万元、2,072.82万元，主要由政府补助形成。", "spo_list": [{"predicate": "其他收益", "object_type": "金额", "subject_type": "日期", "object": "847.13万元", "subject": "报告期各期末", "subject_index": {"begin": 0, "end": 6}, "object_index": {"begin": 16, "end": 24}}, {"predicate": "其他收益", "object_type": "金额", "subject_type": "日期", "object": "1,937.14万元", "subject": "报告期各期末", "subject_index": {"begin": 0, "end": 6}, "object_index": {"begin": 25, "end": 35}}, {"predicate": "其他收益", "object_type": "金额", "subject_type": "日期", "object": "1,985.00万元", "subject": "报告期各期末", "subject_index": {"begin": 0, "end": 6}, "object_index": {"begin": 36, "end": 46}}, {"predicate": "其他收益", "object_type": "金额", "subject_type": "日期", "object": "2,072.82万元", "subject": "报告期各期末", "subject_index": {"begin": 0, "end": 6}, "object_index": {"begin": 47, "end": 57}}]}
{"text": "2014年、2015年、2016年和2017年1-6月，公司投资活动产生的现金流量净额分别为-5,679.36万元、-10,206.35万元、-21,378.26万元和-12,516.03万元。主要是由于为了更好的提升公司的市场竞争能力，公司逐步丰富产品种类，扩大产能，相应购置及新建了部分厂房、机器设备及土地等，从而导致公司固定资产和无形资产投入金额较大，具体情况详见本节“四、资本性支出分析/（一）报告期内重大资本性支出情况”。", "spo_list": [{"predicate": "公司投资活动产生的现金流量净额", "object_type": "金额", "subject_type": "日期", "object": "-5,679.36万元", "subject": "2014年", "subject_index": {"begin": 0, "end": 5}, "object_index": {"begin": 46, "end": 57}}, {"predicate": "公司投资活动产生的现金流量净额", "object_type": "金额", "subject_type": "日期", "object": "-10,206.35万元", "subject": "2015年", "subject_index": {"begin": 6, "end": 11}, "object_index": {"begin": 58, "end": 70}}, {"predicate": "公司投资活动产生的现金流量净额", "object_type": "金额", "subject_type": "日期", "object": "-21,378.26万元", "subject": "2016年", "subject_index": {"begin": 12, "end": 17}, "object_index": {"begin": 71, "end": 83}}, {"predicate": "公司投资活动产生的现金流量净额", "object_type": "金额", "subject_type": "日期", "object": "-12,516.03万元。", "subject": "2017年1-6月", "subject_index": {"begin": 18, "end": 27}, "object_index": {"begin": 84, "end": 97}}]}
{"text": "根据2015年5月11日成都市龙泉驿区国家税务局受理本公司申报的《企业所得税优惠事项备案表》，本公司2014年度企业所得税税前加计扣除研究开发费为2,839,466.98元；", "spo_list": [{"predicate": "研发费用", "object_type": "金额", "subject_type": "日期", "object": "2,839,466.98元", "subject": "2014年度", "subject_index": {"begin": 50, "end": 56}, "object_index": {"begin": 73, "end": 86}}]}
{"text": "根据2015年4月27日泸州市地方税务局第一直属分局受理长江机械申报的《企业所得税优惠事项备案表》，长江机械2014年度企业所得税税前加计扣除研究开发费为4,548,739.13元；", "spo_list": [{"predicate": "研发费用", "object_type": "金额", "subject_type": "日期", "object": "4,548,739.13元", "subject": "2014年", "subject_index": {"begin": 54, "end": 59}, "object_index": {"begin": 77, "end": 90}}]}
{"text": "根据2016年4月27日泸州市地方税务局第一直属分局受理长江机械申报的《企业所得税优惠事项备案表》，长江机械2015年度企业所得税税前加计扣除研究开发费为5,121,124.30元；", "spo_list": [{"predicate": "研发费用", "object_type": "金额", "subject_type": "日期", "object": "5,121,124.30元", "subject": "2015年", "subject_index": {"begin": 54, "end": 59}, "object_index": {"begin": 77, "end": 90}}]}
{"text": "长江机械2017年1-6月计算企业所得税税前加计扣除研究开发费为2,689,237.31元。", "spo_list": [{"predicate": "研发费用", "object_type": "金额", "subject_type": "日期", "object": "2,689,237.31元", "subject": "2017年1-6月", "subject_index": {"begin": 4, "end": 13}, "object_index": {"begin": 32, "end": 45}}]}
{"text": "根据2017年2月10日重庆市璧山区国家税务局受理重庆豪能申报的《企业所得税优惠税事项备案表》，2016年度企业所得税税前加计扣除研究开发费为2,743,233.81元。", "spo_list": [{"predicate": "研发费用", "object_type": "金额", "subject_type": "日期", "object": "2,743,233.81元", "subject": "2016年", "subject_index": {"begin": 48, "end": 53}, "object_index": {"begin": 71, "end": 84}}]}
{"text": "2015年末公司在建工程较2014年末增加12,223.73万元，主要系“长江机械新厂区建设”新增工程投入所致；“冲压生产线技改项目”已于2015年11月正式投产，从而将其全部在建工程转入固定资产。2016年12月末公司在建工程较2015年末减少了11,349.75万元，主要系“长江机械新厂区建设项目”部分完工转固所致。", "spo_list": [{"predicate": "在建工程账面价值", "object_type": "金额", "subject_type": "日期", "object": "12,223.73万元", "subject": "2015年末", "subject_index": {"begin": 0, "end": 6}, "object_index": {"begin": 21, "end": 32}}, {"predicate": "在建工程账面价值", "object_type": "金额", "subject_type": "日期", "object": "11,349.75万元", "subject": "2016年12月末", "subject_index": {"begin": 99, "end": 108}, "object_index": {"begin": 124, "end": 135}}]}
{"text": "报告期各期，公司销售费用总额分别为1,274.07万元、1,447.38万元、1,833.63万元、1,095.67万元，占同期营业收入的比例分别为2.08%、2.41%、2.85%、2.85%，逐年上升。", "spo_list": [{"predicate": "销售费用", "object_type": "金额", "subject_type": "日期", "object": "1,274.07万元", "subject": "报告期各期", "subject_index": {"begin": 0, "end": 5}, "object_index": {"begin": 17, "end": 27}}, {"predicate": "销售费用", "object_type": "金额", "subject_type": "日期", "object": "1,447.38万元", "subject": "报告期各期", "subject_index": {"begin": 0, "end": 5}, "object_index": {"begin": 28, "end": 38}}, {"predicate": "销售费用", "object_type": "金额", "subject_type": "日期", "object": "1,833.63万元", "subject": "报告期各期", "subject_index": {"begin": 0, "end": 5}, "object_index": {"begin": 39, "end": 49}}, {"predicate": "销售费用", "object_type": "金额", "subject_type": "日期", "object": "1,095.67万元", "subject": "报告期各期", "subject_index": {"begin": 0, "end": 5}, "object_index": {"begin": 50, "end": 60}}]}
{"text": "2014年、2015年、2016年和2017年1-6月，公司筹资活动产生的现金流量净额分别为-5,505.79万元、819.93万元、6,466.16万元和5,786.42万元。报告期内公司盈利状况及回款情况良好，公司主要依靠自身经营积累保持公司正常生产经营的资金需求，银行借款金额相对较少；同时为了使股东更好的分享公司经营发展成果，公司在2014年进行了较大金额的现金分红。", "spo_list": [{"predicate": "公司筹资活动产生的现金流量净额", "object_type": "金额", "subject_type": "日期", "object": "5,786.42万元", "subject": "2017年1-6月", "subject_index": {"begin": 18, "end": 27}, "object_index": {"begin": 78, "end": 88}}, {"predicate": "公司筹资活动产生的现金流量净额", "object_type": "金额", "subject_type": "日期", "object": "6,466.16万元", "subject": "2016年", "subject_index": {"begin": 12, "end": 17}, "object_index": {"begin": 67, "end": 77}}, {"predicate": "公司筹资活动产生的现金流量净额", "object_type": "金额", "subject_type": "日期", "object": "819.93万元", "subject": "2015年", "subject_index": {"begin": 6, "end": 11}, "object_index": {"begin": 58, "end": 66}}, {"predicate": "公司筹资活动产生的现金流量净额", "object_type": "金额", "subject_type": "日期", "object": "-5,505.79万元", "subject": "2014年", "subject_index": {"begin": 0, "end": 5}, "object_index": {"begin": 46, "end": 57}}]}
