{"text": "、截至2003年12月31日，航民集团为本公司及所属子公司人民币短期借款183,780,000.00元、欧元短期借款1,974,928.00元（折合人民币20,417,398.14元）、人民币长期借款67,114,756.25元（含利息114,756.25元）、应付票据19,400,000.00元提供保证。", "spo_list": [{"predicate": "应付票据", "object_type": "金额", "subject_type": "日期", "object": "19,400,000.00元", "subject": "2003年12月31日", "subject_index": {"begin": 3, "end": 14}, "object_index": {"begin": 135, "end": 149}}]}
{"text": "2002年度，公司财务费用较2001年度增加249.29万元，增长21.45%，主要系利息支出增加229.64万元所致。", "spo_list": [{"predicate": "应付利息", "object_type": "金额", "subject_type": "日期", "object": "229.64万元", "subject": "2002年度", "subject_index": {"begin": 0, "end": 6}, "object_index": {"begin": 49, "end": 57}}]}
{"text": "截止2003年12月31日，本公司固定资产账面原值为88,665.17万元，账面净值为58,671.30万元，净额为57,353.79万元。具体情况如下：", "spo_list": [{"predicate": "固定资产账面价值", "object_type": "金额", "subject_type": "日期", "object": "88,665.17万元", "subject": "2003年12月31日", "subject_index": {"begin": 2, "end": 13}, "object_index": {"begin": 26, "end": 37}}]}
{"text": "截止2003年12月31日，公司在建工程为5,048.17万元，", "spo_list": [{"predicate": "在建工程账面价值", "object_type": "金额", "subject_type": "日期", "object": "5,048.17万元", "subject": "2003年12月31日", "subject_index": {"begin": 2, "end": 13}, "object_index": {"begin": 21, "end": 31}}]}
{"text": "应收账款的金额和增幅：2001年、2002年和2003年期末，公司应收账款账面净值分别为7,137.15万元，7,571.49万元，7,344.94万元，历年增幅分别达到6.09%，-2.99%。2002年以来，公司加强流动资金管理，制定资金回收计划，落实岗位责任制，采取将应收账款的回收情况和销售人员奖励挂钩等灵活务实的现代营销手段，较好地控制了应收账款的增长速度，2002年销售收入较2001年增长46%，而应收账款仅增加了6.09%。", "spo_list": [{"predicate": "应收账款净额", "object_type": "金额", "subject_type": "日期", "object": "7,137.15万元", "subject": "2001年", "subject_index": {"begin": 11, "end": 16}, "object_index": {"begin": 44, "end": 54}}, {"predicate": "应收账款净额", "object_type": "金额", "subject_type": "日期", "object": "7,571.49万元", "subject": "2002年", "subject_index": {"begin": 17, "end": 22}, "object_index": {"begin": 55, "end": 65}}, {"predicate": "应收账款净额", "object_type": "金额", "subject_type": "日期", "object": "7,344.94万元", "subject": "2003年期末", "subject_index": {"begin": 23, "end": 30}, "object_index": {"begin": 66, "end": 76}}]}
{"text": "截止2003年12月31日，公司计提其他应收款坏账准备64.45万元。", "spo_list": [{"predicate": "坏账准备", "object_type": "金额", "subject_type": "日期", "object": "64.45万元", "subject": "2003年12月31日", "subject_index": {"begin": 2, "end": 13}, "object_index": {"begin": 27, "end": 34}}]}
{"text": "预付账款：2001年、2002年和2003年期末，公司预付账款分别为1,159.27万元，3,641.57万元，2,379.78万元。", "spo_list": [{"predicate": "预付款项", "object_type": "金额", "subject_type": "日期", "object": "1,159.27万元", "subject": "2001年", "subject_index": {"begin": 5, "end": 10}, "object_index": {"begin": 34, "end": 44}}, {"predicate": "预付款项", "object_type": "金额", "subject_type": "日期", "object": "3,641.57万元", "subject": "2002年", "subject_index": {"begin": 11, "end": 16}, "object_index": {"begin": 45, "end": 55}}, {"predicate": "预付款项", "object_type": "金额", "subject_type": "日期", "object": "2,379.78万元", "subject": "2003年期末", "subject_index": {"begin": 17, "end": 24}, "object_index": {"begin": 56, "end": 66}}]}
{"text": "存货：2001年、2002年和2003年期末，公司存货账面净值分别为2,836.11万元，3,756.75万元，4,324.19万元。2003年12月31日比2002年12月31日存货账面余额增长14.92%，主要原因系公司储备的染料和化工原料及助剂净增加395万元所致。2002年12月31日较2001年12月31日存货账面余额增长33.63%，主要原因系公司所属织造分公司库存商品同比增加1,054万元所致，对公司的影响详见本章之“管理层分析”。", "spo_list": [{"predicate": "存货账面价值", "object_type": "金额", "subject_type": "日期", "object": "2,836.11万元", "subject": "2001年", "subject_index": {"begin": 3, "end": 8}, "object_index": {"begin": 34, "end": 44}}, {"predicate": "存货账面价值", "object_type": "金额", "subject_type": "日期", "object": "3,756.75万元", "subject": "2002年", "subject_index": {"begin": 9, "end": 14}, "object_index": {"begin": 45, "end": 55}}, {"predicate": "存货账面价值", "object_type": "金额", "subject_type": "日期", "object": "4,324.19万元", "subject": "2003年期末", "subject_index": {"begin": 15, "end": 22}, "object_index": {"begin": 56, "end": 66}}]}
{"text": "2002年、2003年，公司长期借款期末余额分别为6,210.40万元，6,711.48万元，均为保证借款，由航民集团提供保证。", "spo_list": [{"predicate": "长期借款余额", "object_type": "金额", "subject_type": "日期", "object": "6,210.40万元", "subject": "2002年", "subject_index": {"begin": 0, "end": 5}, "object_index": {"begin": 25, "end": 35}}, {"predicate": "长期借款余额", "object_type": "金额", "subject_type": "日期", "object": "6,711.48万元", "subject": "2003年", "subject_index": {"begin": 6, "end": 11}, "object_index": {"begin": 36, "end": 46}}]}
{"text": "2001年、2002年和2003年，本公司合并报表应付账款期末余额分别为5,897.85万元、9,949.74万元和7,351.60万元。公司的应付账款均是应付的购货款，不含持有公司5%及以上股份的股东款项。应付账款变动原因如下：", "spo_list": [{"predicate": "应付账款余额", "object_type": "金额", "subject_type": "日期", "object": "5,897.85万元", "subject": "2001年", "subject_index": {"begin": 0, "end": 5}, "object_index": {"begin": 36, "end": 46}}, {"predicate": "应付账款余额", "object_type": "金额", "subject_type": "日期", "object": "9,949.74万元", "subject": "2002年", "subject_index": {"begin": 6, "end": 11}, "object_index": {"begin": 47, "end": 57}}, {"predicate": "预付账款余额", "object_type": "金额", "subject_type": "日期", "object": "7,351.60万元", "subject": "2003年", "subject_index": {"begin": 12, "end": 17}, "object_index": {"begin": 58, "end": 68}}]}
{"text": "2001年、2002年和2003年，本公司合并报表应交税金期末余额分别为2,841.12万元，2,230.53万元，2,045.06万元。2003年12月31日比2002年12月31日应交税金余额下降8.31%，主要原因系公司2003年12月31日未交城市维护建设税净减少127万元所致。2002年12月31日比2001年12月31日应交税金余额下降21.49%，主要原因系公司2002年度上交增值税较多，2002年12月31日应交增值税余额比2001年12月31日净减少831万元所致。", "spo_list": [{"predicate": "应交税费余额", "object_type": "金额", "subject_type": "日期", "object": "2,841.12万元", "subject": "2001年", "subject_index": {"begin": 0, "end": 5}, "object_index": {"begin": 36, "end": 46}}, {"predicate": "应交税费余额", "object_type": "金额", "subject_type": "日期", "object": "2,230.53万元", "subject": "2002年", "subject_index": {"begin": 6, "end": 11}, "object_index": {"begin": 47, "end": 57}}, {"predicate": "应交税费余额", "object_type": "金额", "subject_type": "日期", "object": "2,045.06万元", "subject": "2003年", "subject_index": {"begin": 12, "end": 17}, "object_index": {"begin": 58, "end": 68}}]}
{"text": "2001年、2002年和2003年，本公司合并报表其他应交款期末余额分别为392.36万元，109.99万元，135.47万元。2002年其他应交款期末余额较2001年减少282万元，减幅71.97%，主要原因系公司2002年上交教育费附加较多所致。", "spo_list": [{"predicate": "其他应付款余额", "object_type": "金额", "subject_type": "日期", "object": "392.36万元", "subject": "2001年", "subject_index": {"begin": 0, "end": 5}, "object_index": {"begin": 37, "end": 45}}, {"predicate": "其他应付款余额", "object_type": "金额", "subject_type": "日期", "object": "109.99万元", "subject": "2002年", "subject_index": {"begin": 6, "end": 11}, "object_index": {"begin": 46, "end": 54}}, {"predicate": "其他应付款余额", "object_type": "金额", "subject_type": "日期", "object": "135.47万元", "subject": "2003年", "subject_index": {"begin": 12, "end": 17}, "object_index": {"begin": 55, "end": 63}}]}
{"text": "2002年其他应付款期末余额比2001年同期减少2,265万元，减幅45.45%，主要原因系公司欠航民集团的款项净减少3,004万元、归还萧山纺丝厂欠款170万元及增加萧山航民非织造布有限公司暂借款1,000万元等共同影响", "spo_list": [{"predicate": "其他应付款余额", "object_type": "金额", "subject_type": "日期", "object": "2,265万元", "subject": "2002年", "subject_index": {"begin": 0, "end": 5}, "object_index": {"begin": 24, "end": 31}}]}
{"text": "本公司2003年度的经营活动产生的现金流量净额为14,477.97万元；投资活动产生的现金流量净额为-12,065.85万元；筹资活动产生的现金流量净额为-2,580.50万元；现金及现金等价物净增加额-168.55万元", "spo_list": [{"predicate": "公司投资活动产生的现金流量净额", "object_type": "金额", "subject_type": "日期", "object": "-12,065.85万元", "subject": "2003年度", "subject_index": {"begin": 3, "end": 9}, "object_index": {"begin": 50, "end": 62}}, {"predicate": "公司筹资活动产生的现金流量净额", "object_type": "金额", "subject_type": "日期", "object": "-2,580.50万元", "subject": "2003年度", "subject_index": {"begin": 3, "end": 9}, "object_index": {"begin": 77, "end": 88}}]}
{"text": "截止2003年12月31日，公司资产营运能力较强。近三年应收账款周转率分别为11.04、11.24和10.40，应收账款周转速度快，账龄低、货款回收风险小；公司存货周转率高，近三年末存货周转率分别为19.31、21.16和16.15。", "spo_list": [{"predicate": "应收账款周转率", "object_type": "日期", "subject_type": "比率", "object": "近三年", "subject": "11.04", "subject_index": {"begin": 38, "end": 43}, "object_index": {"begin": 25, "end": 28}}, {"predicate": "应收账款周转率", "object_type": "日期", "subject_type": "比率", "object": "近三年", "subject": "11.24", "subject_index": {"begin": 44, "end": 49}, "object_index": {"begin": 25, "end": 28}}, {"predicate": "应收账款周转率", "object_type": "日期", "subject_type": "比率", "object": "近三年", "subject": "10.40", "subject_index": {"begin": 50, "end": 55}, "object_index": {"begin": 25, "end": 28}}]}
{"text": "公司重视技改投资，2002年及2003年投资活动产生的现金流出分别为13,418.86万元、12,065.85万元。", "spo_list": [{"predicate": "公司投资活动产生的现金流量净额", "object_type": "金额", "subject_type": "日期", "object": "13,418.86万元", "subject": "2002年", "subject_index": {"begin": 9, "end": 14}, "object_index": {"begin": 34, "end": 45}}, {"predicate": "公司投资活动产生的现金流量净额", "object_type": "金额", "subject_type": "日期", "object": "12,065.85万元", "subject": "2003年", "subject_index": {"begin": 15, "end": 20}, "object_index": {"begin": 46, "end": 57}}]}
{"text": "截至2003年12月31日，自然人朱重庆与航民集团共同为本公司所属子公司钱江印染人民币短期借款20,000,000.00元、应付票据2,100,000.00元提供双重保证", "spo_list": [{"predicate": "短期借款", "object_type": "金额", "subject_type": "日期", "object": "20,000,000.00元", "subject": "2003年12月31日", "subject_index": {"begin": 2, "end": 13}, "object_index": {"begin": 47, "end": 61}}, {"predicate": "应付票据", "object_type": "金额", "subject_type": "日期", "object": "2,100,000.00元", "subject": "2003年12月31日", "subject_index": {"begin": 2, "end": 13}, "object_index": {"begin": 66, "end": 79}}]}
{"text": "公司近三年非经常性损益主要由营业外收支、补贴收入、长期股权投资差额摊销和资金占用费收益组成。2002年非经常性损益较2001年减少706.93万元，主要系营业外支出增加，补贴收入减少所致。", "spo_list": [{"predicate": "非经常性损益", "object_type": "金额", "subject_type": "日期", "object": "706.93万元", "subject": "2002年", "subject_index": {"begin": 46, "end": 51}, "object_index": {"begin": 65, "end": 73}}]}
{"text": "截止2003年12月31日，公司长期待摊费用为746.17万元，主要系待摊污水外排系统建设费736.31万元。", "spo_list": [{"predicate": "长期待摊费用", "object_type": "金额", "subject_type": "日期", "object": "746.17万元", "subject": "2003年12月31日", "subject_index": {"begin": 2, "end": 13}, "object_index": {"begin": 23, "end": 31}}]}
{"text": "其他应收款：2001年、2002年和2003年期末，公司其他应收款账面净值分别为2,096.09万元，804.26万元，693.05万元，2001年末其他应收款较大的原因请参见第六章同业竞争和关联交易之“二、关联交易”。其他年度其他应收款形成的原因主要系公司为方便销售人员开展业务，支付给相关人员的采购备用金。", "spo_list": [{"predicate": "其他应付款", "object_type": "金额", "subject_type": "日期", "object": "693.05万元", "subject": "2003年期末", "subject_index": {"begin": 18, "end": 25}, "object_index": {"begin": 60, "end": 68}}, {"predicate": "其他应付款", "object_type": "金额", "subject_type": "日期", "object": "804.26万元", "subject": "2002年", "subject_index": {"begin": 12, "end": 17}, "object_index": {"begin": 51, "end": 59}}, {"predicate": "其他应付款", "object_type": "金额", "subject_type": "日期", "object": "2,096.09万元", "subject": "2001年", "subject_index": {"begin": 6, "end": 11}, "object_index": {"begin": 40, "end": 50}}]}
{"text": "2001年、2002年，2003年公司短期银行借款期末余额分别为18,075.66万元，17,860.00万元，21,527.20万元。截至2003年12月31日", "spo_list": [{"predicate": "短期借款余额", "object_type": "金额", "subject_type": "日期", "object": "21,527.20万元", "subject": "2003年", "subject_index": {"begin": 12, "end": 17}, "object_index": {"begin": 56, "end": 67}}, {"predicate": "短期借款余额", "object_type": "金额", "subject_type": "日期", "object": "17,860.00万元", "subject": "2002年", "subject_index": {"begin": 6, "end": 11}, "object_index": {"begin": 44, "end": 55}}, {"predicate": "短期借款余额", "object_type": "金额", "subject_type": "日期", "object": "18,075.66万元", "subject": "2001年", "subject_index": {"begin": 0, "end": 5}, "object_index": {"begin": 32, "end": 43}}]}
{"text": "公司对内部人员的负债主要为应付职工工资和应付福利费。2001年、2002年、2003年本公司合并报表应付工资期末余额分别为1,492.84万元、1,768.33万元和1,490.29万元；应付福利费期末余额分别为1,398.69万元，1,789.29万元，2,100.57万元。", "spo_list": [{"predicate": "应付职工薪酬余额", "object_type": "金额", "subject_type": "日期", "object": "1,490.29万元", "subject": "2003年", "subject_index": {"begin": 38, "end": 43}, "object_index": {"begin": 83, "end": 93}}, {"predicate": "应付职工薪酬余额", "object_type": "金额", "subject_type": "日期", "object": "1,768.33万元", "subject": "2002年", "subject_index": {"begin": 32, "end": 37}, "object_index": {"begin": 72, "end": 82}}, {"predicate": "应付职工薪酬余额", "object_type": "金额", "subject_type": "日期", "object": "1,492.84万元", "subject": "2001年", "subject_index": {"begin": 26, "end": 31}, "object_index": {"begin": 61, "end": 71}}]}
{"text": "2001年、2002年和2003年，本公司合并报表预收账款期末余额分别为770.68万元、1,463.23万元和478.67万元。2003年12月31日比2002年12月31日预收账款余额下降67.29%，主要原因系2003年公司出口业务减少,预收国外客户的货款比2002年净减少833万元所致。2002年预收账款期末余额较2001年增长89.86%，主要原因系随着业务范围的扩大，公司2002年预收账款增加884万元所致。", "spo_list": [{"predicate": "预收款项余额", "object_type": "金额", "subject_type": "日期", "object": "478.67万元", "subject": "2003年", "subject_index": {"begin": 12, "end": 17}, "object_index": {"begin": 56, "end": 64}}, {"predicate": "预收款项余额", "object_type": "金额", "subject_type": "日期", "object": "1,463.23万元", "subject": "2002年", "subject_index": {"begin": 6, "end": 11}, "object_index": {"begin": 45, "end": 55}}, {"predicate": "预收款项余额", "object_type": "金额", "subject_type": "日期", "object": "770.68万元", "subject": "2001年", "subject_index": {"begin": 0, "end": 5}, "object_index": {"begin": 36, "end": 44}}, {"predicate": "预收款项", "object_type": "金额", "subject_type": "日期", "object": "884万元", "subject": "2002年", "subject_index": {"begin": 193, "end": 198}, "object_index": {"begin": 204, "end": 209}}]}
{"text": "2001年、2002年和2003年，本公司合并报表其他应付款期末余额分别为4,983.75万元，2,718.41万元，1,218.12万元。", "spo_list": [{"predicate": "其他应付款余额", "object_type": "金额", "subject_type": "日期", "object": "1,218.12万元", "subject": "2003年", "subject_index": {"begin": 12, "end": 17}, "object_index": {"begin": 59, "end": 69}}, {"predicate": "其他应付款余额", "object_type": "金额", "subject_type": "日期", "object": "2,718.41万元", "subject": "2002年", "subject_index": {"begin": 6, "end": 11}, "object_index": {"begin": 48, "end": 58}}, {"predicate": "其他应付款余额", "object_type": "金额", "subject_type": "日期", "object": "4,983.75万元", "subject": "2001年", "subject_index": {"begin": 0, "end": 5}, "object_index": {"begin": 37, "end": 47}}]}
{"text": "本公司2002年度的经营活动产生的现金流量净额为15,714.42万元；投资活动产生的现金流量净额为-13,028.63万元；筹资活动产生的现金流量净额为80.50万元；现金及现金等价物净增加额2,766.30万元。", "spo_list": [{"predicate": "公司投资活动产生的现金流量净额", "object_type": "金额", "subject_type": "日期", "object": "-13,028.63万元", "subject": "2002年度", "subject_index": {"begin": 3, "end": 9}, "object_index": {"begin": 50, "end": 62}}, {"predicate": "公司筹资活动产生的现金流量净额", "object_type": "金额", "subject_type": "日期", "object": "80.50万元", "subject": "2002年度", "subject_index": {"begin": 3, "end": 9}, "object_index": {"begin": 77, "end": 84}}]}
{"text": "公司2002年存货账面净值共计3,756.75万元，比上年的2,836.11万元增加920.64万元，增幅为32.46%。其主要原因系随着公司出口规模的扩大，所使用的自产坯布的数量有所增加：公司出口业务模式主要系采用对外采购坯布和自产坯布印染加工后出口，因此公司逐步增加自产坯布数量以满足不断增加的出口业务的需要。从上表可以看出，公司所生产的涤纶布库存金额由2001年的427.99万元增长为2002年1,482.18万元；而公司出口业务收入由2001年的1,154.55万元增至2002年的13,839.21万元；2003年，公司实现出口业务收入7,174.32万元；出口量的增加带动了自产坯布的生产量；因此，公司的库存属合理备货。", "spo_list": [{"predicate": "存货净值", "object_type": "金额", "subject_type": "日期", "object": "3,756.75万元", "subject": "2002年", "subject_index": {"begin": 2, "end": 7}, "object_index": {"begin": 15, "end": 25}}]}
