{"text": "本公司母公司报表中，2000年、2001年及2002年的投资收益分别为27,708,663.69元、10,698,500.47元和20,326,165.60元，分别占当期利润总额的15.70%、13.22%和13.08%，纳入母公司合并报表的斯大公司所产生的净利润构成了本公司母公司投资收益的主要内容，斯大公司的净利润变化影响了本公司母公司投资收益占当前利润总额的变化。", "spo_list": [{"predicate": "投资收益", "object_type": "金额", "subject_type": "日期", "object": "27,708,663.69元", "subject": "2000年", "subject_index": {"begin": 10, "end": 15}, "object_index": {"begin": 35, "end": 49}}, {"predicate": "投资收益", "object_type": "金额", "subject_type": "日期", "object": "10,698,500.47元", "subject": "2001年", "subject_index": {"begin": 16, "end": 21}, "object_index": {"begin": 50, "end": 64}}, {"predicate": "投资收益", "object_type": "金额", "subject_type": "日期", "object": "20,326,165.60元", "subject": "2002年", "subject_index": {"begin": 22, "end": 27}, "object_index": {"begin": 65, "end": 79}}]}
{"text": "2000年12月31日、2001年12月31日和2002年12月31日，本公司预收账款分别为37,161,542.54元、39,870,289.35元和75,907,332.99元。", "spo_list": [{"predicate": "预收款项", "object_type": "金额", "subject_type": "日期", "object": "37,161,542.54元", "subject": "2000年12月31日", "subject_index": {"begin": 0, "end": 11}, "object_index": {"begin": 46, "end": 60}}, {"predicate": "预收款项", "object_type": "金额", "subject_type": "日期", "object": "39,870,289.35元", "subject": "2001年12月31日", "subject_index": {"begin": 12, "end": 23}, "object_index": {"begin": 61, "end": 75}}, {"predicate": "预收款项", "object_type": "金额", "subject_type": "日期", "object": "75,907,332.99元", "subject": "2002年12月31日", "subject_index": {"begin": 24, "end": 35}, "object_index": {"begin": 76, "end": 90}}]}
{"text": "2000年12月31日、2001年12月31日和2002年12月31日，本公司其他应付款分别为44,060,581.92元、34,563,874.13元和32,785,299.72元。", "spo_list": [{"predicate": "其他应付款", "object_type": "金额", "subject_type": "日期", "object": "44,060,581.92元", "subject": "2000年12月31日", "subject_index": {"begin": 0, "end": 11}, "object_index": {"begin": 47, "end": 61}}, {"predicate": "其他应付款", "object_type": "金额", "subject_type": "日期", "object": "34,563,874.13元", "subject": "2001年12月31日", "subject_index": {"begin": 12, "end": 23}, "object_index": {"begin": 62, "end": 76}}, {"predicate": "其他应付款", "object_type": "金额", "subject_type": "日期", "object": "32,785,299.72元", "subject": "2002年12月31日", "subject_index": {"begin": 24, "end": 35}, "object_index": {"begin": 77, "end": 91}}]}
{"text": "2002年12月31日专项应付款余额为2,244,991.66元，为中国航天科工集团公司和北京市新技术产业开发实验区办公室财政所拨付的用于专项科研项目研制开发尚未使用的金额。", "spo_list": [{"predicate": "应付账款", "object_type": "金额", "subject_type": "日期", "object": "2,244,991.66元", "subject": "2002年12月31日", "subject_index": {"begin": 0, "end": 11}, "object_index": {"begin": 19, "end": 32}}]}
{"text": "截止2002年12月31日，本公司资产负债率为53.43%（按母公司报表计算），流动比率1.51，速动比率0.83。", "spo_list": [{"predicate": "速动比率", "object_type": "日期", "subject_type": "比率", "object": "2002年12月31日", "subject": "0.83", "subject_index": {"begin": 53, "end": 57}, "object_index": {"begin": 2, "end": 13}}]}
{"text": "2002年12月31日公司存货共计提存货减值准备5,875,296.53元。主要是公司对存货中的掌上电脑、打印机及原材料等按成本高于可变现净值差额计提存货减值准备。", "spo_list": [{"predicate": "存货跌价准备余额", "object_type": "金额", "subject_type": "日期", "object": "5,875,296.53元", "subject": "2002年12月31日", "subject_index": {"begin": 0, "end": 11}, "object_index": {"begin": 24, "end": 37}}]}
{"text": "2000年12月31日、2001年12月31日和2002年12月31日，本公司应交税金分别为44,858,879.90元、302,990.45元和18,770,030.20元，应交税金期末余额较期初余额增加18,467,039.75元，", "spo_list": [{"predicate": "应交税费", "object_type": "金额", "subject_type": "日期", "object": "18,770,030.20元", "subject": "2002年12月31日", "subject_index": {"begin": 24, "end": 35}, "object_index": {"begin": 73, "end": 87}}, {"predicate": "应交税费", "object_type": "金额", "subject_type": "日期", "object": "302,990.45元", "subject": "2001年12月31日", "subject_index": {"begin": 12, "end": 23}, "object_index": {"begin": 61, "end": 72}}, {"predicate": "应交税费", "object_type": "金额", "subject_type": "日期", "object": "44,858,879.90元", "subject": "2000年12月31日", "subject_index": {"begin": 0, "end": 11}, "object_index": {"begin": 46, "end": 60}}]}
{"text": "2002年本公司现金及现金等价物净增加额为158,564,867.10元，其中经营活动产生的现金流量净额为288,924,778.54元，投资活动产生的现金流量净额为-69,494,819.21元,筹资活动产生的现金流量净额为-60,865,092.23元。在投资活动产生的现金流出中，购置固定资产支付的资金为76,136,986.10元；在筹资活动产生的现金流出中，偿还债务支付现金193,000,000.00元。", "spo_list": [{"predicate": "公司投资活动产生的现金流量净额", "object_type": "金额", "subject_type": "日期", "object": "-69,494,819.21元", "subject": "2002年", "subject_index": {"begin": 0, "end": 5}, "object_index": {"begin": 83, "end": 98}}, {"predicate": "公司筹资活动产生的现金流量净额", "object_type": "金额", "subject_type": "日期", "object": "-60,865,092.23元", "subject": "2002年", "subject_index": {"begin": 0, "end": 5}, "object_index": {"begin": 113, "end": 128}}]}
{"text": "本公司2002年度、2001年度和2000年度主营业务利润分别为331,580,257.72元、167,622,579.26元和290,889,732.71元。2001年度主营业务利润比2000年度下降42.38%，原因是防伪税控系统推广计划的调整使本公司主营业务收入有所下降。2002年度主营业务利润比2001年增长97.81%，原因是国家税务总局从2002年7月开始恢复了防伪税控系统的推广计划，使得本公司2002年主营业务收入较2001年有大幅增长。", "spo_list": [{"predicate": "营业利润", "object_type": "金额", "subject_type": "日期", "object": "290,889,732.71元", "subject": "2000年度", "subject_index": {"begin": 17, "end": 23}, "object_index": {"begin": 64, "end": 79}}, {"predicate": "营业利润", "object_type": "金额", "subject_type": "日期", "object": "167,622,579.26元", "subject": "2001年度", "subject_index": {"begin": 10, "end": 16}, "object_index": {"begin": 48, "end": 63}}, {"predicate": "营业利润", "object_type": "金额", "subject_type": "日期", "object": "331,580,257.72元", "subject": "2002年度", "subject_index": {"begin": 3, "end": 9}, "object_index": {"begin": 32, "end": 47}}]}
