{"text": "因上述会计政策变更调增利润分配表2001年度年初未分配利润1,500万元、2002年度年初未分配利润2400万元、2003年度年初未分配利润3,000万元；调增资产负债表2001年12月31日留存收益2400万元、2002年12月31日留存收益3,000万元，同时调减资产负债表2001年12月31日应付股利2,400万元、2002年12月31日应付股利3,000万元。", "spo_list": [{"predicate": "未分配利润", "object_type": "金额", "subject_type": "日期", "object": "1,500万元", "subject": "2001年度", "subject_index": {"begin": 16, "end": 22}, "object_index": {"begin": 29, "end": 36}}, {"predicate": "未分配利润", "object_type": "金额", "subject_type": "日期", "object": "2400万元", "subject": "2002年度", "subject_index": {"begin": 37, "end": 43}, "object_index": {"begin": 50, "end": 56}}, {"predicate": "未分配利润", "object_type": "金额", "subject_type": "日期", "object": "3,000万元", "subject": "2003年度", "subject_index": {"begin": 57, "end": 63}, "object_index": {"begin": 70, "end": 77}}]}
{"text": "截至2003年12月31日，公司的流动资产为123,158,944.12元，占资产总额的25.91%，主要包括货币资金、应收帐款、其他应收款、应收补贴款和存货。", "spo_list": [{"predicate": "流动资产", "object_type": "金额", "subject_type": "日期", "object": "123,158,944.12元", "subject": "2003年12月31日", "subject_index": {"begin": 2, "end": 13}, "object_index": {"begin": 22, "end": 37}}]}
{"text": "货币资金：截至2003年12月31日，公司货币资金余额为29,429,185.28元，占流动资产的23.90%，包括日元存款604,463.10元、美元存款3,650,903.77元。货币资金2003年期末比2002年期末减少39.43%，主要是由于借款减少和采购大量苗种支付现金造成的。", "spo_list": [{"predicate": "货币资金余额", "object_type": "金额", "subject_type": "日期", "object": "29,429,185.28元", "subject": "2003年12月31日", "subject_index": {"begin": 7, "end": 18}, "object_index": {"begin": 28, "end": 42}}]}
{"text": "其他应收款：截至2003年12月31日，公司的其他应收款余额（足额计提坏帐准备后）为1,869,252.24元，占流动资产的1.52%，其中1年以内占66.76%，1-2年的占33.24%，无应收持公司5%（含5%）以上表决权股份的股东款项。", "spo_list": [{"predicate": "其他应收款余额", "object_type": "金额", "subject_type": "日期", "object": "1,869,252.24元", "subject": "2003年12月31日", "subject_index": {"begin": 8, "end": 19}, "object_index": {"begin": 42, "end": 55}}]}
{"text": "截至2003年12月31日，公司在建工程余额为83,438,612.47元，主要为鲍参混养项目，其金额为78,041,407.73元，完工进度为48.60%。在建工程余额中所包含的借款费用资本化金额为6,500,698.50元，其资本化月利率为5.0%。", "spo_list": [{"predicate": "在建工程余额", "object_type": "金额", "subject_type": "日期", "object": "83,438,612.47元", "subject": "2003年12月31日", "subject_index": {"begin": 2, "end": 13}, "object_index": {"begin": 23, "end": 37}}]}
{"text": "截至2003年12月31日，公司帐面无形资产为12,740,680.55元，系于2001年以出让方式取得的土地使用权的摊余价值，初始金额按取得时发生的实际成本确定为13,580,000.00元，按国有土地使用证规定的受益期限（40年）平均摊销，剩余摊销年限为37.53年。", "spo_list": [{"predicate": "无形资产", "object_type": "金额", "subject_type": "日期", "object": "12,740,680.55元", "subject": "2003年12月31日", "subject_index": {"begin": 2, "end": 13}, "object_index": {"begin": 23, "end": 37}}]}
{"text": "截至2003年12月31日，公司长期待摊费用余额为558,289.36元，", "spo_list": [{"predicate": "长期待摊费用的余额", "object_type": "金额", "subject_type": "日期", "object": "558,289.36元", "subject": "2003年12月31日", "subject_index": {"begin": 2, "end": 13}, "object_index": {"begin": 25, "end": 36}}]}
{"text": "截至2003年12月31日，公司一年内到期的长期借款余额50,000,000.00元。", "spo_list": [{"predicate": "长期借款余额", "object_type": "金额", "subject_type": "日期", "object": "50,000,000.00元", "subject": "2003年12月31日", "subject_index": {"begin": 2, "end": 13}, "object_index": {"begin": 28, "end": 42}}]}
{"text": "截至2003年12月31日，公司的长期借款余额为80,000,000.00元，全部为担保贷款，其中公司以价值为26,060,334.29元的机器设备为公司在中国工商银行荣成支行760万的长期借款提供了抵押。好当家集团有限公司下属子公司与山东邱家实业公司为公司全部长期借款提供了担保。", "spo_list": [{"predicate": "长期借款余额", "object_type": "金额", "subject_type": "日期", "object": "80,000,000.00元", "subject": "2003年12月31日", "subject_index": {"begin": 2, "end": 13}, "object_index": {"begin": 24, "end": 38}}]}
{"text": "截至2003年12月31日，公司应付工资余额为9,628,625.22元，应付福利费余额为5,210,143.90元，应付工资中没有工效挂钩性质的工资。", "spo_list": [{"predicate": "应付职工薪酬余额", "object_type": "金额", "subject_type": "日期", "object": "9,628,625.22元", "subject": "2003年12月31日", "subject_index": {"begin": 2, "end": 13}, "object_index": {"begin": 23, "end": 36}}]}
{"text": "截至2003年12月31日，公司其他应付款余额为8,969,612.07元。期末余额中无欠付持公司5%（含5%）以上表决权股份的股东款项，无账龄超过三年的大额其他应付款。", "spo_list": [{"predicate": "其他应付款余额", "object_type": "金额", "subject_type": "日期", "object": "8,969,612.07元", "subject": "2003年12月31日", "subject_index": {"begin": 2, "end": 13}, "object_index": {"begin": 24, "end": 37}}]}
{"text": "截至2003年12月31日，公司除上述应付工资外，无其他对内部人员的负债。除欠荣成邱家水产有限公司应付帐款3,261,221.89元、荣成荣盛包装材料有限公司应付帐款1,296,254.76元外，无其他对关联企业的负债。", "spo_list": [{"predicate": "应付账款", "object_type": "金额", "subject_type": "日期", "object": "3,261,221.89元", "subject": "2003年12月31日", "subject_index": {"begin": 2, "end": 13}, "object_index": {"begin": 53, "end": 66}}, {"predicate": "应付账款", "object_type": "金额", "subject_type": "日期", "object": "1,296,254.76元", "subject": "2003年12月31日", "subject_index": {"begin": 2, "end": 13}, "object_index": {"begin": 83, "end": 96}}]}
{"text": "公司2003年现金净流量为-19,155,384.29元，其中经营活动产生的现金流量净额为62,676,864.56元，投资活动产生的现金流量净额为-29,583,324.98元，筹资活动产生的现金流量净额为-53,036,908.46元，汇率变动对现金的净影响额为787,984.59元，未发生不涉及现金收支的重大投资和筹资活动。", "spo_list": [{"predicate": "公司投资活动产生的现金流量净额", "object_type": "金额", "subject_type": "日期", "object": "-29,583,324.98元", "subject": "2003年", "subject_index": {"begin": 2, "end": 7}, "object_index": {"begin": 74, "end": 89}}, {"predicate": "公司筹资活动产生的现金流量净额", "object_type": "金额", "subject_type": "日期", "object": "-53,036,908.46元", "subject": "2003年", "subject_index": {"begin": 2, "end": 7}, "object_index": {"begin": 104, "end": 119}}]}
{"text": "截至2003年12月31日，公司资产总计为47,536.84万元，其中：流动资产12,315.89万元，占资产总额的25.91%；固定资产33,891.26万元，占资产总额的71.29%；无形资产及其他资产为1,329.89万元，占资产总额的2.79%。", "spo_list": [{"predicate": "流动资产", "object_type": "金额", "subject_type": "日期", "object": "12,315.89万元", "subject": "2003年12月31日", "subject_index": {"begin": 2, "end": 13}, "object_index": {"begin": 40, "end": 51}}]}
{"text": "截至2003年12月31日，公司负债总额为22,922.67万元，资产负债率（母公司）为46.76%，负债规模适度。负债内部结构中，流动负债为14,912.67万元，其中：一年内到期的长期负债50,000,000.00元；长期负债为8,010.00万元。不存在到期未偿还的大额债务和延期支付利息的情况。", "spo_list": [{"predicate": "流动负债", "object_type": "金额", "subject_type": "日期", "object": "14,912.67万元", "subject": "2003年12月31日", "subject_index": {"begin": 2, "end": 13}, "object_index": {"begin": 71, "end": 82}}]}
{"text": "公司2003年经营活动产生的现金流量净额6,267.69万元，每股经营活动现金流量为0.52元。", "spo_list": [{"predicate": "每股经营活动产生的现金流量净额", "object_type": "金额", "subject_type": "日期", "object": "0.52元", "subject": "2003年", "subject_index": {"begin": 2, "end": 7}, "object_index": {"begin": 42, "end": 47}}]}
{"text": "截至2003年12月31日，公司的资产总额为475,368,391.72元，包括流动资产123,158,944.12元、固定资产338,912,573.71元和无形资产及其他资产13,298,969.91元。", "spo_list": [{"predicate": "流动资产", "object_type": "金额", "subject_type": "日期", "object": "123,158,944.12元", "subject": "2003年12月31日", "subject_index": {"begin": 2, "end": 13}, "object_index": {"begin": 44, "end": 59}}, {"predicate": "无形资产", "object_type": "金额", "subject_type": "日期", "object": "13,298,969.91元", "subject": "2003年12月31日", "subject_index": {"begin": 2, "end": 13}, "object_index": {"begin": 89, "end": 103}}]}
{"text": "应收账款：截至2003年12月31日，公司的应收帐款余额（足额计提坏帐准备后）为7,108,888.83元，占流动资产的5.77%；应收账款余额中1年以内的占89.43%，1-2年的占2.19%，2-3年的占0.00%，3年以上的占8.38%；应收账款余额中无持公司5%（含5%）以上表决权股份的股东单位欠款。", "spo_list": [{"predicate": "应收账款净额", "object_type": "金额", "subject_type": "日期", "object": "7,108,888.83元", "subject": "2003年12月31日", "subject_index": {"begin": 7, "end": 18}, "object_index": {"begin": 40, "end": 53}}]}
{"text": "存货：截至2003年12月31日，公司的存货余额为81,638,186.72元，占流动资产的66.29%，存货余额较大系由本公司水产品养殖周期较长，在产品占用资金较大的特点决定的。存货余额主要包括在产品64,879,945.63元、原材料4,491,856.66元、低值易耗品7,901,660.23元和库存商品3,300,630.66元。", "spo_list": [{"predicate": "存货余额", "object_type": "金额", "subject_type": "日期", "object": "81,638,186.72元", "subject": "2003年12月31日", "subject_index": {"begin": 5, "end": 16}, "object_index": {"begin": 25, "end": 39}}, {"predicate": "存货余额", "object_type": "金额", "subject_type": "日期", "object": "64,879,945.63元", "subject": "2003年12月31日", "subject_index": {"begin": 5, "end": 16}, "object_index": {"begin": 101, "end": 115}}]}
{"text": "截至2003年12月31日，公司的短期借款余额为44,831,361.00元，其中15,000,000.00元贷款由非关联方提供担保外，25,000,000.00元借款由好当家集团有限公司提供担保，1,200,000.00元贷款由荣山公司出口退税款抵押担保，其余3,631,361.00元贷款为全额信用贷款。", "spo_list": [{"predicate": "短期借款余额", "object_type": "金额", "subject_type": "日期", "object": "44,831,361.00元", "subject": "2003年12月31日", "subject_index": {"begin": 2, "end": 13}, "object_index": {"begin": 24, "end": 38}}]}
{"text": "截至2003年12月31日，公司的应付帐款余额为25,686,656.43元，其中无欠付持公司5%（含5%）以上表决权股份的股东款项，无账龄超过三年的大额应付账款。", "spo_list": [{"predicate": "应付账款余额", "object_type": "金额", "subject_type": "日期", "object": "25,686,656.43元", "subject": "2003年12月31日", "subject_index": {"begin": 2, "end": 13}, "object_index": {"begin": 24, "end": 38}}]}
{"text": "近三年公司主营业务销售毛利分别为8,271.61万元、9,305.07万元和9,630.73万元，毛利率分别为36.74%、33.90%和28.29%，其中养殖业务销售毛利分别为7,775.71万元、8,699.75万元和9,035.34万元，", "spo_list": [{"predicate": "毛利额", "object_type": "金额", "subject_type": "日期", "object": "8,271.61万元", "subject": "近三年", "subject_index": {"begin": 0, "end": 3}, "object_index": {"begin": 16, "end": 26}}, {"predicate": "毛利额", "object_type": "金额", "subject_type": "日期", "object": "9,305.07万元", "subject": "近三年", "subject_index": {"begin": 0, "end": 3}, "object_index": {"begin": 27, "end": 37}}, {"predicate": "毛利额", "object_type": "金额", "subject_type": "日期", "object": "9,630.73万元", "subject": "近三年", "subject_index": {"begin": 0, "end": 3}, "object_index": {"begin": 38, "end": 48}}, {"predicate": "毛利额", "object_type": "金额", "subject_type": "日期", "object": "7,775.71万元", "subject": "近三年", "subject_index": {"begin": 0, "end": 3}, "object_index": {"begin": 89, "end": 99}}, {"predicate": "毛利额", "object_type": "金额", "subject_type": "日期", "object": "8,699.75万元", "subject": "近三年", "subject_index": {"begin": 0, "end": 3}, "object_index": {"begin": 100, "end": 110}}, {"predicate": "净利润", "object_type": "金额", "subject_type": "日期", "object": "9,035.34万元", "subject": "近三年", "subject_index": {"begin": 0, "end": 3}, "object_index": {"begin": 111, "end": 121}}]}
