{"text": "报告期内，工业硅销售收入分别为174,061.83万元、214,175.54万元、306,662.88万元和76,578.52万元，工业硅前五大客户销售金额分别为133,547.22万元、114,900.91万元、115,119.00万元和32,002.41万元，公司前五大客户销售总额未出现明显下降，但由于营业收入的快速增速，前五名客户的销售占比逐年下降。", "spo_list": [{"predicate": "其他收益", "object_type": "金额", "subject_type": "日期", "object": "174,061.83万元", "subject": "报告期内", "subject_index": {"begin": 0, "end": 4}, "object_index": {"begin": 15, "end": 27}}, {"predicate": "其他收益", "object_type": "金额", "subject_type": "日期", "object": "214,175.54万元", "subject": "报告期内", "subject_index": {"begin": 0, "end": 4}, "object_index": {"begin": 28, "end": 40}}, {"predicate": "其他收益", "object_type": "金额", "subject_type": "日期", "object": "306,662.88万元", "subject": "报告期内", "subject_index": {"begin": 0, "end": 4}, "object_index": {"begin": 41, "end": 53}}, {"predicate": "其他收益", "object_type": "金额", "subject_type": "日期", "object": "76,578.52万元", "subject": "报告期内", "subject_index": {"begin": 0, "end": 4}, "object_index": {"begin": 54, "end": 65}}, {"predicate": "其他收益", "object_type": "金额", "subject_type": "日期", "object": "133,547.22万元", "subject": "报告期内", "subject_index": {"begin": 0, "end": 4}, "object_index": {"begin": 81, "end": 93}}, {"predicate": "其他收益", "object_type": "金额", "subject_type": "日期", "object": "114,900.91万元", "subject": "报告期内", "subject_index": {"begin": 0, "end": 4}, "object_index": {"begin": 94, "end": 106}}, {"predicate": "其他收益", "object_type": "金额", "subject_type": "日期", "object": "115,119.00万元", "subject": "报告期内", "subject_index": {"begin": 0, "end": 4}, "object_index": {"begin": 107, "end": 119}}, {"predicate": "其他收益", "object_type": "金额", "subject_type": "日期", "object": "32,002.41万元", "subject": "报告期内", "subject_index": {"begin": 0, "end": 4}, "object_index": {"begin": 120, "end": 131}}]}
{"text": "报告期各期末，公司盈余公积分别为1,048.46万元、2,094.99万元、3,152.19万元和3,152.19万元，系公司按照当年实现净利润的10%计提法定盈余公积。", "spo_list": [{"predicate": "盈余公积", "object_type": "金额", "subject_type": "日期", "object": "1,048.46万元", "subject": "报告期各期末", "subject_index": {"begin": 0, "end": 6}, "object_index": {"begin": 16, "end": 26}}, {"predicate": "盈余公积", "object_type": "金额", "subject_type": "日期", "object": "2,094.99万元", "subject": "报告期各期末", "subject_index": {"begin": 0, "end": 6}, "object_index": {"begin": 27, "end": 37}}, {"predicate": "盈余公积", "object_type": "金额", "subject_type": "日期", "object": "3,152.19万元", "subject": "报告期各期末", "subject_index": {"begin": 0, "end": 6}, "object_index": {"begin": 38, "end": 48}}, {"predicate": "盈余公积", "object_type": "金额", "subject_type": "日期", "object": "3,152.19万元", "subject": "报告期各期末", "subject_index": {"begin": 0, "end": 6}, "object_index": {"begin": 49, "end": 59}}]}
{"text": "本次评估以2016年12月31日为评估基准日，采用资产基础法进行评估，经评估，黑河合盛净资产账面价值为价值为4,237.96万元，评估价值为4,597.64万元，增值359.68万元，增值率为8.49%。", "spo_list": [{"predicate": "净资产评估值", "object_type": "金额", "subject_type": "日期", "object": "4,597.64万元", "subject": "2016年12月31日", "subject_index": {"begin": 5, "end": 16}, "object_index": {"begin": 70, "end": 80}}]}
{"text": "报告期各期末，公司应收票据余额分别为1,414.12万元、4,196.96万元、17,829.49万元和11,746.42万元，分别占流动资产总额的1.00%、2.48%、8.93%和5.27%，均为银行承兑汇票。", "spo_list": [{"predicate": "应收票据余额", "object_type": "金额", "subject_type": "日期", "object": "1,414.12万元", "subject": "报告期各期末", "subject_index": {"begin": 0, "end": 6}, "object_index": {"begin": 18, "end": 28}}, {"predicate": "应收票据余额", "object_type": "金额", "subject_type": "日期", "object": "4,196.96万元", "subject": "报告期各期末", "subject_index": {"begin": 0, "end": 6}, "object_index": {"begin": 29, "end": 39}}, {"predicate": "应收票据余额", "object_type": "金额", "subject_type": "日期", "object": "17,829.49万元", "subject": "报告期各期末", "subject_index": {"begin": 0, "end": 6}, "object_index": {"begin": 40, "end": 51}}, {"predicate": "应收票据余额", "object_type": "金额", "subject_type": "日期", "object": "11,746.42万元", "subject": "报告期各期末", "subject_index": {"begin": 0, "end": 6}, "object_index": {"begin": 52, "end": 63}}]}
{"text": "报告期各期末，公司固定资产账面价值分别为370,895.68万元、395,612.22万元、384,249.88万元和400,289.05万元，占非流动资产的比例分别为85.16%、83.78%、71.02%和62.91%。报告期内，随着西部合盛工业硅二期项目、泸州合盛收购原四川省硅峰有机硅材料有限公司有机硅资产涉及的房屋建筑物以及泸州合盛有机硅技改等项目的实施，公司固定资产逐步增加。此外，公司还通过融资租赁的方式使用部分专用设备。报告期各期末，公司融资租入的固定资产账面价值分别为23,077.64万元、21,525.97万元、18,551.94万元和18,164.03万元。", "spo_list": [{"predicate": "固定资产账面价值", "object_type": "金额", "subject_type": "日期", "object": "370,895.68万元", "subject": "报告期各期末", "subject_index": {"begin": 0, "end": 6}, "object_index": {"begin": 20, "end": 32}}, {"predicate": "固定资产账面价值", "object_type": "金额", "subject_type": "日期", "object": "395,612.22万元", "subject": "报告期各期末", "subject_index": {"begin": 0, "end": 6}, "object_index": {"begin": 33, "end": 45}}, {"predicate": "固定资产账面价值", "object_type": "金额", "subject_type": "日期", "object": "384,249.88万元", "subject": "报告期各期末", "subject_index": {"begin": 0, "end": 6}, "object_index": {"begin": 46, "end": 58}}, {"predicate": "固定资产账面价值", "object_type": "金额", "subject_type": "日期", "object": "400,289.05万元", "subject": "报告期各期末", "subject_index": {"begin": 0, "end": 6}, "object_index": {"begin": 59, "end": 71}}]}
{"text": "报告期各期末，公司递延所得税资产余额分别为1,678.86万元、1,090.92万元、1,459.17万元和1,734.82万元，分别占非流动资产的0.39%、0.23%、0.27%和0.27%。2015年期末数较2014年期末数减少35.02%，主要原因系资产减值准备、内部交易未实现利润、资产折旧及预提费用减少，导致可抵扣暂时性差异减少所致。", "spo_list": [{"predicate": "递延所得税资产余额", "object_type": "金额", "subject_type": "日期", "object": "1,678.86万元", "subject": "报告期各期末", "subject_index": {"begin": 0, "end": 6}, "object_index": {"begin": 21, "end": 31}}, {"predicate": "递延所得税资产余额", "object_type": "金额", "subject_type": "日期", "object": "1,090.92万元", "subject": "报告期各期末", "subject_index": {"begin": 0, "end": 6}, "object_index": {"begin": 32, "end": 42}}, {"predicate": "递延所得税资产余额", "object_type": "金额", "subject_type": "日期", "object": "1,459.17万元", "subject": "报告期各期末", "subject_index": {"begin": 0, "end": 6}, "object_index": {"begin": 43, "end": 53}}, {"predicate": "递延所得税资产余额", "object_type": "金额", "subject_type": "日期", "object": "1,734.82万元", "subject": "报告期各期末", "subject_index": {"begin": 0, "end": 6}, "object_index": {"begin": 54, "end": 64}}]}
{"text": "报告期各期末，公司应付票据余额分别为108,739.98万元、103,633.70万元、111,707.45万元和123,003.43万元。报告期内应付票据主要由商业承兑汇票和银行承兑汇票组成，主要为公司采购商品所支付的票据。报告期内，公司通过票据采购的比例逐年增加，从而期末应付票据有所增加。", "spo_list": [{"predicate": "应收票据", "object_type": "金额", "subject_type": "日期", "object": "108,739.98万元", "subject": "报告期各期末", "subject_index": {"begin": 0, "end": 6}, "object_index": {"begin": 18, "end": 30}}, {"predicate": "应收票据", "object_type": "金额", "subject_type": "日期", "object": "103,633.70万元", "subject": "报告期各期末", "subject_index": {"begin": 0, "end": 6}, "object_index": {"begin": 31, "end": 43}}, {"predicate": "应收票据", "object_type": "金额", "subject_type": "日期", "object": "111,707.45万元", "subject": "报告期各期末", "subject_index": {"begin": 0, "end": 6}, "object_index": {"begin": 44, "end": 56}}, {"predicate": "应收票据", "object_type": "金额", "subject_type": "日期", "object": "123,003.43万元", "subject": "报告期各期末", "subject_index": {"begin": 0, "end": 6}, "object_index": {"begin": 57, "end": 69}}]}
{"text": "报告期各期末，公司预收款项余额分别为4,993.96万元、14,785.88万元、7,901.08万元和6,617.79万元。", "spo_list": [{"predicate": "预收款项余额", "object_type": "金额", "subject_type": "日期", "object": "4,993.96万元", "subject": "报告期各期末", "subject_index": {"begin": 0, "end": 6}, "object_index": {"begin": 18, "end": 28}}, {"predicate": "预收款项余额", "object_type": "金额", "subject_type": "日期", "object": "14,785.88万元", "subject": "报告期各期末", "subject_index": {"begin": 0, "end": 6}, "object_index": {"begin": 29, "end": 40}}, {"predicate": "预收款项余额", "object_type": "金额", "subject_type": "日期", "object": "7,901.08万元", "subject": "报告期各期末", "subject_index": {"begin": 0, "end": 6}, "object_index": {"begin": 41, "end": 51}}, {"predicate": "预收款项余额", "object_type": "金额", "subject_type": "日期", "object": "6,617.79万元", "subject": "报告期各期末", "subject_index": {"begin": 0, "end": 6}, "object_index": {"begin": 52, "end": 62}}]}
{"text": "报告期各期末，公司应交税费分别为10,419.78万元、21,904.52万元、39,002.12万元和40,894.92万元，主要是应交增值税和企业所得税。留抵增值税、预缴企业所得税和预缴印花税目前在其他流动资产中列报。", "spo_list": [{"predicate": "应交税费", "object_type": "金额", "subject_type": "日期", "object": "10,419.78万元", "subject": "报告期各期末", "subject_index": {"begin": 0, "end": 6}, "object_index": {"begin": 16, "end": 27}}, {"predicate": "应交税费", "object_type": "金额", "subject_type": "日期", "object": "21,904.52万元", "subject": "报告期各期末", "subject_index": {"begin": 0, "end": 6}, "object_index": {"begin": 28, "end": 39}}, {"predicate": "应交税费", "object_type": "金额", "subject_type": "日期", "object": "39,002.12万元", "subject": "报告期各期末", "subject_index": {"begin": 0, "end": 6}, "object_index": {"begin": 40, "end": 51}}, {"predicate": "应交税费", "object_type": "金额", "subject_type": "日期", "object": "40,894.92万元", "subject": "报告期各期末", "subject_index": {"begin": 0, "end": 6}, "object_index": {"begin": 52, "end": 63}}]}
{"text": "报告期各期末，公司应付利息余额分别为229.48万元、322.60万元、357.05万元和637.21万元，为应付银行借款利息及应付债券利息。2015年期末数较2014年期末数增加40.58%，主要原因系当期新增银行借款较多所致。2017年3月末较2016年末增加78.46%，主要系合盛硅业2016年公司债应付利息增加所致。", "spo_list": [{"predicate": "应付利息余额", "object_type": "金额", "subject_type": "日期", "object": "229.48万元、", "subject": "报告期各期末", "subject_index": {"begin": 0, "end": 6}, "object_index": {"begin": 18, "end": 27}}, {"predicate": "应付利息余额", "object_type": "金额", "subject_type": "日期", "object": "322.60万元", "subject": "报告期各期末", "subject_index": {"begin": 0, "end": 6}, "object_index": {"begin": 27, "end": 35}}, {"predicate": "应付利息余额", "object_type": "金额", "subject_type": "日期", "object": "357.05万元", "subject": "报告期各期末", "subject_index": {"begin": 0, "end": 6}, "object_index": {"begin": 36, "end": 44}}, {"predicate": "应付利息余额", "object_type": "金额", "subject_type": "日期", "object": "637.21万元", "subject": "报告期各期末", "subject_index": {"begin": 0, "end": 6}, "object_index": {"begin": 45, "end": 53}}]}
{"text": "报告期各期末，公司其他应付款余额分别为43,871.69万元、1,055.85万元、2,881.38万元和3,257.91万元。2014年末其他应付款余额较高，主要为公司与合盛集团等关联公司的资金往来款，系公司因资金紧张，为满足公司生产经营及产能扩大的需要而借入。2015年末其他应付款同比减少97.59%，主要系公司全部归还合盛集团等关联公司的资金往来款所致。2016年末同比增加1.73倍，主要系收到的设备和工程质量保证金增加较多所致。", "spo_list": [{"predicate": "其他应付款余额", "object_type": "金额", "subject_type": "日期", "object": "43,871.69万元", "subject": "报告期各期末", "subject_index": {"begin": 0, "end": 6}, "object_index": {"begin": 19, "end": 30}}, {"predicate": "其他应付款余额", "object_type": "金额", "subject_type": "日期", "object": "1,055.85万元", "subject": "报告期各期末", "subject_index": {"begin": 0, "end": 6}, "object_index": {"begin": 31, "end": 41}}, {"predicate": "其他应付款余额", "object_type": "金额", "subject_type": "日期", "object": "2,881.38万元", "subject": "报告期各期末", "subject_index": {"begin": 0, "end": 6}, "object_index": {"begin": 42, "end": 52}}, {"predicate": "其他应付款余额", "object_type": "金额", "subject_type": "日期", "object": "3,257.91万元", "subject": "报告期各期末", "subject_index": {"begin": 0, "end": 6}, "object_index": {"begin": 53, "end": 63}}]}
{"text": "报告期各期末，公司一年内到期的非流动负债分别为44,607.89万元、27,700.00万元、31,200.00万元和28,700.00万元。2014年末的一年内到期非流动性负债余额较高的原因主要系前期工程建设期借入的长期借款在2014年集中到期所致。", "spo_list": [{"predicate": "非流动负债", "object_type": "金额", "subject_type": "日期", "object": "44,607.89万元", "subject": "报告期各期末", "subject_index": {"begin": 0, "end": 6}, "object_index": {"begin": 23, "end": 34}}, {"predicate": "非流动负债", "object_type": "金额", "subject_type": "日期", "object": "27,700.00万元", "subject": "报告期各期末", "subject_index": {"begin": 0, "end": 6}, "object_index": {"begin": 35, "end": 46}}, {"predicate": "非流动负债", "object_type": "金额", "subject_type": "日期", "object": "31,200.00万元", "subject": "报告期各期末", "subject_index": {"begin": 0, "end": 6}, "object_index": {"begin": 47, "end": 58}}, {"predicate": "非流动负债", "object_type": "金额", "subject_type": "日期", "object": "28,700.00万元", "subject": "报告期各期末", "subject_index": {"begin": 0, "end": 6}, "object_index": {"begin": 59, "end": 70}}]}
{"text": "报告期各期末，公司长期借款余额分别为16,700.00万元、63,700.00万元、50,500.00万元和50,500.00万元。2015年长期借款同比增长281.44%，主要系合盛热电新增中信银行3亿元贷款和交通银行2.5亿元贷款所致。", "spo_list": [{"predicate": "长期借款余额", "object_type": "金额", "subject_type": "日期", "object": "16,700.00万元", "subject": "报告期各期末", "subject_index": {"begin": 0, "end": 6}, "object_index": {"begin": 18, "end": 29}}, {"predicate": "长期借款余额", "object_type": "金额", "subject_type": "日期", "object": "63,700.00万元", "subject": "报告期各期末", "subject_index": {"begin": 0, "end": 6}, "object_index": {"begin": 30, "end": 41}}, {"predicate": "长期借款余额", "object_type": "金额", "subject_type": "日期", "object": "50,500.00万元", "subject": "报告期各期末", "subject_index": {"begin": 0, "end": 6}, "object_index": {"begin": 42, "end": 53}}, {"predicate": "长期借款余额", "object_type": "金额", "subject_type": "日期", "object": "50,500.00万元", "subject": "报告期各期末", "subject_index": {"begin": 0, "end": 6}, "object_index": {"begin": 54, "end": 65}}]}
{"text": "报告期内，公司工业硅业务的应收账款周转率分别为11.35、17.43、22.04和4.31，明显低于公司整体的应收账款周转率，在工业硅收入整体占比超过50%的情况下，对公司整体的应收账款周转率有显著拉低作用。", "spo_list": [{"predicate": "应收账款周转率", "object_type": "日期", "subject_type": "比率", "object": "报告期内", "subject": "11.35", "subject_index": {"begin": 23, "end": 28}, "object_index": {"begin": 0, "end": 4}}, {"predicate": "应收账款周转率", "object_type": "日期", "subject_type": "比率", "object": "报告期内", "subject": "17.43", "subject_index": {"begin": 29, "end": 34}, "object_index": {"begin": 0, "end": 4}}, {"predicate": "应收账款周转率", "object_type": "日期", "subject_type": "比率", "object": "报告期内", "subject": "22.04", "subject_index": {"begin": 35, "end": 40}, "object_index": {"begin": 0, "end": 4}}, {"predicate": "应收账款周转率", "object_type": "日期", "subject_type": "比率", "object": "报告期内", "subject": "4.31", "subject_index": {"begin": 41, "end": 45}, "object_index": {"begin": 0, "end": 4}}]}
{"text": "新安股份年报披露的有机硅料工费为生产成本，与营业成本存在一定差异，其2014-2016年营业成本分别为259,226.55万元、262,446.59万元和250,556.53万元，本表中分析采用的为其生产成本的料工费数字。", "spo_list": [{"predicate": "总营业成本", "object_type": "金额", "subject_type": "日期", "object": "259,226.55万元", "subject": "2014-2016年", "subject_index": {"begin": 34, "end": 44}, "object_index": {"begin": 51, "end": 63}}, {"predicate": "总营业成本", "object_type": "金额", "subject_type": "日期", "object": "262,446.59万元", "subject": "2014-2016年", "subject_index": {"begin": 34, "end": 44}, "object_index": {"begin": 64, "end": 76}}, {"predicate": "总营业成本", "object_type": "金额", "subject_type": "日期", "object": "250,556.53万元", "subject": "2014-2016年", "subject_index": {"begin": 34, "end": 44}, "object_index": {"begin": 77, "end": 89}}]}
{"text": "报告期内，公司销售费用分别为15,685.94万元、19,325.31万元、26,569.94万元和8,169.20万元，分别占营业收入的4.90%、5.35%、5.81%和5.65%，", "spo_list": [{"predicate": "销售费用", "object_type": "金额", "subject_type": "日期", "object": "15,685.94万元", "subject": "报告期内", "subject_index": {"begin": 0, "end": 4}, "object_index": {"begin": 14, "end": 25}}, {"predicate": "销售费用", "object_type": "金额", "subject_type": "日期", "object": "19,325.31万元", "subject": "报告期内", "subject_index": {"begin": 0, "end": 4}, "object_index": {"begin": 26, "end": 37}}, {"predicate": "销售费用", "object_type": "金额", "subject_type": "日期", "object": "26,569.94万元", "subject": "报告期内", "subject_index": {"begin": 0, "end": 4}, "object_index": {"begin": 38, "end": 49}}, {"predicate": "销售费用", "object_type": "金额", "subject_type": "日期", "object": "8,169.20万元", "subject": "报告期内", "subject_index": {"begin": 0, "end": 4}, "object_index": {"begin": 50, "end": 60}}]}
{"text": "2014年5月，西部合盛将其持有的环合盛矿业40%股权转让给自然人范挺，转让股权事项确认投资收益31.39万元。", "spo_list": [{"predicate": "投资收益", "object_type": "金额", "subject_type": "日期", "object": "31.39万元", "subject": "2014年5月", "subject_index": {"begin": 0, "end": 7}, "object_index": {"begin": 48, "end": 55}}]}
{"text": "2014年末、2015年末、2016年末及2017年3月末，公司流动比率分别为0.38、0.46、0.50及0.40，速动比率分别为0.24、0.27、0.32及0.30，虽处于合理水平，但与同行业上市公司相比，公司的资产流动比率和速动比率相对较低，仍有进一步提升的空间。综合来看，公司短期偿债能力与同行业上市公司相比处于相对劣势。", "spo_list": [{"predicate": "速动比率", "object_type": "日期", "subject_type": "比率", "object": "2014年末", "subject": "0.24", "subject_index": {"begin": 66, "end": 70}, "object_index": {"begin": 0, "end": 6}}, {"predicate": "速动比率", "object_type": "日期", "subject_type": "比率", "object": "2015年末", "subject": "0.27", "subject_index": {"begin": 71, "end": 75}, "object_index": {"begin": 7, "end": 13}}, {"predicate": "速动比率", "object_type": "日期", "subject_type": "比率", "object": "2016年末", "subject": "0.32", "subject_index": {"begin": 76, "end": 80}, "object_index": {"begin": 14, "end": 20}}, {"predicate": "速动比率", "object_type": "日期", "subject_type": "比率", "object": "2017年3月末", "subject": "0.30", "subject_index": {"begin": 81, "end": 85}, "object_index": {"begin": 21, "end": 29}}]}
{"text": "报告期内慈溪分公司的销售收入分别为601.95万元、729.95万元、841.65万元和190.97万元，占公司整体营收比重较小，不存在重大影响。慈溪分公司主要为就近服务慈溪客户所设，对公司整体生产、经营没有明显影响。综上，上述租赁情况不会对公司资产造成不利影响。", "spo_list": [{"predicate": "其他收益", "object_type": "金额", "subject_type": "日期", "object": "601.95万元", "subject": "报告期", "subject_index": {"begin": 0, "end": 3}, "object_index": {"begin": 17, "end": 25}}, {"predicate": "其他收益", "object_type": "金额", "subject_type": "日期", "object": "729.95万元", "subject": "报告期", "subject_index": {"begin": 0, "end": 3}, "object_index": {"begin": 26, "end": 34}}, {"predicate": "其他收益", "object_type": "金额", "subject_type": "日期", "object": "841.65万元", "subject": "报告期", "subject_index": {"begin": 0, "end": 3}, "object_index": {"begin": 35, "end": 43}}, {"predicate": "其他收益", "object_type": "金额", "subject_type": "日期", "object": "190.97万元", "subject": "报告期", "subject_index": {"begin": 0, "end": 3}, "object_index": {"begin": 44, "end": 52}}]}
{"text": "截至2017年3月31日，本公司用于抵押或担保的无形资产账面价值为36,184.65万元。", "spo_list": [{"predicate": "无形资产", "object_type": "金额", "subject_type": "日期", "object": "36,184.65万元", "subject": "2017年3月31日", "subject_index": {"begin": 2, "end": 12}, "object_index": {"begin": 33, "end": 44}}]}
{"text": "截至2017年3月31日，公司预收款项余额6,617.79万元，预收款项中无预收持有本公司5%以上（含5%）表决权股份的股东的款项。", "spo_list": [{"predicate": "预收账款余额", "object_type": "金额", "subject_type": "日期", "object": "6,617.79万元", "subject": "2017年3月31日", "subject_index": {"begin": 2, "end": 12}, "object_index": {"begin": 21, "end": 31}}]}
{"text": "本次评估以2015年6月30日为评估基准日，采用资产基础法进行评估。经评估，公司净资产账面价值为-625.15万元，评估价值5,450.94万元，增值6,076.09万元，增值率971.94%；", "spo_list": [{"predicate": "净资产评估值", "object_type": "金额", "subject_type": "日期", "object": "-625.15万元", "subject": "2015年6月30日", "subject_index": {"begin": 5, "end": 15}, "object_index": {"begin": 48, "end": 57}}]}
{"text": "报告期各期末，公司预付款项余额分别为4,121.31万元、2,621.75万元、4,789.52万元和5,630.17万元，占流动资产总额的比例分别为2.91%、1.55%、2.40%和2.53%。", "spo_list": [{"predicate": "预付款项余额", "object_type": "金额", "subject_type": "日期", "object": "4,121.31万元", "subject": "报告期各期末", "subject_index": {"begin": 0, "end": 6}, "object_index": {"begin": 18, "end": 28}}, {"predicate": "预付账款余额", "object_type": "金额", "subject_type": "日期", "object": "2,621.75万元", "subject": "报告期各期末", "subject_index": {"begin": 0, "end": 6}, "object_index": {"begin": 29, "end": 39}}, {"predicate": "预付账款余额", "object_type": "金额", "subject_type": "日期", "object": "4,789.52万元", "subject": "报告期各期末", "subject_index": {"begin": 0, "end": 6}, "object_index": {"begin": 40, "end": 50}}, {"predicate": "预付账款余额", "object_type": "金额", "subject_type": "日期", "object": "5,630.17万元", "subject": "报告期各期末", "subject_index": {"begin": 0, "end": 6}, "object_index": {"begin": 51, "end": 61}}]}
{"text": "报告期各期末，公司其他应收款余额分别为999.79万元，636.09万元、979.75万元和1,096.97万元。2014年公司其他应收款较高，主要系应收西藏德勤的股权转让款以及员工借款较高所致；2016年及2017年3月末其他应收款较高，主要系预提股票发行费用及押金保证金较高所致。", "spo_list": [{"predicate": "其他应收款余额", "object_type": "金额", "subject_type": "日期", "object": "1,096.97万元", "subject": "报告期各期末", "subject_index": {"begin": 0, "end": 6}, "object_index": {"begin": 46, "end": 56}}, {"predicate": "其他应收款余额", "object_type": "金额", "subject_type": "日期", "object": "999.79万元", "subject": "报告期各期末", "subject_index": {"begin": 0, "end": 6}, "object_index": {"begin": 19, "end": 27}}, {"predicate": "其他应收款余额", "object_type": "金额", "subject_type": "日期", "object": "636.09万元", "subject": "报告期各期末", "subject_index": {"begin": 0, "end": 6}, "object_index": {"begin": 28, "end": 36}}, {"predicate": "其他应收款余额", "object_type": "金额", "subject_type": "日期", "object": "979.75万元", "subject": "报告期各期末", "subject_index": {"begin": 0, "end": 6}, "object_index": {"begin": 37, "end": 45}}]}
{"text": "报告期各期末，公司在建工程账面价值分别为26,625.99万元、27,733.85万元、107,861.15万元和186,075.12万元，占非流动资产的比例分别为6.11%、5.87%、19.94%和29.25%。", "spo_list": [{"predicate": "在建工程账面价值", "object_type": "金额", "subject_type": "日期", "object": "26,625.99万元", "subject": "报告期各期末", "subject_index": {"begin": 0, "end": 6}, "object_index": {"begin": 20, "end": 31}}, {"predicate": "在建工程账面价值", "object_type": "金额", "subject_type": "日期", "object": "27,733.85万元", "subject": "报告期各期末", "subject_index": {"begin": 0, "end": 6}, "object_index": {"begin": 32, "end": 43}}, {"predicate": "在建工程账面价值", "object_type": "金额", "subject_type": "日期", "object": "107,861.15万元", "subject": "报告期各期末", "subject_index": {"begin": 0, "end": 6}, "object_index": {"begin": 44, "end": 56}}, {"predicate": "在建工程账面价值", "object_type": "金额", "subject_type": "日期", "object": "186,075.12万元", "subject": "报告期各期末", "subject_index": {"begin": 0, "end": 6}, "object_index": {"begin": 57, "end": 69}}]}
{"text": "报告期各期末，公司无形资产分别为33,168.59万元、45,022.54万元、45,326.48万元和45,612.17万元，主要为土地使用权、排污权、办公软件和专利权。2015年无形资产较2014年同比增长35.73%，主要系合盛热电和鄯善硅业当期受让的土地和泸州合盛收购原四川省硅峰有机硅材料有限公司有机硅资产所取得的土地。", "spo_list": [{"predicate": "无形资产", "object_type": "金额", "subject_type": "日期", "object": "33,168.59万元", "subject": "报告期各期末", "subject_index": {"begin": 0, "end": 6}, "object_index": {"begin": 16, "end": 27}}, {"predicate": "无形资产", "object_type": "金额", "subject_type": "日期", "object": "45,022.54万元", "subject": "报告期各期末", "subject_index": {"begin": 0, "end": 6}, "object_index": {"begin": 28, "end": 39}}, {"predicate": "无形资产", "object_type": "金额", "subject_type": "日期", "object": "45,326.48万元", "subject": "报告期各期末", "subject_index": {"begin": 0, "end": 6}, "object_index": {"begin": 40, "end": 51}}, {"predicate": "无形资产", "object_type": "金额", "subject_type": "日期", "object": "45,612.17万元", "subject": "报告期各期末", "subject_index": {"begin": 0, "end": 6}, "object_index": {"begin": 52, "end": 63}}]}
{"text": "报告期各期末，公司短期借款余额分别为61,900.00万元、97,250.00万元、111,700.00万元和102,600.00万元。2015年末短期借款较2014年末增长57.11%，主要系公司根据实际经营需要，增加银行借款补充流动资金所致。2016年末，公司短期借款继续增加以满足流动资金的需求。", "spo_list": [{"predicate": "短期借款余额", "object_type": "金额", "subject_type": "日期", "object": "61,900.00万元", "subject": "报告期各期末", "subject_index": {"begin": 0, "end": 6}, "object_index": {"begin": 18, "end": 29}}, {"predicate": "短期借款余额", "object_type": "金额", "subject_type": "日期", "object": "97,250.00万元", "subject": "报告期各期末", "subject_index": {"begin": 0, "end": 6}, "object_index": {"begin": 30, "end": 41}}, {"predicate": "短期借款余额", "object_type": "金额", "subject_type": "日期", "object": "111,700.00万元", "subject": "报告期各期末", "subject_index": {"begin": 0, "end": 6}, "object_index": {"begin": 42, "end": 54}}, {"predicate": "短期借款余额", "object_type": "金额", "subject_type": "日期", "object": "102,600.00万元", "subject": "报告期各期末", "subject_index": {"begin": 0, "end": 6}, "object_index": {"begin": 55, "end": 67}}]}
{"text": "报告期各期末，公司应付账款余额分别为94,602.36万元、100,425.89万元、86,917.07万元和177,542.42万元。", "spo_list": [{"predicate": "应付账款余额", "object_type": "金额", "subject_type": "日期", "object": "94,602.36万元", "subject": "报告期各期末", "subject_index": {"begin": 0, "end": 6}, "object_index": {"begin": 18, "end": 29}}, {"predicate": "应付账款余额", "object_type": "金额", "subject_type": "日期", "object": "100,425.89万元", "subject": "报告期各期末", "subject_index": {"begin": 0, "end": 6}, "object_index": {"begin": 30, "end": 42}}, {"predicate": "应付账款余额", "object_type": "金额", "subject_type": "日期", "object": "86,917.07万元", "subject": "报告期各期末", "subject_index": {"begin": 0, "end": 6}, "object_index": {"begin": 43, "end": 54}}, {"predicate": "应付账款余额", "object_type": "金额", "subject_type": "日期", "object": "177,542.42万元", "subject": "报告期各期末", "subject_index": {"begin": 0, "end": 6}, "object_index": {"begin": 55, "end": 67}}]}
{"text": "在2016年获取投资收益445.89万元,主要系转让三立正基所致。", "spo_list": [{"predicate": "投资收益", "object_type": "金额", "subject_type": "日期", "object": "445.89万元", "subject": "2016年", "subject_index": {"begin": 1, "end": 6}, "object_index": {"begin": 12, "end": 20}}]}
{"text": "2016年5月，西部合盛将所持有的三立正基100%股权转让给自然人马念，转让股权事项确认投资收益448.54万元。", "spo_list": [{"predicate": "投资收益", "object_type": "金额", "subject_type": "日期", "object": "448.54万元", "subject": "2016年5月", "subject_index": {"begin": 0, "end": 7}, "object_index": {"begin": 48, "end": 56}}]}
