{"text": "截至报告期末，无形资产中有账面价值1,250.74万元的土地使用权设定抵押担保。", "spo_list": [{"predicate": "无形资产账面价值", "object_type": "金额", "subject_type": "日期", "object": "1,250.74万元", "subject": "截至报告期末", "subject_index": {"begin": 0, "end": 6}, "object_index": {"begin": 17, "end": 27}}]}
{"text": "公司预付款项主要系预付原材料采购款，报告期内各期期末，公司预付账款余额分别为5,011.92万元、2,715.73万元、2,478.61万元和3,771.81万元。", "spo_list": [{"predicate": "应收票据余额", "object_type": "金额", "subject_type": "日期", "object": "5,011.92万元", "subject": "报告期内各期期末", "subject_index": {"begin": 18, "end": 26}, "object_index": {"begin": 38, "end": 48}}, {"predicate": "预付账款余额", "object_type": "金额", "subject_type": "日期", "object": "2,715.73万元", "subject": "报告期内各期期末", "subject_index": {"begin": 18, "end": 26}, "object_index": {"begin": 49, "end": 59}}, {"predicate": "预付账款余额", "object_type": "金额", "subject_type": "日期", "object": "2,478.61万元", "subject": "报告期内各期期末", "subject_index": {"begin": 18, "end": 26}, "object_index": {"begin": 60, "end": 70}}, {"predicate": "预付账款余额", "object_type": "金额", "subject_type": "日期", "object": "3,771.81万元", "subject": "报告期内各期期末", "subject_index": {"begin": 18, "end": 26}, "object_index": {"begin": 71, "end": 81}}]}
{"text": "截至2015年末，公司库存商品账面余额23,093.28万元，主要为库存的3,625台叉车等工业车辆；公司在产品账面余额11,337.11万元，主要为生产过程中的1,781台叉车等工业车辆", "spo_list": [{"predicate": "存货余额", "object_type": "金额", "subject_type": "日期", "object": "23,093.28万元", "subject": "2015年末", "subject_index": {"begin": 2, "end": 8}, "object_index": {"begin": 19, "end": 30}}]}
{"text": "报告期内各期期末，应付票据账面余额分别为0万元、0万元、6,000.00万元和0万元，公司应付票据为支付供应商货款的银行承兑汇票。", "spo_list": [{"predicate": "应付票据", "object_type": "金额", "subject_type": "日期", "object": "0万元", "subject": "报告期内各期期末", "subject_index": {"begin": 0, "end": 8}, "object_index": {"begin": 20, "end": 23}}, {"predicate": "应付票据", "object_type": "金额", "subject_type": "日期", "object": "0万元", "subject": "报告期内各期期末", "subject_index": {"begin": 0, "end": 8}, "object_index": {"begin": 24, "end": 27}}, {"predicate": "应付票据", "object_type": "金额", "subject_type": "日期", "object": "6,000.00万元", "subject": "报告期内各期期末", "subject_index": {"begin": 0, "end": 8}, "object_index": {"begin": 28, "end": 38}}, {"predicate": "应付票据", "object_type": "金额", "subject_type": "日期", "object": "0万元", "subject": "报告期内各期期末", "subject_index": {"begin": 0, "end": 8}, "object_index": {"begin": 39, "end": 42}}]}
{"text": "报告期内各期期末，预收款项账面余额分别为10,930.21万元、6,775.56万元、5,849.42万元和7,099.03万元。各期末预收款项主要系客户预付货款。", "spo_list": [{"predicate": "预收账款余额", "object_type": "金额", "subject_type": "日期", "object": "10,930.21万元", "subject": "报告期内各期期末", "subject_index": {"begin": 0, "end": 8}, "object_index": {"begin": 20, "end": 31}}, {"predicate": "预收账款余额", "object_type": "金额", "subject_type": "日期", "object": "6,775.56万元", "subject": "报告期内各期期末", "subject_index": {"begin": 0, "end": 8}, "object_index": {"begin": 32, "end": 42}}, {"predicate": "预收账款余额", "object_type": "金额", "subject_type": "日期", "object": "5,849.42万元", "subject": "报告期内各期期末", "subject_index": {"begin": 0, "end": 8}, "object_index": {"begin": 43, "end": 53}}, {"predicate": "预收账款余额", "object_type": "金额", "subject_type": "日期", "object": "7,099.03万元", "subject": "报告期内各期期末", "subject_index": {"begin": 0, "end": 8}, "object_index": {"begin": 54, "end": 64}}]}
{"text": "）报告期内，公司息税折旧摊销前利润分别为48,553.53万元、60,872.15万元、55,159.48万元和34,253.17万元；利息保障倍数分别为19.38倍、27.73倍、66.63倍和1,213.15倍。公司盈利能力较强，能满足公司持续筹措资金支付利息和偿还债务的需要。", "spo_list": [{"predicate": "息税折旧摊销前利润", "object_type": "金额", "subject_type": "日期", "object": "48,553.53万元", "subject": "报告期内", "subject_index": {"begin": 1, "end": 5}, "object_index": {"begin": 20, "end": 31}}, {"predicate": "息税折旧摊销前利润", "object_type": "金额", "subject_type": "日期", "object": "60,872.15万元", "subject": "报告期内", "subject_index": {"begin": 1, "end": 5}, "object_index": {"begin": 32, "end": 43}}, {"predicate": "息税折旧摊销前利润", "object_type": "金额", "subject_type": "日期", "object": "55,159.48万元", "subject": "报告期内", "subject_index": {"begin": 1, "end": 5}, "object_index": {"begin": 44, "end": 55}}, {"predicate": "息税折旧摊销前利润", "object_type": "金额", "subject_type": "日期", "object": "34,253.17万元", "subject": "报告期内", "subject_index": {"begin": 1, "end": 5}, "object_index": {"begin": 56, "end": 67}}, {"predicate": "利息保障倍数", "object_type": "日期", "subject_type": "比率", "object": "报告期内", "subject": "19.38倍", "subject_index": {"begin": 77, "end": 83}, "object_index": {"begin": 1, "end": 5}}, {"predicate": "利息保障倍数", "object_type": "日期", "subject_type": "比率", "object": "报告期内", "subject": "27.73倍", "subject_index": {"begin": 84, "end": 90}, "object_index": {"begin": 1, "end": 5}}, {"predicate": "利息保障倍数", "object_type": "日期", "subject_type": "比率", "object": "报告期内", "subject": "66.63倍", "subject_index": {"begin": 91, "end": 97}, "object_index": {"begin": 1, "end": 5}}, {"predicate": "利息保障倍数", "object_type": "日期", "subject_type": "比率", "object": "报告期内", "subject": "1,213.15倍", "subject_index": {"begin": 98, "end": 107}, "object_index": {"begin": 1, "end": 5}}]}
{"text": "截至报告期末，已有账面价值6,837.54万元的固定资产用于抵押担保。", "spo_list": [{"predicate": "净资产账面价值", "object_type": "金额", "subject_type": "日期", "object": "6,837.54万元", "subject": "报告期末", "subject_index": {"begin": 2, "end": 6}, "object_index": {"begin": 13, "end": 23}}]}
{"text": "截至2016年6月末，应收账款账面余额56,102.07万元、账面价值48,914.22万元，分别较2015年末增加9,219.06万元、8,431.92万元，主要是由于公司在年末的收款力度较平时更大。2014年6月末、2015年6月末、2016年6月末公司应收账款情况如下：", "spo_list": [{"predicate": "应收账款余额", "object_type": "金额", "subject_type": "日期", "object": "56,102.07万元", "subject": "2016年6月末", "subject_index": {"begin": 2, "end": 10}, "object_index": {"begin": 19, "end": 30}}]}
{"text": "截至2016年6月末，公司库存商品账面余额20,484.30万元，主要为库存的3,271台叉车等工业车辆；公司在产品13,350.43万元，主要为生产过程中的2,091台叉车等工业车辆。", "spo_list": [{"predicate": "存货余额", "object_type": "金额", "subject_type": "日期", "object": "20,484.30万元", "subject": "2016年6月末", "subject_index": {"begin": 2, "end": 10}, "object_index": {"begin": 21, "end": 32}}]}
{"text": "报告期内各期期末，在建工程账面价值分别为757.20万元、1,910.45万元、5,580.90万元和8,587.59万元。2014年末、2015年末和2016年6月末在建工程较上期期末增长152.30%、192.13%和53.87%，主要系年产5万台电动工业车辆整机及车架建设项目及基于物联网和云计算的集团管控一体化平台投入建设和安装设备增加所致。", "spo_list": [{"predicate": "在建工程账面价值", "object_type": "金额", "subject_type": "日期", "object": "1,910.45万元", "subject": "报告期内各期期末", "subject_index": {"begin": 0, "end": 8}, "object_index": {"begin": 29, "end": 39}}, {"predicate": "在建工程账面价值", "object_type": "金额", "subject_type": "日期", "object": "757.20万元", "subject": "报告期内各期期末", "subject_index": {"begin": 0, "end": 8}, "object_index": {"begin": 20, "end": 28}}, {"predicate": "在建工程账面价值", "object_type": "金额", "subject_type": "日期", "object": "5,580.90万元", "subject": "报告期内各期期末", "subject_index": {"begin": 0, "end": 8}, "object_index": {"begin": 40, "end": 50}}, {"predicate": "在建工程账面价值", "object_type": "金额", "subject_type": "日期", "object": "8,587.59万元", "subject": "报告期内各期期末", "subject_index": {"begin": 0, "end": 8}, "object_index": {"begin": 51, "end": 61}}]}
{"text": "报告期内各期期末，应付账款账面余额分别为75,015.51万元、66,860.74万元、72,451.53万元和81,212.64万元，规模变动不大。公司应付账款主要系应付供应商货款", "spo_list": [{"predicate": "应付账款余额", "object_type": "金额", "subject_type": "日期", "object": "75,015.51万元", "subject": "报告期内各期期末", "subject_index": {"begin": 0, "end": 8}, "object_index": {"begin": 20, "end": 31}}, {"predicate": "应付账款余额", "object_type": "金额", "subject_type": "日期", "object": "66,860.74万元", "subject": "报告期内各期期末", "subject_index": {"begin": 0, "end": 8}, "object_index": {"begin": 32, "end": 43}}, {"predicate": "应付账款余额", "object_type": "金额", "subject_type": "日期", "object": "72,451.53万元", "subject": "报告期内各期期末", "subject_index": {"begin": 0, "end": 8}, "object_index": {"begin": 44, "end": 55}}, {"predicate": "应付账款余额", "object_type": "金额", "subject_type": "日期", "object": "81,212.64万元", "subject": "报告期内各期期末", "subject_index": {"begin": 0, "end": 8}, "object_index": {"begin": 56, "end": 67}}]}
{"text": "报告期内各期期末，公司流动比率分别为1.67、1.98、2.40和2.37，速动比率分别为1.04、1.41、1.26和1.38，比率均呈上升趋势；显示公司流动资产质量较好，变现能力较强，具有较强的短期偿债能力", "spo_list": [{"predicate": "速动比率", "object_type": "日期", "subject_type": "比率", "object": "报告期内各期期末", "subject": "1.04", "subject_index": {"begin": 45, "end": 49}, "object_index": {"begin": 0, "end": 8}}, {"predicate": "速动比率", "object_type": "日期", "subject_type": "比率", "object": "报告期内各期期末", "subject": "1.41", "subject_index": {"begin": 50, "end": 54}, "object_index": {"begin": 0, "end": 8}}, {"predicate": "速动比率", "object_type": "日期", "subject_type": "比率", "object": "报告期内各期期末", "subject": "1.26", "subject_index": {"begin": 55, "end": 59}, "object_index": {"begin": 0, "end": 8}}, {"predicate": "速动比率", "object_type": "日期", "subject_type": "比率", "object": "报告期内各期期末", "subject": "1.38", "subject_index": {"begin": 60, "end": 64}, "object_index": {"begin": 0, "end": 8}}]}
{"text": "2014年度，公司坏账准备4,288.16万元，主要系当年度计提的应收中永电缆电气集团有限公司款项3,608.74万元，详见本节“一、财务状况分析”之“（一）资产状况”之“1、流动资产”之“（3）应收账款”的相关内容。", "spo_list": [{"predicate": "坏账准备", "object_type": "金额", "subject_type": "日期", "object": "4,288.16万元", "subject": "2014年度", "subject_index": {"begin": 0, "end": 6}, "object_index": {"begin": 13, "end": 23}}]}
{"text": "公司产品远销俄罗斯、巴西、波兰、法国、土耳其、美国等全球150多个国家和地区。报告期内，外销收入分别为124,286.35万元、102,465.09万元、88,212.64万元和45,758.69万元，2014年度、2015年度外销收入下降主要系受相关国家货币贬值和经济不景气影响。", "spo_list": [{"predicate": "其他收益", "object_type": "金额", "subject_type": "日期", "object": "124,286.35万元", "subject": "报告期内", "subject_index": {"begin": 39, "end": 43}, "object_index": {"begin": 51, "end": 63}}, {"predicate": "其他收益", "object_type": "金额", "subject_type": "日期", "object": "102,465.09万元", "subject": "报告期内", "subject_index": {"begin": 39, "end": 43}, "object_index": {"begin": 64, "end": 76}}, {"predicate": "其他收益", "object_type": "金额", "subject_type": "日期", "object": "88,212.64万元", "subject": "报告期内", "subject_index": {"begin": 39, "end": 43}, "object_index": {"begin": 77, "end": 88}}, {"predicate": "其他收益", "object_type": "金额", "subject_type": "日期", "object": "45,758.69万元", "subject": "报告期内", "subject_index": {"begin": 39, "end": 43}, "object_index": {"begin": 89, "end": 100}}]}
{"text": "报告期内，公司投资活动产生的现金流量净额合计为-67,895.37万元，主要系①公司近几年仍处于发展阶段，保持着一定的生产设备和土地厂房投入，以确保设备性能和产能的持续改善和提高；②2015年度和2016年上半年，公司为提高资金回报率，公司将暂时闲置资金购买银行理财产品，2016年6月末银行理财产品余额为37,000.00万元。", "spo_list": [{"predicate": "公司投资活动产生的现金流量净额", "object_type": "金额", "subject_type": "日期", "object": "-67,895.37万元", "subject": "报告期内", "subject_index": {"begin": 0, "end": 4}, "object_index": {"begin": 23, "end": 35}}]}
