{"text": "截至2017年6月30日，公司应付账款余额为9,542.47万元，主要为应付供应商采购款，按", "spo_list": [{"predicate": "应付账款余额", "object_type": "金额", "subject_type": "日期", "object": "9,542.47万元", "subject": "2017年6月30日", "subject_index": {"begin": 2, "end": 12}, "object_index": {"begin": 22, "end": 32}}]}
{"text": "截至2017年6月30日，公司其他应付款余额为847.04万元，账龄主要在一年以内，", "spo_list": [{"predicate": "其他应付款余额", "object_type": "金额", "subject_type": "日期", "object": "847.04万元", "subject": "2017年6月30日", "subject_index": {"begin": 2, "end": 12}, "object_index": {"begin": 23, "end": 31}}]}
{"text": "截至2017年6月30日，公司预收款项余额为8,491.17万元，主要为预收客户订货款，按账龄列示如下：", "spo_list": [{"predicate": "预收款项余额", "object_type": "金额", "subject_type": "日期", "object": "8,491.17万元", "subject": "2017年6月30日", "subject_index": {"begin": 2, "end": 12}, "object_index": {"begin": 22, "end": 32}}]}
{"text": "公司的应收账款主要为对直营渠道客户的应收款项。报告期各期末，公司应收账款账面价值分别为295.30万元、301.24万元、612.53万元和306.48万元，占各期流动资产总额的比例分别为0.68%、0.53%、0.95%和0.41%，应收账款余额占各期营业收入的比例分别为0.53%、0.47%、0.82%和0.72%，总体占比均较小，与公司销售结算模式相匹配。报告期各期末，公司各销售渠道产生的应收账款余额情况如下：", "spo_list": [{"predicate": "应收帐款账面价值", "object_type": "金额", "subject_type": "日期", "object": "295.30万元", "subject": "报告期各期末", "subject_index": {"begin": 23, "end": 29}, "object_index": {"begin": 43, "end": 51}}, {"predicate": "应收帐款账面价值", "object_type": "金额", "subject_type": "日期", "object": "301.24万元", "subject": "报告期各期末", "subject_index": {"begin": 23, "end": 29}, "object_index": {"begin": 52, "end": 60}}, {"predicate": "应收帐款账面价值", "object_type": "金额", "subject_type": "日期", "object": "612.53万元", "subject": "报告期各期末", "subject_index": {"begin": 23, "end": 29}, "object_index": {"begin": 61, "end": 69}}, {"predicate": "应收帐款账面价值", "object_type": "金额", "subject_type": "日期", "object": "306.48万元", "subject": "报告期各期末", "subject_index": {"begin": 23, "end": 29}, "object_index": {"begin": 70, "end": 78}}]}
{"text": "报告期内，公司预付款项主要包括预付给供应商的货款和广告商的广告推广费等。报告期各期末，公司预付款项分别为285.42万元、96.77万元、783.28万元和228.50万元，占流动资产比例分别为0.66%、0.17%、1.22%和0.31%，占比相对较小。2016年末，公司预付款项大幅增长，主要系2016年下半年公司预付的广告宣传费金额较大所致。", "spo_list": [{"predicate": "预付款项", "object_type": "金额", "subject_type": "日期", "object": "285.42万元", "subject": "报告期内", "subject_index": {"begin": 0, "end": 4}, "object_index": {"begin": 52, "end": 60}}, {"predicate": "预付款项", "object_type": "金额", "subject_type": "日期", "object": "96.77万元", "subject": "报告期内", "subject_index": {"begin": 0, "end": 4}, "object_index": {"begin": 61, "end": 68}}, {"predicate": "预付款项", "object_type": "金额", "subject_type": "日期", "object": "783.28万元", "subject": "报告期内", "subject_index": {"begin": 0, "end": 4}, "object_index": {"begin": 69, "end": 77}}, {"predicate": "预付款项", "object_type": "金额", "subject_type": "日期", "object": "228.50万元", "subject": "报告期内", "subject_index": {"begin": 0, "end": 4}, "object_index": {"begin": 78, "end": 86}}]}
{"text": "公司的存货包括原材料、库存商品、在产品和委托加工物资。报告期各期末，公司存货账面价值分别为6,583.77万元、4,990.15万元、5,423.04万元和5,622.83万元，占各期末流动资产比例分别为15.15%、8.85%、8.44%和7.55%，占比较小，存货周转效率较高。其中，原材料和库存商品合计占存货账面价值总额的比例一直保持在95%以上，是存货的主要组成部分。", "spo_list": [{"predicate": "存货账面价值", "object_type": "金额", "subject_type": "日期", "object": "6,583.77万元", "subject": "报告期各期末", "subject_index": {"begin": 27, "end": 33}, "object_index": {"begin": 45, "end": 55}}, {"predicate": "存货账面价值", "object_type": "金额", "subject_type": "日期", "object": "4,990.15万元", "subject": "报告期各期末", "subject_index": {"begin": 27, "end": 33}, "object_index": {"begin": 56, "end": 66}}, {"predicate": "存货账面价值", "object_type": "金额", "subject_type": "日期", "object": "5,423.04万元", "subject": "报告期各期末", "subject_index": {"begin": 27, "end": 33}, "object_index": {"begin": 67, "end": 77}}, {"predicate": "存货账面价值", "object_type": "金额", "subject_type": "日期", "object": "5,622.83万元", "subject": "报告期各期末", "subject_index": {"begin": 27, "end": 33}, "object_index": {"begin": 78, "end": 88}}]}
{"text": "公司原材料主要包括各类五金配件、铝型材和塑料制品等，报告期各期末，原材料余额分别为3,529.84万元、2,672.78万元、1,988.47万元和1,658.67万元，占存货余额的比例分别为53.61%、53.56%、35.97%和28.15%。", "spo_list": [{"predicate": "存货余额", "object_type": "金额", "subject_type": "日期", "object": "3,529.84万元", "subject": "报告期各期末", "subject_index": {"begin": 26, "end": 32}, "object_index": {"begin": 41, "end": 51}}, {"predicate": "存货余额", "object_type": "金额", "subject_type": "日期", "object": "2,672.78万元", "subject": "报告期各期末", "subject_index": {"begin": 26, "end": 32}, "object_index": {"begin": 52, "end": 62}}, {"predicate": "存货余额", "object_type": "金额", "subject_type": "日期", "object": "1,988.47万元", "subject": "报告期各期末", "subject_index": {"begin": 26, "end": 32}, "object_index": {"begin": 63, "end": 73}}, {"predicate": "存货余额", "object_type": "金额", "subject_type": "日期", "object": "1,658.67万元", "subject": "报告期各期末", "subject_index": {"begin": 26, "end": 32}, "object_index": {"begin": 74, "end": 84}}]}
{"text": "报告期各期期末，公司在产品余额分别为60.12万元、12.61万元、44.76万元和8.73万元，在产品余额较少，符合公司生产工序以组装为主，生产工艺相对简单的生产经营特点，与销售收入并无直接关联性。", "spo_list": [{"predicate": "在产品余额", "object_type": "金额", "subject_type": "日期", "object": "60.12万元", "subject": "报告期各期期末", "subject_index": {"begin": 0, "end": 7}, "object_index": {"begin": 18, "end": 25}}, {"predicate": "在产品余额", "object_type": "金额", "subject_type": "日期", "object": "12.61万元", "subject": "报告期各期期末", "subject_index": {"begin": 0, "end": 7}, "object_index": {"begin": 26, "end": 33}}, {"predicate": "在产品余额", "object_type": "金额", "subject_type": "日期", "object": "44.76万元", "subject": "报告期各期期末", "subject_index": {"begin": 0, "end": 7}, "object_index": {"begin": 34, "end": 41}}, {"predicate": "在产品余额", "object_type": "金额", "subject_type": "日期", "object": "8.73万元", "subject": "报告期各期期末", "subject_index": {"begin": 0, "end": 7}, "object_index": {"begin": 42, "end": 48}}]}
{"text": "报告期各期末，公司的无形资产账面价值分别为65.50万元、73.06万元、6,117.35万元和6,022.45万元，占非流动资产的比例分别为1.57%、1.08%、43.59%和39.86%，其中2016年末无形资产有大幅增长，主要系公司购买了广州市番禺区化龙镇金湖工业区一工业用地的土地使用权所致。", "spo_list": [{"predicate": "无形资产账面价值", "object_type": "金额", "subject_type": "日期", "object": "65.50万元", "subject": "报告期各期末", "subject_index": {"begin": 0, "end": 6}, "object_index": {"begin": 21, "end": 28}}, {"predicate": "无形资产账面价值", "object_type": "金额", "subject_type": "日期", "object": "73.06万元", "subject": "报告期各期末", "subject_index": {"begin": 0, "end": 6}, "object_index": {"begin": 29, "end": 36}}, {"predicate": "无形资产账面价值", "object_type": "金额", "subject_type": "日期", "object": "6,117.35万元", "subject": "报告期各期末", "subject_index": {"begin": 0, "end": 6}, "object_index": {"begin": 37, "end": 47}}, {"predicate": "无形资产账面价值", "object_type": "金额", "subject_type": "日期", "object": "6,022.45万元", "subject": "报告期各期末", "subject_index": {"begin": 0, "end": 6}, "object_index": {"begin": 48, "end": 58}}]}
{"text": "公司在实际支付时，将广告代言费计入长期待摊费用，按合同总额于合同期限内以直线法进行摊销，摊销额计入当期销售费用-广告费用。报告期内，公司广告代言费摊销费用分别为58.61万元、65.16万元、117.80万元和192.83万元。2016年期间广告代言费上升，主要系2016年末公司更换广告代言人，广告费用增加所致。", "spo_list": [{"predicate": "长期待摊费用", "object_type": "金额", "subject_type": "日期", "object": "58.61万元", "subject": "报告期内", "subject_index": {"begin": 61, "end": 65}, "object_index": {"begin": 80, "end": 87}}, {"predicate": "长期待摊费用", "object_type": "金额", "subject_type": "日期", "object": "65.16万元", "subject": "报告期内", "subject_index": {"begin": 61, "end": 65}, "object_index": {"begin": 88, "end": 95}}, {"predicate": "长期待摊费用", "object_type": "金额", "subject_type": "日期", "object": "117.80万元", "subject": "报告期内", "subject_index": {"begin": 61, "end": 65}, "object_index": {"begin": 96, "end": 104}}, {"predicate": "长期待摊费用", "object_type": "金额", "subject_type": "日期", "object": "192.83万元", "subject": "报告期内", "subject_index": {"begin": 61, "end": 65}, "object_index": {"begin": 105, "end": 113}}]}
{"text": "报告期各期末，公司递延所得税资产主要包括计提资产减值准备、可抵扣亏损和内部交易未实现利润而产生的所得税可抵扣暂时性差异。报告期各期末，公司递延所得税资产余额分别为73.79万元、282.63万元、297.58万元和409.17万元，占非流动资产的比例分别为1.77%、4.16%、2.12%和2.71%，总体占比较小。", "spo_list": [{"predicate": "递延所得税资产余额", "object_type": "金额", "subject_type": "日期", "object": "73.79万元", "subject": "报告期各期末", "subject_index": {"begin": 60, "end": 66}, "object_index": {"begin": 81, "end": 88}}, {"predicate": "递延所得税资产余额", "object_type": "金额", "subject_type": "日期", "object": "282.63万元", "subject": "报告期各期末", "subject_index": {"begin": 60, "end": 66}, "object_index": {"begin": 89, "end": 97}}, {"predicate": "递延所得税资产余额", "object_type": "金额", "subject_type": "日期", "object": "297.58万元", "subject": "报告期各期末", "subject_index": {"begin": 60, "end": 66}, "object_index": {"begin": 98, "end": 106}}, {"predicate": "递延所得税资产余额", "object_type": "金额", "subject_type": "日期", "object": "409.17万元", "subject": "报告期各期末", "subject_index": {"begin": 60, "end": 66}, "object_index": {"begin": 107, "end": 115}}]}
{"text": "报告期内，公司负债均为流动负债。报告期各期末，公司流动负债分别为15,086.16万元、17,264.79万元、17,229.29万元和21,389.79万元。", "spo_list": [{"predicate": "流动负债", "object_type": "金额", "subject_type": "日期", "object": "15,086.16万元", "subject": "报告期内", "subject_index": {"begin": 0, "end": 4}, "object_index": {"begin": 32, "end": 43}}, {"predicate": "流动负债", "object_type": "金额", "subject_type": "日期", "object": "17,264.79万元", "subject": "报告期内", "subject_index": {"begin": 0, "end": 4}, "object_index": {"begin": 44, "end": 55}}, {"predicate": "流动负债", "object_type": "金额", "subject_type": "日期", "object": "17,229.29万元", "subject": "报告期内", "subject_index": {"begin": 0, "end": 4}, "object_index": {"begin": 56, "end": 67}}, {"predicate": "流动负债", "object_type": "金额", "subject_type": "日期", "object": "21,389.79万元", "subject": "报告期内", "subject_index": {"begin": 0, "end": 4}, "object_index": {"begin": 68, "end": 79}}]}
{"text": "公司的应付账款主要为日常经营活动中应付给供应商的采购货款。报告期各期末，公司应付账款账面价值分别为7,550.69万元、5,220.59万元、6,600.07万元和9,542.47万元，占流动负债的比例分别为50.05%、30.24%、38.31%和44.61%，总体占比较高。公司与主要供应商建立了长期稳定的合作关系，获得了一定的信用期。公司通常在收到采购货物的次月与供应商进行对账，结算及付款周期一般为1-2个月，在各期末相应形成一定规模的应付账款。", "spo_list": [{"predicate": "应付账款余额", "object_type": "金额", "subject_type": "日期", "object": "7,550.69万元", "subject": "报告期各期末", "subject_index": {"begin": 29, "end": 35}, "object_index": {"begin": 49, "end": 59}}, {"predicate": "应付账款余额", "object_type": "金额", "subject_type": "日期", "object": "5,220.59万元", "subject": "报告期各期末", "subject_index": {"begin": 29, "end": 35}, "object_index": {"begin": 60, "end": 70}}, {"predicate": "应付账款余额", "object_type": "金额", "subject_type": "日期", "object": "6,600.07万元", "subject": "报告期各期末", "subject_index": {"begin": 29, "end": 35}, "object_index": {"begin": 71, "end": 81}}, {"predicate": "应付账款余额", "object_type": "金额", "subject_type": "日期", "object": "9,542.47万元", "subject": "报告期各期末", "subject_index": {"begin": 29, "end": 35}, "object_index": {"begin": 82, "end": 92}}]}
{"text": "报告期内，公司息税折旧摊销前利润分别为13,646.68万元、15,894.04万元、18,734.21万元和8,996.69万元。2014-2016年，公司息税折旧摊销前利润保持稳步增长的趋势，与公司经营业绩相匹配。报告期内，公司无利息支出，长期偿债风险较小。", "spo_list": [{"predicate": "息税折旧摊销前利润", "object_type": "金额", "subject_type": "日期", "object": "13,646.68万元", "subject": "报告期内", "subject_index": {"begin": 0, "end": 4}, "object_index": {"begin": 19, "end": 30}}, {"predicate": "息税折旧摊销前利润", "object_type": "金额", "subject_type": "日期", "object": "15,894.04万元", "subject": "报告期内", "subject_index": {"begin": 0, "end": 4}, "object_index": {"begin": 31, "end": 42}}, {"predicate": "息税折旧摊销前利润", "object_type": "金额", "subject_type": "日期", "object": "18,734.21万元", "subject": "报告期内", "subject_index": {"begin": 0, "end": 4}, "object_index": {"begin": 43, "end": 54}}, {"predicate": "息税折旧摊销前利润", "object_type": "金额", "subject_type": "日期", "object": "8,996.69万元", "subject": "报告期内", "subject_index": {"begin": 0, "end": 4}, "object_index": {"begin": 55, "end": 65}}]}
{"text": "报告期各期末，发行人存货周转率分别为7.40、7.02、9.11和4.99，均大幅高于可比上市公司，主要原因是发行人以销售作为生产和采购的业务发起点，存货管理效率较高，且产品销量较好，有效降低了对资金的占用程度。因此，发行人的存货周转率大幅高于可比上市公司。", "spo_list": [{"predicate": "存货周转率", "object_type": "日期", "subject_type": "比率", "object": "报告期各期末", "subject": "7.40", "subject_index": {"begin": 18, "end": 22}, "object_index": {"begin": 0, "end": 6}}, {"predicate": "存货周转率", "object_type": "日期", "subject_type": "比率", "object": "报告期各期末", "subject": "7.02", "subject_index": {"begin": 23, "end": 27}, "object_index": {"begin": 0, "end": 6}}, {"predicate": "存货周转率", "object_type": "日期", "subject_type": "比率", "object": "报告期各期末", "subject": "9.11", "subject_index": {"begin": 28, "end": 32}, "object_index": {"begin": 0, "end": 6}}, {"predicate": "存货周转率", "object_type": "日期", "subject_type": "比率", "object": "报告期各期末", "subject": "4.99", "subject_index": {"begin": 33, "end": 37}, "object_index": {"begin": 0, "end": 6}}]}
{"text": "报告期内，公司非经常性损益净额分别为892.12万元、479.41万元、1,432.25万元和947.62万，占当期净利润的比例分别为7.98%、3.59%、9.42%和13.28%，对公司盈利能力的影响较小。报告期内，公司的非经常性损益主要为委托他人投资或管理资产的损益，即短期的银行理财产品投资收益，具体情况如下：", "spo_list": [{"predicate": "非经常性损益", "object_type": "金额", "subject_type": "日期", "object": "892.12万元", "subject": "报告期内", "subject_index": {"begin": 0, "end": 4}, "object_index": {"begin": 18, "end": 26}}, {"predicate": "非经常性损益", "object_type": "金额", "subject_type": "日期", "object": "479.41万元", "subject": "报告期内", "subject_index": {"begin": 0, "end": 4}, "object_index": {"begin": 27, "end": 35}}, {"predicate": "非经常性损益", "object_type": "金额", "subject_type": "日期", "object": "1,432.25万元", "subject": "报告期内", "subject_index": {"begin": 0, "end": 4}, "object_index": {"begin": 36, "end": 46}}, {"predicate": "非经常性损益", "object_type": "金额", "subject_type": "日期", "object": "947.62万", "subject": "报告期内", "subject_index": {"begin": 0, "end": 4}, "object_index": {"begin": 47, "end": 54}}]}
{"text": "2015年，公司投资活动产生的现金流量净额为-2,695.73万元，较上年减少3,360.29万元，主要原因是：当期购买固定资产、无形资产和其他长期资产支付的现金为3,126.29万元，同比增长2,861.94万元，主要为购买广州市天河区科韵路20号二层的办公用房产和管理软件的支出；投资支出的现金较上年亦增加了700.00万元，主要为支付期货投资的交易保证金。2016年，公司投资活动的现金流量净额为-6,705.81万元，投资活动现金流出大幅增加，主要系购买广州市番禺区化龙镇金湖工业区一工业用地土地使用权的支出所致。", "spo_list": [{"predicate": "公司投资活动产生的现金流量净额", "object_type": "金额", "subject_type": "日期", "object": "-2,695.73万元", "subject": "2015年", "subject_index": {"begin": 0, "end": 5}, "object_index": {"begin": 22, "end": 33}}]}
{"text": "2015年和2016年，公司筹资活动产生的现金流量净额分别为919.36万元和-1,260.87万元，主要为公司代收股东股权转让款及支付中介机构费用的现金流量，代收股东股权转让款的具体情况参见本节“一、财务状况分析”之“（一）负债构成分析”之“2、流动负债构成及其变化分析”的相关内容。", "spo_list": [{"predicate": "公司筹资活动产生的现金流量净额", "object_type": "金额", "subject_type": "日期", "object": "919.36万元", "subject": "2015年", "subject_index": {"begin": 0, "end": 5}, "object_index": {"begin": 30, "end": 38}}, {"predicate": "公司筹资活动产生的现金流量净额", "object_type": "金额", "subject_type": "日期", "object": "-1,260.87万元", "subject": "2016年", "subject_index": {"begin": 6, "end": 11}, "object_index": {"begin": 39, "end": 50}}]}
{"text": "截至2017年6月30日，公司应交税费余额为1,838.27万元，分项列示如下：", "spo_list": [{"predicate": "应交税费", "object_type": "金额", "subject_type": "日期", "object": "1,838.27万元", "subject": "2017年6月30日", "subject_index": {"begin": 2, "end": 12}, "object_index": {"begin": 22, "end": 32}}]}
{"text": "2015年末、2016年末和2017年6月末，公司货币资金余额分别较上期末增加14,666.56万元、6,204.32万元和10,865.34万元，分别同比增长40.68%、12.23%和19.09%，主要原因是公司盈利能力稳定，经营活动产生的现金流充沛，使得每年现金及现金等价物持续增加。", "spo_list": [{"predicate": "货币资金余额", "object_type": "金额", "subject_type": "日期", "object": "10,865.34万元", "subject": "2017年6月末", "subject_index": {"begin": 14, "end": 22}, "object_index": {"begin": 62, "end": 73}}, {"predicate": "货币资金余额", "object_type": "金额", "subject_type": "日期", "object": "6,204.32万元", "subject": "2016年末", "subject_index": {"begin": 7, "end": 13}, "object_index": {"begin": 51, "end": 61}}, {"predicate": "货币资金余额", "object_type": "金额", "subject_type": "日期", "object": "14,666.56万元", "subject": "2015年末", "subject_index": {"begin": 0, "end": 6}, "object_index": {"begin": 39, "end": 50}}]}
{"text": "报告期内，公司其他应收款主要为租赁物业保证金、员工用于公司日常运营的备用金等款项。报告期各期末，公司其他应收款账面价值分别为246.75万元、240.74万元、425.49万元和199.52万元，占流动资产比例分别为0.57%、0.43%、0.66%和0.27%，占比相对较小。", "spo_list": [{"predicate": "其他应收款余额", "object_type": "金额", "subject_type": "日期", "object": "246.75万元", "subject": "报告期各期末", "subject_index": {"begin": 41, "end": 47}, "object_index": {"begin": 62, "end": 70}}, {"predicate": "其他应收款余额", "object_type": "金额", "subject_type": "日期", "object": "240.74万元", "subject": "报告期各期末", "subject_index": {"begin": 41, "end": 47}, "object_index": {"begin": 71, "end": 79}}, {"predicate": "其他应收款余额", "object_type": "金额", "subject_type": "日期", "object": "425.49万元", "subject": "报告期各期末", "subject_index": {"begin": 41, "end": 47}, "object_index": {"begin": 80, "end": 88}}, {"predicate": "其他应收款余额", "object_type": "金额", "subject_type": "日期", "object": "199.52万元", "subject": "报告期各期末", "subject_index": {"begin": 41, "end": 47}, "object_index": {"begin": 89, "end": 97}}]}
{"text": "报告期各期末，库存商品余额分别为2,820.67万元、2,139.81万元、3,464.12万元和4,185.91万元，占存货余额的比例分别为42.84%、42.88%、62.67%和71.03%。晾衣架产品是日常家居用品，经销商提货周期较短，为保证产品供应及时、充足，公司根据销售计划以及预计近期销售订单数量，提前进行生产备货。2014-2016年年末，公司库存商品周转天数分别为17.6天、21.98天和21.05天,公司的库存商品周期与产品销售周期具备一致性。", "spo_list": [{"predicate": "存货余额", "object_type": "金额", "subject_type": "日期", "object": "2,820.67万元", "subject": "报告期各期末", "subject_index": {"begin": 0, "end": 6}, "object_index": {"begin": 16, "end": 26}}, {"predicate": "存货余额", "object_type": "金额", "subject_type": "日期", "object": "2,139.81万元", "subject": "报告期各期末", "subject_index": {"begin": 0, "end": 6}, "object_index": {"begin": 27, "end": 37}}, {"predicate": "存货余额", "object_type": "金额", "subject_type": "日期", "object": "3,464.12万元", "subject": "报告期各期末", "subject_index": {"begin": 0, "end": 6}, "object_index": {"begin": 38, "end": 48}}, {"predicate": "存货余额", "object_type": "金额", "subject_type": "日期", "object": "4,185.91万元", "subject": "报告期各期末", "subject_index": {"begin": 0, "end": 6}, "object_index": {"begin": 49, "end": 59}}]}
{"text": "2016年末及2017年6月末，公司分别计提存货跌价准备104.67万元和270.03万元，主要系对个别晾衣架型号及部分家居生活用品的计提了跌价准备。", "spo_list": [{"predicate": "存货跌价准备余额", "object_type": "金额", "subject_type": "日期", "object": "270.03万元", "subject": "2017年6月末", "subject_index": {"begin": 7, "end": 15}, "object_index": {"begin": 37, "end": 45}}, {"predicate": "存货跌价准备余额", "object_type": "金额", "subject_type": "日期", "object": "104.67万元", "subject": "2016年末", "subject_index": {"begin": 0, "end": 6}, "object_index": {"begin": 28, "end": 36}}]}
{"text": "2014年末、2015年末、2016年末和2017年6月末，公司其他流动资产账面价值分别为6.08万元、7.63万元、107.77万元和351.22万元，占同期末流动资产的比例分别为0.01%、0.01%、0.17%和0.47%。2016年开始，公司其他流动资产同比有所增长，主要系待抵扣进项税增加所致。", "spo_list": [{"predicate": "流动资产", "object_type": "金额", "subject_type": "日期", "object": "351.22万元", "subject": "2017年6月末", "subject_index": {"begin": 21, "end": 29}, "object_index": {"begin": 68, "end": 76}}, {"predicate": "流动资产", "object_type": "金额", "subject_type": "日期", "object": "107.77万元", "subject": "2016年末", "subject_index": {"begin": 14, "end": 20}, "object_index": {"begin": 59, "end": 67}}, {"predicate": "流动资产", "object_type": "金额", "subject_type": "日期", "object": "7.63万元", "subject": "2015年末", "subject_index": {"begin": 7, "end": 13}, "object_index": {"begin": 52, "end": 58}}, {"predicate": "流动资产", "object_type": "金额", "subject_type": "日期", "object": "6.08万元", "subject": "2014年末", "subject_index": {"begin": 0, "end": 6}, "object_index": {"begin": 45, "end": 51}}]}
{"text": "报告期各期末，公司的在建工程账面余额主要为各类软件系统建设项目。2015年末、2016年末和2017年6月末，公司在建工程账面价值分别为89.75万元、183.24万元和342.95万元，占非流动资产的比例分别为1.32%、1.31%和2.27%，总体占比较小。", "spo_list": [{"predicate": "在建工程账面价值", "object_type": "金额", "subject_type": "日期", "object": "342.95万元", "subject": "2017年6月末", "subject_index": {"begin": 46, "end": 54}, "object_index": {"begin": 85, "end": 93}}, {"predicate": "在建工程账面价值", "object_type": "金额", "subject_type": "日期", "object": "183.24万元", "subject": "2016年末", "subject_index": {"begin": 39, "end": 45}, "object_index": {"begin": 76, "end": 84}}, {"predicate": "在建工程账面价值", "object_type": "金额", "subject_type": "日期", "object": "89.75万元", "subject": "2015年末", "subject_index": {"begin": 32, "end": 38}, "object_index": {"begin": 68, "end": 75}}]}
{"text": "公司的长期待摊费用主要包括公司一次性投入的装修费、软件维护费和广告代言费等。报告期各期末，公司长期待摊费用账面价值分别为196.83万元、83.99万元、735.81万元和550.71万元，占非流动资产的比例分别为4.73%、1.24%、5.24%和3.65%，占比较小。2015年末，公司的长期待摊费用分别较上年末减少112.84万元，主要原因是公司装修费的逐步摊销所致。2016年末，公司加大了广告代言费的投入，导致长期待摊费用大幅增长。", "spo_list": [{"predicate": "长期待摊费用", "object_type": "金额", "subject_type": "日期", "object": "196.83万元", "subject": "报告期各期末", "subject_index": {"begin": 38, "end": 44}, "object_index": {"begin": 60, "end": 68}}, {"predicate": "长期待摊费用", "object_type": "金额", "subject_type": "日期", "object": "83.99万元", "subject": "报告期各期末", "subject_index": {"begin": 38, "end": 44}, "object_index": {"begin": 69, "end": 76}}, {"predicate": "长期待摊费用", "object_type": "金额", "subject_type": "日期", "object": "735.81万元", "subject": "报告期各期末", "subject_index": {"begin": 38, "end": 44}, "object_index": {"begin": 77, "end": 85}}, {"predicate": "长期待摊费用", "object_type": "金额", "subject_type": "日期", "object": "550.71万元", "subject": "报告期各期末", "subject_index": {"begin": 38, "end": 44}, "object_index": {"begin": 86, "end": 94}}]}
{"text": "报告期内，公司的其他非流动资产主要为购置机器设备和中介机构的预付款。2014年末、2016年末和2017年6月末，其他非流动资产分别为21.50万元、425.43万元和533.10万元，占同期非流动资产的比例分别为0.52%、3.03%和3.53%，占比较小。2015年末，公司无其他非流动资产。2016年末其他非流动资产有所增加，主要系当年预付了中介机构费用所致。", "spo_list": [{"predicate": "非流动资产", "object_type": "金额", "subject_type": "日期", "object": "533.10万元", "subject": "2017年6月末", "subject_index": {"begin": 48, "end": 56}, "object_index": {"begin": 84, "end": 92}}, {"predicate": "非流动资产", "object_type": "金额", "subject_type": "日期", "object": "425.43万元", "subject": "2016年末", "subject_index": {"begin": 41, "end": 47}, "object_index": {"begin": 75, "end": 83}}, {"predicate": "非流动资产", "object_type": "金额", "subject_type": "日期", "object": "21.50万元", "subject": "2014年末", "subject_index": {"begin": 34, "end": 40}, "object_index": {"begin": 67, "end": 74}}]}
{"text": "公司预收款项主要为对经销商的预收货款。报告期内，经销商渠道是公司的主要销售渠道，公司通常采取“先款后货”的结算方式与经销商开展业务合作。在日常经营中，经销商按需向公司发出销售订单并预先支付货款，公司收款后将其计入预收款项，并在产品出库发货后根据收入确认政策将相应预收款项结转为主营业务收入。报告期各期末，公司预收款项分别为4,808.20万元、7,689.93万元、7,151.62万元和8,491.17万元，占流动负债的比例分别为31.87%、44.54%、41.51%和39.70%，总体占比较高。", "spo_list": [{"predicate": "预收款项", "object_type": "金额", "subject_type": "日期", "object": "4,808.20万元", "subject": "报告期各期末", "subject_index": {"begin": 145, "end": 151}, "object_index": {"begin": 161, "end": 171}}, {"predicate": "预收款项", "object_type": "金额", "subject_type": "日期", "object": "7,689.93万元", "subject": "报告期各期末", "subject_index": {"begin": 145, "end": 151}, "object_index": {"begin": 172, "end": 182}}, {"predicate": "预收款项", "object_type": "金额", "subject_type": "日期", "object": "7,151.62万元", "subject": "报告期各期末", "subject_index": {"begin": 145, "end": 151}, "object_index": {"begin": 183, "end": 193}}, {"predicate": "预收款项", "object_type": "金额", "subject_type": "日期", "object": "8,491.17万元", "subject": "报告期各期末", "subject_index": {"begin": 145, "end": 151}, "object_index": {"begin": 194, "end": 204}}]}
{"text": "公司应付职工薪酬主要为应付的工资、奖金、津贴和补贴等。报告期各期末，公司应付职工薪酬余额分别为1,119.97万元、1,294.42万元、1,610.45万元和670.84万元。随着公司经营业绩持续增长，公司员工工资水平整体呈上升趋势，公司应付职工薪酬也随之逐年上升。2017年6月末，应付职工薪酬余额较上一期末大幅下降，主要系公司各年末应付职工薪酬中包含了计提的各类奖金，而奖金一般在来年1-2月份发放所致。报告期内公司不存在拖欠职工薪酬的情况。", "spo_list": [{"predicate": "应付职工薪酬余额", "object_type": "金额", "subject_type": "日期", "object": "1,119.97万元", "subject": "报告期各期末", "subject_index": {"begin": 27, "end": 33}, "object_index": {"begin": 47, "end": 57}}, {"predicate": "应付职工薪酬余额", "object_type": "金额", "subject_type": "日期", "object": "1,294.42万元", "subject": "报告期各期末", "subject_index": {"begin": 27, "end": 33}, "object_index": {"begin": 58, "end": 68}}, {"predicate": "应付职工薪酬余额", "object_type": "金额", "subject_type": "日期", "object": "1,610.45万元", "subject": "报告期各期末", "subject_index": {"begin": 27, "end": 33}, "object_index": {"begin": 69, "end": 79}}, {"predicate": "应付职工薪酬余额", "object_type": "金额", "subject_type": "日期", "object": "670.84万元", "subject": "报告期各期末", "subject_index": {"begin": 27, "end": 33}, "object_index": {"begin": 80, "end": 88}}]}
{"text": "公司应交税费主要为企业所得税和增值税。报告期各期末，公司应交税费分别为1,308.43万元、1,641.90万元、1,036.12万元和1,838.27万元。2016年末应交税费有所下降，主要系公司当期末未缴增值税减少所致。", "spo_list": [{"predicate": "应交税费", "object_type": "金额", "subject_type": "日期", "object": "1,308.43万元", "subject": "报告期各期末", "subject_index": {"begin": 19, "end": 25}, "object_index": {"begin": 35, "end": 45}}, {"predicate": "应交税费", "object_type": "金额", "subject_type": "日期", "object": "1,641.90万元", "subject": "报告期各期末", "subject_index": {"begin": 19, "end": 25}, "object_index": {"begin": 46, "end": 56}}, {"predicate": "应交税费", "object_type": "金额", "subject_type": "日期", "object": "1,036.12万元", "subject": "报告期各期末", "subject_index": {"begin": 19, "end": 25}, "object_index": {"begin": 57, "end": 67}}, {"predicate": "应交税费", "object_type": "金额", "subject_type": "日期", "object": "1,838.27万元", "subject": "报告期各期末", "subject_index": {"begin": 19, "end": 25}, "object_index": {"begin": 68, "end": 78}}]}
{"text": "报告期各期末，发行人应收账款周转率分别为212.93、212.99、163.30和93.75，远高于可比上市公司。经销商渠道是公司的核心主营业务收入来源，基于发行人在晾衣架行业的领先地位和产品优势，发行人主要对经销商采用“先款后货”的销售结算政策，应收账款主要来源于少量直营渠道的开发商和商超类客户，使得期末应收账款余额极小，而可比上市公司则存在以赊销的形式与主要客户结算的情况。因此，公司的应收账款占比低于可比上市公司", "spo_list": [{"predicate": "应收账款周转率", "object_type": "日期", "subject_type": "比率", "object": "报告期各期末", "subject": "212.93", "subject_index": {"begin": 20, "end": 26}, "object_index": {"begin": 0, "end": 6}}, {"predicate": "应收账款周转率", "object_type": "日期", "subject_type": "比率", "object": "报告期各期末", "subject": "212.99", "subject_index": {"begin": 27, "end": 33}, "object_index": {"begin": 0, "end": 6}}, {"predicate": "应收账款周转率", "object_type": "日期", "subject_type": "比率", "object": "报告期各期末", "subject": "163.30", "subject_index": {"begin": 34, "end": 40}, "object_index": {"begin": 0, "end": 6}}, {"predicate": "应收账款周转率", "object_type": "日期", "subject_type": "比率", "object": "报告期各期末", "subject": "93.75", "subject_index": {"begin": 41, "end": 46}, "object_index": {"begin": 0, "end": 6}}]}
{"text": "2014-2016年及2017年1-6月，公司投资活动产生的现金流量净额分别为664.56万元、-2,695.73万元、-6,705.81万元和-424.40万元。", "spo_list": [{"predicate": "公司投资活动产生的现金流量净额", "object_type": "金额", "subject_type": "日期", "object": "664.56万元", "subject": "2014-2016年", "subject_index": {"begin": 0, "end": 10}, "object_index": {"begin": 39, "end": 47}}, {"predicate": "公司投资活动产生的现金流量净额", "object_type": "金额", "subject_type": "日期", "object": "-2,695.73万元", "subject": "2014-2016年", "subject_index": {"begin": 0, "end": 10}, "object_index": {"begin": 48, "end": 59}}, {"predicate": "公司投资活动产生的现金流量净额", "object_type": "金额", "subject_type": "日期", "object": "-424.40万元", "subject": "2017年1-6月", "subject_index": {"begin": 11, "end": 20}, "object_index": {"begin": 72, "end": 81}}, {"predicate": "公司投资活动产生的现金流量净额", "object_type": "金额", "subject_type": "日期", "object": "-6,705.81万元", "subject": "2014-2016年", "subject_index": {"begin": 0, "end": 10}, "object_index": {"begin": 60, "end": 71}}]}
