{"text": "2017年，公司外销收入分别为12,430.60万元、25,238.26万元和21,634.54万元。其中，发行人保税区销售收入分别为2,265.58万元、1,805.52万元和635.06万元，主要是对富士康集团的销售收入，收入减少主要是富士康集团内客户区域分布不同所致，发行人对富士康集团客户收入由保税区向内销转移。2016年至2018年，发行人对富士康集团销售收入分别为2,572.53万元、2,174.84万元和4,477.23万元，销售收入整体保持增长，销售产品主要为笔记本电脑用材料。发行人出口销售收入分别为10,164.92万元、23,432.74万元和20,999.48万元，主要为出口SamsungElectronicsH.K.Co.,Ltd.手机结构件材料。2016年受三星Note7爆炸影响，当年出口销售收入较小，2017年度发行人出口收入增长较快主要是由于三星发布Note8/S9新机型，发行人获取的新产品订单较多导致发行人出口销售收入增加。2018年受三星S系列新机型结构件材料验证周期较长的影响，发行人对S系列新机型的供货时间略有滞后，本年发行人对三星出口的产品以前期发布的Note8和S9为主，出口收入略有下降。", "spo_list": [{"predicate": "其他收益", "object_type": "金额", "subject_type": "日期", "object": "12,430.60万元", "subject": "2017年", "subject_index": {"begin": 0, "end": 5}, "object_index": {"begin": 15, "end": 26}}, {"predicate": "其他收益", "object_type": "金额", "subject_type": "日期", "object": "25,238.26万元", "subject": "2017年", "subject_index": {"begin": 0, "end": 5}, "object_index": {"begin": 27, "end": 38}}, {"predicate": "其他收益", "object_type": "金额", "subject_type": "日期", "object": "21,634.54万元", "subject": "2017年", "subject_index": {"begin": 0, "end": 5}, "object_index": {"begin": 39, "end": 50}}]}
{"text": "2016年至2018年，公司关联采购交易金额分别为6,182.97万元、7,266.31万元和3,748.60万元，占当期营业成本比例分别为10.13%、9.46%和5.49%，报告期内公司关联采购交易占比总体呈现下降趋势。", "spo_list": [{"predicate": "其他成本", "object_type": "金额", "subject_type": "日期", "object": "6,182.97万元", "subject": "2016年至2018年", "subject_index": {"begin": 0, "end": 11}, "object_index": {"begin": 25, "end": 35}}, {"predicate": "其他成本", "object_type": "金额", "subject_type": "日期", "object": "7,266.31万元", "subject": "2016年至2018年", "subject_index": {"begin": 0, "end": 11}, "object_index": {"begin": 36, "end": 46}}, {"predicate": "其他成本", "object_type": "金额", "subject_type": "日期", "object": "3,748.60万元", "subject": "2016年至2018年", "subject_index": {"begin": 0, "end": 11}, "object_index": {"begin": 47, "end": 57}}]}
{"text": "2017年公司主营业务收入8.27亿元，净利润0.65亿元，其中：电子消费品板块实现收入4.42亿元，同比增长2.40%，毛利率22.66%；智能手机面板及其他电子消费类产品（包括手机面板、移动电源外壳、激光打印机铝材、平衡车部件、台灯支架、风扇杆等）实现收入2.96亿元，同比下降9.16%。2018年主营业务收入9.43亿元，净利润0.19亿元，其中，电子消费类板块实现收入5.07亿元。（数据来源：和胜股份2017年年度报告及2018年年度报告）", "spo_list": [{"predicate": "营业外收入", "object_type": "金额", "subject_type": "日期", "object": "8.27亿元", "subject": "2017年", "subject_index": {"begin": 0, "end": 5}, "object_index": {"begin": 13, "end": 19}}, {"predicate": "营业外收入", "object_type": "金额", "subject_type": "日期", "object": "9.43亿元", "subject": "2018年", "subject_index": {"begin": 147, "end": 152}, "object_index": {"begin": 158, "end": 164}}]}
{"text": "2017年报告期内，公司主营业务收入分别为73,652.44万元、99,613.61万元和94,718.26万元，复合增长率为13.40%。", "spo_list": [{"predicate": "营业外收入", "object_type": "金额", "subject_type": "日期", "object": "73,652.44万元", "subject": "2017年", "subject_index": {"begin": 0, "end": 5}, "object_index": {"begin": 21, "end": 32}}, {"predicate": "营业外收入", "object_type": "金额", "subject_type": "日期", "object": "99,613.61万元", "subject": "2017年", "subject_index": {"begin": 0, "end": 5}, "object_index": {"begin": 33, "end": 44}}, {"predicate": "营业外收入", "object_type": "金额", "subject_type": "日期", "object": "94,718.26万元", "subject": "2017年", "subject_index": {"begin": 0, "end": 5}, "object_index": {"begin": 45, "end": 56}}]}
{"text": "2016年末发行人对经销商的应收账款余额较大，这主要是消费电子材销售受下游厂家发布新机型的影响，体现出明显的季节性特征，2016年销售最高峰出现在第四季度，当年全年实现主营收入73,652.44万元，其中第四季度实现主营收入29,553.46万元，占当年主营业务收入的40.13%。发行人对经销商的应收账款余额为11,271.02万元，主要由以下两家客户组成：发行人给予深圳市睿创达金属材料有限公司的信用政策为75天，睿创达应收账款余额为8,472.35万元，主要是由于第四季度发行人对其销售收入为8,454.25万元，产品主要用于2016年10月OPPO发布的新机型R9S手机；发行人给予苏州有色金属研究院有限公司的信用政策为60天，苏有色应收账款余额为2,498.66万元，主要是由于11月至12月发行人对其销售收入为2,592.69万元，产品主要用于2016年11月24日VIVO发布的新机型X9手机。", "spo_list": []}
