{"text": "2011年、2012年、2013年和2014年1-9月，公司网络销售金额分别为446.46万元、1,794.32万元、4,036.98万元和2,878.03万元，占同期直营营业收入的比例分别为1.66%、5.34%、9.50%和9.57%。2012年、2013年网络销售金额同比增长301.90%和124.99%。", "spo_list": [{"predicate": "其他收益", "object_type": "金额", "subject_type": "日期", "object": "446.46万元", "subject": "2011年", "subject_index": {"begin": 0, "end": 5}, "object_index": {"begin": 39, "end": 47}}, {"predicate": "其他收益", "object_type": "金额", "subject_type": "日期", "object": "1,794.32万元", "subject": "2012年", "subject_index": {"begin": 6, "end": 11}, "object_index": {"begin": 48, "end": 58}}, {"predicate": "其他收益", "object_type": "金额", "subject_type": "日期", "object": "4,036.98万元", "subject": "2013年", "subject_index": {"begin": 12, "end": 17}, "object_index": {"begin": 59, "end": 69}}, {"predicate": "其他收益", "object_type": "金额", "subject_type": "日期", "object": "2,878.03万元", "subject": "2014年1-9月", "subject_index": {"begin": 18, "end": 27}, "object_index": {"begin": 70, "end": 80}}]}
{"text": "截至2014年9月30日，公司应付账款余额为4,890.28万元，全部为应付供应商的货款。2014年9月30日，应付账款期末余额无账龄一年以上款项。", "spo_list": [{"predicate": "应付账款余额", "object_type": "金额", "subject_type": "日期", "object": "4,890.28万元", "subject": "2014年9月30日", "subject_index": {"begin": 2, "end": 12}, "object_index": {"begin": 22, "end": 32}}]}
{"text": "2014年9月30日，公司其他应付款余额为2,321.20万元。其他应付款余额中无持有公司5%以上（含5%）股份的股东单位款项。", "spo_list": [{"predicate": "其他应付款余额", "object_type": "金额", "subject_type": "日期", "object": "2,321.20万元", "subject": "2014年9月30日", "subject_index": {"begin": 0, "end": 10}, "object_index": {"begin": 21, "end": 31}}]}
{"text": "2、歌力思实业以2011年5月31日为基准日整体变更为股份有限公司，盈余公积转入股本及资本公积，导致2011年度盈余公积减少3,536.36万元。", "spo_list": [{"predicate": "盈余公积", "object_type": "金额", "subject_type": "日期", "object": "3,536.36万元", "subject": "2011年", "subject_index": {"begin": 50, "end": 55}, "object_index": {"begin": 62, "end": 72}}]}
{"text": "2012年末公司非流动资产比2011年末增加18,286.24万元，主要原因是预付深业泰然(集团)股份有限公司的购房款16,090.63万元。", "spo_list": [{"predicate": "非流动资产", "object_type": "金额", "subject_type": "日期", "object": "18,286.24万元", "subject": "2012年末", "subject_index": {"begin": 0, "end": 6}, "object_index": {"begin": 22, "end": 33}}]}
{"text": "2011年末、2012年末、2013年末和2014年9月末的其他应收款账面价值分别为2,364.87万元、1,001.48万元、1,180.92万元和1,514.09万元，占流动资产的比例分别为7.23%、3.32%、3.15%和3.87%", "spo_list": [{"predicate": "其他应收账款账面价值", "object_type": "金额", "subject_type": "日期", "object": "2,364.87万元", "subject": "2011年末", "subject_index": {"begin": 0, "end": 6}, "object_index": {"begin": 42, "end": 52}}, {"predicate": "其他应收账款账面价值", "object_type": "金额", "subject_type": "日期", "object": "1,001.48万元", "subject": "2012年末", "subject_index": {"begin": 7, "end": 13}, "object_index": {"begin": 53, "end": 63}}, {"predicate": "其他应收账款账面价值", "object_type": "金额", "subject_type": "日期", "object": "1,180.92万元", "subject": "2013年末", "subject_index": {"begin": 14, "end": 20}, "object_index": {"begin": 64, "end": 74}}, {"predicate": "其他应收账款账面价值", "object_type": "金额", "subject_type": "日期", "object": "1,514.09万元", "subject": "2014年9月末", "subject_index": {"begin": 21, "end": 29}, "object_index": {"begin": 75, "end": 85}}]}
{"text": "2011年末、2012年末、2013年末和2014年9月末，公司递延所得税资产余额分别为2,852.42万元、3,173.77万元、4,142.77万元和4,906.89万元。报", "spo_list": [{"predicate": "递延所得税资产余额", "object_type": "金额", "subject_type": "日期", "object": "2,852.42万元", "subject": "2011年末", "subject_index": {"begin": 0, "end": 6}, "object_index": {"begin": 44, "end": 54}}, {"predicate": "递延所得税资产余额", "object_type": "金额", "subject_type": "日期", "object": "3,173.77万元", "subject": "2012年末", "subject_index": {"begin": 7, "end": 13}, "object_index": {"begin": 55, "end": 65}}, {"predicate": "递延所得税资产余额", "object_type": "金额", "subject_type": "日期", "object": "4,142.77万元", "subject": "2013年末", "subject_index": {"begin": 14, "end": 20}, "object_index": {"begin": 66, "end": 76}}, {"predicate": "递延所得税资产余额", "object_type": "金额", "subject_type": "日期", "object": "4,906.89万元", "subject": "2014年9月末", "subject_index": {"begin": 21, "end": 29}, "object_index": {"begin": 77, "end": 87}}]}
{"text": "公司的应收账款主要为应收商场的货款。2011年、2012年、2013年和2014年1-9月，公司应收账款周转率分别为8.75次、9.15次、10.01次和7.60次（未经年化计算），应收账款周转率稳步上升。", "spo_list": [{"predicate": "应收账款周转率", "object_type": "日期", "subject_type": "比率", "object": "2011年", "subject": "8.75次", "subject_index": {"begin": 58, "end": 63}, "object_index": {"begin": 18, "end": 23}}, {"predicate": "应收账款周转率", "object_type": "日期", "subject_type": "比率", "object": "2012年", "subject": "9.15次", "subject_index": {"begin": 64, "end": 69}, "object_index": {"begin": 24, "end": 29}}, {"predicate": "应收账款周转率", "object_type": "日期", "subject_type": "比率", "object": "2013年", "subject": "10.01次", "subject_index": {"begin": 70, "end": 76}, "object_index": {"begin": 30, "end": 35}}, {"predicate": "应收账款周转率", "object_type": "日期", "subject_type": "比率", "object": "2014年1-9月", "subject": "7.60次", "subject_index": {"begin": 77, "end": 82}, "object_index": {"begin": 36, "end": 45}}]}
{"text": "2011年、2012年、2013年和2014年1-9月，上衣类、裙类和外套类贡献的毛利分别为31,334.16万元、36,920.67万元、45,297.19万元和34,021.58万元，占公司总毛利额的比例分别为91.17%、90.42%、90.82%和89.25%，上衣类、裙类和外套类是公司利润的主要来源。", "spo_list": [{"predicate": "毛利额", "object_type": "金额", "subject_type": "日期", "object": "31,334.16万元", "subject": "2011年", "subject_index": {"begin": 0, "end": 5}, "object_index": {"begin": 46, "end": 57}}, {"predicate": "毛利额", "object_type": "金额", "subject_type": "日期", "object": "36,920.67万元", "subject": "2012年", "subject_index": {"begin": 6, "end": 11}, "object_index": {"begin": 58, "end": 69}}, {"predicate": "毛利额", "object_type": "金额", "subject_type": "日期", "object": "45,297.19万元", "subject": "2013年", "subject_index": {"begin": 12, "end": 17}, "object_index": {"begin": 70, "end": 81}}, {"predicate": "毛利额", "object_type": "金额", "subject_type": "日期", "object": "34,021.58万元", "subject": "2014年1-9月", "subject_index": {"begin": 18, "end": 27}, "object_index": {"begin": 82, "end": 93}}]}
{"text": "公司2011年末、2012年末、2013年末和2014年9月末货币资金余额分别为12,733.86万元、7,857.05万元、6,526.70万元和5,505.47万元，占流动资产比例分别为38.93%、26.05%、17.39%和14.05%。", "spo_list": [{"predicate": "货币资金余额", "object_type": "金额", "subject_type": "日期", "object": "12,733.86万元", "subject": "2011年末", "subject_index": {"begin": 2, "end": 8}, "object_index": {"begin": 40, "end": 51}}, {"predicate": "货币资金余额", "object_type": "金额", "subject_type": "日期", "object": "7,857.05万元", "subject": "2012年末", "subject_index": {"begin": 9, "end": 15}, "object_index": {"begin": 52, "end": 62}}, {"predicate": "货币资金余额", "object_type": "金额", "subject_type": "日期", "object": "6,526.70万元", "subject": "2013年末", "subject_index": {"begin": 16, "end": 22}, "object_index": {"begin": 63, "end": 73}}, {"predicate": "货币资金余额", "object_type": "金额", "subject_type": "日期", "object": "5,505.47万元", "subject": "2014年9月", "subject_index": {"begin": 23, "end": 30}, "object_index": {"begin": 74, "end": 84}}]}
{"text": "公司无形资产包括土地使用权和办公软件。2011年末、2012年末、2013年末和2014年9月末公司无形资产分别为1,311.49万元、1,327.80万元、1,317.40万元和1,899.93万元。具体情况如下", "spo_list": [{"predicate": "无形资产", "object_type": "金额", "subject_type": "日期", "object": "1,311.49万元", "subject": "2011年末", "subject_index": {"begin": 19, "end": 25}, "object_index": {"begin": 57, "end": 67}}, {"predicate": "无形资产", "object_type": "金额", "subject_type": "日期", "object": "1,327.80万元", "subject": "2012年末", "subject_index": {"begin": 26, "end": 32}, "object_index": {"begin": 68, "end": 78}}, {"predicate": "无形资产", "object_type": "金额", "subject_type": "日期", "object": "1,317.40万元", "subject": "2013年末", "subject_index": {"begin": 33, "end": 39}, "object_index": {"begin": 79, "end": 89}}, {"predicate": "无形资产", "object_type": "金额", "subject_type": "日期", "object": "1,899.93万元", "subject": "2014年9月末", "subject_index": {"begin": 40, "end": 48}, "object_index": {"begin": 90, "end": 100}}]}
{"text": "2014年9月末其他应付款余额中应付与公司存在交易的需比照关联方披露桂林市广通设计制作经营部的余额为488.45万元、成都卓易商贸有限公司的余额为12.74万元。", "spo_list": [{"predicate": "其他应付款余额", "object_type": "金额", "subject_type": "日期", "object": "488.45万元", "subject": "2014年9月末", "subject_index": {"begin": 0, "end": 8}, "object_index": {"begin": 50, "end": 58}}, {"predicate": "其他应付款余额", "object_type": "金额", "subject_type": "日期", "object": "12.74万元", "subject": "2014年9月末", "subject_index": {"begin": 0, "end": 8}, "object_index": {"begin": 73, "end": 80}}]}
{"text": "2011年、2012年、2013年和2014年1-9月公司应收账款周转率分别为8.75次、9.15次、10.01次和7.60次，应收账款周转天数分别为41.14天、39.34天、35.96天和35.54天，公司应收账款周转天数与公司跟商场的合同账期天数相匹配。", "spo_list": [{"predicate": "应收账款周转率", "object_type": "日期", "subject_type": "比率", "object": "2011年", "subject": "8.75次", "subject_index": {"begin": 39, "end": 44}, "object_index": {"begin": 0, "end": 5}}, {"predicate": "应收账款周转率", "object_type": "日期", "subject_type": "比率", "object": "2012年", "subject": "9.15次", "subject_index": {"begin": 45, "end": 50}, "object_index": {"begin": 6, "end": 11}}, {"predicate": "应收账款周转率", "object_type": "日期", "subject_type": "比率", "object": "2013年", "subject": "10.01次", "subject_index": {"begin": 51, "end": 57}, "object_index": {"begin": 12, "end": 17}}, {"predicate": "应收账款周转率", "object_type": "日期", "subject_type": "比率", "object": "2014年1-9月", "subject": "7.60次", "subject_index": {"begin": 58, "end": 63}, "object_index": {"begin": 18, "end": 27}}]}
{"text": "截至2014年9月30日，公司预收账款余额为2,528.96万元。预收账款余额中无持有公司5%以上（含5%）股份的股东单位款项。2014年9月30日，预收账款期末余额中无账龄一年以上款项。", "spo_list": [{"predicate": "预收账款余额", "object_type": "金额", "subject_type": "日期", "object": "2,528.96万元", "subject": "2014年9月30日", "subject_index": {"begin": 2, "end": 12}, "object_index": {"begin": 22, "end": 32}}]}
{"text": "截至2014年9月30日，公司应付职工薪酬余额为2,304.73万元，包括工资、奖金、津贴、补贴等。", "spo_list": [{"predicate": "应付职工薪酬余额", "object_type": "金额", "subject_type": "日期", "object": "2,304.73万元", "subject": "2014年9月30日", "subject_index": {"begin": 2, "end": 12}, "object_index": {"begin": 24, "end": 34}}]}
{"text": "2014年9月30日，其他流动负债余额为2,014.53万元，其他流动负债全部为预计换货额毛利。其他流动负债中无应付持有公司5%以上表决权股份的股东或关联方款项。", "spo_list": [{"predicate": "流动负债", "object_type": "金额", "subject_type": "日期", "object": "2,014.53万元", "subject": "2014年9月30日", "subject_index": {"begin": 0, "end": 10}, "object_index": {"begin": 20, "end": 30}}]}
{"text": "3、歌力思实业以2011年5月31日为基准日整体变更为股份有限公司，未分配利润转入股本及资本公积，导致2011年度未分配利润减少25,916.60万元。", "spo_list": [{"predicate": "未分配利润", "object_type": "金额", "subject_type": "日期", "object": "25,916.60万元", "subject": "2011年度", "subject_index": {"begin": 51, "end": 57}, "object_index": {"begin": 64, "end": 75}}]}
{"text": "2011年末、2012年末和2013年末，公司在建工程全部为厚裕工业园的建设工程，余额分别为1,023.76万元、68.50万元和12.00万元，占总资产的比例分别为2.01%、0.10%和0.02%。2014年9月末，公司的在建工程已全部完工并结转为固定资产", "spo_list": [{"predicate": "在建工程余额", "object_type": "金额", "subject_type": "日期", "object": "12.00万元", "subject": "2013年末", "subject_index": {"begin": 14, "end": 20}, "object_index": {"begin": 65, "end": 72}}, {"predicate": "在建工程余额", "object_type": "金额", "subject_type": "日期", "object": "68.50万元", "subject": "2012年末", "subject_index": {"begin": 7, "end": 13}, "object_index": {"begin": 57, "end": 64}}, {"predicate": "在建工程余额", "object_type": "金额", "subject_type": "日期", "object": "1,023.76万元", "subject": "2011年末", "subject_index": {"begin": 0, "end": 6}, "object_index": {"begin": 46, "end": 56}}]}
{"text": "2014年9月末无形资产净值比2013年末增加了582.53万元，主要是公司2014年购买了一套原值为652.52万元的SAP软件。", "spo_list": [{"predicate": "无形资产", "object_type": "金额", "subject_type": "日期", "object": "582.53万元", "subject": "2014年9月末", "subject_index": {"begin": 0, "end": 8}, "object_index": {"begin": 24, "end": 32}}]}
{"text": "公司预收账款主要是预收分销商的货款，2011年末、2012年末、2013年末和2014年9月末公司预收账款余额分别为2,203.39万元、3,102.12万元、4,079.29万元和2,528.95万元，分别占当期负债总额的15.93%、17.90%、20.54%和14.26%。", "spo_list": [{"predicate": "预收账款余额", "object_type": "金额", "subject_type": "日期", "object": "2,528.95万元", "subject": "2014年9月末", "subject_index": {"begin": 39, "end": 47}, "object_index": {"begin": 91, "end": 101}}, {"predicate": "预收款项余额", "object_type": "金额", "subject_type": "日期", "object": "4,079.29万元", "subject": "2013年末", "subject_index": {"begin": 32, "end": 38}, "object_index": {"begin": 80, "end": 90}}, {"predicate": "预收账款余额", "object_type": "金额", "subject_type": "日期", "object": "3,102.12万元", "subject": "2012年末", "subject_index": {"begin": 25, "end": 31}, "object_index": {"begin": 69, "end": 79}}, {"predicate": "预收账款余额", "object_type": "金额", "subject_type": "日期", "object": "2,203.39万元", "subject": "2011年末", "subject_index": {"begin": 18, "end": 24}, "object_index": {"begin": 58, "end": 68}}]}
{"text": "2011年、2012年、2013年和2014年1-9月，按存货账面余额（未扣除存货跌价准备）计算的存货周转率分别为0.81、0.88、0.77和0.47（未经年化计算）。公司的存货周转率较低的原因如下：", "spo_list": [{"predicate": "存货周转率", "object_type": "日期", "subject_type": "比率", "object": "2014年1-9月", "subject": "0.47", "subject_index": {"begin": 72, "end": 76}, "object_index": {"begin": 18, "end": 27}}, {"predicate": "存货周转率", "object_type": "日期", "subject_type": "比率", "object": "2013年", "subject": "0.77", "subject_index": {"begin": 67, "end": 71}, "object_index": {"begin": 12, "end": 17}}, {"predicate": "存货周转率", "object_type": "日期", "subject_type": "比率", "object": "2012年", "subject": "0.88", "subject_index": {"begin": 62, "end": 66}, "object_index": {"begin": 6, "end": 11}}, {"predicate": "存货周转率", "object_type": "日期", "subject_type": "比率", "object": "2011年", "subject": "0.81", "subject_index": {"begin": 57, "end": 61}, "object_index": {"begin": 0, "end": 5}}]}
{"text": "（3）商标诉讼纠纷对公司的影响2011年、2012年、2013年和2014年1-9月，公司涉诉商品的销售收入合计分别为564.67万元、438.29万元、454.34万元和239.44万元，占", "spo_list": [{"predicate": "其他收益", "object_type": "金额", "subject_type": "日期", "object": "239.44万元", "subject": "2014年1-9月", "subject_index": {"begin": 33, "end": 42}, "object_index": {"begin": 86, "end": 94}}, {"predicate": "其他收益", "object_type": "金额", "subject_type": "日期", "object": "454.34万元", "subject": "2013年", "subject_index": {"begin": 27, "end": 32}, "object_index": {"begin": 77, "end": 85}}, {"predicate": "其他收益", "object_type": "金额", "subject_type": "日期", "object": "438.29万元", "subject": "2012年", "subject_index": {"begin": 21, "end": 26}, "object_index": {"begin": 68, "end": 76}}, {"predicate": "其他收益", "object_type": "金额", "subject_type": "日期", "object": "564.67万元", "subject": "2011年", "subject_index": {"begin": 15, "end": 20}, "object_index": {"begin": 59, "end": 67}}]}
