{"text": "并于1998年12月通过未分配利润转增股本和股东现金出资方式补足出资至人民币2,231.17万元，截至1998年12月31日止实收资本2,231.17万元全部到位。", "spo_list": [{"predicate": "未分配利润", "object_type": "金额", "subject_type": "日期", "object": "2,231.17万元", "subject": "1998年12月", "subject_index": {"begin": 2, "end": 10}, "object_index": {"begin": 38, "end": 48}}]}
{"text": "2016年度、2017年度及2018年1-6月向其分别采购6,688.77万元、7,425.56万元和2,170.52万元，从而成为公司第一大供应商。", "spo_list": [{"predicate": "其他成本", "object_type": "金额", "subject_type": "日期", "object": "6,688.77万元", "subject": "2016年度", "subject_index": {"begin": 0, "end": 6}, "object_index": {"begin": 29, "end": 39}}, {"predicate": "其他成本", "object_type": "金额", "subject_type": "日期", "object": "7,425.56万元", "subject": "2017年度", "subject_index": {"begin": 7, "end": 13}, "object_index": {"begin": 40, "end": 50}}, {"predicate": "其他成本", "object_type": "金额", "subject_type": "日期", "object": "2,170.52万元", "subject": "2018年1-6月", "subject_index": {"begin": 14, "end": 23}, "object_index": {"begin": 51, "end": 61}}]}
{"text": "2016年度、2017年度及2018公司主要机器设备平均成新率约为50%，相对较低，由于公司主要从事原药的合成和制剂的复配分装，常规化工生产装置较多，为加强安全生产，公司每年均进行大修，报告期内公司维修费支出分别为2,208.53万元、1,248.88万元、1,243.90万元和524.55万元，上述支出均计入了当期费用。", "spo_list": [{"predicate": "其他成本", "object_type": "金额", "subject_type": "日期", "object": "1,248.88万元", "subject": "2016年度", "subject_index": {"begin": 0, "end": 6}, "object_index": {"begin": 118, "end": 128}}, {"predicate": "其他成本", "object_type": "金额", "subject_type": "日期", "object": "1,243.90万元", "subject": "2017年度", "subject_index": {"begin": 7, "end": 13}, "object_index": {"begin": 129, "end": 139}}, {"predicate": "其他成本", "object_type": "金额", "subject_type": "日期", "object": "524.55万元", "subject": "2018", "subject_index": {"begin": 14, "end": 18}, "object_index": {"begin": 140, "end": 148}}]}
{"text": "2016年、2017年及2018年1-6月，发行人向该公司采购部分原辅材料，包括草甘膦原药和62%草甘磷异丙胺盐水剂，作为农药制剂产品生产或直接销售，采购金额分别为205.83万元、313.70万元和0.00万元，占当期原辅材料采购总额的比例分别为0.28%、0.35%和0.00%，占", "spo_list": [{"predicate": "其他成本", "object_type": "金额", "subject_type": "日期", "object": "205.83万元", "subject": "2016年", "subject_index": {"begin": 0, "end": 5}, "object_index": {"begin": 82, "end": 90}}, {"predicate": "其他成本", "object_type": "金额", "subject_type": "日期", "object": "313.70万元", "subject": "2017年", "subject_index": {"begin": 6, "end": 11}, "object_index": {"begin": 91, "end": 99}}, {"predicate": "其他成本", "object_type": "金额", "subject_type": "日期", "object": "0.00万元", "subject": "2018年1-6月", "subject_index": {"begin": 12, "end": 21}, "object_index": {"begin": 100, "end": 106}}]}
{"text": "2016年、2017年及2018年1-6月，发行人向该公司采购97%残杀威原药，用于制剂产品的生产和销售，采购金额分别为110.62万元、44.25万元和94.05万元，占当期原辅材料采购总额的比例分别为0.15%、0.05%和0.21%，", "spo_list": [{"predicate": "其他成本", "object_type": "金额", "subject_type": "日期", "object": "110.62万元", "subject": "2016年", "subject_index": {"begin": 0, "end": 5}, "object_index": {"begin": 60, "end": 68}}, {"predicate": "其他成本", "object_type": "金额", "subject_type": "日期", "object": "44.25万元", "subject": "2017年", "subject_index": {"begin": 6, "end": 11}, "object_index": {"begin": 69, "end": 76}}, {"predicate": "其他成本", "object_type": "金额", "subject_type": "日期", "object": "94.05万元", "subject": "2018年1-6月", "subject_index": {"begin": 12, "end": 21}, "object_index": {"begin": 77, "end": 84}}]}
{"text": "2016年、2017年及2018年1-6月，发行人向该公司采购硝磺草酮原药以及部分制剂产品，采购金额分别为5.38万元、66.64万元和0.00万元，占当期原辅材料采购总额的比例分别为0.01%、0.07%和0.00%，占比较低。", "spo_list": [{"predicate": "其他成本", "object_type": "金额", "subject_type": "日期", "object": "5.38万元", "subject": "2016年", "subject_index": {"begin": 0, "end": 5}, "object_index": {"begin": 53, "end": 59}}, {"predicate": "其他成本", "object_type": "金额", "subject_type": "日期", "object": "66.64万元", "subject": "2017年", "subject_index": {"begin": 6, "end": 11}, "object_index": {"begin": 60, "end": 67}}, {"predicate": "其他成本", "object_type": "金额", "subject_type": "日期", "object": "0.00万元", "subject": "2018年1-6月", "subject_index": {"begin": 12, "end": 21}, "object_index": {"begin": 68, "end": 74}}]}
{"text": "2015年至2016年应收取的资金占用费分别为18.24万元和7.98万元，上述资金占用费已于2017年3月收取完毕；2017年，不存在关联方占用公司资金的情形。", "spo_list": [{"predicate": "长期应收款", "object_type": "金额", "subject_type": "日期", "object": "18.24万元", "subject": "2015年", "subject_index": {"begin": 0, "end": 5}, "object_index": {"begin": 23, "end": 30}}, {"predicate": "长期应收款", "object_type": "金额", "subject_type": "日期", "object": "7.98万元", "subject": "2016年", "subject_index": {"begin": 6, "end": 11}, "object_index": {"begin": 31, "end": 37}}]}
{"text": "2017年末公司非经常性损益主要为政府补助，报告期内，归属于母公司股东的税后非经常性损益分别为680.03万元、673.91万元、721.07万元和331.46万元，占归属于母公司所有者的净利润比例分别为9.09%、9.37%、6.74%和3.87%，对发行人当期经营成果影响较小。", "spo_list": [{"predicate": "非经常性损益", "object_type": "金额", "subject_type": "日期", "object": "680.03万元", "subject": "2017年末", "subject_index": {"begin": 0, "end": 6}, "object_index": {"begin": 47, "end": 55}}, {"predicate": "非经常性损益", "object_type": "金额", "subject_type": "日期", "object": "673.91万元", "subject": "2017年末", "subject_index": {"begin": 0, "end": 6}, "object_index": {"begin": 56, "end": 64}}, {"predicate": "非经常性损益", "object_type": "金额", "subject_type": "日期", "object": "721.07万元", "subject": "2017年末", "subject_index": {"begin": 0, "end": 6}, "object_index": {"begin": 65, "end": 73}}, {"predicate": "非经常性损益", "object_type": "金额", "subject_type": "日期", "object": "331.46万元", "subject": "2017年末", "subject_index": {"begin": 0, "end": 6}, "object_index": {"begin": 74, "end": 82}}]}
{"text": "江苏丰山集团有限公司于评估基准日（2014年5月31日）的全部资产账面值81,528.98万元，评估值为94,695.57万元，增值13,166.59万元，增值率16.15%；全部负债账面值为63,596.17万元，评估值为63,596.17万元，评估无增减值；净资产账面值为17,932.82万元，评估值为31,099.41万元，增值13,166.59万元，增值率73.42%。具", "spo_list": [{"predicate": "净资产评估值", "object_type": "金额", "subject_type": "日期", "object": "94,695.57万元", "subject": "2014年5月31日", "subject_index": {"begin": 17, "end": 27}, "object_index": {"begin": 52, "end": 63}}, {"predicate": "净资产评估值", "object_type": "金额", "subject_type": "日期", "object": "31,099.41万元", "subject": "2014年5月31日", "subject_index": {"begin": 17, "end": 27}, "object_index": {"begin": 154, "end": 165}}]}
{"text": "经江苏华信评估，丰山塑化于评估基准日（2016年9月30日）的全部资产账面值为179.48万元，评估值为153.70万元，减值额为25.78万元，减值率为14.36%；全部负债账面值为104.48万元，评估值为104.48万元，评估无增减值；净资产账面值为75.00万元，评估值为49.22万元，减值额为25.78万元，减值率为34.37%。丰山塑化评估减值项主要为待拆除房屋，", "spo_list": [{"predicate": "净资产评估值", "object_type": "金额", "subject_type": "日期", "object": "49.22万元", "subject": "2016年9月30日", "subject_index": {"begin": 19, "end": 29}, "object_index": {"begin": 140, "end": 147}}]}
{"text": "2017年度公司应收账款账面价值分别为6,844.35万元、11,495.31万元、10,767.72万元和31,342.69万元，占流动资产的比例分别为15.58%、22.55%、14.74%和37.83%。", "spo_list": [{"predicate": "应收账款净额", "object_type": "金额", "subject_type": "日期", "object": "6,844.35万元", "subject": "2017年度", "subject_index": {"begin": 0, "end": 6}, "object_index": {"begin": 19, "end": 29}}, {"predicate": "应收账款净额", "object_type": "金额", "subject_type": "日期", "object": "11,495.31万元", "subject": "2017年度", "subject_index": {"begin": 0, "end": 6}, "object_index": {"begin": 30, "end": 41}}, {"predicate": "应收账款净额", "object_type": "金额", "subject_type": "日期", "object": "10,767.72万元", "subject": "2017年度", "subject_index": {"begin": 0, "end": 6}, "object_index": {"begin": 42, "end": 53}}, {"predicate": "应收账款净额", "object_type": "金额", "subject_type": "日期", "object": "31,342.69万元", "subject": "2017年度", "subject_index": {"begin": 0, "end": 6}, "object_index": {"begin": 54, "end": 65}}]}
{"text": "2018年6月末公司无形资产账面价值分别为5,644.65万元、5,895.38万元、5,744.27万元和5,665.94万元，无形资产金额及其占非流动资产比例整体稳定。", "spo_list": [{"predicate": "无形资产", "object_type": "金额", "subject_type": "日期", "object": "5,644.65万元", "subject": "2018年6月末", "subject_index": {"begin": 0, "end": 8}, "object_index": {"begin": 21, "end": 31}}, {"predicate": "无形资产", "object_type": "金额", "subject_type": "日期", "object": "5,895.38万元", "subject": "2018年6月末", "subject_index": {"begin": 0, "end": 8}, "object_index": {"begin": 32, "end": 42}}, {"predicate": "无形资产", "object_type": "金额", "subject_type": "日期", "object": "5,744.27万元", "subject": "2018年6月末", "subject_index": {"begin": 0, "end": 8}, "object_index": {"begin": 43, "end": 53}}, {"predicate": "无形资产", "object_type": "金额", "subject_type": "日期", "object": "5,665.94万元", "subject": "2018年6月末", "subject_index": {"begin": 0, "end": 8}, "object_index": {"begin": 54, "end": 64}}]}
{"text": "2018年6月末2017年末2016年末2015年末公司应付票据余额分别为2,570.00万元、3,750.39万元、15,916.49万元和21,595.23万元。2017年末应付票据余额较高，", "spo_list": [{"predicate": "应付票据", "object_type": "金额", "subject_type": "日期", "object": "2,570.00万元", "subject": "2018年6月末", "subject_index": {"begin": 0, "end": 8}, "object_index": {"begin": 37, "end": 47}}, {"predicate": "应付票据", "object_type": "金额", "subject_type": "日期", "object": "3,750.39万元", "subject": "2017年末", "subject_index": {"begin": 8, "end": 14}, "object_index": {"begin": 48, "end": 58}}, {"predicate": "应付票据", "object_type": "金额", "subject_type": "日期", "object": "15,916.49万元", "subject": "2016年末", "subject_index": {"begin": 14, "end": 20}, "object_index": {"begin": 59, "end": 70}}, {"predicate": "应付票据", "object_type": "金额", "subject_type": "日期", "object": "21,595.23万元", "subject": "2015年末", "subject_index": {"begin": 20, "end": 26}, "object_index": {"begin": 71, "end": 82}}]}
{"text": "2018年1-6月2017年度2016年度2015年度，公司三项期间费用合计分别为16,108.22万元、15,407.22万元、17,332.53万元和9,831.62万元，占当期营业收入的比例分别为16.48%、15.12%、13.76%和12.26%。报告期内公司期间费用金额呈增长趋势，但期间费用率逐年降低系因公司营业收入增幅超过了期间费用增幅。", "spo_list": [{"predicate": "期间费用", "object_type": "金额", "subject_type": "日期", "object": "16,108.22万元", "subject": "2018年1-6月", "subject_index": {"begin": 0, "end": 9}, "object_index": {"begin": 41, "end": 52}}, {"predicate": "期间费用", "object_type": "金额", "subject_type": "日期", "object": "15,407.22万元", "subject": "2017年度", "subject_index": {"begin": 9, "end": 15}, "object_index": {"begin": 53, "end": 64}}, {"predicate": "期间费用", "object_type": "金额", "subject_type": "日期", "object": "17,332.53万元", "subject": "2016年度", "subject_index": {"begin": 15, "end": 21}, "object_index": {"begin": 65, "end": 76}}, {"predicate": "期间费用", "object_type": "金额", "subject_type": "日期", "object": "9,831.62万元", "subject": "2015年度", "subject_index": {"begin": 21, "end": 27}, "object_index": {"begin": 77, "end": 87}}]}
{"text": "2016年，销售费用较2015年上升了283.16万元，增幅4.13%，主要变动项目分析如下", "spo_list": [{"predicate": "销售费用", "object_type": "金额", "subject_type": "日期", "object": "283.16万元", "subject": "2016年", "subject_index": {"begin": 0, "end": 5}, "object_index": {"begin": 19, "end": 27}}]}
{"text": "2017年，销售费用较2016年上升了554.34万元，增幅7.77%，主要变动项目分析如下：", "spo_list": [{"predicate": "销售费用", "object_type": "金额", "subject_type": "日期", "object": "554.34万元", "subject": "2017年", "subject_index": {"begin": 0, "end": 5}, "object_index": {"begin": 19, "end": 27}}]}
{"text": "2018年1-6月，销售费用较上年同期增长81.12万元，增幅1.86%，整体较为稳定，各明细项目亦无明显波动，符合发行人经营实际", "spo_list": [{"predicate": "销售费用", "object_type": "金额", "subject_type": "日期", "object": "81.12万元", "subject": "2018年1-6月", "subject_index": {"begin": 0, "end": 9}, "object_index": {"begin": 21, "end": 28}}]}
{"text": "2018年1-6月各期发生的运输费分别为1,638.15万元、1,784.24万元、1,915.60万元和972.95万元，占营业收入的比例分别为1.68%、1.75%、1.52%和1.21%，运输费单价受到运程长短、产品包装的类型、内销或外销等因素影响，整体来看，报告期内运输费随着营业收入的增长而增加，呈现出较好的匹配性。", "spo_list": [{"predicate": "其他成本", "object_type": "金额", "subject_type": "日期", "object": "1,638.15万元", "subject": "2018年1-6月", "subject_index": {"begin": 0, "end": 9}, "object_index": {"begin": 20, "end": 30}}, {"predicate": "其他成本", "object_type": "金额", "subject_type": "日期", "object": "1,784.24万元", "subject": "2018年1-6月", "subject_index": {"begin": 0, "end": 9}, "object_index": {"begin": 31, "end": 41}}, {"predicate": "其他成本", "object_type": "金额", "subject_type": "日期", "object": "1,915.60万元", "subject": "2018年1-6月", "subject_index": {"begin": 0, "end": 9}, "object_index": {"begin": 42, "end": 52}}, {"predicate": "其他成本", "object_type": "金额", "subject_type": "日期", "object": "972.95万元", "subject": "2018年1-6月", "subject_index": {"begin": 0, "end": 9}, "object_index": {"begin": 53, "end": 61}}]}
{"text": "2016年，管理费用较2015年降低了844.27万元，降幅9.43%，主要变动项目分析如下研究开发费上升381.38万元折旧与摊销费上升142.28万元，研究开发费下降287.47万元，", "spo_list": [{"predicate": "管理费用", "object_type": "金额", "subject_type": "日期", "object": "844.27万元", "subject": "2016年", "subject_index": {"begin": 0, "end": 5}, "object_index": {"begin": 19, "end": 27}}]}
{"text": "2018年1-6月，管理费用较上年同期增长1,064.14万元，增幅27.98%，主要变动项目分析如下：A、管理人员薪酬增加231.84万元，B、研究开发费增加649.13万元，增", "spo_list": [{"predicate": "管理费用", "object_type": "金额", "subject_type": "日期", "object": "1,064.14万元", "subject": "2018年1-6月", "subject_index": {"begin": 0, "end": 9}, "object_index": {"begin": 21, "end": 31}}]}
{"text": "，2015年度，坏账损失较高主要是由于当年对盐城市东鹏酒店投资有限公司的租赁款381.95万元全额计提了坏账准备（已胜诉，但预计难以收回），", "spo_list": [{"predicate": "坏账准备", "object_type": "金额", "subject_type": "日期", "object": "381.95万元", "subject": "2015年度", "subject_index": {"begin": 1, "end": 7}, "object_index": {"begin": 39, "end": 47}}]}
{"text": "2018年1-6月2017年度2016年度2015年度公司营业外收入分别为1,478.20万元、1,116.27万元、42.99万元和193.05万元，占营业收入的比例分别为1.51%、1.10%、0.03%和0.24%，发行人对营业外收入不存在依赖。2017年公司营业外收入降幅较大系因会计科目重分类所致。根", "spo_list": [{"predicate": "营业外收入", "object_type": "金额", "subject_type": "日期", "object": "1,478.20万元", "subject": "2018年1-6月", "subject_index": {"begin": 0, "end": 9}, "object_index": {"begin": 37, "end": 47}}, {"predicate": "营业外收入", "object_type": "金额", "subject_type": "日期", "object": "1,116.27万元", "subject": "2017年度", "subject_index": {"begin": 9, "end": 15}, "object_index": {"begin": 48, "end": 58}}, {"predicate": "营业外收入", "object_type": "金额", "subject_type": "日期", "object": "42.99万元", "subject": "2016年度", "subject_index": {"begin": 15, "end": 21}, "object_index": {"begin": 59, "end": 66}}, {"predicate": "营业外收入", "object_type": "金额", "subject_type": "日期", "object": "193.05万元", "subject": "2015年度", "subject_index": {"begin": 21, "end": 27}, "object_index": {"begin": 67, "end": 75}}]}
{"text": "2018年1-6月2017年度2016年度2015年度，公司管理费用分别为8,952.11万元、8,107.85万元、8,271.93万元和4,867.46万元，占营业收入的比例分别为9.16%、7.96%、6.57%和6.07%。2015年管理费用较高，主要是为进一步降低安全隐患，公司于当期大规模开展设备检修及更换，使得当期维修费支出同比增加606.22万元；也是由于2015年大规模开展设备检修及更换，2016年维修费支出同比减少959.65万元，使得当期管理费用同比减少844.26万元。2017年管理费用率下降主要是当期营业收入增幅较大，高于管理费用增幅。", "spo_list": [{"predicate": "管理费用", "object_type": "金额", "subject_type": "日期", "object": "8,952.11万元", "subject": "2018年1-6月", "subject_index": {"begin": 0, "end": 9}, "object_index": {"begin": 37, "end": 47}}, {"predicate": "管理费用", "object_type": "金额", "subject_type": "日期", "object": "8,107.85万元", "subject": "2017年度", "subject_index": {"begin": 9, "end": 15}, "object_index": {"begin": 48, "end": 58}}, {"predicate": "管理费用", "object_type": "金额", "subject_type": "日期", "object": "8,271.93万元", "subject": "2016年度", "subject_index": {"begin": 15, "end": 21}, "object_index": {"begin": 59, "end": 69}}, {"predicate": "管理费用", "object_type": "金额", "subject_type": "日期", "object": "4,867.46万元", "subject": "2015年度", "subject_index": {"begin": 21, "end": 27}, "object_index": {"begin": 70, "end": 80}}]}
{"text": "2018年1-6月2017年度2016年度2015年度公司筹资活动产生的现金流量净额分别为461.61万元、596.61万、-1,868.94万元和-1,709.34万元。", "spo_list": [{"predicate": "公司筹资活动产生的现金流量净额", "object_type": "金额", "subject_type": "日期", "object": "461.61万元", "subject": "2018年1-6月", "subject_index": {"begin": 0, "end": 9}, "object_index": {"begin": 45, "end": 53}}, {"predicate": "公司筹资活动产生的现金流量净额", "object_type": "金额", "subject_type": "日期", "object": "596.61万", "subject": "2017年度", "subject_index": {"begin": 9, "end": 15}, "object_index": {"begin": 54, "end": 61}}, {"predicate": "公司筹资活动产生的现金流量净额", "object_type": "金额", "subject_type": "日期", "object": "-1,868.94万元", "subject": "2016年度", "subject_index": {"begin": 15, "end": 21}, "object_index": {"begin": 62, "end": 73}}, {"predicate": "公司筹资活动产生的现金流量净额", "object_type": "金额", "subject_type": "日期", "object": "-1,709.34万元", "subject": "2015年度", "subject_index": {"begin": 21, "end": 27}, "object_index": {"begin": 74, "end": 85}}]}
{"text": "2016年7月1日起禁止在国内使用，公司最终销售为出口，销售合规，报告期各期销售收入分别为176.89万元、50.52万元、2,119.91万元和19.80万元，2017年增幅较大，主要是国外需求相对旺盛。", "spo_list": [{"predicate": "其他收入", "object_type": "金额", "subject_type": "日期", "object": "176.89万元", "subject": "2016年7月1日", "subject_index": {"begin": 0, "end": 9}, "object_index": {"begin": 45, "end": 53}}, {"predicate": "其他收入", "object_type": "金额", "subject_type": "日期", "object": "50.52万元", "subject": "2016年7月1日", "subject_index": {"begin": 0, "end": 9}, "object_index": {"begin": 54, "end": 61}}, {"predicate": "其他收入", "object_type": "金额", "subject_type": "日期", "object": "2,119.91万元", "subject": "2016年7月1日", "subject_index": {"begin": 0, "end": 9}, "object_index": {"begin": 62, "end": 72}}, {"predicate": "其他收入", "object_type": "金额", "subject_type": "日期", "object": "19.80万元", "subject": "2016年7月1日", "subject_index": {"begin": 0, "end": 9}, "object_index": {"begin": 73, "end": 80}}]}
{"text": "2016年度、2017年度及2018年1-6月，公司向关联方立强物资独家采购部分原辅材料，主要为规格分别为208L和200L的铁桶，报告期内累计采购金额分别为704.54万元、685.94万元、909.92万元和355.53万元，", "spo_list": [{"predicate": "其他成本", "object_type": "金额", "subject_type": "日期", "object": "355.53万元", "subject": "2018年1-6月", "subject_index": {"begin": 14, "end": 23}, "object_index": {"begin": 106, "end": 114}}, {"predicate": "其他成本", "object_type": "金额", "subject_type": "日期", "object": "909.92万元", "subject": "2017年度", "subject_index": {"begin": 7, "end": 13}, "object_index": {"begin": 97, "end": 105}}, {"predicate": "其他成本", "object_type": "金额", "subject_type": "日期", "object": "685.94万元", "subject": "2016年度", "subject_index": {"begin": 0, "end": 6}, "object_index": {"begin": 88, "end": 96}}]}
{"text": "2016年、2017年及2018年1-6月，发行人向该公司采购部分原药产品，采购金额分别为98.04万元、191.84万元和34.84万元，占当期原辅材料采购总额的比例分别为0.14%、0.21%和0.08%，占比较低。", "spo_list": [{"predicate": "其他成本", "object_type": "金额", "subject_type": "日期", "object": "34.84万元", "subject": "2018年1-6月", "subject_index": {"begin": 12, "end": 21}, "object_index": {"begin": 62, "end": 69}}, {"predicate": "其他成本", "object_type": "金额", "subject_type": "日期", "object": "191.84万元", "subject": "2017年", "subject_index": {"begin": 6, "end": 11}, "object_index": {"begin": 53, "end": 61}}, {"predicate": "其他成本", "object_type": "金额", "subject_type": "日期", "object": "98.04万元", "subject": "2016年", "subject_index": {"begin": 0, "end": 5}, "object_index": {"begin": 45, "end": 52}}]}
{"text": "2015年1月14日公司盈余公积的余额分别为846.60万元、1,638.01万元、2,660.30万元和2,660.30万元，保持稳定增长。", "spo_list": [{"predicate": "盈余公积", "object_type": "金额", "subject_type": "日期", "object": "846.60万元", "subject": "2015年1月14日", "subject_index": {"begin": 0, "end": 10}, "object_index": {"begin": 22, "end": 30}}, {"predicate": "盈余公积", "object_type": "金额", "subject_type": "日期", "object": "1,638.01万元", "subject": "2015年1月14日", "subject_index": {"begin": 0, "end": 10}, "object_index": {"begin": 31, "end": 41}}, {"predicate": "盈余公积", "object_type": "金额", "subject_type": "日期", "object": "2,660.30万元", "subject": "2015年1月14日", "subject_index": {"begin": 0, "end": 10}, "object_index": {"begin": 42, "end": 52}}, {"predicate": "盈余公积", "object_type": "金额", "subject_type": "日期", "object": "2,660.30万元", "subject": "2015年1月14日", "subject_index": {"begin": 0, "end": 10}, "object_index": {"begin": 53, "end": 63}}]}
{"text": "经江苏华信评估，大丰荣盛于评估基准日（2015年5月31日）的全部资产账面值为635.13万元，评估值为1,164.02万元，增值528.89万元，增值率为83.27%；全部负债账面值为577.19万元，评估值为577.19万元，评估无增减值；净资产账面值为57.94万元，评估值为586.83万元，增值528.89万元，增值率为912.82%。大丰荣盛评估增值项主要为固定资产和无形资产，具体评估情况如下", "spo_list": [{"predicate": "净资产评估值", "object_type": "金额", "subject_type": "日期", "object": "1,164.02万元", "subject": "2015年5月31日", "subject_index": {"begin": 19, "end": 29}, "object_index": {"begin": 52, "end": 62}}, {"predicate": "净资产评估值", "object_type": "金额", "subject_type": "日期", "object": "577.19万元", "subject": "2015年5月31日", "subject_index": {"begin": 19, "end": 29}, "object_index": {"begin": 106, "end": 114}}, {"predicate": "净资产账面价值", "object_type": "金额", "subject_type": "日期", "object": "635.13万元", "subject": "2015年5月31日", "subject_index": {"begin": 19, "end": 29}, "object_index": {"begin": 39, "end": 47}}, {"predicate": "净资产账面价值", "object_type": "金额", "subject_type": "日期", "object": "57.94万元", "subject": "2015年5月31日", "subject_index": {"begin": 19, "end": 29}, "object_index": {"begin": 129, "end": 136}}, {"predicate": "净资产评估值", "object_type": "金额", "subject_type": "日期", "object": "528.89万元", "subject": "2015年5月31日", "subject_index": {"begin": 19, "end": 29}, "object_index": {"begin": 65, "end": 73}}, {"predicate": "净资产评估值", "object_type": "金额", "subject_type": "日期", "object": "586.83万元", "subject": "2015年5月31日", "subject_index": {"begin": 19, "end": 29}, "object_index": {"begin": 141, "end": 149}}, {"predicate": "净资产评估值", "object_type": "金额", "subject_type": "日期", "object": "528.89万元", "subject": "2015年5月31日", "subject_index": {"begin": 19, "end": 29}, "object_index": {"begin": 152, "end": 160}}]}
{"text": "2018年6月末2017年末2016年末2015年末，公司坏账准备分别为1,503.89万元、1,609.42万元、1,605.81万元和2,688.64万元，金额较为稳定。公", "spo_list": [{"predicate": "坏账准备", "object_type": "金额", "subject_type": "日期", "object": "1,503.89万元", "subject": "2018年6月末", "subject_index": {"begin": 0, "end": 8}, "object_index": {"begin": 36, "end": 46}}, {"predicate": "坏账准备", "object_type": "金额", "subject_type": "日期", "object": "1,609.42万元", "subject": "2017年末", "subject_index": {"begin": 8, "end": 14}, "object_index": {"begin": 47, "end": 57}}, {"predicate": "坏账准备", "object_type": "金额", "subject_type": "日期", "object": "1,605.81万元", "subject": "2016年末", "subject_index": {"begin": 14, "end": 20}, "object_index": {"begin": 58, "end": 68}}, {"predicate": "坏账准备", "object_type": "金额", "subject_type": "日期", "object": "2,688.64万元", "subject": "2015年末", "subject_index": {"begin": 20, "end": 26}, "object_index": {"begin": 69, "end": 79}}]}
{"text": "从毛利情况看，2015年至2017年上半年毛利额占全年比例分别为67.90%、55.38%和50.42%，三年平均为57.90%，整体略高于下半年；2017年由于环保持续高压，供给端短缺，农药平均价格涨幅较大，2017年上半年毛利额同比增加2,065.75万元，增幅为16.12%，2017年下半年农药行情持续向好，使得2017年全年毛利同比增加6,372.16万元，进而使得2017年盈利水平显著提升。2018年1-6月环保高压持续，农药供给紧张态势延续，发行人毛利额同比增加5,909.92万元，增幅39.72%。", "spo_list": [{"predicate": "毛利额", "object_type": "金额", "subject_type": "日期", "object": "2,065.75万元", "subject": "2017年", "subject_index": {"begin": 105, "end": 110}, "object_index": {"begin": 120, "end": 130}}, {"predicate": "毛利额", "object_type": "金额", "subject_type": "日期", "object": "6,372.16万元", "subject": "2017年", "subject_index": {"begin": 141, "end": 146}, "object_index": {"begin": 173, "end": 183}}, {"predicate": "毛利额", "object_type": "金额", "subject_type": "日期", "object": "5,909.92万元", "subject": "2018年1-6月", "subject_index": {"begin": 202, "end": 211}, "object_index": {"begin": 239, "end": 249}}]}
{"text": "2018年1-6月2017年度2016年度2015年度公司销售费用分别为6,852.30万元、7,135.45万元、7,689.79万元和4,440.01万元，占营业收入的比例分别为7.01%、7.00%、6.11%和5.54%，2017年和2018年1-6月销售费用率下降主要是当期营业收入增幅较大，高于销售费用增幅。从销售费用构成上来看，主要是销售人员薪酬、运输费和业务推广费。", "spo_list": [{"predicate": "销售费用", "object_type": "金额", "subject_type": "日期", "object": "4,440.01万元", "subject": "2015年度", "subject_index": {"begin": 21, "end": 27}, "object_index": {"begin": 69, "end": 79}}, {"predicate": "销售费用", "object_type": "金额", "subject_type": "日期", "object": "7,689.79万元", "subject": "2016年度", "subject_index": {"begin": 15, "end": 21}, "object_index": {"begin": 58, "end": 68}}, {"predicate": "销售费用", "object_type": "金额", "subject_type": "日期", "object": "7,135.45万元", "subject": "2017年度", "subject_index": {"begin": 9, "end": 15}, "object_index": {"begin": 47, "end": 57}}, {"predicate": "销售费用", "object_type": "金额", "subject_type": "日期", "object": "6,852.30万元", "subject": "2018年1-6月", "subject_index": {"begin": 0, "end": 9}, "object_index": {"begin": 36, "end": 46}}]}
{"text": "2018年1-6月2017年度2016年度2015年度公司管理费用分别为8,952.11万元、8,107.85万元、8,271.93万元和4,867.46万元，占营业收入的比例分别为9.16%、7.96%、6.57%和6.07%。从管理费用构成上来看，主要包括研究开发费、维修费和管理人员薪酬等。", "spo_list": [{"predicate": "管理费用", "object_type": "金额", "subject_type": "日期", "object": "4,867.46万元", "subject": "2015年度", "subject_index": {"begin": 21, "end": 27}, "object_index": {"begin": 69, "end": 79}}, {"predicate": "管理费用", "object_type": "金额", "subject_type": "日期", "object": "8,271.93万元", "subject": "2016年度", "subject_index": {"begin": 15, "end": 21}, "object_index": {"begin": 58, "end": 68}}, {"predicate": "管理费用", "object_type": "金额", "subject_type": "日期", "object": "8,107.85万元", "subject": "2017年度", "subject_index": {"begin": 9, "end": 15}, "object_index": {"begin": 47, "end": 57}}, {"predicate": "管理费用", "object_type": "金额", "subject_type": "日期", "object": "8,952.11万元", "subject": "2018年1-6月", "subject_index": {"begin": 0, "end": 9}, "object_index": {"begin": 36, "end": 46}}]}
{"text": "2015年发行人收购大丰荣盛，收购价以评估基准日（2015年5月31日）的评估价为参考经双方协商确定为587.00万元，合并日（2015年9月30日）时受土地评估增值产生的递延所得税负债以及评估基准日与合并日之间的折旧摊销影响，合并日公允价值为438.85万元，因此公司确定商誉148.15万元；2015年末，经测试，发行人对商誉全额计提减值准备", "spo_list": [{"predicate": "公允价值变动损益", "object_type": "金额", "subject_type": "日期", "object": "438.85万元", "subject": "2015年5月31日", "subject_index": {"begin": 25, "end": 35}, "object_index": {"begin": 122, "end": 130}}]}
{"text": "2018年1-6月2017年度2016年度2015年度公司销售费用分别为6,852.30万元、7,135.45万元、7,689.79万元和4,440.01万元，占营业收入的比例分别为7.01%、7.00%、6.11%和5.54%，2017年销售费用率下降主要是当期营业收入增幅较大，高于销售费用增幅。", "spo_list": [{"predicate": "销售费用", "object_type": "金额", "subject_type": "日期", "object": "4,440.01万元", "subject": "2015年度", "subject_index": {"begin": 21, "end": 27}, "object_index": {"begin": 69, "end": 79}}, {"predicate": "销售费用", "object_type": "金额", "subject_type": "日期", "object": "7,689.79万元", "subject": "2016年度", "subject_index": {"begin": 15, "end": 21}, "object_index": {"begin": 58, "end": 68}}, {"predicate": "销售费用", "object_type": "金额", "subject_type": "日期", "object": "7,135.45万元", "subject": "2017年度", "subject_index": {"begin": 9, "end": 15}, "object_index": {"begin": 47, "end": 57}}, {"predicate": "销售费用", "object_type": "金额", "subject_type": "日期", "object": "6,852.30万元", "subject": "2018年1-6月", "subject_index": {"begin": 0, "end": 9}, "object_index": {"begin": 36, "end": 46}}]}
{"text": "2018年1-6月2017年度2016年度2015年度公司投资活动产生的现金流量净额分别为-6,778.95万元、-6,320.09万元、-5,863.13万元和-5,802.36万元。报告期内，公司为扩大生产规模和改善办公环境，固定资产和无形资产的投资较大，因此公司投资活动产生的", "spo_list": [{"predicate": "公司投资活动产生的现金流量净额", "object_type": "金额", "subject_type": "日期", "object": "-5,802.36万元", "subject": "2015年度", "subject_index": {"begin": 21, "end": 27}, "object_index": {"begin": 81, "end": 92}}, {"predicate": "公司投资活动产生的现金流量净额", "object_type": "金额", "subject_type": "日期", "object": "-5,863.13万元", "subject": "2016年度", "subject_index": {"begin": 15, "end": 21}, "object_index": {"begin": 69, "end": 80}}, {"predicate": "公司投资活动产生的现金流量净额", "object_type": "金额", "subject_type": "日期", "object": "-6,320.09万元", "subject": "2017年度", "subject_index": {"begin": 9, "end": 15}, "object_index": {"begin": 57, "end": 68}}, {"predicate": "公司投资活动产生的现金流量净额", "object_type": "金额", "subject_type": "日期", "object": "-6,778.95万元", "subject": "2018年1-6月", "subject_index": {"begin": 0, "end": 9}, "object_index": {"begin": 45, "end": 56}}]}
{"text": "2018年1-6月2017年度2016年度2015年度本公司应收账款的周转率分别为12.51次、9.81次、10.17次和3.51次，应收账", "spo_list": [{"predicate": "应收账款周转率", "object_type": "日期", "subject_type": "比率", "object": "2015年度", "subject": "3.51次", "subject_index": {"begin": 61, "end": 66}, "object_index": {"begin": 21, "end": 27}}, {"predicate": "应收账款周转率", "object_type": "日期", "subject_type": "比率", "object": "2016年度", "subject": "10.17次", "subject_index": {"begin": 54, "end": 60}, "object_index": {"begin": 15, "end": 21}}, {"predicate": "应收账款周转率", "object_type": "日期", "subject_type": "比率", "object": "2017年度", "subject": "、9.81次", "subject_index": {"begin": 47, "end": 53}, "object_index": {"begin": 9, "end": 15}}, {"predicate": "应收账款周转率", "object_type": "日期", "subject_type": "比率", "object": "2018年1-6月", "subject": "12.51次", "subject_index": {"begin": 41, "end": 47}, "object_index": {"begin": 0, "end": 9}}]}
