{"text": "本公司租用风帆不锈钢制品有限公司车辆，2001年、2002年及2003年支付租赁费分别为75,000元、69,420元、48,008元", "spo_list": [{"predicate": "其他成本", "object_type": "金额", "subject_type": "日期", "object": "75,000元", "subject": "2001年", "subject_index": {"begin": 19, "end": 24}, "object_index": {"begin": 44, "end": 51}}, {"predicate": "其他成本", "object_type": "金额", "subject_type": "日期", "object": "69,420元", "subject": "2002年", "subject_index": {"begin": 25, "end": 30}, "object_index": {"begin": 52, "end": 59}}, {"predicate": "其他成本", "object_type": "金额", "subject_type": "日期", "object": "48,008元", "subject": "2003年", "subject_index": {"begin": 31, "end": 36}, "object_index": {"begin": 60, "end": 67}}]}
{"text": "2003年12月31日及2002年12月31日，公司其他应收款净额分别为2,188.42万元、2,325.34万元，分别占当年（期）流动资产的4.29%和5.21%。", "spo_list": [{"predicate": "应收账款净额", "object_type": "金额", "subject_type": "日期", "object": "2,188.42万元", "subject": "2003年12月31日", "subject_index": {"begin": 0, "end": 11}, "object_index": {"begin": 36, "end": 46}}, {"predicate": "应收账款净额", "object_type": "金额", "subject_type": "日期", "object": "2,325.34万元", "subject": "2002年12月31日", "subject_index": {"begin": 12, "end": 23}, "object_index": {"begin": 47, "end": 57}}]}
{"text": "2003年12月31日及2002年12月31日,公司坏账准备余额分别为1,559.93万元、1,806.40万元，应收款项坏账准备的计提比例如下：账龄1年以内计提5％；1－2年计提10％；2－3年计提20％；3年以上计提30％。", "spo_list": [{"predicate": "坏账准备", "object_type": "金额", "subject_type": "日期", "object": "1,559.93万元", "subject": "2003年12月31日", "subject_index": {"begin": 0, "end": 11}, "object_index": {"begin": 35, "end": 45}}, {"predicate": "坏账准备", "object_type": "金额", "subject_type": "日期", "object": "1,806.40万元", "subject": "2002年12月31日", "subject_index": {"begin": 12, "end": 23}, "object_index": {"begin": 46, "end": 56}}]}
{"text": "公司2003年现金及现金等价物净增加额为－1,053.7万元。其中经营活动产生的现金流量净额为671.09万元，投资活动产生的现金流量净额－10,562.65万元，筹资活动产生的现金流量净额为8,844.92万元。", "spo_list": [{"predicate": "公司筹资活动产生的现金流量净额", "object_type": "金额", "subject_type": "日期", "object": "8,844.92万元", "subject": "2003年", "subject_index": {"begin": 2, "end": 7}, "object_index": {"begin": 96, "end": 106}}]}
{"text": "2003年度投资活动产生的现金流量净额为－10,562.65万元，主要是因为公司为抓住市场机遇，利用自有资金对募集资金投资项目进行了前期投入。2003年投入新型免维护起动用蓄电池项目6,638.45万元，清苑高性能蓄电池极板改造项目投入4,203.8万元，上述项目的投入为公司长远发展提供了后劲", "spo_list": [{"predicate": "公司投资活动产生的现金流量净额", "object_type": "金额", "subject_type": "日期", "object": "－10,562.65万元", "subject": "2003年度", "subject_index": {"begin": 0, "end": 6}, "object_index": {"begin": 20, "end": 32}}]}
{"text": "2003年12月31日公司成立前进行了资产评估，并按评估结果进行了调账，其中：流动资产调增726,339.16元，长期股权投资调增17,690,716.61元，固定资产调增1,377,555.57元，无形资产及其他资产调增772,886.44元，流动负债调增149,139.55元，净资产调增20,418,358.23元。", "spo_list": [{"predicate": "流动资产", "object_type": "金额", "subject_type": "日期", "object": "726,339.16元", "subject": "2003年12月31日", "subject_index": {"begin": 0, "end": 11}, "object_index": {"begin": 45, "end": 56}}, {"predicate": "无形资产", "object_type": "金额", "subject_type": "日期", "object": "772,886.44元", "subject": "2003年12月31日", "subject_index": {"begin": 0, "end": 11}, "object_index": {"begin": 111, "end": 122}}, {"predicate": "流动负债", "object_type": "金额", "subject_type": "日期", "object": "149,139.55元", "subject": "2003年12月31日", "subject_index": {"begin": 0, "end": 11}, "object_index": {"begin": 129, "end": 140}}]}
{"text": "公司2003年现金及现金等价物净增加额为-1,053.07万元：经营活动产生的现金流量净额为671.09万元，投资活动产生的现金流量净额为-10,562.65万元，筹资活动产生的现金流量净额为8,844.92万元。2003年，公司经营活动产生的现金流量净额较2002年有所下降，原因主要是：2003年库存增加约4,010万元，主要是原材料价格上调及生产能力扩大，使库存成本增加，以及公司加大了预付款的力度。", "spo_list": [{"predicate": "公司投资活动产生的现金流量净额", "object_type": "金额", "subject_type": "日期", "object": "-10,562.65万元", "subject": "2003年", "subject_index": {"begin": 2, "end": 7}, "object_index": {"begin": 69, "end": 81}}, {"predicate": "公司筹资活动产生的现金流量净额", "object_type": "金额", "subject_type": "日期", "object": "8,844.92万元", "subject": "2003年", "subject_index": {"begin": 2, "end": 7}, "object_index": {"begin": 96, "end": 106}}]}
{"text": "1、2001年3月7日召开的2001年度股东大会(实为“2000年度股东大会”)通过《2000年利润分配方案》。经河北华安会计师事务所审计，2000年公司实现税后净利润34,806,115.35元，扣除年初未分配利润-1,770,824.79元，可供分配的利润为33,035,290.56元。公司向股东分配的利润为18,861,144.51元；", "spo_list": [{"predicate": "未分配利润", "object_type": "金额", "subject_type": "日期", "object": "-1,770,824.79元", "subject": "2001年3月7日", "subject_index": {"begin": 2, "end": 11}, "object_index": {"begin": 108, "end": 122}}]}
{"text": "截止2003年12月31日，金风帆公司资产的帐面价值58,290.28万元，调整后帐面价值58,290.28万元，评估值60,933.65万元，增值额2,643.36万元，增值率4.53％；负债的帐面价值32,991.79万元，调整后的帐面价值32,991.79万元，评估值32,991.79万元，评估值与调整后帐面价值一致；净资产的帐面价值25,298.50万元，调整后帐面值25,298.50万元，评估值27,941.86万元，增值额2,643.36万元，增值率10.45％。", "spo_list": [{"predicate": "净资产评估值", "object_type": "金额", "subject_type": "日期", "object": "27,941.86万元", "subject": "2003年12月31日", "subject_index": {"begin": 2, "end": 13}, "object_index": {"begin": 204, "end": 215}}]}
{"text": "2003年投资收益的构成为：（1）股权投资差额摊销为-2,155,872.00元；（2）金风帆投资收益为386,376.56元（上海两家子公司2003年报表已经上海佳华会计师事务所审计）", "spo_list": [{"predicate": "息税折旧摊销前利润", "object_type": "金额", "subject_type": "日期", "object": "-2,155,872.00元", "subject": "2003年", "subject_index": {"begin": 0, "end": 5}, "object_index": {"begin": 26, "end": 40}}, {"predicate": "投资收益", "object_type": "金额", "subject_type": "日期", "object": "386,376.56元", "subject": "2003年", "subject_index": {"begin": 0, "end": 5}, "object_index": {"begin": 52, "end": 63}}]}
{"text": "2003年12月31日及2002年12月31日,公司预付账款余额分别为2,910.04万元和1,293.81万元，分别占当年（期）流动资产的5.7%和2.90%。其中，账龄超过一年的预付账款系本公司对外采购结算的尾款。", "spo_list": [{"predicate": "预付款项", "object_type": "金额", "subject_type": "日期", "object": "1,293.81万元", "subject": "2002年12月31日", "subject_index": {"begin": 12, "end": 23}, "object_index": {"begin": 46, "end": 56}}, {"predicate": "预付款项", "object_type": "金额", "subject_type": "日期", "object": "2,910.04万元", "subject": "2003年12月31日", "subject_index": {"begin": 0, "end": 11}, "object_index": {"begin": 35, "end": 45}}]}
{"text": "2003年度，公司经营活动产生的现金流量净额较2002年有所下降,主要因为：（1）2003年原材料价格上调及生产能力扩大导致库存增加约4,010万元,占用了流动资金；（2）2003年公司主要原材料涨价，为获得较低价格的原材料，公司加大了预付款的力度，预付账款比2002年增加1,616.2万元。", "spo_list": [{"predicate": "预付款项", "object_type": "金额", "subject_type": "日期", "object": "1,616.2万元", "subject": "2003年", "subject_index": {"begin": 86, "end": 91}, "object_index": {"begin": 137, "end": 146}}]}
{"text": "2003年12月31日上述会计政策之变更已采用追溯调整法进行了调整,并相应调整了2000年度、2001年度会计报表。因会计政策变更影响的留存收益累计数为5,662,675.72元,其中坏账准备影响数为4,975,829.40元；累计折旧影响数为686,846.32元。相应调减了2002年初留存收益3,914,181.52元,调减了2001年初留存收益1,827,701.40元,调减了2001年度净利润2,208,190.65元,调减2000年度净利润4,863,319.16元。", "spo_list": [{"predicate": "投资收益", "object_type": "金额", "subject_type": "日期", "object": "5,662,675.72元,", "subject": "2003年12月31日", "subject_index": {"begin": 0, "end": 11}, "object_index": {"begin": 76, "end": 90}}, {"predicate": "坏账准备", "object_type": "金额", "subject_type": "日期", "object": "4,975,829.40元", "subject": "2003年12月31日", "subject_index": {"begin": 0, "end": 11}, "object_index": {"begin": 100, "end": 113}}, {"predicate": "投资收益", "object_type": "金额", "subject_type": "日期", "object": "3,914,181.52元", "subject": "2002年", "subject_index": {"begin": 139, "end": 144}, "object_index": {"begin": 149, "end": 162}}, {"predicate": "投资收益", "object_type": "金额", "subject_type": "日期", "object": "1,827,701.40元", "subject": "2002年", "subject_index": {"begin": 139, "end": 144}, "object_index": {"begin": 176, "end": 189}}, {"predicate": "息税折旧摊销前利润", "object_type": "金额", "subject_type": "日期", "object": "686,846.32元", "subject": "2003年12月31日", "subject_index": {"begin": 0, "end": 11}, "object_index": {"begin": 122, "end": 133}}]}
