{"text": "1999年3月13日，长沙市清产核资领导小组办公室出具长清办函字[1999]105号《城镇集体清产核资企业产权证明》，确认长沙保建制药厂实收资本为1,617,710元，全部为集体资本。1999年12月6日，长沙资产评估事务所出具长资评报字(1999)第46号《长沙保健制药厂资产评估报告书》确认：截至1999年10月31日，长沙保健制药厂的净资产评估值为1,132,105.13元，增值率-56.99%。", "spo_list": [{"predicate": "净资产评估值", "object_type": "金额", "subject_type": "日期", "object": "1,132,105.13元", "subject": "1999年10月31日", "subject_index": {"begin": 150, "end": 161}, "object_index": {"begin": 177, "end": 190}}]}
{"text": "报告期内，各期末流动资产余额分别为17,257.14万元、17,972.50万元、23,650.51万元和23,266.76万元。2012年末、2013年末流动资产分别较上期末增长4.15%、31.59%，2014年6月末流动资产较上期末下降1.62%。", "spo_list": [{"predicate": "流动资产", "object_type": "金额", "subject_type": "日期", "object": "17,257.14万元", "subject": "报告期内", "subject_index": {"begin": 0, "end": 4}, "object_index": {"begin": 17, "end": 28}}, {"predicate": "流动资产", "object_type": "金额", "subject_type": "日期", "object": "17,972.50万元", "subject": "报告期内", "subject_index": {"begin": 0, "end": 4}, "object_index": {"begin": 29, "end": 40}}, {"predicate": "流动资产", "object_type": "金额", "subject_type": "日期", "object": "23,650.51万元", "subject": "报告期内", "subject_index": {"begin": 0, "end": 4}, "object_index": {"begin": 41, "end": 52}}, {"predicate": "流动资产", "object_type": "金额", "subject_type": "日期", "object": "23,266.76万元", "subject": "报告期内", "subject_index": {"begin": 0, "end": 4}, "object_index": {"begin": 53, "end": 64}}]}
{"text": "应收账款变动分析2012年末较上年末增加35.34万元，增长12.53%，低于营业收入增长幅度。", "spo_list": [{"predicate": "应收票据", "object_type": "金额", "subject_type": "日期", "object": "35.34万元", "subject": "2012年末", "subject_index": {"begin": 8, "end": 14}, "object_index": {"begin": 20, "end": 27}}]}
{"text": "应收账款变动分析2014年6月底较上年末增加395.53万元，大幅增长160.34%，主要因为公司2014年初对部分优质客户进行了授信，该类授信期限截止到年末，故年中仍在授信范围内未回款。", "spo_list": [{"predicate": "应收账款净额", "object_type": "金额", "subject_type": "日期", "object": "395.53万元", "subject": "2014年6月底", "subject_index": {"begin": 8, "end": 16}, "object_index": {"begin": 22, "end": 30}}]}
{"text": "2014年6月末，一年以内的应收账款为632.61万元，占应收账款总额的98.51%。", "spo_list": [{"predicate": "应收账款净额", "object_type": "金额", "subject_type": "日期", "object": "632.61万元", "subject": "2014年6月末", "subject_index": {"begin": 0, "end": 8}, "object_index": {"begin": 19, "end": 27}}]}
{"text": "2014年6月30日2013年12月31日2012年12月31日2011年12月31日报告期内，其他应收账款余额分别为209.08万元、258.67万元、160.59万元和169.80万元，坏账准备分别为25.86万元、57.13万元、28.48万元和41.57万元。", "spo_list": [{"predicate": "坏账准备", "object_type": "金额", "subject_type": "日期", "object": "25.86万元", "subject": "2014年6月30日", "subject_index": {"begin": 0, "end": 10}, "object_index": {"begin": 102, "end": 109}}, {"predicate": "坏账准备", "object_type": "金额", "subject_type": "日期", "object": "57.13万元", "subject": "2013年12月31日", "subject_index": {"begin": 10, "end": 21}, "object_index": {"begin": 110, "end": 117}}, {"predicate": "坏账准备", "object_type": "金额", "subject_type": "日期", "object": "28.48万元", "subject": "2012年12月31日", "subject_index": {"begin": 21, "end": 32}, "object_index": {"begin": 118, "end": 125}}, {"predicate": "坏账准备", "object_type": "金额", "subject_type": "日期", "object": "41.57万元", "subject": "2011年12月31日", "subject_index": {"begin": 32, "end": 43}, "object_index": {"begin": 126, "end": 133}}]}
{"text": "2013年末，预付账款余额较2012年末减少3,307.92万元，下降88.87%，主要系公司2013年末签订三七总皂苷购销合同金额较小，相应预付账款规模较小所致。", "spo_list": [{"predicate": "预付款项", "object_type": "金额", "subject_type": "日期", "object": "3,307.92万元", "subject": "2013年末", "subject_index": {"begin": 0, "end": 6}, "object_index": {"begin": 22, "end": 32}}]}
{"text": "2014年6月30日2013年12月31日2012年12月31日2011年12月31日报告期内，公司递延所得税资产分别为7.90万元、4.61万元、10.85万元和17.27万元。", "spo_list": [{"predicate": "递延所得税资产", "object_type": "金额", "subject_type": "日期", "object": "7.90万元", "subject": "2014年6月30日", "subject_index": {"begin": 0, "end": 10}, "object_index": {"begin": 60, "end": 66}}, {"predicate": "递延所得税资产", "object_type": "金额", "subject_type": "日期", "object": "4.61万元", "subject": "2013年12月31日", "subject_index": {"begin": 10, "end": 21}, "object_index": {"begin": 67, "end": 73}}, {"predicate": "递延所得税资产", "object_type": "金额", "subject_type": "日期", "object": "10.85万元", "subject": "2012年12月31日", "subject_index": {"begin": 21, "end": 32}, "object_index": {"begin": 74, "end": 81}}, {"predicate": "递延所得税资产", "object_type": "金额", "subject_type": "日期", "object": "17.27万元", "subject": "2011年12月31日", "subject_index": {"begin": 32, "end": 43}, "object_index": {"begin": 82, "end": 89}}]}
{"text": "2014年6月30日2013年12月31日2012年12月31日2011年12月31日报告期内，公司应交税费分别为580.12万元、104.80万元、459.52万元和618.67万元。", "spo_list": [{"predicate": "应交税费", "object_type": "金额", "subject_type": "日期", "object": "580.12万元", "subject": "2014年6月30日", "subject_index": {"begin": 0, "end": 10}, "object_index": {"begin": 57, "end": 65}}, {"predicate": "应交税费", "object_type": "金额", "subject_type": "日期", "object": "104.80万元", "subject": "2013年12月31日", "subject_index": {"begin": 10, "end": 21}, "object_index": {"begin": 66, "end": 74}}, {"predicate": "应交税费", "object_type": "金额", "subject_type": "日期", "object": "459.52万元", "subject": "2012年12月31日", "subject_index": {"begin": 21, "end": 32}, "object_index": {"begin": 75, "end": 83}}, {"predicate": "应交税费", "object_type": "金额", "subject_type": "日期", "object": "618.67万元", "subject": "2011年12月31日", "subject_index": {"begin": 32, "end": 43}, "object_index": {"begin": 84, "end": 92}}]}
{"text": "2014年6月底应交税费较上年末增加159.15万元，主要是因为公司在年中未计算研发费用的加计扣除企业所得税所致。", "spo_list": [{"predicate": "应交税费", "object_type": "金额", "subject_type": "日期", "object": "159.15万元", "subject": "2014年6月底", "subject_index": {"begin": 0, "end": 8}, "object_index": {"begin": 18, "end": 26}}]}
{"text": "报告期内，公司息税折旧摊销前利润上升幅度较大，2011年至2014年上半年分别为7,055.12万元、8,719.94万元、10,243.95万元和6,115.37万元。2011-2012年利息保障倍数较大，分别为442.35倍、2,820.98倍，2013年和2014年上半年无利息支出，表明公司利润水平不断提高，较强的盈利能力能够很好地支撑公司筹措资金，偿债风险较低。", "spo_list": [{"predicate": "息税折旧摊销前利润", "object_type": "金额", "subject_type": "日期", "object": "7,055.12万元", "subject": "2011年至2014年上半年", "subject_index": {"begin": 23, "end": 37}, "object_index": {"begin": 40, "end": 50}}, {"predicate": "息税折旧摊销前利润", "object_type": "金额", "subject_type": "日期", "object": "8,719.94万元", "subject": "2011年至2014年上半年", "subject_index": {"begin": 23, "end": 37}, "object_index": {"begin": 51, "end": 61}}, {"predicate": "息税折旧摊销前利润", "object_type": "金额", "subject_type": "日期", "object": "10,243.95万元", "subject": "2011年至2014年上半年", "subject_index": {"begin": 23, "end": 37}, "object_index": {"begin": 62, "end": 73}}, {"predicate": "息税折旧摊销前利润", "object_type": "金额", "subject_type": "日期", "object": "6,115.37万元", "subject": "2011年至2014年上半年", "subject_index": {"begin": 23, "end": 37}, "object_index": {"begin": 74, "end": 84}}, {"predicate": "利息保障倍数", "object_type": "日期", "subject_type": "比率", "object": "2011", "subject": "442.35倍", "subject_index": {"begin": 107, "end": 114}, "object_index": {"begin": 85, "end": 89}}, {"predicate": "利息保障倍数", "object_type": "日期", "subject_type": "比率", "object": "2012年", "subject": "2,820.98倍", "subject_index": {"begin": 115, "end": 124}, "object_index": {"begin": 90, "end": 95}}]}
{"text": "2013年2012年2011年报告期内，各期存货周转率分别为4.10次、3.21次、3.10次和1.25次，整体有所下降。主要原因是：随着销售规模的扩大，存货规模也相应增加，同时2012年为应对公司原材料价格上涨，公司增加了原材料的储备；2013年为确保客户所需产品的及时供给，公司加大了在产品和库存商品的储备。", "spo_list": [{"predicate": "存货周转率", "object_type": "日期", "subject_type": "比率", "object": "2013年", "subject": "3.21次", "subject_index": {"begin": 36, "end": 41}, "object_index": {"begin": 0, "end": 5}}, {"predicate": "存货周转率", "object_type": "日期", "subject_type": "比率", "object": "2012年", "subject": "3.10次", "subject_index": {"begin": 42, "end": 47}, "object_index": {"begin": 5, "end": 10}}, {"predicate": "存货周转率", "object_type": "日期", "subject_type": "比率", "object": "2011年", "subject": "1.25次", "subject_index": {"begin": 48, "end": 53}, "object_index": {"begin": 10, "end": 15}}]}
{"text": "2011年度2012年度2013年度2014年1-6月公司管理费用分别为3,429.46万元、4,401.62万元和4,952.38万元和2,751.49万元，", "spo_list": [{"predicate": "管理费用", "object_type": "金额", "subject_type": "日期", "object": "3,429.46万元", "subject": "2011年度", "subject_index": {"begin": 0, "end": 6}, "object_index": {"begin": 36, "end": 46}}, {"predicate": "管理费用", "object_type": "金额", "subject_type": "日期", "object": "4,401.62万元", "subject": "2012年度", "subject_index": {"begin": 6, "end": 12}, "object_index": {"begin": 47, "end": 57}}, {"predicate": "管理费用", "object_type": "金额", "subject_type": "日期", "object": "4,952.38万元", "subject": "2013年度", "subject_index": {"begin": 12, "end": 18}, "object_index": {"begin": 58, "end": 68}}, {"predicate": "管理费用", "object_type": "金额", "subject_type": "日期", "object": "2,751.49万元", "subject": "2014年1-6月", "subject_index": {"begin": 18, "end": 27}, "object_index": {"begin": 69, "end": 79}}]}
{"text": "2011年度罚没支出4.69万元是支付2010年公司被处罚款项。", "spo_list": [{"predicate": "罚款", "object_type": "金额", "subject_type": "日期", "object": "4.69万元", "subject": "2011年度", "subject_index": {"begin": 0, "end": 6}, "object_index": {"begin": 10, "end": 16}}]}
{"text": "2011年非经常性损益金额为276.28万元，主要是计入当期损益的政府补助269.78万元和处置固定资产收益21.70万元；2012年非经常性损益金额为259.09万元，主要是计入当期损益的政府补助272.83万元；2013年非经常性损益金额为384.37万元，主要是计入当期损益的政府补助351.15万元。2014年1-6月非经常性损益金额为460.47万元，主要是计入当期损益的政府补助453.07万元。", "spo_list": [{"predicate": "非经常性损益", "object_type": "金额", "subject_type": "日期", "object": "276.28万元", "subject": "2011年", "subject_index": {"begin": 0, "end": 5}, "object_index": {"begin": 14, "end": 22}}, {"predicate": "非经常性损益", "object_type": "金额", "subject_type": "日期", "object": "384.37万元", "subject": "2013年", "subject_index": {"begin": 108, "end": 113}, "object_index": {"begin": 122, "end": 130}}, {"predicate": "非经常性损益", "object_type": "金额", "subject_type": "日期", "object": "460.47万元", "subject": "2014年1-6月", "subject_index": {"begin": 154, "end": 163}, "object_index": {"begin": 172, "end": 180}}]}
{"text": "2011年，公司筹资活动产生的现金流量净额为-783.48万元，主要原因是公司2011年中期分配现金股利500万元以及湘雅制药支付往来款240.92万元所致。", "spo_list": [{"predicate": "公司筹资活动产生的现金流量净额", "object_type": "金额", "subject_type": "日期", "object": "-783.48万元", "subject": "2011年", "subject_index": {"begin": 0, "end": 5}, "object_index": {"begin": 22, "end": 31}}]}
{"text": "2012年，公司筹资活动产生的现金流量净额为-937.95万元，主要是：华美医药收到股东周文强增资款81.69万元，方盛制药现金分红支付股利750万元，此外，湘雅制药归还湘雅集团借款的本金和利息269.64万元。", "spo_list": [{"predicate": "公司筹资活动产生的现金流量净额", "object_type": "金额", "subject_type": "日期", "object": "-937.95万元", "subject": "2012年", "subject_index": {"begin": 0, "end": 5}, "object_index": {"begin": 22, "end": 31}}]}
{"text": "2013年，公司筹资活动产生的现金流量净额为-760.00万元，系2013年公司现金分红支付股利760万元。", "spo_list": [{"predicate": "公司筹资活动产生的现金流量净额", "object_type": "金额", "subject_type": "日期", "object": "-760.00万元", "subject": "2013年", "subject_index": {"begin": 0, "end": 5}, "object_index": {"begin": 22, "end": 31}}]}
{"text": "2014年7-9月，公司实现营业收入10,230.46万元，较上年同期增长0.81%，实现营业利润2,599.39万元，较上年同期增长7.77%，业绩较为平稳。", "spo_list": [{"predicate": "营业利润", "object_type": "金额", "subject_type": "日期", "object": "2,599.39万元", "subject": "2014年7-9月", "subject_index": {"begin": 0, "end": 9}, "object_index": {"begin": 49, "end": 59}}]}
{"text": "2014年6月30日2013年12月31日2012年12月31日2011年12月31日报告期内，应收票据分别为1,678.34万元、1,295.80万元、2,539.77万元和2,009.82万元，全部为银行承兑汇票且均不存在质押。2014年6月底较上期下降了20.87%，主要原因是公司2014年1-6月背书支付和到期解付的银行承兑汇票较多所致。", "spo_list": [{"predicate": "应收票据", "object_type": "金额", "subject_type": "日期", "object": "1,678.34万元", "subject": "2014年6月30日", "subject_index": {"begin": 0, "end": 10}, "object_index": {"begin": 55, "end": 65}}, {"predicate": "应收票据", "object_type": "金额", "subject_type": "日期", "object": "1,295.80万元", "subject": "2013年12月31日", "subject_index": {"begin": 10, "end": 21}, "object_index": {"begin": 66, "end": 76}}, {"predicate": "应收票据", "object_type": "金额", "subject_type": "日期", "object": "2,539.77万元", "subject": "2012年12月31日", "subject_index": {"begin": 21, "end": 32}, "object_index": {"begin": 77, "end": 87}}, {"predicate": "应收票据", "object_type": "金额", "subject_type": "日期", "object": "2,009.82万元", "subject": "2011年12月31日", "subject_index": {"begin": 32, "end": 43}, "object_index": {"begin": 88, "end": 98}}]}
{"text": "2011年末，一年以内的应收账款为276.42万元，占应收账款总额的98.02%。", "spo_list": [{"predicate": "应收账款净额", "object_type": "金额", "subject_type": "日期", "object": "276.42万元", "subject": "2011年末", "subject_index": {"begin": 0, "end": 6}, "object_index": {"begin": 17, "end": 25}}]}
{"text": "2012年末，一年以内的应收账款为311.60万元，占应收账款总额的98.19%；", "spo_list": [{"predicate": "应收账款净额", "object_type": "金额", "subject_type": "日期", "object": "311.60万元", "subject": "2012年末", "subject_index": {"begin": 0, "end": 6}, "object_index": {"begin": 17, "end": 25}}]}
{"text": "2013年末，一年以内的应收账款为228.36万元，占应收账款总额的92.57%；", "spo_list": [{"predicate": "应收账款净额", "object_type": "金额", "subject_type": "日期", "object": "228.36万元", "subject": "2013年末", "subject_index": {"begin": 0, "end": 6}, "object_index": {"begin": 17, "end": 25}}]}
{"text": "截至2014年6月30日，公司应收账款中前5名客户的欠款金额合计为319.72万元，占应收账款总额的49.79%，账龄基本在1年以内。", "spo_list": [{"predicate": "应收账款净额", "object_type": "金额", "subject_type": "日期", "object": "319.72万元", "subject": "2014年6月30日", "subject_index": {"begin": 2, "end": 12}, "object_index": {"begin": 33, "end": 41}}]}
{"text": "公司2011年度前十大客户中，有三名客户存在应收账款，其中广东弘信药业有限公司的应收账款105.87万元，该公司为长期合作的客户，授信额度较大，且应收账款账龄较短，其余客户为预收账款。", "spo_list": [{"predicate": "应收账款净额", "object_type": "金额", "subject_type": "日期", "object": "105.87万元", "subject": "2011年度", "subject_index": {"begin": 2, "end": 8}, "object_index": {"begin": 44, "end": 52}}]}
{"text": "2012年末，预付账款余额较2011年末上升18.47%，公司预付三七总皂苷采购款较同期增加1,116.81万元，主要原因是公司生产不断扩大，继续加大采购三七总皂苷。", "spo_list": [{"predicate": "预付款项", "object_type": "金额", "subject_type": "日期", "object": "1,116.81万元", "subject": "2012年末", "subject_index": {"begin": 0, "end": 6}, "object_index": {"begin": 46, "end": 56}}]}
{"text": "2013年末存货余额较2012年末增加180.99万元，增长2.42%，主要分析如下：原材料减少1,343.16万元，主要是因为2012年公司为应对原材料三七总皂苷价格的上涨采用战略采购的方式储备了部分原材料，而2013年末公司战略采购的三七总皂苷尚未入库；同时，在产品增加1,911.74万元，一方面是公司技改与搬迁工程建设的提取车间投入使用，原先外购的原材料-提取物改为自行提取，变更为在产品；另一方面为保证客户货物的及时供给以及元月份需要将春节货物提前发送，相应加大了在产品的库存金额。", "spo_list": [{"predicate": "存货", "object_type": "金额", "subject_type": "日期", "object": "180.99万元", "subject": "2013年", "subject_index": {"begin": 0, "end": 5}, "object_index": {"begin": 19, "end": 27}}]}
{"text": "2014年6月30日2013年12月31日2012年12月31日2011年12月31日报告期内，公司预收账款余额分别为745.98万元、807.46万元、1,117.36万元和617.77万元，全部为已收款未发货的款项，预收账款占期末负债总额的比例分别为10.83%、14.17%、14.06%和8.88%。", "spo_list": [{"predicate": "预收款项", "object_type": "金额", "subject_type": "日期", "object": "745.98万元、", "subject": "2014年6月30日", "subject_index": {"begin": 0, "end": 10}, "object_index": {"begin": 59, "end": 68}}, {"predicate": "预收款项", "object_type": "金额", "subject_type": "日期", "object": "807.46万元", "subject": "2013年12月31日", "subject_index": {"begin": 10, "end": 21}, "object_index": {"begin": 68, "end": 76}}, {"predicate": "预收款项", "object_type": "金额", "subject_type": "日期", "object": "1,117.36万元", "subject": "2012年12月31日", "subject_index": {"begin": 21, "end": 32}, "object_index": {"begin": 77, "end": 87}}, {"predicate": "预收款项", "object_type": "金额", "subject_type": "日期", "object": "617.77万元", "subject": "2011年12月31日", "subject_index": {"begin": 32, "end": 43}, "object_index": {"begin": 88, "end": 96}}]}
{"text": "2012年末公司应缴税费较上年末下降475.32万元，主要是2012年1-11月份的企业所得税已缴。", "spo_list": [{"predicate": "应交税费", "object_type": "金额", "subject_type": "日期", "object": "475.32万元", "subject": "2012年末", "subject_index": {"begin": 0, "end": 6}, "object_index": {"begin": 18, "end": 26}}]}
{"text": "2013年末应交税费较上年末增加354.72万元，主要是可抵扣的增值税进项税额较少，导致应交增值税较多所致。", "spo_list": [{"predicate": "应交税费", "object_type": "金额", "subject_type": "日期", "object": "354.72万元", "subject": "2013年", "subject_index": {"begin": 0, "end": 5}, "object_index": {"begin": 16, "end": 24}}]}
{"text": "2011年度2012年度2013年度2014年1-6月报告期内，公司应收账款周转率分别为87.68次、118.91次、151.14次和43.99次，一直保持在较高水平，主要原因是公司产品销售情况良好，采用现款和应收票据结算方式的较多，因此，在销售收入快速增长的情况下，应收账款金额相对较小。", "spo_list": [{"predicate": "应收账款周转率", "object_type": "日期", "subject_type": "比率", "object": "2011年度", "subject": "87.68次", "subject_index": {"begin": 44, "end": 50}, "object_index": {"begin": 0, "end": 6}}, {"predicate": "应收账款周转率", "object_type": "日期", "subject_type": "比率", "object": "2012年度", "subject": "118.91次", "subject_index": {"begin": 51, "end": 58}, "object_index": {"begin": 6, "end": 12}}, {"predicate": "应收账款周转率", "object_type": "日期", "subject_type": "比率", "object": "2013年度", "subject": "151.14次", "subject_index": {"begin": 59, "end": 66}, "object_index": {"begin": 12, "end": 18}}, {"predicate": "应收账款周转率", "object_type": "日期", "subject_type": "比率", "object": "2014年1-6月", "subject": "43.99次", "subject_index": {"begin": 67, "end": 73}, "object_index": {"begin": 18, "end": 27}}]}
{"text": "2011年度2012年度2013年度2014年1-6月公司销售费用分别为1,410.88万元、2,642.67万元、2,707.75万元和1,259.37万元，", "spo_list": [{"predicate": "销售费用", "object_type": "金额", "subject_type": "日期", "object": "1,410.88万元", "subject": "2011年度", "subject_index": {"begin": 0, "end": 6}, "object_index": {"begin": 36, "end": 46}}, {"predicate": "销售费用", "object_type": "金额", "subject_type": "日期", "object": "2,642.67万元", "subject": "2012年度", "subject_index": {"begin": 6, "end": 12}, "object_index": {"begin": 47, "end": 57}}, {"predicate": "销售费用", "object_type": "金额", "subject_type": "日期", "object": "2,707.75万元", "subject": "2013年度", "subject_index": {"begin": 12, "end": 18}, "object_index": {"begin": 58, "end": 68}}, {"predicate": "销售费用", "object_type": "金额", "subject_type": "日期", "object": "1,259.37万元", "subject": "2014年1-6月", "subject_index": {"begin": 18, "end": 27}, "object_index": {"begin": 69, "end": 79}}]}
{"text": "2011年度2012年度2013年度2014年1-6月公司营业外支出金额较小，分别为18.91万元、15.27万元、5.58万元和0.14万元。", "spo_list": [{"predicate": "营业外支出", "object_type": "金额", "subject_type": "日期", "object": "18.91万元", "subject": "2011年度", "subject_index": {"begin": 0, "end": 6}, "object_index": {"begin": 42, "end": 49}}, {"predicate": "营业外支出", "object_type": "金额", "subject_type": "日期", "object": "15.27万元", "subject": "2012年度", "subject_index": {"begin": 6, "end": 12}, "object_index": {"begin": 50, "end": 57}}, {"predicate": "营业外支出", "object_type": "金额", "subject_type": "日期", "object": "5.58万元", "subject": "2013年度", "subject_index": {"begin": 12, "end": 18}, "object_index": {"begin": 58, "end": 64}}, {"predicate": "营业外支出", "object_type": "金额", "subject_type": "日期", "object": "0.14万元", "subject": "2014年1-6月", "subject_index": {"begin": 18, "end": 27}, "object_index": {"begin": 65, "end": 71}}]}
{"text": "2011年度2012年度2013年度2014年1-6月公司非经常性损益金额分别为276.28万元、259.09万元、384.37万元和460.47万元，扣除所得税后，非经常性损益金额分别为214.89万元、189.19万元、300.04万元和385.62万元，非经常性损益税后金额占净利润比例为4.14%、2.86%、4.09%和9.10%。", "spo_list": [{"predicate": "非经常性损益", "object_type": "金额", "subject_type": "日期", "object": "276.28万元", "subject": "2011年度", "subject_index": {"begin": 0, "end": 6}, "object_index": {"begin": 40, "end": 48}}, {"predicate": "非经常性损益", "object_type": "金额", "subject_type": "日期", "object": "259.09万元", "subject": "2012年度", "subject_index": {"begin": 6, "end": 12}, "object_index": {"begin": 49, "end": 57}}, {"predicate": "非经常性损益", "object_type": "金额", "subject_type": "日期", "object": "384.37万元", "subject": "2013年度", "subject_index": {"begin": 12, "end": 18}, "object_index": {"begin": 58, "end": 66}}, {"predicate": "非经常性损益", "object_type": "金额", "subject_type": "日期", "object": "460.47万元", "subject": "2014年1-6月", "subject_index": {"begin": 18, "end": 27}, "object_index": {"begin": 67, "end": 75}}, {"predicate": "非经常性损益", "object_type": "金额", "subject_type": "日期", "object": "214.89万元", "subject": "2011年度", "subject_index": {"begin": 0, "end": 6}, "object_index": {"begin": 94, "end": 102}}, {"predicate": "非经常性损益", "object_type": "金额", "subject_type": "日期", "object": "189.19万元", "subject": "2012年度", "subject_index": {"begin": 6, "end": 12}, "object_index": {"begin": 103, "end": 111}}, {"predicate": "非经常性损益", "object_type": "金额", "subject_type": "日期", "object": "300.04万元", "subject": "2013年度", "subject_index": {"begin": 12, "end": 18}, "object_index": {"begin": 112, "end": 120}}, {"predicate": "非经常性损益", "object_type": "金额", "subject_type": "日期", "object": "385.62万元", "subject": "2014年1-6月", "subject_index": {"begin": 18, "end": 27}, "object_index": {"begin": 121, "end": 129}}]}
{"text": "2014年6月30日2013年12月31日2012年12月31日2011年12月31日报告期内，应收账款余额分别为282.00万元、317.34万元、246.68万元和642.21万元，净额分别为262.70万元、296.24万元、233.43万元和609.62万元，应收账款净额占流动资产的比例分别为1.52%、1.65%、0.99%和2.62%，占营业收入的比例分别为1.00%、0.89%、0.58%和3.06%。", "spo_list": [{"predicate": "应收账款余额", "object_type": "金额", "subject_type": "日期", "object": "642.21万元", "subject": "2011年12月31日", "subject_index": {"begin": 32, "end": 43}, "object_index": {"begin": 84, "end": 92}}, {"predicate": "应收账款余额", "object_type": "金额", "subject_type": "日期", "object": "246.68万元", "subject": "2012年12月31日", "subject_index": {"begin": 21, "end": 32}, "object_index": {"begin": 75, "end": 83}}, {"predicate": "应收账款余额", "object_type": "金额", "subject_type": "日期", "object": "317.34万元", "subject": "2013年12月31日", "subject_index": {"begin": 10, "end": 21}, "object_index": {"begin": 66, "end": 74}}, {"predicate": "应收账款余额", "object_type": "金额", "subject_type": "日期", "object": "282.00万元", "subject": "2014年6月30日", "subject_index": {"begin": 0, "end": 10}, "object_index": {"begin": 57, "end": 65}}, {"predicate": "应收账款净额", "object_type": "金额", "subject_type": "日期", "object": "609.62万元", "subject": "2011年12月31日", "subject_index": {"begin": 32, "end": 43}, "object_index": {"begin": 125, "end": 133}}, {"predicate": "应收账款净额", "object_type": "金额", "subject_type": "日期", "object": "233.43万元", "subject": "2012年12月31日", "subject_index": {"begin": 21, "end": 32}, "object_index": {"begin": 116, "end": 124}}, {"predicate": "应收账款净额", "object_type": "金额", "subject_type": "日期", "object": "296.24万元", "subject": "2013年12月31日", "subject_index": {"begin": 10, "end": 21}, "object_index": {"begin": 107, "end": 115}}, {"predicate": "应收账款净额", "object_type": "金额", "subject_type": "日期", "object": "262.70万元", "subject": "2014年6月30日", "subject_index": {"begin": 0, "end": 10}, "object_index": {"begin": 98, "end": 106}}]}
{"text": "其他应收款余额2013年末比2012年末减少98.08万元，", "spo_list": [{"predicate": "应收账款余额", "object_type": "金额", "subject_type": "日期", "object": "98.08万元", "subject": "2013年末", "subject_index": {"begin": 7, "end": 13}, "object_index": {"begin": 22, "end": 29}}]}
{"text": "2014年6月30日，公司预付账款余额较2013年末减少81.27万元，主要因为公司2014年初的预付采购原材料已基本执行完毕。", "spo_list": [{"predicate": "预付款项", "object_type": "金额", "subject_type": "日期", "object": "81.27万元", "subject": "2014年6月30日", "subject_index": {"begin": 0, "end": 10}, "object_index": {"begin": 28, "end": 35}}]}
{"text": "2014年6月30日2013年12月31日2012年12月31日2011年12月31日报告期内，公司流动负债分别为5,264.11万元、3,779.08万元、5,624.65万元和4,691.57万元。2012年末流动负债较2011年末下降28.21%，主要原因是应付账款减少799.70万元和应付票据减少187.36万元。2013年末流动负债较2012年末上升了48.84%，主要原因是应付账款、预收账款、应付职工薪酬、应交税费分别增加了1,098.22万元、309.90万元、247.57万元、354.72万元。2014年6月底流动负债较2013年底下降了16.59%，主要原因是应付账款、预收账款和应付职工薪酬分别减少了448.96万元、499.59万元和224.84万元，而应交税费和其他应付款分别增加了159.15万元和81.16万元。", "spo_list": [{"predicate": "流动负债", "object_type": "金额", "subject_type": "日期", "object": "4,691.57万元", "subject": "2011年12月31日", "subject_index": {"begin": 32, "end": 43}, "object_index": {"begin": 90, "end": 100}}, {"predicate": "流动负债", "object_type": "金额", "subject_type": "日期", "object": "5,624.65万元", "subject": "2012年12月31日", "subject_index": {"begin": 21, "end": 32}, "object_index": {"begin": 79, "end": 89}}, {"predicate": "流动负债", "object_type": "金额", "subject_type": "日期", "object": "3,779.08万元", "subject": "2013年12月31日", "subject_index": {"begin": 10, "end": 21}, "object_index": {"begin": 68, "end": 78}}, {"predicate": "流动负债", "object_type": "金额", "subject_type": "日期", "object": "5,264.11万元", "subject": "2014年6月30日", "subject_index": {"begin": 0, "end": 10}, "object_index": {"begin": 57, "end": 67}}, {"predicate": "应付账款", "object_type": "金额", "subject_type": "日期", "object": "799.70万元", "subject": "2012年末", "subject_index": {"begin": 101, "end": 107}, "object_index": {"begin": 138, "end": 146}}, {"predicate": "应付票据", "object_type": "金额", "subject_type": "日期", "object": "187.36万元", "subject": "2012年末", "subject_index": {"begin": 101, "end": 107}, "object_index": {"begin": 153, "end": 161}}, {"predicate": "应付账款", "object_type": "金额", "subject_type": "日期", "object": "1,098.22万元", "subject": "2012年末", "subject_index": {"begin": 101, "end": 107}, "object_index": {"begin": 220, "end": 230}}, {"predicate": "预收款项", "object_type": "金额", "subject_type": "日期", "object": "309.90万元", "subject": "2012年末", "subject_index": {"begin": 101, "end": 107}, "object_index": {"begin": 231, "end": 239}}, {"predicate": "应交税费", "object_type": "金额", "subject_type": "日期", "object": "354.72万元", "subject": "2012年末", "subject_index": {"begin": 101, "end": 107}, "object_index": {"begin": 249, "end": 257}}, {"predicate": "应付账款", "object_type": "金额", "subject_type": "日期", "object": "448.96万元", "subject": "2014年6月", "subject_index": {"begin": 258, "end": 265}, "object_index": {"begin": 313, "end": 321}}, {"predicate": "预收款项", "object_type": "金额", "subject_type": "日期", "object": "499.59万元", "subject": "2014年6月", "subject_index": {"begin": 258, "end": 265}, "object_index": {"begin": 322, "end": 330}}, {"predicate": "应交税费", "object_type": "金额", "subject_type": "日期", "object": "159.15万元", "subject": "2014年6月", "subject_index": {"begin": 258, "end": 265}, "object_index": {"begin": 356, "end": 364}}, {"predicate": "长期应付款", "object_type": "金额", "subject_type": "日期", "object": "81.16万元", "subject": "2014年6月", "subject_index": {"begin": 258, "end": 265}, "object_index": {"begin": 365, "end": 372}}]}
{"text": "2012年经营活动现金流净额下降较多的主要原因是：为应对原材料价格上涨等原因，存货增加了3,515.73万元，预付账款增加580.28万元；公司为开拓市场，尝试第三终端销售模式，同时对客户进行集中开发，增加了差旅费、广告宣传费和会务费等。", "spo_list": [{"predicate": "预付款项", "object_type": "金额", "subject_type": "日期", "object": "580.28万元", "subject": "2012年", "subject_index": {"begin": 0, "end": 5}, "object_index": {"begin": 61, "end": 69}}]}
{"text": "2013年经营活动现金流净额大幅增加的主要原因是：销售收入的增加以及应收账款回笼较好导致销售商品、提供劳务收到的现金增加7,467.61万元，2013年末预付账款相比2012年减少3,307.92万元，从而导致购买商品、接受劳务支付的现金减少2,610.94万元。", "spo_list": [{"predicate": "预付款项", "object_type": "金额", "subject_type": "日期", "object": "3,307.92万元", "subject": "2013年", "subject_index": {"begin": 71, "end": 76}, "object_index": {"begin": 90, "end": 100}}]}
{"text": "2012年度，公司经营活动产生的现金流净额小于同期净利润4,190.45万元，主要是存货增加了3,515.73万元，预付账款增加了580.28万元，应付票据减少187.36万元，预收账款减少61.48万元等因素，综合导致2012年经营活动产生的现金流量净额大幅低于同期净利润。", "spo_list": [{"predicate": "预付款项", "object_type": "金额", "subject_type": "日期", "object": "580.28万元", "subject": "2012年度", "subject_index": {"begin": 0, "end": 6}, "object_index": {"begin": 65, "end": 73}}, {"predicate": "应付票据", "object_type": "金额", "subject_type": "日期", "object": "187.36万元", "subject": "2012年度", "subject_index": {"begin": 0, "end": 6}, "object_index": {"begin": 80, "end": 88}}, {"predicate": "预收款项", "object_type": "金额", "subject_type": "日期", "object": "61.48万元", "subject": "2012年度", "subject_index": {"begin": 0, "end": 6}, "object_index": {"begin": 95, "end": 102}}]}
{"text": "2014年1-6月，公司筹资活动产生的现金流量净额为-46.71万元，系2014年上半年湘雅制药实施现金分红向其少数股东湘雅集团支付现金46.71万元。", "spo_list": [{"predicate": "公司筹资活动产生的现金流量净额", "object_type": "金额", "subject_type": "日期", "object": "-46.71万元", "subject": "2014年1-6月", "subject_index": {"begin": 0, "end": 9}, "object_index": {"begin": 26, "end": 34}}]}
