{"text": "公司2000年、2001年和2002年的科研开发投入分别为730万元、972万元和1272万元。", "spo_list": [{"predicate": "研发费用", "object_type": "金额", "subject_type": "日期", "object": "730万元", "subject": "2000年", "subject_index": {"begin": 2, "end": 7}, "object_index": {"begin": 29, "end": 34}}, {"predicate": "研发费用", "object_type": "金额", "subject_type": "日期", "object": "972万元", "subject": "2001年", "subject_index": {"begin": 8, "end": 13}, "object_index": {"begin": 35, "end": 40}}, {"predicate": "研发费用", "object_type": "金额", "subject_type": "日期", "object": "1272万元", "subject": "2002年", "subject_index": {"begin": 14, "end": 19}, "object_index": {"begin": 41, "end": 47}}]}
{"text": "2000年、2001年、2002年和2003年1-9月实现的主营业务收入分别为31,886,447.28元、74,493,047.17元、97,783,793.56元和84,106,476.56元，实现的主营业务利润分别达到7,755,508.32元、17,680,794.15元、26,313,687.55元和24,953,784.43元，毛利率分别为24.65%、23.87%、26.97%和29.67%，因此该业务对公司主营业务利润的贡献也较大。", "spo_list": [{"predicate": "营业利润", "object_type": "金额", "subject_type": "日期", "object": "7,755,508.32元", "subject": "2000年", "subject_index": {"begin": 0, "end": 5}, "object_index": {"begin": 112, "end": 125}}, {"predicate": "营业利润", "object_type": "金额", "subject_type": "日期", "object": "17,680,794.15元", "subject": "2001年", "subject_index": {"begin": 6, "end": 11}, "object_index": {"begin": 126, "end": 140}}, {"predicate": "营业利润", "object_type": "金额", "subject_type": "日期", "object": "26,313,687.55元", "subject": "2002年", "subject_index": {"begin": 12, "end": 17}, "object_index": {"begin": 141, "end": 155}}, {"predicate": "营业利润", "object_type": "金额", "subject_type": "日期", "object": "24,953,784.43元", "subject": "2003年1-9月", "subject_index": {"begin": 18, "end": 27}, "object_index": {"begin": 156, "end": 170}}]}
{"text": "1999年和2000年制衣业务实现的收入分别为168,375.82元、1,057,799.24元，实现主营业务利润25,169.49元、-29,321.19元，毛利率为14.95%和-2.77%。", "spo_list": [{"predicate": "营业利润", "object_type": "金额", "subject_type": "日期", "object": "25,169.49元", "subject": "1999年", "subject_index": {"begin": 0, "end": 5}, "object_index": {"begin": 57, "end": 67}}, {"predicate": "营业利润", "object_type": "金额", "subject_type": "日期", "object": "-29,321.19元", "subject": "2000年", "subject_index": {"begin": 6, "end": 11}, "object_index": {"begin": 68, "end": 79}}]}
{"text": "2003年9月30日，发行人无形资产账面价值20,377,395.14元，均为以出让方式获得的土地使用权，", "spo_list": [{"predicate": "无形资产", "object_type": "金额", "subject_type": "日期", "object": "20,377,395.14元", "subject": "2003年9月30日", "subject_index": {"begin": 0, "end": 10}, "object_index": {"begin": 22, "end": 36}}]}
{"text": "截止到2003年9月30日，公司应付票据余额为43,240,245.00元，均为银行承兑汇票。其中欠股东福建凤竹集团有限公司应付票据为15,300,000.00元，性质为水电汽结算款。", "spo_list": [{"predicate": "其他应付款", "object_type": "金额", "subject_type": "日期", "object": "43,240,245.00元", "subject": "2003年9月30日", "subject_index": {"begin": 3, "end": 13}, "object_index": {"begin": 23, "end": 37}}]}
{"text": "截止到2003年9月30日，公司预收账款余额3,968,997.30元。预收账款中无欠持本公司5%（含5%）以上表决权股份股东单位的账款。超过一年以上的预收账款6,243.00元，系尚未结算的货款尾款。", "spo_list": [{"predicate": "预收款项", "object_type": "金额", "subject_type": "日期", "object": "3,968,997.30元", "subject": "2003年9月30日", "subject_index": {"begin": 3, "end": 13}, "object_index": {"begin": 22, "end": 35}}]}
{"text": "截止到2003年9月30日，公司其他应交款余额51,577.63元。其中堤防费28,540.77元，副食品基金6,829.06元，残疾人保障金4,077.25元，地方教育费附加12,130.55元。", "spo_list": [{"predicate": "其他应付款", "object_type": "金额", "subject_type": "日期", "object": "51,577.63元", "subject": "2003年9月30日", "subject_index": {"begin": 3, "end": 13}, "object_index": {"begin": 23, "end": 33}}]}
{"text": "根据专项复核报告和公司董事会决议，调减2000年度提取的法定盈余公积金36,119.66元、法定公益金36,119.66元、任意盈余公积金36,119.66元，调减2001年度提取的法定盈余公积金74,483.78元、法定公益金74,483.78元、任意盈余公积金74,483.78元。", "spo_list": [{"predicate": "盈余公积", "object_type": "金额", "subject_type": "日期", "object": "36,119.66元", "subject": "2000年度", "subject_index": {"begin": 19, "end": 25}, "object_index": {"begin": 35, "end": 45}}]}
{"text": "根据2000年10月福建晋江凤竹针织漂染实业有限公司董事会决议,按2000年1-9月份净利润提取10%职工奖励及福利基金775,364.43元、10%储备基金775,364.43元、10%企业发展基金775,364.43元，分配股利2,742,442.08元。2000年12月，福建晋江凤竹针织漂染实业有限公司将截止到2000年9月30日经审计的账面净资产11,000万元按1:1的折股比例折成11,000万股,其中未分配利润2,780,774.88元。", "spo_list": [{"predicate": "未分配利润", "object_type": "金额", "subject_type": "日期", "object": "2,780,774.88元", "subject": "2000年9月30日", "subject_index": {"begin": 159, "end": 169}, "object_index": {"begin": 213, "end": 226}}]}
{"text": "根据公司2000年度股东大会决议，按2000年10-12月份净利润提取10%法定盈余公积金764,183.50元、10%法定公益金764,183.50元、10%任意盈余公积金764,183.50元,分配股利3,300,000元。", "spo_list": [{"predicate": "盈余公积", "object_type": "金额", "subject_type": "日期", "object": "764,183.50元", "subject": "2000年10-12月份", "subject_index": {"begin": 18, "end": 30}, "object_index": {"begin": 45, "end": 56}}, {"predicate": "盈余公积", "object_type": "金额", "subject_type": "日期", "object": "764,183.50元", "subject": "2000年10-12月份", "subject_index": {"begin": 18, "end": 30}, "object_index": {"begin": 87, "end": 98}}]}
{"text": "因会计政策变更相应调减1999年初未分配利润2,133,900.66元，调减1999年度未分配利润403,538.94元，调减2000年度未分配利润49,912.75元。因上述会计政策变更追溯调整而造成2000年12月31日未分配利润余额为-538,067.85元,公司2001年度董事会已作出决议，以现有股东按出资比例在2000年度利润分配中扣除。上述问题已处理完毕，公司已于2001年12月做了实际帐务处理，调减应付股利538067.85元。", "spo_list": [{"predicate": "未分配利润", "object_type": "金额", "subject_type": "日期", "object": "未分配利润2,133,900.66元", "subject": "1999年初", "subject_index": {"begin": 11, "end": 17}, "object_index": {"begin": 17, "end": 35}}, {"predicate": "未分配利润", "object_type": "金额", "subject_type": "日期", "object": "未分配利润403,538.94元", "subject": "1999年度", "subject_index": {"begin": 38, "end": 44}, "object_index": {"begin": 44, "end": 60}}, {"predicate": "未分配利润", "object_type": "金额", "subject_type": "日期", "object": "未分配利润49,912.75元", "subject": "2000年度", "subject_index": {"begin": 63, "end": 69}, "object_index": {"begin": 69, "end": 84}}]}
{"text": "2003年1-9月公司经营活动产生的现金流量净额为55,434,620.04元。其中，销售商品、提供劳务收到的现金为237,593,098.24元，购买商品、接受劳务支付的现金为150,274,741.36元，支付给职工以及为职工支付的现金为11,703,184.59元，支付的各项税费为15,848,200.46元。2003年1-9月公司投资活动产生的现金流量净额为-37,139,987.52元，其中，购建固定资产、无形资产和其他长期资产所支付的现金为37,569,987.52元，主要是公司进行项目建设及购买设备所致。2003年1-9月，筹资活动产生的现金流量净额为-28,732,538.73元，其中借款所收到的现金为90,000,000.00元，偿还债务所支付的现金为113,920,000.00元，分配股利、利润或偿付利息所支付的现金为4,777,538.73元。2003年1-9月现金及现金等价物净增加额为-10,416,870.67元。", "spo_list": [{"predicate": "公司投资活动产生的现金流量净额", "object_type": "金额", "subject_type": "日期", "object": "-37,139,987.52元", "subject": "2003年1-9月", "subject_index": {"begin": 159, "end": 168}, "object_index": {"begin": 184, "end": 199}}]}
{"text": "2003年9月30日应收账款期末余额为8,688,606.59元，占同期主营业务收入的4.28%，应收账款平均周转天数为14.8天，周转速度快，应收账款中账龄在一年以内所占比例为99.39%。存货以原材料和产成品为主，平均年周转次数为4.44次，周转天数为81天。2003年9月末机器设备占固定资产和总资产的比例分别为74.19%和50.22%，80%的机器设备达到行业领先水平。", "spo_list": [{"predicate": "长期应收款", "object_type": "金额", "subject_type": "日期", "object": "8,688,606.59元", "subject": "2003年9月30日", "subject_index": {"begin": 0, "end": 10}, "object_index": {"begin": 19, "end": 32}}]}
{"text": "从财务指标上看，2000年—2003年9月末公司的流动比率分别为0.95、0.80、0.87和0.83，速动比率分别为0.38、0.29、0.46和0.34，略低于经验数值，在一定程度上降低了公司的短期偿债能力。这主要是由于公司以部分短期借款购建固定资产及应收帐款周转率较高所致。由于公司近年来该两项指标一直相对稳定，该指标状况已适应了公司的生产经营特点。同时，公司近年来现金流量状况良好，2002年和2003年1-9月经营活动产生的现金流量净额分别达5891万元和5543万元。公司资产负债率不高，盈利能力较强，因此公司具有良好的偿债能力。", "spo_list": [{"predicate": "速动比率", "object_type": "日期", "subject_type": "比率", "object": "2000年—2003年9月末", "subject": "0.38", "subject_index": {"begin": 59, "end": 63}, "object_index": {"begin": 8, "end": 22}}, {"predicate": "速动比率", "object_type": "日期", "subject_type": "比率", "object": "2000年—2003年9月末", "subject": "0.29", "subject_index": {"begin": 64, "end": 68}, "object_index": {"begin": 8, "end": 22}}, {"predicate": "速动比率", "object_type": "日期", "subject_type": "比率", "object": "2000年—2003年9月末", "subject": "0.46", "subject_index": {"begin": 69, "end": 73}, "object_index": {"begin": 8, "end": 22}}, {"predicate": "速动比率", "object_type": "日期", "subject_type": "比率", "object": "2000年—2003年9月末", "subject": "0.34", "subject_index": {"begin": 74, "end": 78}, "object_index": {"begin": 8, "end": 22}}]}
{"text": "公司2000年末共计提坏帐准备13万元，占应收款项余额1192万元的1%；2001年末共计提坏帐准备50万元，占应收款项余额794万元的6%；2002年共计提坏账准备102万元，占应收款项余额1281万元的8%；2003年9月末共计提坏账准备145万元，占应收款项余额1759万元的8%。虽然公司计提的坏帐准备绝对数不高，但符合公司的实际情况。公司近年来产品质量标准高，市场信誉好，拥有了一批相对稳定的战略客户。多数客户为与公司建立长期的业务联系，都及时偿还货款；同时，公司有相对完善的营销制度和应收帐款控制制度，使应收帐款余额一直控制在最低数额。因此，公司近年来应收账款余额中，帐龄在1年以内的超过98%，其他应收款余额中，帐龄在1年以内的超过60%；近三年应收帐款周转率也保持较高水平，平均高达107次/年。", "spo_list": [{"predicate": "坏账准备", "object_type": "金额", "subject_type": "日期", "object": "13万元", "subject": "2000年末", "subject_index": {"begin": 2, "end": 8}, "object_index": {"begin": 15, "end": 19}}, {"predicate": "坏账准备", "object_type": "金额", "subject_type": "日期", "object": "102万元", "subject": "2002年", "subject_index": {"begin": 71, "end": 76}, "object_index": {"begin": 83, "end": 88}}, {"predicate": "坏账准备", "object_type": "金额", "subject_type": "日期", "object": "145万元", "subject": "2003年9月末", "subject_index": {"begin": 106, "end": 114}, "object_index": {"begin": 121, "end": 126}}]}
{"text": "1999年、2000年、2001年公司近三年零一期流动比率分别为0.95、0.80、0.87和0.83，速动比率分别为0.38、0.29、0.46和0.34，", "spo_list": [{"predicate": "速动比率", "object_type": "日期", "subject_type": "比率", "object": "1999年", "subject": "0.38", "subject_index": {"begin": 59, "end": 63}, "object_index": {"begin": 0, "end": 5}}, {"predicate": "速动比率", "object_type": "日期", "subject_type": "比率", "object": "2000年", "subject": "0.29", "subject_index": {"begin": 64, "end": 68}, "object_index": {"begin": 6, "end": 11}}, {"predicate": "速动比率", "object_type": "日期", "subject_type": "比率", "object": "2001年", "subject": "0.46", "subject_index": {"begin": 69, "end": 73}, "object_index": {"begin": 12, "end": 17}}]}
{"text": "根据公司2001年度股东大会决议,按2001年度净利润提取10%法定盈余公积金2,360,912.64元、10%法定公益金2,360,912.64元、10%任意盈余公积金2,360,912.64元,分配股利5,500,000元。", "spo_list": [{"predicate": "盈余公积", "object_type": "金额", "subject_type": "日期", "object": "2,360,912.64元", "subject": "2001年度", "subject_index": {"begin": 4, "end": 10}, "object_index": {"begin": 39, "end": 52}}, {"predicate": "盈余公积", "object_type": "金额", "subject_type": "日期", "object": "2,360,912.64元", "subject": "2001年度", "subject_index": {"begin": 4, "end": 10}, "object_index": {"begin": 85, "end": 98}}]}
{"text": "截止到2000年12月31日、2001年12月31日、2002年12月31日和2003年9月30日，公司无形资产账面价值分别为10,343,285.53元、10,636,130.20元和20,999,068.92元和20,377,395.14元，均为土地使用权。公司使用的商标均由发行人申请注册，未曾作价入股。由于长期从事针织染整业务，公司已拥有较强的自主技术开发和创新能力，开发多种新技术和新工艺，掌握了独特的配方和生产控制手段，形成了多项专有技术。", "spo_list": [{"predicate": "无形资产", "object_type": "金额", "subject_type": "日期", "object": "20,377,395.14元", "subject": "2003年9月30日", "subject_index": {"begin": 39, "end": 49}, "object_index": {"begin": 108, "end": 122}}, {"predicate": "无形资产", "object_type": "金额", "subject_type": "日期", "object": "20,999,068.92元", "subject": "2002年12月31日", "subject_index": {"begin": 27, "end": 38}, "object_index": {"begin": 93, "end": 107}}, {"predicate": "无形资产", "object_type": "金额", "subject_type": "日期", "object": "10,636,130.20元", "subject": "2001年12月31日", "subject_index": {"begin": 15, "end": 26}, "object_index": {"begin": 78, "end": 92}}, {"predicate": "无形资产", "object_type": "金额", "subject_type": "日期", "object": "10,343,285.53元", "subject": "2000年12月31日", "subject_index": {"begin": 3, "end": 14}, "object_index": {"begin": 63, "end": 77}}]}
{"text": "2000年、2001年、2002年和2003年1-9月织造业务实现的主营业务收入分别为98,489,358.76元、105,125,629.85元、128,718,873.50元和106,423,306.57元；实现的主营业务利润分别为14,773,628.30元、14,663,510.63元、17,907,931.29元和15,971,089.42元。", "spo_list": [{"predicate": "其他收入", "object_type": "金额", "subject_type": "日期", "object": "98,489,358.76元", "subject": "2000年", "subject_index": {"begin": 0, "end": 5}, "object_index": {"begin": 43, "end": 57}}, {"predicate": "其他收入", "object_type": "金额", "subject_type": "日期", "object": "105,125,629.85元", "subject": "2001年", "subject_index": {"begin": 6, "end": 11}, "object_index": {"begin": 58, "end": 73}}, {"predicate": "其他收入", "object_type": "金额", "subject_type": "日期", "object": "128,718,873.50元", "subject": "2002年", "subject_index": {"begin": 12, "end": 17}, "object_index": {"begin": 74, "end": 89}}, {"predicate": "其他收入", "object_type": "金额", "subject_type": "日期", "object": "106,423,306.57元", "subject": "2003年1-9月", "subject_index": {"begin": 18, "end": 27}, "object_index": {"begin": 90, "end": 105}}, {"predicate": "营业利润", "object_type": "金额", "subject_type": "日期", "object": "14,773,628.30元", "subject": "2000年", "subject_index": {"begin": 0, "end": 5}, "object_index": {"begin": 118, "end": 132}}, {"predicate": "营业利润", "object_type": "金额", "subject_type": "日期", "object": "14,663,510.63元", "subject": "2001年", "subject_index": {"begin": 6, "end": 11}, "object_index": {"begin": 133, "end": 147}}, {"predicate": "营业利润", "object_type": "金额", "subject_type": "日期", "object": "17,907,931.29元", "subject": "2002年", "subject_index": {"begin": 12, "end": 17}, "object_index": {"begin": 148, "end": 162}}, {"predicate": "营业利润", "object_type": "金额", "subject_type": "日期", "object": "15,971,089.42元", "subject": "2003年1-9月", "subject_index": {"begin": 18, "end": 27}, "object_index": {"begin": 163, "end": 177}}]}
{"text": "2000年至2003年1-9月，染纱业务实现的主营业务收入分别为10,242,817.08元、10,890,131.36元、15,891,214.91元和10,717,991.86元，实现的主营业务利润分别为1,387,303.62元、1,124,302.07元、3,536,333.07元和2,308,550.86元，毛利率分别为13.87%、10.46%、22.31%和5.28%", "spo_list": [{"predicate": "其他收入", "object_type": "金额", "subject_type": "日期", "object": "10,242,817.08元", "subject": "2000年至2003年1-9月", "subject_index": {"begin": 0, "end": 15}, "object_index": {"begin": 32, "end": 46}}, {"predicate": "其他收入", "object_type": "金额", "subject_type": "日期", "object": "10,890,131.36元", "subject": "2000年至2003年1-9月", "subject_index": {"begin": 0, "end": 15}, "object_index": {"begin": 47, "end": 61}}, {"predicate": "其他收入", "object_type": "金额", "subject_type": "日期", "object": "、15,891,214.91元", "subject": "2000年至2003年1-9月", "subject_index": {"begin": 0, "end": 15}, "object_index": {"begin": 61, "end": 76}}, {"predicate": "其他收入", "object_type": "金额", "subject_type": "日期", "object": "10,717,991.86元", "subject": "2000年至2003年1-9月", "subject_index": {"begin": 0, "end": 15}, "object_index": {"begin": 77, "end": 91}}, {"predicate": "营业利润", "object_type": "金额", "subject_type": "日期", "object": "1,387,303.62元", "subject": "2000年至2003年1-9月", "subject_index": {"begin": 0, "end": 15}, "object_index": {"begin": 104, "end": 117}}, {"predicate": "营业利润", "object_type": "金额", "subject_type": "日期", "object": "1,124,302.07元", "subject": "2000年至2003年1-9月", "subject_index": {"begin": 0, "end": 15}, "object_index": {"begin": 118, "end": 131}}, {"predicate": "营业利润", "object_type": "金额", "subject_type": "日期", "object": "3,536,333.07元", "subject": "2000年至2003年1-9月", "subject_index": {"begin": 0, "end": 15}, "object_index": {"begin": 132, "end": 145}}, {"predicate": "营业利润", "object_type": "金额", "subject_type": "日期", "object": "2,308,550.86元", "subject": "2000年至2003年1-9月", "subject_index": {"begin": 0, "end": 15}, "object_index": {"begin": 146, "end": 159}}]}
{"text": "2003年9月30日，公司工程物资、在建工程的账面价值分别为2,668,376.92元和22,684,707.94元。经检查，期末公司在建工程未发生损失，故未计提在建工程减值准备。", "spo_list": [{"predicate": "在建工程账面价值", "object_type": "金额", "subject_type": "日期", "object": "22,684,707.94元", "subject": "2003年9月30日", "subject_index": {"begin": 0, "end": 10}, "object_index": {"begin": 44, "end": 58}}, {"predicate": "在建工程账面价值", "object_type": "金额", "subject_type": "日期", "object": "2,668,376.92元", "subject": "2003年9月30日", "subject_index": {"begin": 0, "end": 10}, "object_index": {"begin": 30, "end": 43}}]}
{"text": "截止到2003年9月30日，发行人负债总计173,328,015.99元，其中流动负债88,298,015.99元，长期负债85,030,000.00元。本公司主要债项包括银行借款、应付账款、应付票据、预收账款、应付工资、应付股利、应交税金、其他应交款、其他应付款、长期应付款和长期借款。", "spo_list": [{"predicate": "流动负债", "object_type": "金额", "subject_type": "日期", "object": "88,298,015.99元", "subject": "2003年9月30日", "subject_index": {"begin": 3, "end": 13}, "object_index": {"begin": 43, "end": 57}}]}
{"text": "截止到2003年9月30日，公司应付账款余额14,053,275.45元。应付账款中无欠持本公司5%（含5%）以上表决权股份的股东单位的账款，无账龄超过3年的大额应付账款。", "spo_list": [{"predicate": "应付账款", "object_type": "金额", "subject_type": "日期", "object": "14,053,275.45元", "subject": "2003年9月30日", "subject_index": {"begin": 3, "end": 13}, "object_index": {"begin": 22, "end": 36}}]}
{"text": "截止到2003年9月30日，公司应交税金余额3,144,149.43元，其中企业所得税1,169,674.86元，增值税1,847,632.80元，房产税89,729.48元，印花税13,931.27元，个人所得税23,181.02元。", "spo_list": [{"predicate": "应交税费", "object_type": "金额", "subject_type": "日期", "object": "3,144,149.43元", "subject": "2003年9月30日", "subject_index": {"begin": 3, "end": 13}, "object_index": {"begin": 22, "end": 35}}]}
{"text": "截止到2003年9月30日，公司其他应付款余额11,702,618.18元。期末数中无欠持有本公司5%（含5%）以上表决权股份的股东单位账款，无账龄超过3年的大额其他应付款。", "spo_list": [{"predicate": "应付账款", "object_type": "金额", "subject_type": "日期", "object": "11,702,618.18元", "subject": "2003年9月30日", "subject_index": {"begin": 3, "end": 13}, "object_index": {"begin": 23, "end": 37}}]}
{"text": "2002年度盈余公积计提数系根据2002年度股东大会决议按2002年度净利润提取10%法定盈余公积金2,949,374.06元、10%法定公益金2,949,374.06元、10%任意盈余公积金2,949,374.06元。", "spo_list": [{"predicate": "盈余公积", "object_type": "金额", "subject_type": "日期", "object": "2,949,374.06元", "subject": "2002年", "subject_index": {"begin": 0, "end": 5}, "object_index": {"begin": 96, "end": 109}}, {"predicate": "盈余公积", "object_type": "金额", "subject_type": "日期", "object": "2,949,374.06元", "subject": "2002年", "subject_index": {"begin": 0, "end": 5}, "object_index": {"begin": 50, "end": 63}}]}
{"text": "根据公司2001年度股东大会决议,按2001年度净利润提取10%法定盈余公积金2,360,912.64元、10%法定公益金2,360,912.64元、10%任意盈余公积金2,360,912.64元,分配股利5,500,000元。", "spo_list": [{"predicate": "盈余公积", "object_type": "金额", "subject_type": "日期", "object": "2,360,912.64元", "subject": "2001年", "subject_index": {"begin": 4, "end": 9}, "object_index": {"begin": 85, "end": 98}}]}
{"text": "根据公司2002年度股东大会决议，按2002年度净利润提取10%法定盈余公积金2,949,374.06元、10%法定公益金2,949,374.06元、10%任意盈余公积金2,949,374.06元。", "spo_list": [{"predicate": "盈余公积", "object_type": "金额", "subject_type": "日期", "object": "2,949,374.06元", "subject": "2002年", "subject_index": {"begin": 18, "end": 23}, "object_index": {"begin": 39, "end": 52}}, {"predicate": "盈余公积", "object_type": "金额", "subject_type": "日期", "object": "2,949,374.06元", "subject": "2002年", "subject_index": {"begin": 18, "end": 23}, "object_index": {"begin": 85, "end": 98}}]}
{"text": "根据专项复核报告和公司董事会决议，调减1999年初未分配利润141,042.72元，调减1999年度未分配利润218,100.71元，调减2000年度未分配利润252,837.65元，调减2001年度未分配利润521,386.41元。", "spo_list": [{"predicate": "未分配利润", "object_type": "金额", "subject_type": "日期", "object": "141,042.72元", "subject": "1999年", "subject_index": {"begin": 19, "end": 24}, "object_index": {"begin": 30, "end": 41}}, {"predicate": "未分配利润", "object_type": "金额", "subject_type": "日期", "object": "218,100.71元", "subject": "1999年", "subject_index": {"begin": 19, "end": 24}, "object_index": {"begin": 55, "end": 66}}, {"predicate": "未分配利润", "object_type": "金额", "subject_type": "日期", "object": "252,837.65元", "subject": "2000年度", "subject_index": {"begin": 69, "end": 75}, "object_index": {"begin": 80, "end": 91}}, {"predicate": "未分配利润", "object_type": "金额", "subject_type": "日期", "object": "521,386.41元", "subject": "2001年度", "subject_index": {"begin": 94, "end": 100}, "object_index": {"begin": 105, "end": 116}}]}
{"text": "公司2001年末应收帐款余额为557万元，较1999年末62万元增加495万元。增幅较大的原因主要是公司2001年扩大了市场销售，使销售收入较2000年增加5,022万元而部分客户未能及时偿还货款所致。", "spo_list": [{"predicate": "应付账款", "object_type": "金额", "subject_type": "日期", "object": "557万元", "subject": "2001年", "subject_index": {"begin": 2, "end": 7}, "object_index": {"begin": 15, "end": 20}}, {"predicate": "应付账款", "object_type": "金额", "subject_type": "日期", "object": "495万元", "subject": "2001年", "subject_index": {"begin": 2, "end": 7}, "object_index": {"begin": 34, "end": 39}}]}
{"text": "根据公司2000年度股东大会决议，按2000年10-12月份净利润提取10%法定盈余公积金764,183.50元、10%法定公益金764,183.50元、10%任意盈余公积金764,183.50元,分配股利3,300,000元。", "spo_list": [{"predicate": "盈余公积", "object_type": "金额", "subject_type": "日期", "object": "764,183.50元", "subject": "2000年10-12月", "subject_index": {"begin": 18, "end": 29}, "object_index": {"begin": 45, "end": 56}}, {"predicate": "盈余公积", "object_type": "金额", "subject_type": "日期", "object": "764,183.50元", "subject": "2000年10-12月", "subject_index": {"begin": 18, "end": 29}, "object_index": {"begin": 87, "end": 98}}]}
{"text": "因会计政策变更相应调减1999年初未分配利润2,133,900.66元，调减1999年度未分配利润403,538.94元，调减2000年度未分配利润49,912.75元。因上述会计政策变更追溯调整而造成2000年12月31日未分配利润余额为-538,067.85元,公司2001年度董事会已作出决议，以现有股东按出资比例在2000年度利润分配中扣除。上述问题已处理完毕，公司已于2001年12月做了实际帐务处理，调减应付股利538,067.85元。", "spo_list": [{"predicate": "未分配利润", "object_type": "金额", "subject_type": "日期", "object": "2,133,900.66元", "subject": "1999年初", "subject_index": {"begin": 11, "end": 17}, "object_index": {"begin": 22, "end": 35}}, {"predicate": "未分配利润", "object_type": "金额", "subject_type": "日期", "object": "403,538.94元", "subject": "1999年初", "subject_index": {"begin": 11, "end": 17}, "object_index": {"begin": 49, "end": 60}}, {"predicate": "未分配利润", "object_type": "金额", "subject_type": "日期", "object": "49,912.75元", "subject": "2000年度未", "subject_index": {"begin": 63, "end": 70}, "object_index": {"begin": 74, "end": 84}}, {"predicate": "未分配利润", "object_type": "金额", "subject_type": "日期", "object": "-538,067.85元", "subject": "2000年12月31日", "subject_index": {"begin": 101, "end": 112}, "object_index": {"begin": 120, "end": 132}}]}
