{"text": "截至2020年6月30日，公司固定资产账面价值为27,983.96万元", "spo_list": [{"predicate": "固定资产账面价值", "object_type": "金额", "subject_type": "日期", "object": "27,983.96万元", "subject": "截至2020年6月30日", "subject_index": {"begin": 0, "end": 12}, "object_index": {"begin": 24, "end": 35}}]}
{"text": "截至2020年6月30日，本公司对内部人员的负债为应付职工薪酬，账面价值合计为816.93万元。", "spo_list": [{"predicate": "应付职工薪酬余额", "object_type": "金额", "subject_type": "日期", "object": "816.93万元", "subject": "截至2020年6月30日", "subject_index": {"begin": 0, "end": 12}, "object_index": {"begin": 39, "end": 47}}]}
{"text": "报告期各期末，公司应收票据账面价值分别为37,076.49万元、43,656.12万元、56,875.92万元和26,651.12万元。公司应收票据均为银行承兑汇票，银行承兑汇票的承兑人是商业银行，由于商业银行具有较高的信用，银行承兑汇票到期不获支付的可能性较低，因此未计提坏账准备。报告期内公司未出现过票据相关的追索或诉讼事项，未出现过承兑违约。", "spo_list": [{"predicate": "应收票据账面价值", "object_type": "金额", "subject_type": "日期", "object": "37,076.49万元", "subject": "报告期各期末", "subject_index": {"begin": 0, "end": 6}, "object_index": {"begin": 20, "end": 31}}, {"predicate": "应收票据账面价值", "object_type": "金额", "subject_type": "日期", "object": "43,656.12万元", "subject": "报告期各期末", "subject_index": {"begin": 0, "end": 6}, "object_index": {"begin": 32, "end": 43}}, {"predicate": "应收票据账面价值", "object_type": "金额", "subject_type": "日期", "object": "56,875.92万元", "subject": "报告期各期末", "subject_index": {"begin": 0, "end": 6}, "object_index": {"begin": 44, "end": 55}}, {"predicate": "应收票据账面价值", "object_type": "金额", "subject_type": "日期", "object": "26,651.12万元", "subject": "报告期各期末", "subject_index": {"begin": 0, "end": 6}, "object_index": {"begin": 56, "end": 67}}]}
{"text": "报告期各期末，公司应付票据账面价值分别为353.50万元、20,194.94万元、34,803.87万元和29,202.08万元。", "spo_list": [{"predicate": "应收票据账面价值", "object_type": "金额", "subject_type": "日期", "object": "353.50万元", "subject": "报告期各期末", "subject_index": {"begin": 0, "end": 6}, "object_index": {"begin": 20, "end": 28}}, {"predicate": "应收票据账面价值", "object_type": "金额", "subject_type": "日期", "object": "20,194.94万元", "subject": "报告期各期末", "subject_index": {"begin": 0, "end": 6}, "object_index": {"begin": 29, "end": 40}}, {"predicate": "应收票据账面价值", "object_type": "金额", "subject_type": "日期", "object": "34,803.87万元", "subject": "报告期各期末", "subject_index": {"begin": 0, "end": 6}, "object_index": {"begin": 41, "end": 52}}, {"predicate": "应收票据账面价值", "object_type": "金额", "subject_type": "日期", "object": "29,202.08万元", "subject": "报告期各期末", "subject_index": {"begin": 0, "end": 6}, "object_index": {"begin": 53, "end": 64}}]}
{"text": "报告期各期末，公司一年内到期的非流动负债账面价值分别为0.00万元、0.00万元、1,001.36万元和3,004.08万元，占流动负债的比例分别为0.00%、0.00%、1.19%和3.56%。2019年末，公司一年内到期的非流动负债较2018年末增加1,001.36万元，主要系子公司马鞍山华旺向银行借入的部分款项预计需在2020年到期归还。2020年6月末，公司一年内到期的非流动负债较2019年末增加2,002.72万元，主要系子公司马鞍山华旺向银行借入的部分款项预计需在2021年6月末前到期归还。", "spo_list": [{"predicate": "非流动负债", "object_type": "金额", "subject_type": "日期", "object": "0.00万元", "subject": "报告期各期末", "subject_index": {"begin": 0, "end": 6}, "object_index": {"begin": 27, "end": 33}}, {"predicate": "非流动负债", "object_type": "金额", "subject_type": "日期", "object": "0.00万元", "subject": "报告期各期末", "subject_index": {"begin": 0, "end": 6}, "object_index": {"begin": 34, "end": 40}}, {"predicate": "非流动负债", "object_type": "金额", "subject_type": "日期", "object": "1,001.36万元", "subject": "报告期各期末", "subject_index": {"begin": 0, "end": 6}, "object_index": {"begin": 41, "end": 51}}, {"predicate": "非流动负债", "object_type": "金额", "subject_type": "日期", "object": "3,004.08万元", "subject": "报告期各期末", "subject_index": {"begin": 0, "end": 6}, "object_index": {"begin": 52, "end": 62}}]}
{"text": "公司非流动负债主要由递延所得税负债和长期借款构成。报告期各期末，公司递延所得税负债分别为0.00万元、60.41万元、57.33万元和51.17万元，占负债总额的比例较低。", "spo_list": [{"predicate": "递延所得税负债", "object_type": "金额", "subject_type": "日期", "object": "0.00万元", "subject": "报告期各期末", "subject_index": {"begin": 25, "end": 31}, "object_index": {"begin": 44, "end": 50}}, {"predicate": "递延所得税负债", "object_type": "金额", "subject_type": "日期", "object": "60.41万元", "subject": "报告期各期末", "subject_index": {"begin": 25, "end": 31}, "object_index": {"begin": 51, "end": 58}}, {"predicate": "递延所得税负债", "object_type": "金额", "subject_type": "日期", "object": "57.33万元", "subject": "报告期各期末", "subject_index": {"begin": 25, "end": 31}, "object_index": {"begin": 59, "end": 66}}, {"predicate": "递延所得税负债", "object_type": "金额", "subject_type": "日期", "object": "51.17万元", "subject": "报告期各期末", "subject_index": {"begin": 25, "end": 31}, "object_index": {"begin": 67, "end": 74}}]}
{"text": "报告期内，公司期间费用总额分别为16,238.63万元、14,488.26万元、12,678.21万元和5,391.81万元，占同期营业收入比例分别为8.87%、7.53%、7.67%和8.04%，期间费用总额占同期营业收入比例基本保持稳定。", "spo_list": [{"predicate": "期间费用", "object_type": "金额", "subject_type": "日期", "object": "16,238.63万元", "subject": "报告期内", "subject_index": {"begin": 0, "end": 4}, "object_index": {"begin": 16, "end": 27}}, {"predicate": "期间费用", "object_type": "金额", "subject_type": "日期", "object": "14,488.26万元", "subject": "报告期内", "subject_index": {"begin": 0, "end": 4}, "object_index": {"begin": 28, "end": 39}}, {"predicate": "期间费用", "object_type": "金额", "subject_type": "日期", "object": "12,678.21万元", "subject": "报告期内", "subject_index": {"begin": 0, "end": 4}, "object_index": {"begin": 40, "end": 51}}, {"predicate": "期间费用", "object_type": "金额", "subject_type": "日期", "object": "5,391.81万元", "subject": "报告期内", "subject_index": {"begin": 0, "end": 4}, "object_index": {"begin": 52, "end": 62}}]}
{"text": "根据天健会计师于2014年10月16日出具的天健审[2014]6537号《审计报告》，截至2014年9月30日，华旺有限的净资产为14,691.60万元。", "spo_list": [{"predicate": "净资产价值", "object_type": "金额", "subject_type": "日期", "object": "14,691.60万元", "subject": "2014年10月16日", "subject_index": {"begin": 8, "end": 19}, "object_index": {"begin": 65, "end": 76}}]}
{"text": "根据坤元评估于2014年10月31日出具的坤元评报[2014]456号《资产评估报告》，截至2014年9月30日，华旺有限资产净额评估价值为20,234.66万元。", "spo_list": [{"predicate": "净资产价值", "object_type": "金额", "subject_type": "日期", "object": "20,234.66万元", "subject": "2014年10月31日", "subject_index": {"begin": 7, "end": 18}, "object_index": {"begin": 70, "end": 81}}]}
{"text": "截至2020年6月30日，公司其他流动负债账面价值为2,499.33万元", "spo_list": [{"predicate": "非流动负债", "object_type": "金额", "subject_type": "日期", "object": "2,499.33万元", "subject": "2020年6月30日", "subject_index": {"begin": 2, "end": 12}, "object_index": {"begin": 26, "end": 36}}]}
{"text": "报告期各期末，公司应收账款账面价值分别为21,211.86万元、21,229.99万元、15,177.60万元和28,894.61万元，公司应收账款变动主要系公司营业收入规模变动影响。2017-2019年末，发行人各年末应收账款账面价值波动率小于各期营业收入波动率，主要系公司加快了应收账款的回收，应收账款回款情况良好。2020年6月末，因公司年中应收账款催收力度相对年末较弱，导致2020年6月末应收账款账面价值较2019年末增长较快。", "spo_list": [{"predicate": "应收帐款账面价值", "object_type": "金额", "subject_type": "日期", "object": "21,211.86万元", "subject": "报告期各期末", "subject_index": {"begin": 0, "end": 6}, "object_index": {"begin": 20, "end": 31}}, {"predicate": "应收帐款账面价值", "object_type": "金额", "subject_type": "日期", "object": "21,229.99万元", "subject": "报告期各期末", "subject_index": {"begin": 0, "end": 6}, "object_index": {"begin": 32, "end": 43}}, {"predicate": "应收帐款账面价值", "object_type": "金额", "subject_type": "日期", "object": "15,177.60万元", "subject": "报告期各期末", "subject_index": {"begin": 0, "end": 6}, "object_index": {"begin": 44, "end": 55}}, {"predicate": "应收帐款账面价值", "object_type": "金额", "subject_type": "日期", "object": "28,894.61万元", "subject": "报告期各期末", "subject_index": {"begin": 0, "end": 6}, "object_index": {"begin": 56, "end": 67}}]}
{"text": "报告期各期末，公司存货账面价值分别为36,276.97万元、37,552.97万元、35,801.65万元和41,328.07万元，占流动资产的比例分别为34.03%、29.92%、25.32%和28.45%，为公司主要流动资产之一。", "spo_list": [{"predicate": "存货账面价值", "object_type": "金额", "subject_type": "日期", "object": "36,276.97万元", "subject": "报告期各期末", "subject_index": {"begin": 0, "end": 6}, "object_index": {"begin": 18, "end": 29}}, {"predicate": "存货账面价值", "object_type": "金额", "subject_type": "日期", "object": "37,552.97万元", "subject": "报告期各期末", "subject_index": {"begin": 0, "end": 6}, "object_index": {"begin": 30, "end": 41}}, {"predicate": "存货账面价值", "object_type": "金额", "subject_type": "日期", "object": "35,801.65万元", "subject": "报告期各期末", "subject_index": {"begin": 0, "end": 6}, "object_index": {"begin": 42, "end": 53}}, {"predicate": "存货账面价值", "object_type": "金额", "subject_type": "日期", "object": "41,328.07万元", "subject": "报告期各期末", "subject_index": {"begin": 0, "end": 6}, "object_index": {"begin": 54, "end": 65}}]}
{"text": "报告期各期末，公司应付账款账面价值分别为24,650.85万元、23,069.73万元、25,725.86万元和20,269.65万元，其中账龄在1年以内的应付账款账面价值比例分别为98.79%、99.82%、99.87%和99.86%，占比较高。", "spo_list": [{"predicate": "应付账款余额", "object_type": "金额", "subject_type": "日期", "object": "24,650.85万元", "subject": "报告期各期末", "subject_index": {"begin": 0, "end": 6}, "object_index": {"begin": 20, "end": 31}}, {"predicate": "应付账款余额", "object_type": "金额", "subject_type": "日期", "object": "23,069.73万元", "subject": "报告期各期末", "subject_index": {"begin": 0, "end": 6}, "object_index": {"begin": 32, "end": 43}}, {"predicate": "应付账款余额", "object_type": "金额", "subject_type": "日期", "object": "25,725.86万元", "subject": "报告期各期末", "subject_index": {"begin": 0, "end": 6}, "object_index": {"begin": 44, "end": 55}}, {"predicate": "应付账款余额", "object_type": "金额", "subject_type": "日期", "object": "20,269.65万元", "subject": "报告期各期末", "subject_index": {"begin": 0, "end": 6}, "object_index": {"begin": 56, "end": 67}}]}
{"text": "公司其他应付款主要为应付利息、押金保证金、拆借款等。报告期各期末，公司其他应付款账面价值分别为345.55万元、168.55万元、87.83万元和91.82万元，占流动负债的比例分别为0.48%、0.21%、0.10%和0.11%。", "spo_list": [{"predicate": "其他应付款余额", "object_type": "金额", "subject_type": "日期", "object": "345.55万元", "subject": "报告期各期末", "subject_index": {"begin": 26, "end": 32}, "object_index": {"begin": 47, "end": 55}}, {"predicate": "其他应付款余额", "object_type": "金额", "subject_type": "日期", "object": "168.55万元", "subject": "报告期各期末", "subject_index": {"begin": 26, "end": 32}, "object_index": {"begin": 56, "end": 64}}, {"predicate": "其他应付款余额", "object_type": "金额", "subject_type": "日期", "object": "87.83万元", "subject": "报告期各期末", "subject_index": {"begin": 26, "end": 32}, "object_index": {"begin": 65, "end": 72}}, {"predicate": "其他应付款余额", "object_type": "金额", "subject_type": "日期", "object": "91.82万元", "subject": "报告期各期末", "subject_index": {"begin": 26, "end": 32}, "object_index": {"begin": 73, "end": 80}}]}
{"text": "2020年6月末，公司长期借款增加3,003.90万元，主要系2020年1-6月，子公司马鞍山华旺新增长期借款用于12万吨/年装饰原纸生产线新建项目建设。", "spo_list": [{"predicate": "长期借款余额", "object_type": "金额", "subject_type": "日期", "object": "3,003.90万元", "subject": "2020年6月末", "subject_index": {"begin": 0, "end": 8}, "object_index": {"begin": 17, "end": 27}}]}
{"text": "2017-2019年末，公司流动比率、速动比率逐年增长；2020年6月末，公司流动比率有所增长，速动比率保持稳定，说明公司短期偿债能力较强。报告期各期末，公司资产负债率（合并）逐年下降，说明公司长期偿债能力不断提升。报告期内，公司息税折旧摊销前利润分别为24,835.55万元、21,008.56万元、25,660.02万元和13,637.95万元，利息保障倍数分别为9.02倍、6.48倍、12.80倍和16.86倍，表明发行人有较强的偿还利息能力。", "spo_list": [{"predicate": "息税折旧摊销前利润", "object_type": "金额", "subject_type": "日期", "object": "24,835.55万元", "subject": "报告期内", "subject_index": {"begin": 108, "end": 112}, "object_index": {"begin": 127, "end": 138}}, {"predicate": "息税折旧摊销前利润", "object_type": "金额", "subject_type": "日期", "object": "21,008.56万元", "subject": "报告期内", "subject_index": {"begin": 108, "end": 112}, "object_index": {"begin": 139, "end": 150}}, {"predicate": "息税折旧摊销前利润", "object_type": "金额", "subject_type": "日期", "object": "25,660.02万元", "subject": "报告期内", "subject_index": {"begin": 108, "end": 112}, "object_index": {"begin": 151, "end": 162}}, {"predicate": "息税折旧摊销前利润", "object_type": "金额", "subject_type": "日期", "object": "13,637.95万元", "subject": "报告期内", "subject_index": {"begin": 108, "end": 112}, "object_index": {"begin": 163, "end": 174}}, {"predicate": "利息保障倍数", "object_type": "日期", "subject_type": "比率", "object": "报告期内", "subject": "9.02倍", "subject_index": {"begin": 184, "end": 189}, "object_index": {"begin": 108, "end": 112}}, {"predicate": "利息保障倍数", "object_type": "日期", "subject_type": "比率", "object": "报告期内", "subject": "6.48倍", "subject_index": {"begin": 190, "end": 195}, "object_index": {"begin": 108, "end": 112}}, {"predicate": "利息保障倍数", "object_type": "日期", "subject_type": "比率", "object": "报告期内", "subject": "12.80倍", "subject_index": {"begin": 196, "end": 202}, "object_index": {"begin": 108, "end": 112}}, {"predicate": "利息保障倍数", "object_type": "日期", "subject_type": "比率", "object": "报告期内", "subject": "16.86倍", "subject_index": {"begin": 203, "end": 209}, "object_index": {"begin": 108, "end": 112}}]}
{"text": "公司资产减值损失主要为应收账款和其他应收款计提的坏账损失以及存货跌价准备。报告期内，公司资产减值损失金额分别为-677.35万元、-1,316.19万元、-480.82万元和-397.89万元，占利润总额的比例分别-3.85%、-9.57%、-2.48%和-3.70%。", "spo_list": [{"predicate": "资产减值损失", "object_type": "金额", "subject_type": "日期", "object": "-677.35万元", "subject": "报告期内", "subject_index": {"begin": 37, "end": 41}, "object_index": {"begin": 55, "end": 64}}, {"predicate": "资产减值损失", "object_type": "金额", "subject_type": "日期", "object": "-1,316.19万元", "subject": "报告期内", "subject_index": {"begin": 37, "end": 41}, "object_index": {"begin": 65, "end": 76}}, {"predicate": "资产减值损失", "object_type": "金额", "subject_type": "日期", "object": "-480.82万元", "subject": "报告期内", "subject_index": {"begin": 37, "end": 41}, "object_index": {"begin": 77, "end": 86}}, {"predicate": "资产减值损失", "object_type": "金额", "subject_type": "日期", "object": "-397.89万元", "subject": "报告期内", "subject_index": {"begin": 37, "end": 41}, "object_index": {"begin": 87, "end": 96}}]}
{"text": "报告期各期末，公司其他应收款账面价值分别为7.93万元、70.04万元、16.17万元和17.67万元，占流动资产的比例分别为0.01%、0.06%、0.01%和0.01%，占比较低。公司的其他应收款主要是各类保证金及个人住房公积金等应收暂付款等。", "spo_list": [{"predicate": "其他应收账款账面价值", "object_type": "金额", "subject_type": "日期", "object": "16.17万元", "subject": "报告期各期末", "subject_index": {"begin": 0, "end": 6}, "object_index": {"begin": 36, "end": 43}}, {"predicate": "其他应收账款账面价值", "object_type": "金额", "subject_type": "日期", "object": "17.67万元", "subject": "报告期各期末", "subject_index": {"begin": 0, "end": 6}, "object_index": {"begin": 44, "end": 51}}, {"predicate": "其他应收账款账面价值", "object_type": "金额", "subject_type": "日期", "object": "7.93万元", "subject": "报告期各期末", "subject_index": {"begin": 0, "end": 6}, "object_index": {"begin": 21, "end": 27}}, {"predicate": "其他应收账款账面价值", "object_type": "金额", "subject_type": "日期", "object": "70.04万元", "subject": "报告期各期末", "subject_index": {"begin": 0, "end": 6}, "object_index": {"begin": 28, "end": 35}}]}
{"text": "应付职工薪酬主要为已计提尚未发放的工资和奖金。报告期各期末，公司应付职工薪酬金额分别为870.91万元、1,041.17万元、1,147.49万元和816.93万元，占流动负债的比例分别为1.22%、1.30%、1.36%和0.97%。", "spo_list": [{"predicate": "应付职工薪酬余额", "object_type": "金额", "subject_type": "日期", "object": "870.91万元", "subject": "报告期各期末", "subject_index": {"begin": 23, "end": 29}, "object_index": {"begin": 43, "end": 51}}, {"predicate": "应付职工薪酬余额", "object_type": "金额", "subject_type": "日期", "object": "1,041.17万元", "subject": "报告期各期末", "subject_index": {"begin": 23, "end": 29}, "object_index": {"begin": 52, "end": 62}}, {"predicate": "应付职工薪酬余额", "object_type": "金额", "subject_type": "日期", "object": "1,147.49万元", "subject": "报告期各期末", "subject_index": {"begin": 23, "end": 29}, "object_index": {"begin": 63, "end": 73}}, {"predicate": "应付职工薪酬余额", "object_type": "金额", "subject_type": "日期", "object": "816.93万元", "subject": "报告期各期末", "subject_index": {"begin": 23, "end": 29}, "object_index": {"begin": 74, "end": 82}}]}
{"text": "公司其他流动负债主要为期末计提尚未支付的销售返利、销售佣金及预计贴损补偿。报告期各期末，公司其他流动负债账面价值分别为2,080.48万元、2,109.95万元、2,458.33万元和2,499.33万元，占流动负债的比例分别为2.91%、2.64%、2.92%和2.96%，占比较小。公司其他流动负债金额变动主要系公司尚未支付的返利、销售佣金和预计贴损补偿存在波动。", "spo_list": [{"predicate": "其他流动负债", "object_type": "金额", "subject_type": "日期", "object": "2,080.48万元", "subject": "报告期各期末", "subject_index": {"begin": 37, "end": 43}, "object_index": {"begin": 59, "end": 69}}, {"predicate": "其他流动负债", "object_type": "金额", "subject_type": "日期", "object": "2,109.95万元", "subject": "报告期各期末", "subject_index": {"begin": 37, "end": 43}, "object_index": {"begin": 70, "end": 80}}, {"predicate": "其他非流动负债", "object_type": "金额", "subject_type": "日期", "object": "2,458.33万元", "subject": "报告期各期末", "subject_index": {"begin": 37, "end": 43}, "object_index": {"begin": 81, "end": 91}}, {"predicate": "其他流动负债", "object_type": "金额", "subject_type": "日期", "object": "2,499.33万元", "subject": "报告期各期末", "subject_index": {"begin": 37, "end": 43}, "object_index": {"begin": 92, "end": 102}}]}
{"text": "公司预付款项主要为材料预付款。报告期各期末，公司预付款项账面价值分别为260.76万元、169.49万元、215.57万元和144.72万元，占流动资产的比例分别为0.24%、0.14%、0.15%和0.10%，占比较低。", "spo_list": [{"predicate": "预收账款余额", "object_type": "金额", "subject_type": "日期", "object": "260.76万元", "subject": "报告期各期末", "subject_index": {"begin": 15, "end": 21}, "object_index": {"begin": 35, "end": 43}}, {"predicate": "预付账款余额", "object_type": "金额", "subject_type": "日期", "object": "169.49万元", "subject": "报告期各期末", "subject_index": {"begin": 15, "end": 21}, "object_index": {"begin": 44, "end": 52}}, {"predicate": "预付账款余额", "object_type": "金额", "subject_type": "日期", "object": "215.57万元", "subject": "报告期各期末", "subject_index": {"begin": 15, "end": 21}, "object_index": {"begin": 53, "end": 61}}, {"predicate": "预付账款余额", "object_type": "金额", "subject_type": "日期", "object": "144.72万元", "subject": "报告期各期末", "subject_index": {"begin": 15, "end": 21}, "object_index": {"begin": 62, "end": 70}}]}
{"text": "报告期各期末，公司预收款项账面价值分别为2,139.02万元、282.80万元、3,224.05万元和23.54万元，占流动负债的比例分别为2.99%、0.35%、3.83%和0.03%，占比较低。", "spo_list": [{"predicate": "预收款项余额", "object_type": "金额", "subject_type": "日期", "object": "2,139.02万元", "subject": "报告期各期末", "subject_index": {"begin": 0, "end": 6}, "object_index": {"begin": 20, "end": 30}}, {"predicate": "预收款项余额", "object_type": "金额", "subject_type": "日期", "object": "282.80万元", "subject": "报告期各期末", "subject_index": {"begin": 0, "end": 6}, "object_index": {"begin": 31, "end": 39}}, {"predicate": "预收款项余额", "object_type": "金额", "subject_type": "日期", "object": "3,224.05万元", "subject": "报告期各期末", "subject_index": {"begin": 0, "end": 6}, "object_index": {"begin": 40, "end": 50}}, {"predicate": "预收款项余额", "object_type": "金额", "subject_type": "日期", "object": "23.54万元", "subject": "报告期各期末", "subject_index": {"begin": 0, "end": 6}, "object_index": {"begin": 51, "end": 58}}]}
{"text": "公司应交税费主要包括企业所得税、增值税等。报告期各期末，公司应交税费账面价值分别为2,124.01万元、1,716.14万元、2,315.66万元和2,916.65万元，占流动负债的比例分别为2.97%、2.15%、2.75%和3.46%。报告期内公司应交税费账面价值变化主要因公司的纳税义务发生时间与公司实际缴纳的进度存在差异所致。", "spo_list": [{"predicate": "应交税费余额", "object_type": "金额", "subject_type": "日期", "object": "2,124.01万元", "subject": "报告期各期末", "subject_index": {"begin": 21, "end": 27}, "object_index": {"begin": 41, "end": 51}}, {"predicate": "应交税费余额", "object_type": "金额", "subject_type": "日期", "object": "1,716.14万元", "subject": "报告期各期末", "subject_index": {"begin": 21, "end": 27}, "object_index": {"begin": 52, "end": 62}}, {"predicate": "应交税费余额", "object_type": "金额", "subject_type": "日期", "object": "2,315.66万元", "subject": "报告期各期末", "subject_index": {"begin": 21, "end": 27}, "object_index": {"begin": 63, "end": 73}}, {"predicate": "应交税费余额", "object_type": "金额", "subject_type": "日期", "object": "2,916.65万元", "subject": "报告期各期末", "subject_index": {"begin": 21, "end": 27}, "object_index": {"begin": 74, "end": 84}}]}
