{"text": "1999年、2000年、2001年末和2002年度5月31日本公司的货币资金分别为4,664.62万元、1,044.15万元、1,516.84万元和3,646.88万元；分别占期末流动资产的42%、13%、22%和45%。", "spo_list": [{"predicate": "货币资金", "object_type": "金额", "subject_type": "日期", "object": "4,664.62万元", "subject": "1999年", "subject_index": {"begin": 0, "end": 5}, "object_index": {"begin": 41, "end": 51}}, {"predicate": "货币资金", "object_type": "金额", "subject_type": "日期", "object": "1,044.15万元", "subject": "2000年", "subject_index": {"begin": 6, "end": 11}, "object_index": {"begin": 52, "end": 62}}, {"predicate": "货币资金", "object_type": "金额", "subject_type": "日期", "object": "1,516.84万元", "subject": "2001年末", "subject_index": {"begin": 12, "end": 18}, "object_index": {"begin": 63, "end": 73}}, {"predicate": "货币资金", "object_type": "金额", "subject_type": "日期", "object": "3,646.88万元", "subject": "2002年度5月31日", "subject_index": {"begin": 19, "end": 30}, "object_index": {"begin": 74, "end": 84}}]}
{"text": "本公司1999年、2000年、2001年末和2002年度5月31日的存货分别为1,997.70万元、4,833.36万元、3,382.50万元2,556.87万元，存货主要系原材料玉米以及其他原材料、产成品、包装物、低值易耗品，其中原材料主要为玉米，占2000年存货总额的86%，2000年度增幅较大，主要是由于公司考虑玉米收购季节价格优势以及考虑柠檬酸二期工程和5万吨/年淀粉糖项目投产的需要而储备了较大量的玉米。同期存货跌价准备为分别为15.64万元、33.82万元、54.06万元和65.33万元，上述期末的存货净额为1,982.06万元、4,799.54万元、3,328.45万元和2,491.54万元。", "spo_list": [{"predicate": "存货跌价准备", "object_type": "金额", "subject_type": "日期", "object": "15.64万元", "subject": "1999年", "subject_index": {"begin": 3, "end": 8}, "object_index": {"begin": 220, "end": 227}}, {"predicate": "存货跌价准备", "object_type": "金额", "subject_type": "日期", "object": "33.82万元", "subject": "2000年", "subject_index": {"begin": 9, "end": 14}, "object_index": {"begin": 228, "end": 235}}, {"predicate": "存货跌价准备", "object_type": "金额", "subject_type": "日期", "object": "54.06万元", "subject": "2001年末", "subject_index": {"begin": 15, "end": 21}, "object_index": {"begin": 236, "end": 243}}, {"predicate": "存货跌价准备", "object_type": "金额", "subject_type": "日期", "object": "65.33万元", "subject": "2002年度5月31日", "subject_index": {"begin": 22, "end": 33}, "object_index": {"begin": 244, "end": 251}}, {"predicate": "存货净值", "object_type": "金额", "subject_type": "日期", "object": "1,982.06万元", "subject": "1999年", "subject_index": {"begin": 3, "end": 8}, "object_index": {"begin": 262, "end": 272}}, {"predicate": "存货净值", "object_type": "金额", "subject_type": "日期", "object": "4,799.54万元", "subject": "2000年", "subject_index": {"begin": 9, "end": 14}, "object_index": {"begin": 273, "end": 283}}, {"predicate": "存货净值", "object_type": "金额", "subject_type": "日期", "object": "3,328.45万元", "subject": "2001年末", "subject_index": {"begin": 15, "end": 21}, "object_index": {"begin": 284, "end": 294}}, {"predicate": "存货净值", "object_type": "金额", "subject_type": "日期", "object": "2,491.54万元", "subject": "2002年度5月31日", "subject_index": {"begin": 22, "end": 33}, "object_index": {"begin": 295, "end": 305}}]}
{"text": "1999年、2000年、2001年末和2002年5月31日本公司的应交税金分别为689.68万元、223.96万元、476.72万元和314.41万元。截止2002年5月31日，本公司应交税金中，主要包括增值税266.09万元和企业所得税38.26万元。", "spo_list": [{"predicate": "应交税费", "object_type": "金额", "subject_type": "日期", "object": "689.68万元", "subject": "1999年", "subject_index": {"begin": 0, "end": 5}, "object_index": {"begin": 40, "end": 48}}, {"predicate": "应交税费", "object_type": "金额", "subject_type": "日期", "object": "223.96万元", "subject": "2000年", "subject_index": {"begin": 6, "end": 11}, "object_index": {"begin": 49, "end": 57}}, {"predicate": "应交税费", "object_type": "金额", "subject_type": "日期", "object": "476.72万元", "subject": "2001年末", "subject_index": {"begin": 12, "end": 18}, "object_index": {"begin": 58, "end": 66}}, {"predicate": "应交税费", "object_type": "金额", "subject_type": "日期", "object": "314.41万元", "subject": "2002年5月31日", "subject_index": {"begin": 19, "end": 29}, "object_index": {"begin": 67, "end": 75}}]}
{"text": "2000年6月27日，甘南甘泉会计师事务所有限责任公司接受委托，对股权转让后黑龙江华冠股份有限公司截至2000年6月27日止的注册资本、投入资本变更情况的真实性和合法性进行了审验。审验确认，截至2000年6月27日止，黑龙江华冠股份有限公司股权变更后的所有者权益为10,378万元，其中：实收资本为6000万元，资本公积为162万元，盈余公积为1,082万元，未分配利润为3,134万元。与上述变更后投入资本总额相关的资产总额为19,000万元，负债总额8,622万元。", "spo_list": [{"predicate": "盈余公积", "object_type": "金额", "subject_type": "日期", "object": "1,082万元", "subject": "2000年6月27日止", "subject_index": {"begin": 97, "end": 108}, "object_index": {"begin": 172, "end": 179}}, {"predicate": "总负债", "object_type": "金额", "subject_type": "日期", "object": "8,622万元", "subject": "2000年6月27日止", "subject_index": {"begin": 97, "end": 108}, "object_index": {"begin": 227, "end": 234}}]}
{"text": "2000年11月，经公司2000年第二次临时股东大会决议通过，华冠科技与富华总公司签署《资产置换协议》，将本公司下属乳品厂、运输队的全部净资产与黑龙江富华集团总公司在建玉米淀粉糖项目相关资产进行等价置换。确定的评估基准日为2000年11月30日，资产移交日为2000年12月31日，公司置换出净资产账面值为2,141.68万元，评估值为2,134.54万元，置换入玉米淀粉糖项目资产评估值为1,533.79万元。双方协商确定以上述资产、负债评估后价值作为转让价格，资产置换差额以现金方式补足；", "spo_list": [{"predicate": "净资产账面价值", "object_type": "金额", "subject_type": "日期", "object": "2,141.68万元", "subject": "2000年11月", "subject_index": {"begin": 0, "end": 8}, "object_index": {"begin": 153, "end": 163}}, {"predicate": "净资产评估值", "object_type": "金额", "subject_type": "日期", "object": "1,533.79万元", "subject": "2000年11月", "subject_index": {"begin": 0, "end": 8}, "object_index": {"begin": 195, "end": 205}}]}
{"text": "本公司1999年度、2000年度、2001年度底和2002年度5月31日的其他应收款分别为1,041.43万元、309.46万元、113.07万元和95.38万元；同期的坏账准备金分别为62.49万元、18.57万元、6.78万元和5.72万元；同期其他应收款净值分别为978.94万元、290.89万元、106.29万元和89.66万元。", "spo_list": [{"predicate": "其他应收款余额", "object_type": "金额", "subject_type": "日期", "object": "95.38万元", "subject": "2002年度5月31日", "subject_index": {"begin": 25, "end": 36}, "object_index": {"begin": 74, "end": 81}}, {"predicate": "其他应付款余额", "object_type": "金额", "subject_type": "日期", "object": "113.07万元", "subject": "2001年度", "subject_index": {"begin": 17, "end": 23}, "object_index": {"begin": 65, "end": 73}}, {"predicate": "其他应收款余额", "object_type": "金额", "subject_type": "日期", "object": "309.46万元", "subject": "2000年度", "subject_index": {"begin": 10, "end": 16}, "object_index": {"begin": 56, "end": 64}}, {"predicate": "其他应付款余额", "object_type": "金额", "subject_type": "日期", "object": "1,041.43万元", "subject": "1999年度", "subject_index": {"begin": 3, "end": 9}, "object_index": {"begin": 45, "end": 55}}]}
{"text": "1999年、2000年、2001年末和2002年5月31日本公司的其他应付款分别为1,310.41万元、690.76万元、302.80万元和248.01万元。截止2002年5月31日，本公司的其他应付款主要为应付未付的销售提成、工会经费等构成。", "spo_list": [{"predicate": "其他应付款", "object_type": "金额", "subject_type": "日期", "object": "248.01万元", "subject": "2002年5月31日", "subject_index": {"begin": 19, "end": 29}, "object_index": {"begin": 70, "end": 78}}, {"predicate": "其他应付款", "object_type": "金额", "subject_type": "日期", "object": "302.80万元", "subject": "2001年末", "subject_index": {"begin": 12, "end": 18}, "object_index": {"begin": 61, "end": 69}}, {"predicate": "其他应付款", "object_type": "金额", "subject_type": "日期", "object": "690.76万元", "subject": "2000年", "subject_index": {"begin": 6, "end": 11}, "object_index": {"begin": 52, "end": 60}}, {"predicate": "其他应付款", "object_type": "金额", "subject_type": "日期", "object": "1,310.41万元", "subject": "1999年", "subject_index": {"begin": 0, "end": 5}, "object_index": {"begin": 41, "end": 51}}]}
{"text": "本公司管理费用主要为管理人员的工资及福利、折旧费、长期资产摊销、存货盘盈盘亏和研究开发费用等。1999年度、2000年度、2001年度和2002年度1-5月管理费用分别为299.46万元、345.16万元、464.50万元199.35万元，分别占当期主营业务收入的3.23%、2.98%、3.27%和2.73%。", "spo_list": [{"predicate": "管理费用", "object_type": "金额", "subject_type": "日期", "object": "299.46万元", "subject": "1999年度", "subject_index": {"begin": 47, "end": 53}, "object_index": {"begin": 85, "end": 93}}, {"predicate": "管理费用", "object_type": "金额", "subject_type": "日期", "object": "345.16万元", "subject": "2000年度", "subject_index": {"begin": 54, "end": 60}, "object_index": {"begin": 94, "end": 102}}, {"predicate": "管理费用", "object_type": "金额", "subject_type": "日期", "object": "464.50万元", "subject": "2001年度", "subject_index": {"begin": 61, "end": 67}, "object_index": {"begin": 103, "end": 111}}, {"predicate": "管理费用", "object_type": "金额", "subject_type": "日期", "object": "199.35万元", "subject": "2002年度1-5月", "subject_index": {"begin": 68, "end": 78}, "object_index": {"begin": 111, "end": 119}}]}
{"text": "截止2002年5月31日，本公司无形资产账面净值为317.98万元，占净资产的2.65%。", "spo_list": [{"predicate": "无形资产", "object_type": "金额", "subject_type": "日期", "object": "317.98万元", "subject": "2002年5月31日", "subject_index": {"begin": 2, "end": 12}, "object_index": {"begin": 25, "end": 33}}]}
{"text": "1999年、2000年、2001年末和2002年5月31日本公司的应付账款分别为1,541.50万元、2,539.51万元、713.31万元和1,083.22万元。截止2002年5月31日，本公司的应付账款主要为原材料、辅料和机器设备采购款项，其中一年以内占63%，一年到二年占37%。无持本公司5%及5%以上股份的主要股东的款项。", "spo_list": [{"predicate": "应付账款", "object_type": "金额", "subject_type": "日期", "object": "1,541.50万元", "subject": "1999年", "subject_index": {"begin": 0, "end": 5}, "object_index": {"begin": 40, "end": 50}}, {"predicate": "应付账款", "object_type": "金额", "subject_type": "日期", "object": "2,539.51万元", "subject": "2000年", "subject_index": {"begin": 6, "end": 11}, "object_index": {"begin": 51, "end": 61}}, {"predicate": "应付账款", "object_type": "金额", "subject_type": "日期", "object": "713.31万元", "subject": "2001年末", "subject_index": {"begin": 12, "end": 18}, "object_index": {"begin": 62, "end": 70}}, {"predicate": "应付账款", "object_type": "金额", "subject_type": "日期", "object": "1,083.22万元", "subject": "2002年5月31日", "subject_index": {"begin": 19, "end": 29}, "object_index": {"begin": 71, "end": 81}}]}
{"text": "截至2002年5月末，本公司负债主要包括流动负债3,404.76万元、长期负债809.87万元，其中对银行等机构长短期借款为1,770.37万元，占总负债的比例为42%，资产负债率为26.02%，资产负债结构良好，偿债压力不大，长期资产占用资金未超过股东权益，说明公司资本结构控制较好，且长短期借款根据生产经营的需要结构合理，无重大已到期未偿还债务，不存在重大不良资产或或有事项。", "spo_list": [{"predicate": "流动负债", "object_type": "金额", "subject_type": "日期", "object": "3,404.76万元", "subject": "2002年5月末", "subject_index": {"begin": 2, "end": 10}, "object_index": {"begin": 24, "end": 34}}, {"predicate": "资产负债率", "object_type": "日期", "subject_type": "比率", "object": "2002年5月末", "subject": "26.02%", "subject_index": {"begin": 91, "end": 97}, "object_index": {"begin": 2, "end": 10}}]}
{"text": "到2002年5月31日，公司拥有固定资产原值为10,321.70万元，累计折旧2,512.96万元，净值7,808.74万元，固定资产净额7,759.40万元，固定资产占总资产的48%，资产总的成新率为76％。", "spo_list": [{"predicate": "固定资产账面价值", "object_type": "金额", "subject_type": "日期", "object": "10,321.70万元", "subject": "2002年5月31日", "subject_index": {"begin": 1, "end": 11}, "object_index": {"begin": 23, "end": 34}}, {"predicate": "固定资产净额", "object_type": "金额", "subject_type": "日期", "object": "7,759.40万元", "subject": "2002年5月31日", "subject_index": {"begin": 1, "end": 11}, "object_index": {"begin": 69, "end": 79}}]}
{"text": "1999年、2000年、2001年末和和2002年度5月31日本公司的预付账款分别为552.75万元、250.06万元、133.35万元88.30万元，主要系原材料、辅料采购的预付款项。", "spo_list": [{"predicate": "预付账款余额", "object_type": "金额", "subject_type": "日期", "object": "552.75万元", "subject": "1999年", "subject_index": {"begin": 0, "end": 5}, "object_index": {"begin": 42, "end": 50}}, {"predicate": "预付账款余额", "object_type": "金额", "subject_type": "日期", "object": "250.06万元", "subject": "2000年", "subject_index": {"begin": 6, "end": 11}, "object_index": {"begin": 51, "end": 59}}, {"predicate": "预付账款余额", "object_type": "金额", "subject_type": "日期", "object": "133.35万元", "subject": "2001年末", "subject_index": {"begin": 12, "end": 18}, "object_index": {"begin": 60, "end": 68}}, {"predicate": "预付账款余额", "object_type": "金额", "subject_type": "日期", "object": "88.30万元", "subject": "2002年度5月31日", "subject_index": {"begin": 20, "end": 31}, "object_index": {"begin": 68, "end": 75}}]}
{"text": "截止2002年5月31日，本公司的短期借款余额为960.50万元，主要由向银行的抵押贷款和甘南县财政局提供的财政周转金构成，系本公司的流动资金借款。明细如下：", "spo_list": [{"predicate": "短期借款余额", "object_type": "金额", "subject_type": "日期", "object": "960.50万元", "subject": "2002年5月31日", "subject_index": {"begin": 2, "end": 12}, "object_index": {"begin": 24, "end": 32}}]}
{"text": "1999年、2000年、2001年末和2002年5月31日本公司的预收账款分别为231.72万元、285.85万元、160.12万元和29.37万元，截止2002年5月31日，预收账款主要系预收客户购货款项，并无持本公司5%及5%以上股份的主要股东的款项。", "spo_list": [{"predicate": "预收账款余额", "object_type": "金额", "subject_type": "日期", "object": "231.72万元", "subject": "1999年", "subject_index": {"begin": 0, "end": 5}, "object_index": {"begin": 40, "end": 48}}, {"predicate": "预收账款余额", "object_type": "金额", "subject_type": "日期", "object": "285.85万元", "subject": "2000年", "subject_index": {"begin": 6, "end": 11}, "object_index": {"begin": 49, "end": 57}}, {"predicate": "预收账款余额", "object_type": "金额", "subject_type": "日期", "object": "160.12万元", "subject": "2001年末", "subject_index": {"begin": 12, "end": 18}, "object_index": {"begin": 58, "end": 66}}, {"predicate": "预收账款余额", "object_type": "金额", "subject_type": "日期", "object": "29.37万元", "subject": "2002年5月31日", "subject_index": {"begin": 19, "end": 29}, "object_index": {"begin": 67, "end": 74}}]}
{"text": "1999年、2000年、2001年末和2002年5月31日本公司的长期借款分别为20.00万元、790.00万元、804.00万元和804.00万元。无持本公司5%及5%以上股份的主要股东的款项。长期借款明细如下：", "spo_list": [{"predicate": "长期借款", "object_type": "金额", "subject_type": "日期", "object": "20.00万元", "subject": "1999年", "subject_index": {"begin": 0, "end": 5}, "object_index": {"begin": 40, "end": 47}}, {"predicate": "长期借款", "object_type": "金额", "subject_type": "日期", "object": "790.00万元", "subject": "2000年", "subject_index": {"begin": 6, "end": 11}, "object_index": {"begin": 48, "end": 56}}, {"predicate": "长期借款", "object_type": "金额", "subject_type": "日期", "object": "804.00万元", "subject": "2001年末", "subject_index": {"begin": 12, "end": 18}, "object_index": {"begin": 57, "end": 65}}, {"predicate": "长期借款", "object_type": "金额", "subject_type": "日期", "object": "804.00万元", "subject": "2002年5月31日", "subject_index": {"begin": 19, "end": 29}, "object_index": {"begin": 66, "end": 74}}]}
{"text": "本公司历年资金周转情况良好，1999年、2000年、2001年末和2002年5月末的货币资金余额分别为4,664.62万元、1,044.15万元、1，516.83万元和3,646.88万元，营运资金1999、2000年、2001年和2002年5月分别为1,168.56万元、1,919.77万元、3,667.91万元和4,689.94万元。公司近三年经营活动所需现金流量较充足，2001年度的经营活动现金流量为2,035.89万元，净现金流为472.68万元，主要为经营活动的现金流入。公司偿债能力较强，截止2002年5月31日，公司资产负债率为26.02%，流动比率为2.38，速动比率为1.65，与国内同行业公司比较处于中上水平，同时，本公司管理完善，资信良好，经营正常，根据目前业务经营情况和现金流量情况，本公司有充足的营运资金以保证生产经营、投资活动的正常进行和清偿到期债务。", "spo_list": [{"predicate": "货币资金余额", "object_type": "金额", "subject_type": "日期", "object": "4,664.62万元", "subject": "1999年", "subject_index": {"begin": 14, "end": 19}, "object_index": {"begin": 51, "end": 61}}, {"predicate": "货币资金余额", "object_type": "金额", "subject_type": "日期", "object": "1,044.15万元", "subject": "2000年", "subject_index": {"begin": 20, "end": 25}, "object_index": {"begin": 62, "end": 72}}, {"predicate": "货币资金余额", "object_type": "金额", "subject_type": "日期", "object": "1，516.83万元", "subject": "2001年末", "subject_index": {"begin": 26, "end": 32}, "object_index": {"begin": 73, "end": 83}}, {"predicate": "货币资金余额", "object_type": "金额", "subject_type": "日期", "object": "3,646.88万元", "subject": "2002年5月末", "subject_index": {"begin": 33, "end": 41}, "object_index": {"begin": 84, "end": 94}}, {"predicate": "速动比率", "object_type": "日期", "subject_type": "比率", "object": "2002年5月31日", "subject": "1.65", "subject_index": {"begin": 295, "end": 299}, "object_index": {"begin": 254, "end": 264}}]}
