{"text": "公司2001年发生期间费用6,203,758.40元，其中营业费用1,107,552.45元、管理费用4,825,949.52元、财务费用270,256.43元。营业费用较上年上升440,239.15元，主要是因公司于2001年7月取得进出口自营权后，开始自行开发国际市场，市场开发费用因此增加所致。管理费用较上年上升1,418,199.42元，主要是因存货跌价准备和坏帐准备增加524,686.28元以及公司在上市辅导期内发生的项目论证费、中介机构服务费等费用增加所致。财务费用较上年上升293,297.45元，系因流动资金借款增加所致。", "spo_list": [{"predicate": "期间费用", "object_type": "金额", "subject_type": "日期", "object": "6,203,758.40元", "subject": "2001年", "subject_index": {"begin": 2, "end": 7}, "object_index": {"begin": 13, "end": 26}}]}
{"text": "截至2002年12月31日，公司的应收帐款帐面价值为16,225,982.08元，占流动资产的14.08%，帐龄全部为一年以内，公司已按5%足额计提坏帐准备；较2001年12月31日增加了61.05%，主要系2002年度外销收入较2001年度有所增加，而外销收入的收款期约为内销收入收款期的一倍，故应收帐款2002年末余额较2001年末余额增长较大。2002年12月31日应收帐款中无持有本公司5%以上（含5%）表决权股份的股东单位的欠款。", "spo_list": [{"predicate": "应收帐款账面价值", "object_type": "金额", "subject_type": "日期", "object": "16,225,982.08元", "subject": "截至2002年12月31日", "subject_index": {"begin": 0, "end": 13}, "object_index": {"begin": 26, "end": 40}}]}
{"text": "截至2002年12月31日，公司的在建工程帐面价值为17,416,591.04元，在建工程2002年年末数较2001年年末数减少了约66.51%，主要系“高仿真面料技术改造项目”于2002年10月投产，与该工程有关的在建工程转入固定资产所致。", "spo_list": [{"predicate": "在建工程账面价值", "object_type": "金额", "subject_type": "日期", "object": "17,416,591.04元", "subject": "截至2002年12月31日", "subject_index": {"begin": 0, "end": 13}, "object_index": {"begin": 26, "end": 40}}]}
{"text": "截至2002年12月31日，公司计提的坏帐准备为980,845.7元。", "spo_list": [{"predicate": "坏账准备", "object_type": "金额", "subject_type": "日期", "object": "980,845.7元", "subject": "截至2002年12月31日", "subject_index": {"begin": 0, "end": 13}, "object_index": {"begin": 24, "end": 34}}]}
{"text": "截至2002年12月31日，公司的负债合计为110,583,100.77元，全部为流动负债,主要包括短期借款、应付帐款、应付工资、应付福利费、应交税金和其他应付款。", "spo_list": [{"predicate": "总负债", "object_type": "金额", "subject_type": "日期", "object": "110,583,100.77元", "subject": "截至2002年12月31日", "subject_index": {"begin": 0, "end": 13}, "object_index": {"begin": 22, "end": 37}}]}
{"text": "截至2002年12月31日，公司的应交税金余额为1,351,427.16元，主要包括应交增值税-3,035,664.63元、应交所得税4,414,094.82元。", "spo_list": [{"predicate": "应交税费余额", "object_type": "金额", "subject_type": "日期", "object": "1,351,427.16元", "subject": "截至2002年12月31日", "subject_index": {"begin": 0, "end": 13}, "object_index": {"begin": 24, "end": 37}}, {"predicate": "应交税费", "object_type": "金额", "subject_type": "日期", "object": "4,414,094.82元", "subject": "截至2002年12月31日", "subject_index": {"begin": 0, "end": 13}, "object_index": {"begin": 67, "end": 80}}]}
{"text": "公司2002年发生期间费用10,435,133.98元，其中营业费用3,389,906.50元、管理费用4,982,923.76元、财务费用2,062,303.72元。营业费用明显上升主要是因取得进出口自营权后，公司产品直接出口发生的运费、保险费等费用明显增加所致；财务费用明显上升系因公司流动资金借款增加，利息支出增加所致。", "spo_list": [{"predicate": "期间费用", "object_type": "金额", "subject_type": "日期", "object": "10,435,133.98元", "subject": "2002年", "subject_index": {"begin": 2, "end": 7}, "object_index": {"begin": 13, "end": 27}}]}
{"text": "截至2002年12月31日，公司的预付帐款余额为28,560,053.18元，占流动资产的24.78%，一年以内占99.66%；较2001年12月31日增加了418%，主要系2002年末为“高仿真提花装饰面料二期技改项目”而预付的设备款达27,307,996.00元所致；预付帐款中无持有本公司5%以上（含5%）表决权股份的股东单位的欠款。", "spo_list": [{"predicate": "预付账款余额", "object_type": "金额", "subject_type": "日期", "object": "28,560,053.18元", "subject": "2002年12月31日", "subject_index": {"begin": 2, "end": 13}, "object_index": {"begin": 24, "end": 38}}]}
{"text": "公司期末按存货可变现净值低于存货成本部分计提存货跌价准备，可变现净值为公司在正常经营过程中，以估计售价减去估计完工成本及销售所必须的估计费用后的价值，存货跌价准备按单个存货项目成本与可变现净值计量。公司固定资产在期末按照单项固定资产账面价值与可收回金额孰低计量，对可收回金额低于账面价值的差额，计提固定资产减值准备。2002年12月31日，公司已足额计提存货跌价准备332,363.13元，足额计提固定资产减值准备2,402,484.80元。公司存货和固定资产减值准备的计提情况符合公司存货和固定资产的实际情况，遵循了谨慎性原则。", "spo_list": [{"predicate": "存货跌价准备", "object_type": "金额", "subject_type": "日期", "object": "332,363.13元", "subject": "2002年12月31日", "subject_index": {"begin": 158, "end": 169}, "object_index": {"begin": 183, "end": 194}}]}
{"text": "截至2002年12月31日，公司应付工资余额为5,876,505.79元，其中计提的尚未发放的工资为2,077,576.00元、工效挂钩奖金为3,798,929.79元；应付福利费的余额为7,449,462.62元，为按工资总额计提的福利费的节余。", "spo_list": [{"predicate": "应付职工薪酬余额", "object_type": "金额", "subject_type": "日期", "object": "5,876,505.79元", "subject": "2002年12月31日", "subject_index": {"begin": 2, "end": 13}, "object_index": {"begin": 23, "end": 36}}]}
{"text": "截止2002年12月31日，本公司除欠付集团公司及其下属分公司应付帐款32,184.66元、其他应付款1,419,235.13元外，无其他对关联方的负债；除应付工资5,876,505.79元外，无其他对内部人员的负债。", "spo_list": [{"predicate": "应收账款净额", "object_type": "金额", "subject_type": "日期", "object": "32,184.66元", "subject": "2002年12月31日", "subject_index": {"begin": 2, "end": 13}, "object_index": {"begin": 35, "end": 45}}, {"predicate": "其他应付款", "object_type": "金额", "subject_type": "日期", "object": "1,419,235.13元", "subject": "2002年12月31日", "subject_index": {"begin": 2, "end": 13}, "object_index": {"begin": 51, "end": 64}}, {"predicate": "应付职工薪酬", "object_type": "金额", "subject_type": "日期", "object": "5,876,505.79元", "subject": "2002年12月31日", "subject_index": {"begin": 2, "end": 13}, "object_index": {"begin": 82, "end": 95}}]}
{"text": "截至2002年12月31日，公司的货币资金余额为21,042,104.03元，占流动资产的18.26%，货币资金余额相对较大系公司为保证正常经营活动和在建项目资金需求，而增加银行借款所致。", "spo_list": [{"predicate": "货币资金余额", "object_type": "金额", "subject_type": "日期", "object": "21,042,104.03元", "subject": "2002年12月31日", "subject_index": {"begin": 2, "end": 13}, "object_index": {"begin": 24, "end": 38}}]}
{"text": "截至2002年12月31日，公司存货的帐面价值为45,893,241.95元，占流动资产的39.82%，主要包括原材料26,077,762.85元、在产品及自制半成品13,812,212.41元和产成品4,329,694.45元。存货2002年年末数较2001年年末数增加了79.57%，主要系2002年纺织原料价格呈上升趋势，公司多购入原材料备货，同时由于“高仿真面料技术改造项目”于2002年10月投产，使公司自制半成品增加所致。", "spo_list": [{"predicate": "存货", "object_type": "金额", "subject_type": "日期", "object": "45,893,241.95元", "subject": "2002年12月31日", "subject_index": {"begin": 2, "end": 13}, "object_index": {"begin": 24, "end": 38}}]}
{"text": "截至2002年12月31日，公司的短期借款金额为70,000,000.00元，较2001年末增加180%，主要因公司2002年度业务规模扩大及募股资金项目先期投入而增加银行贷款4500万元所致。公司短期借款由华芳集团有限公司提供担保。", "spo_list": [{"predicate": "短期借款", "object_type": "金额", "subject_type": "日期", "object": "70,000,000.00元", "subject": "2002年12月31日", "subject_index": {"begin": 2, "end": 13}, "object_index": {"begin": 24, "end": 38}}]}
{"text": "截至2002年12月31日，公司其他应付款余额为3,776,150.32元，其中欠持有公司5%以上（含5%）表决权股份的股东单位的欠款为1,419,235.13元，系应付华芳集团有限公司的用汽、用电款。", "spo_list": [{"predicate": "其他应付款余额", "object_type": "金额", "subject_type": "日期", "object": "3,776,150.32元", "subject": "2002年12月31日", "subject_index": {"begin": 2, "end": 13}, "object_index": {"begin": 24, "end": 37}}]}
{"text": "由于本公司资产管理有力，流动资金周转速度较快，经营性应收项目占用资金规模较小，因此公司经营性现金流量较为正常、稳定和充裕，与当期实现的净利润和提取的折旧基本匹配。公司2001年度经营性现金净流量为63,076,161.47元；公司2002年经营性现金净流量为21,654,699.74元。公司正常、稳定和充裕的经营性现金流量可以有效满足公司正常生产经营和偿还到期债务的需要。", "spo_list": [{"predicate": "公司经营活动产生的现金流量净额", "object_type": "金额", "subject_type": "日期", "object": "63,076,161.47元", "subject": "2001年度", "subject_index": {"begin": 83, "end": 89}, "object_index": {"begin": 98, "end": 112}}]}
{"text": "公司2000年发生期间费用4,052,022.38元，其中营业费用667,313.30元、管理费用3,407,750.10元、财务费用-23,041.02元。当年公司货币资金较为充裕，存款利息收入大于财务费用支出，因此财务费用出现负数。", "spo_list": [{"predicate": "期间费用", "object_type": "金额", "subject_type": "日期", "object": "4,052,022.38元", "subject": "2000年", "subject_index": {"begin": 2, "end": 7}, "object_index": {"begin": 13, "end": 26}}]}
{"text": "截至2002年12月31日，公司的应收票据余额为1,240,000.00元，占流动资产的1.08%，全部为银行承兑汇票。", "spo_list": [{"predicate": "应收票据余额", "object_type": "金额", "subject_type": "日期", "object": "1,240,000.00元", "subject": "2002年12月31日", "subject_index": {"begin": 2, "end": 13}, "object_index": {"begin": 24, "end": 37}}]}
{"text": "截止2002年12月31日，公司无形资产帐面价值为9,610,924.03元，系于2001年末取得张家港市省级开发区28,792.90平方米工业用地使用权摊余价值，剩余摊销年限为584个月。", "spo_list": [{"predicate": "无形资产账面价值", "object_type": "金额", "subject_type": "日期", "object": "9,610,924.03元", "subject": "2002年12月31日", "subject_index": {"begin": 2, "end": 13}, "object_index": {"begin": 25, "end": 38}}]}
{"text": "截至2002年12月31日，公司的应付账款余额为16,335,818.50元，帐龄超过一年的应付账款共计53,099.26元，系应付供货商的货款。欠持有公司5%以上（含5%）表决权股份的股东单位的款项为32,184.66元，系欠华芳集团有限公司所属分公司的款项。", "spo_list": [{"predicate": "应付账款余额", "object_type": "金额", "subject_type": "日期", "object": "16,335,818.50元", "subject": "2002年12月31日", "subject_index": {"begin": 2, "end": 13}, "object_index": {"begin": 24, "end": 38}}]}
