{"text": "根据经山东汇德会计师事务所有限公司审计的公司1999年度—2001年度及2002年中期的财务报告，截至2002年6月30日，公司固定资产帐面净值为76,252,970.87元，", "spo_list": [{"predicate": "固定资产账面价值", "object_type": "金额", "subject_type": "日期", "object": "76,252,970.87元", "subject": "截至2002年6月30日", "subject_index": {"begin": 49, "end": 61}, "object_index": {"begin": 73, "end": 87}}]}
{"text": "截止2001年12月31日，华阳集团资产总额为47,509.14万元，负债总额为28,881.53万元，净资产为18,627.61万元，2001年度净利润1,231.48万元", "spo_list": [{"predicate": "净资产价值", "object_type": "金额", "subject_type": "日期", "object": "18,627.61万元", "subject": "截止2001年12月31日", "subject_index": {"begin": 0, "end": 13}, "object_index": {"begin": 56, "end": 67}}]}
{"text": "山东省宁阳县华阳化工有限公司公司主要制造、批发、零售氯磺酸、硫酸。法定代表人周林；截至2001年12月31日，公司总资产1,436.48万元，净资产479.88万元，净利润29.8万元。", "spo_list": [{"predicate": "净资产价值", "object_type": "金额", "subject_type": "日期", "object": "479.88万元", "subject": "截至2001年12月31日", "subject_index": {"begin": 41, "end": 54}, "object_index": {"begin": 74, "end": 82}}]}
{"text": "山东省宁阳县华阳肥料有限公司公司主要制造批发复混肥、复合肥、磷肥、生物肥料，法定代表人胡广水；截至2001年12月31日，公司总资产1,192.50万元，净资产331.34万元，净利润-27.42万元。（以上数据未经审计）", "spo_list": [{"predicate": "净资产价值", "object_type": "金额", "subject_type": "日期", "object": "331.34万元", "subject": "截至2001年12月31日", "subject_index": {"begin": 47, "end": 60}, "object_index": {"begin": 80, "end": 88}}]}
{"text": "宁阳县华阳化工机械有限公司公司主要制造、销售、安装、维修、化工设备、矿山设备、制造电工专用设备、防腐工程施工，法定代表人董鹏；截至2001年12月31日，公司总资产1,095.76万元，净资产475.54万元，净利润0.49万元。（以上数据未经审计）", "spo_list": [{"predicate": "净资产价值", "object_type": "金额", "subject_type": "日期", "object": "475.54万元", "subject": "截至2001年12月31日", "subject_index": {"begin": 63, "end": 76}, "object_index": {"begin": 96, "end": 104}}]}
{"text": "根据山东汇德会计师事务所有限公司出具的[2002]汇所审字第1-091号审计报告，截至2002年6月30日，本公司的无形资产为2,607,447.98元，主要为非专利技术，具体情况参见本节“（十一）重要的知识产权、非专利技术”", "spo_list": [{"predicate": "无形资产账面价值", "object_type": "金额", "subject_type": "日期", "object": "2,607,447.98元", "subject": "截至2002年6月30日", "subject_index": {"begin": 41, "end": 53}, "object_index": {"begin": 63, "end": 76}}]}
{"text": "截至2002年6月30日，本公司固定资产帐面原值为137,368,550.01元，帐面净值为76,252,970.87元，固定资产净额为76,252,970.87元，具体情况如下：", "spo_list": [{"predicate": "固定资产账面价值", "object_type": "金额", "subject_type": "日期", "object": "137,368,550.01元", "subject": "截至2002年6月30日", "subject_index": {"begin": 0, "end": 12}, "object_index": {"begin": 25, "end": 40}}]}
{"text": "山东省宁阳县太阳包装印刷有限公司公司主要从事铅印、彩印、纸制品制造。批发、零售纸张、纸制品，法定代表人刘福俭；截至2001年12月31日，公司总资产654.35万元，净资产324.83万元，净利润58.23万元。（以上数据未经审计）", "spo_list": [{"predicate": "净资产价值", "object_type": "金额", "subject_type": "日期", "object": "324.83万元", "subject": "2001年12月31日", "subject_index": {"begin": 57, "end": 68}, "object_index": {"begin": 86, "end": 94}}]}
{"text": "山东省宁阳县华阳运输有限公司公司主要从事汽车货运、汽车维修，法定代表人倪建华；截至2001年12月31日，公司总资产187.78万元，净资产175.38万元，净利润0.15万元。（以上数据未经审计）", "spo_list": [{"predicate": "净资产价值", "object_type": "金额", "subject_type": "日期", "object": "175.38万元", "subject": "2001年12月31日", "subject_index": {"begin": 41, "end": 52}, "object_index": {"begin": 70, "end": 78}}]}
{"text": "根据山东汇德会计师事务所有限公司出具的[2002]汇所审字第1-091号审计报告，截至2002年6月30日，本公司固定资产帐面原值为137,368,550.01元，累计折旧为61,115,579.14元，固定资产帐面净值为76,252,970.87元，其明细状况如下：", "spo_list": [{"predicate": "固定资产账面价值", "object_type": "金额", "subject_type": "日期", "object": "137,368,550.01元", "subject": "2002年6月30日", "subject_index": {"begin": 43, "end": 53}, "object_index": {"begin": 66, "end": 81}}, {"predicate": "固定资产账面价值", "object_type": "金额", "subject_type": "日期", "object": "76,252,970.87元", "subject": "2002年6月30日", "subject_index": {"begin": 43, "end": 53}, "object_index": {"begin": 111, "end": 125}}]}
{"text": "截止2001年12月31日，泰安市泰山农业生产资料站资产总额4,082.60万元，负债总额2,562.54万元，净资产1,520.06万元，2001年度净利润46.5万元（以上财务数据未经审计）。", "spo_list": [{"predicate": "净资产价值", "object_type": "金额", "subject_type": "日期", "object": "1,520.06万元", "subject": "2001年12月31日", "subject_index": {"begin": 2, "end": 13}, "object_index": {"begin": 59, "end": 69}}]}
{"text": "截止2001年12月31日，泰安市泰山农业生产资料站资产总额4,082.60万元，负债总额2,562.54万元，净资产1,520.06万元，2001年度净利润46.5万元（以上财务数据未经审计）。", "spo_list": [{"predicate": "净资产价值", "object_type": "金额", "subject_type": "日期", "object": "1,520.06万元", "subject": "2001年12月31日", "subject_index": {"begin": 2, "end": 13}, "object_index": {"begin": 59, "end": 69}}]}
{"text": "1999年公司设立时，对无形资产进行了评估，无形资产帐面价值为124.00万元，评估值为352.45万元，评估方法采用收益现值法，公司依据评估结果进行了调帐。", "spo_list": [{"predicate": "无形资产账面价值", "object_type": "金额", "subject_type": "日期", "object": "124.00万元", "subject": "1999年", "subject_index": {"begin": 0, "end": 5}, "object_index": {"begin": 31, "end": 39}}]}
{"text": "截止2002年6月30日，公司无形资产总额为2,607,447.98元，主要为专有技术，具体情况如下表：", "spo_list": [{"predicate": "无形资产账面价值", "object_type": "金额", "subject_type": "日期", "object": "2,607,447.98元", "subject": "2002年6月30日", "subject_index": {"begin": 2, "end": 12}, "object_index": {"begin": 22, "end": 35}}]}
