{"text": "2017年9月30日为评估基准日，重庆华峰实缴资本为47,000万元，净资产评估值为52,291.29万元。鉴于华峰集团于前述评估基准日后向重庆华峰新增实缴出资6,500万元，重庆华峰以现金分红方式向华峰集团进行利润分配5,000万元，故双方经协商后确定本次股权转让对价以前述评估值为基础增加1,500万元，即现金53,791.29万元。", "spo_list": [{"predicate": "净资产评估值", "object_type": "金额", "subject_type": "日期", "object": "52,291.29万元", "subject": "2017年9月30日", "subject_index": {"begin": 0, "end": 10}, "object_index": {"begin": 42, "end": 53}}]}
{"text": "2017年末、2018年末和2019年末，公司应收账款账面价值分别为63,730.02万元、63,705.62万元和74,557.32万元，占流动资产的比分别为29.36%、30.86%和31.35%，占比较大。报告期内，应收账款账面价值占当期营业收入的比重分别为19.73%、18.65%和20.77%，应收账款净额变化与公司全年营收规模变化的趋势基本一致。", "spo_list": [{"predicate": "应收帐款账面价值", "object_type": "金额", "subject_type": "日期", "object": "63,730.02万元", "subject": "2017年末", "subject_index": {"begin": 0, "end": 6}, "object_index": {"begin": 34, "end": 45}}, {"predicate": "应收帐款账面价值", "object_type": "金额", "subject_type": "日期", "object": "63,705.62万元", "subject": "2018年末", "subject_index": {"begin": 7, "end": 13}, "object_index": {"begin": 46, "end": 57}}, {"predicate": "应收帐款账面价值", "object_type": "金额", "subject_type": "日期", "object": "74,557.32万元", "subject": "2019年末", "subject_index": {"begin": 14, "end": 20}, "object_index": {"begin": 58, "end": 69}}]}
{"text": "2017年末、2018年末和2019年末，公司在建工程账面价值分别为50,549.97万元、62,282.62万元和31,920.18万元，占非流动资产的比重分别为36.75%、32.12%和15.24%。2017年末及2018年末在建工程占非流动资产比例较高，系子公司重庆华峰在建工程增加所致。", "spo_list": [{"predicate": "在建工程账面价值", "object_type": "金额", "subject_type": "日期", "object": "50,549.97万元", "subject": "2017年末", "subject_index": {"begin": 0, "end": 6}, "object_index": {"begin": 34, "end": 45}}, {"predicate": "在建工程账面价值", "object_type": "金额", "subject_type": "日期", "object": "62,282.62万元", "subject": "2018年末", "subject_index": {"begin": 7, "end": 13}, "object_index": {"begin": 46, "end": 57}}, {"predicate": "在建工程账面价值", "object_type": "金额", "subject_type": "日期", "object": "31,920.18万元", "subject": "2019年末", "subject_index": {"begin": 14, "end": 20}, "object_index": {"begin": 58, "end": 69}}]}
{"text": "2017年末、2018年末和2019年末，公司递延所得税资产账面价值分别为1,932.78万元、3,148.70万元和4,309.32万元，占非流动资产的比重分别为1.41%、1.62%和2.06%。递延所得税资产主要系公司由于计提坏账准备、存货跌价准备、销售返利等因素形成的可抵扣暂时性差异所产生。", "spo_list": [{"predicate": "递延所得税资产", "object_type": "金额", "subject_type": "日期", "object": "1,932.78万元", "subject": "2017年末", "subject_index": {"begin": 0, "end": 6}, "object_index": {"begin": 37, "end": 47}}, {"predicate": "递延所得税资产", "object_type": "金额", "subject_type": "日期", "object": "3,148.70万元", "subject": "2018年末", "subject_index": {"begin": 7, "end": 13}, "object_index": {"begin": 48, "end": 58}}, {"predicate": "递延所得税资产", "object_type": "金额", "subject_type": "日期", "object": "4,309.32万元", "subject": "2019年末", "subject_index": {"begin": 14, "end": 20}, "object_index": {"begin": 59, "end": 69}}]}
{"text": "2017年末、2018年末及2019年末，公司应交税费分别为2,032.73万元、1,975.92万元及1,654.42万元，占流动负债的比重分别为0.75%、0.90%及0.60%。", "spo_list": [{"predicate": "应交税费", "object_type": "金额", "subject_type": "日期", "object": "2,032.73万元", "subject": "2017年末", "subject_index": {"begin": 0, "end": 6}, "object_index": {"begin": 30, "end": 40}}, {"predicate": "应交税费", "object_type": "金额", "subject_type": "日期", "object": "1,975.92万元", "subject": "2018年末", "subject_index": {"begin": 7, "end": 13}, "object_index": {"begin": 41, "end": 51}}, {"predicate": "应交税费", "object_type": "金额", "subject_type": "日期", "object": "1,654.42万元", "subject": "2019年末", "subject_index": {"begin": 14, "end": 20}, "object_index": {"begin": 52, "end": 62}}]}
{"text": "公司2020年6月末非流动负债较2019年末增长幅度较大，主要系公司2020年6月末长期借款余额较2019年末增长30,000.00万元。", "spo_list": [{"predicate": "长期借款余额", "object_type": "金额", "subject_type": "日期", "object": "30,000.00万元", "subject": "2020年6月末", "subject_index": {"begin": 34, "end": 42}, "object_index": {"begin": 57, "end": 68}}]}
{"text": "本公司设立前后，华峰集团有限公司拥有的主要资产为长期股权投资。截至公司设立当年年末2008年12月31日，华峰集团资产构成为：流动资产43,167.09万元、长期股权投资143,606.37万元、固定资产6,909.95万元、无形资产3,187.51万元。华峰集团于公司成立前后主要从事聚氨酯系列产品、塑料制品、皮革制品、鞋类、汽车配件、化工原料等产品的生产、销售业务。", "spo_list": [{"predicate": "无形资产", "object_type": "金额", "subject_type": "日期", "object": "3,187.51万元", "subject": "2008年12月31日", "subject_index": {"begin": 41, "end": 52}, "object_index": {"begin": 117, "end": 127}}]}
{"text": "截止2019年12月31日，公司固定资产有原值420,633,715.77元、净值为404,833,969.70元的房屋建筑物尚未办妥权证。", "spo_list": [{"predicate": "固定资产净额", "object_type": "金额", "subject_type": "日期", "object": "404,833,969.70元", "subject": "2019年12月31日", "subject_index": {"begin": 2, "end": 13}, "object_index": {"begin": 42, "end": 57}}]}
{"text": "2017年末、2018年末和2019年末，公司预付账款余额分别为6,644.32万元、1,736.83万元和4,586.22万元，占流动资产的比重分别为3.06%、0.84%和1.93%，主要是公司预付铝锭采购款", "spo_list": [{"predicate": "预付款项余额", "object_type": "金额", "subject_type": "日期", "object": "4,586.22万元", "subject": "2019年末", "subject_index": {"begin": 14, "end": 20}, "object_index": {"begin": 54, "end": 64}}, {"predicate": "预付款项余额", "object_type": "金额", "subject_type": "日期", "object": "1,736.83万元", "subject": "2018年末", "subject_index": {"begin": 7, "end": 13}, "object_index": {"begin": 43, "end": 53}}, {"predicate": "预付款项余额", "object_type": "金额", "subject_type": "日期", "object": "6,644.32万元", "subject": "2017年末", "subject_index": {"begin": 0, "end": 6}, "object_index": {"begin": 32, "end": 42}}]}
{"text": "2017年末、2018年末和2019年末，公司固定资产账面价值分别为60,175.76万元、103,252.45万元和152,597.62万元，占非流动资产的比重分别为43.75%、53.26%和72.85%，2019年末，固定资产占比较2018年末有所上升，系房屋建筑物及机器设备本期转固金额增加，账面价值增长较大所致。2017年12月，公司收购重庆华峰，将重庆华峰纳入合并范围，重庆华峰成立于2016年，并于2017年起开始经营并投资新建厂房、生产线等设施，因此在建工程余额较大。", "spo_list": [{"predicate": "固定资产账面价值", "object_type": "金额", "subject_type": "日期", "object": "152,597.62万元", "subject": "2019年末", "subject_index": {"begin": 14, "end": 20}, "object_index": {"begin": 59, "end": 71}}, {"predicate": "固定资产账面价值", "object_type": "金额", "subject_type": "日期", "object": "103,252.45万元", "subject": "2018年末", "subject_index": {"begin": 7, "end": 13}, "object_index": {"begin": 46, "end": 58}}, {"predicate": "固定资产账面价值", "object_type": "金额", "subject_type": "日期", "object": "60,175.76万元", "subject": "2017年末", "subject_index": {"begin": 0, "end": 6}, "object_index": {"begin": 34, "end": 45}}]}
{"text": "2017年末、2018年末和2019年末，公司其他非流动资产账面价值分别为15,537.78万元、6,507.66万元和2,469.24万元，占非流动资产的比重分别为11.30%、3.36%和1.18%。", "spo_list": [{"predicate": "非流动资产", "object_type": "金额", "subject_type": "日期", "object": "2,469.24万元", "subject": "2019年末", "subject_index": {"begin": 14, "end": 20}, "object_index": {"begin": 60, "end": 70}}, {"predicate": "非流动资产", "object_type": "金额", "subject_type": "日期", "object": "6,507.66万元", "subject": "2018年末", "subject_index": {"begin": 7, "end": 13}, "object_index": {"begin": 49, "end": 59}}, {"predicate": "非流动资产", "object_type": "金额", "subject_type": "日期", "object": "15,537.78万元", "subject": "2017年末", "subject_index": {"begin": 0, "end": 6}, "object_index": {"begin": 37, "end": 48}}]}
{"text": "2017年末、2018年末及2019年末，公司应付职工薪酬分别为5,190.90万元、4,565.70万元及4,116.62万元，占流动负债的比重分别为1.91%、2.08%及1.48%。", "spo_list": [{"predicate": "应付职工薪酬", "object_type": "金额", "subject_type": "日期", "object": "4,116.62万元", "subject": "2019年末", "subject_index": {"begin": 14, "end": 20}, "object_index": {"begin": 54, "end": 64}}, {"predicate": "应付职工薪酬", "object_type": "金额", "subject_type": "日期", "object": "4,565.70万元", "subject": "2018年末", "subject_index": {"begin": 7, "end": 13}, "object_index": {"begin": 43, "end": 53}}, {"predicate": "应付职工薪酬", "object_type": "金额", "subject_type": "日期", "object": "5,190.90万元", "subject": "2017年末", "subject_index": {"begin": 0, "end": 6}, "object_index": {"begin": 32, "end": 42}}]}
{"text": "2017年末、2018年末和2019年末，公司存货账面价值分别为112,489.96万元、105,434.55万元和109,247.70万元，占流动资产的比重分别为51.82%、51.07%和45.94%。", "spo_list": [{"predicate": "存货", "object_type": "金额", "subject_type": "日期", "object": "112,489.96万元", "subject": "2017年末", "subject_index": {"begin": 0, "end": 6}, "object_index": {"begin": 32, "end": 44}}, {"predicate": "存货", "object_type": "金额", "subject_type": "日期", "object": "105,434.55万元", "subject": "2018年末", "subject_index": {"begin": 7, "end": 13}, "object_index": {"begin": 45, "end": 57}}, {"predicate": "存货", "object_type": "金额", "subject_type": "日期", "object": "109,247.70万元", "subject": "2019年末", "subject_index": {"begin": 14, "end": 20}, "object_index": {"begin": 58, "end": 70}}]}
{"text": "2017年末、2018年末和2019年末，公司无形资产账面价值分别为9,357.40万元、18,685.64万元和18,169.81万元，占非流动资产的比重分别为6.80%、9.64%和8.67%。", "spo_list": [{"predicate": "无形资产账面价值", "object_type": "金额", "subject_type": "日期", "object": "9,357.40万元", "subject": "2017年末", "subject_index": {"begin": 0, "end": 6}, "object_index": {"begin": 34, "end": 44}}, {"predicate": "无形资产账面价值", "object_type": "金额", "subject_type": "日期", "object": "18,685.64万元", "subject": "2018年末", "subject_index": {"begin": 7, "end": 13}, "object_index": {"begin": 45, "end": 56}}, {"predicate": "无形资产账面价值", "object_type": "金额", "subject_type": "日期", "object": "18,169.81万元", "subject": "2019年末", "subject_index": {"begin": 14, "end": 20}, "object_index": {"begin": 57, "end": 68}}]}
{"text": "2017年末、2018年末及2019年末，公司的资产负债率分别为76.73%、67.08%及66.10%，2017年公司资产负债率较高，2018年上半年通过偿还往来款，使得资产负债率有所下降，资本结构得到一定的改善。", "spo_list": [{"predicate": "资产负债率", "object_type": "日期", "subject_type": "比率", "object": "2017年末", "subject": "76.73%", "subject_index": {"begin": 32, "end": 38}, "object_index": {"begin": 0, "end": 6}}, {"predicate": "资产负债率", "object_type": "日期", "subject_type": "比率", "object": "2018年末", "subject": "67.08%", "subject_index": {"begin": 39, "end": 45}, "object_index": {"begin": 7, "end": 13}}, {"predicate": "资产负债率", "object_type": "日期", "subject_type": "比率", "object": "2019年末", "subject": "66.10%", "subject_index": {"begin": 46, "end": 52}, "object_index": {"begin": 14, "end": 20}}]}
{"text": "2017年度-2019年度，公司营业收入的年复合增长率为5.44%，公司报告期内经营业绩逐年提升，生产规模逐年扩大，截至2019年12月31日，公司资产总额达447,261.70万元，净资产总额达151,614.39万元。根据2017年度、2018年度及2019年度的合并财务报表，公司管理层对报告期内公司财务状况、盈利能力及现金流量等情况进行了讨论和分析。", "spo_list": [{"predicate": "净资产账面价值", "object_type": "金额", "subject_type": "日期", "object": "151,614.39万元", "subject": "2019年12月31日", "subject_index": {"begin": 60, "end": 71}, "object_index": {"begin": 98, "end": 110}}]}
{"text": "2017年末、2018年末和2019年末，公司其他应收款账面价值分别为9.04万元、1,329.12万元和256.22万元，占流动资产的比重分别为0.004%、0.64%和0.11%。", "spo_list": [{"predicate": "其他应收账款账面价值", "object_type": "金额", "subject_type": "日期", "object": "9.04万元", "subject": "2017年末", "subject_index": {"begin": 0, "end": 6}, "object_index": {"begin": 35, "end": 41}}, {"predicate": "其他应收账款账面价值", "object_type": "金额", "subject_type": "日期", "object": "1,329.12万元", "subject": "2018年末", "subject_index": {"begin": 7, "end": 13}, "object_index": {"begin": 42, "end": 52}}, {"predicate": "其他应收账款账面价值", "object_type": "金额", "subject_type": "日期", "object": "256.22万元", "subject": "2019年末", "subject_index": {"begin": 14, "end": 20}, "object_index": {"begin": 53, "end": 61}}]}
{"text": "2017年末、2018年末和2019年末，公司负债总额分别为272,122.76万元、268,534.39万元和295,647.31万元，其中流动负债占绝大部分。", "spo_list": [{"predicate": "总负债", "object_type": "金额", "subject_type": "日期", "object": "272,122.76万元", "subject": "2017年末", "subject_index": {"begin": 0, "end": 6}, "object_index": {"begin": 30, "end": 42}}, {"predicate": "总负债", "object_type": "金额", "subject_type": "日期", "object": "268,534.39万元", "subject": "2018年末", "subject_index": {"begin": 7, "end": 13}, "object_index": {"begin": 43, "end": 55}}, {"predicate": "总负债", "object_type": "金额", "subject_type": "日期", "object": "295,647.31万元", "subject": "2019年末", "subject_index": {"begin": 14, "end": 20}, "object_index": {"begin": 56, "end": 68}}]}
{"text": "2017年末应付票据余额较大，主要系重庆子公司开办后，公司需支付大量设备采购款及工程款，公司更多采用票据结算的方式，以有效缓解经营资金需求压力。2018年末应付票据较上年末减少13,537.19万元，减少幅度为90.33%。", "spo_list": [{"predicate": "应付票据", "object_type": "金额", "subject_type": "日期", "object": "13,537.19万元", "subject": "2018年", "subject_index": {"begin": 72, "end": 77}, "object_index": {"begin": 88, "end": 99}}]}
