{"text": "2014年6月30日，公司预收账款余额为88,341.07万元，主要为收到客户的预付工程款，", "spo_list": [{"predicate": "预收账款余额", "object_type": "金额", "subject_type": "日期", "object": "88,341.07万元", "subject": "2014年6月30日", "subject_index": {"begin": 0, "end": 10}, "object_index": {"begin": 20, "end": 31}}]}
{"text": "报告期各期末，公司存货余额分别为82,305.71万元、133,398.63万元、198,502.84万元和233,937.92万元，占当期期末流动资产的比例分别为28.82%、39.57%45.25%和45.04%。", "spo_list": [{"predicate": "存货余额", "object_type": "金额", "subject_type": "日期", "object": "82,305.71万元", "subject": "报告期各期末", "subject_index": {"begin": 0, "end": 6}, "object_index": {"begin": 16, "end": 27}}, {"predicate": "存货余额", "object_type": "金额", "subject_type": "日期", "object": "133,398.63万元", "subject": "报告期各期末", "subject_index": {"begin": 0, "end": 6}, "object_index": {"begin": 28, "end": 40}}, {"predicate": "存货余额", "object_type": "金额", "subject_type": "日期", "object": "198,502.84万元", "subject": "报告期各期末", "subject_index": {"begin": 0, "end": 6}, "object_index": {"begin": 41, "end": 53}}, {"predicate": "存货余额", "object_type": "金额", "subject_type": "日期", "object": "233,937.92万元", "subject": "报告期各期末", "subject_index": {"begin": 0, "end": 6}, "object_index": {"begin": 54, "end": 66}}]}
{"text": "报告期各期末，公司短期借款余额分别为800万元、1,000万元、1,400万元和21,600万元，其中2011年末短期借款为子公司重工机械向银行取得的借款，并由本公司控股股东华电工程提供保证担保，2012年末及2013年末短期借款为武汉华电向银行取得的信用借款，2014年6月末新增短期借款为华电重工本部向银行取得的信用借款。", "spo_list": [{"predicate": "短期借款余额", "object_type": "金额", "subject_type": "日期", "object": "800万元", "subject": "报告期各期末", "subject_index": {"begin": 0, "end": 6}, "object_index": {"begin": 18, "end": 23}}, {"predicate": "短期借款余额", "object_type": "金额", "subject_type": "日期", "object": "1,000万元", "subject": "报告期各期末", "subject_index": {"begin": 0, "end": 6}, "object_index": {"begin": 24, "end": 31}}, {"predicate": "短期借款余额", "object_type": "金额", "subject_type": "日期", "object": "1,400万元", "subject": "报告期各期末", "subject_index": {"begin": 0, "end": 6}, "object_index": {"begin": 32, "end": 39}}, {"predicate": "短期借款余额", "object_type": "金额", "subject_type": "日期", "object": "21,600万元", "subject": "报告期各期末", "subject_index": {"begin": 0, "end": 6}, "object_index": {"begin": 40, "end": 48}}]}
{"text": "截至2014年6月30日，本公司固定资产原值89,673.27万元，累计折旧为13,628.27万元，固定资产净额为76,045.00万元。", "spo_list": [{"predicate": "固定资产净额", "object_type": "金额", "subject_type": "日期", "object": "89,673.27万元", "subject": "2014年6月30日", "subject_index": {"begin": 2, "end": 12}, "object_index": {"begin": 22, "end": 33}}]}
{"text": "截至2014年6月30日，公司长期借款余额32,119.95万元，其中保证借款5,000万元，主要系子公司河南华电为工程建设筹集的银行借款，由本公司及河南金源电力有限公司按出资比例，分别提供保证担保。", "spo_list": [{"predicate": "长期借款余额", "object_type": "金额", "subject_type": "日期", "object": "32,119.95万元", "subject": "2014年6月30日", "subject_index": {"begin": 2, "end": 12}, "object_index": {"begin": 21, "end": 32}}]}
{"text": "公司的在建工程主要为四家子公司开工建设的厂房。报告期内，公司在建工程余额分别为3,163.62万元、16,851.32万元、4,375.16万元和4,397.72万元，占当期期末非流动资产的比例分别为4.09%、18.52%、4.23%和4.32%。", "spo_list": [{"predicate": "在建工程余额", "object_type": "金额", "subject_type": "日期", "object": "3,163.62万元", "subject": "报告期内", "subject_index": {"begin": 23, "end": 27}, "object_index": {"begin": 39, "end": 49}}, {"predicate": "在建工程余额", "object_type": "金额", "subject_type": "日期", "object": "16,851.32万元", "subject": "报告期内", "subject_index": {"begin": 23, "end": 27}, "object_index": {"begin": 50, "end": 61}}, {"predicate": "在建工程余额", "object_type": "金额", "subject_type": "日期", "object": "4,375.16万元", "subject": "报告期内", "subject_index": {"begin": 23, "end": 27}, "object_index": {"begin": 62, "end": 72}}, {"predicate": "在建工程余额", "object_type": "金额", "subject_type": "日期", "object": "4,397.72万元", "subject": "报告期内", "subject_index": {"begin": 23, "end": 27}, "object_index": {"begin": 73, "end": 83}}]}
{"text": "2014年1-6月，公司计入非经常性损益的430.46万元奖励基金分别为。", "spo_list": [{"predicate": "非经常性损益", "object_type": "金额", "subject_type": "日期", "object": "430.46万元", "subject": "2014年1-6月", "subject_index": {"begin": 0, "end": 9}, "object_index": {"begin": 21, "end": 29}}]}
{"text": "截至2014年6月30日，公司应付账款余额为225,699.95万元，主要为应付工程款和应付质保金，", "spo_list": [{"predicate": "应付账款", "object_type": "金额", "subject_type": "日期", "object": "225,699.95万元", "subject": "2014年6月30日", "subject_index": {"begin": 2, "end": 12}, "object_index": {"begin": 22, "end": 34}}]}
{"text": "截至2014年6月30日，公司的货币资金余额为51,075.59万元，占当期期末流动资产的9.83%，主要为银行存款。2011年4月公司完成重大增资工作，绵阳基金等8家机构投资者以49,200万元认购公司增发的6,000万注册资本，显著提升了公司的资本实力。", "spo_list": [{"predicate": "货币资金余额", "object_type": "金额", "subject_type": "日期", "object": "51,075.59万元", "subject": "2014年6月30日", "subject_index": {"begin": 2, "end": 12}, "object_index": {"begin": 23, "end": 34}}]}
{"text": "截至2014年6月末，公司无形资产原值为22,588.55万元，累计摊销额2,250.95万元，无形资产账面价值20,337.59万元，占当期期末非流动资产的19.96%。", "spo_list": [{"predicate": "无形资产", "object_type": "金额", "subject_type": "日期", "object": "20,337.59万元", "subject": "2014年6月末", "subject_index": {"begin": 2, "end": 10}, "object_index": {"begin": 56, "end": 67}}]}
{"text": "2011年、2012年、2013年、2014年1-6月分别摊销14.63万元、175.60万元、175.60万元、87.80万元转入当期营业外收入。", "spo_list": [{"predicate": "长期待摊费用", "object_type": "金额", "subject_type": "日期", "object": "14.63万元", "subject": "2011年", "subject_index": {"begin": 0, "end": 5}, "object_index": {"begin": 31, "end": 38}}, {"predicate": "长期待摊费用", "object_type": "金额", "subject_type": "日期", "object": "175.60万元", "subject": "2012年", "subject_index": {"begin": 6, "end": 11}, "object_index": {"begin": 39, "end": 47}}, {"predicate": "长期待摊费用", "object_type": "金额", "subject_type": "日期", "object": "175.60万元", "subject": "2013年", "subject_index": {"begin": 12, "end": 17}, "object_index": {"begin": 48, "end": 56}}, {"predicate": "长期待摊费用", "object_type": "金额", "subject_type": "日期", "object": "87.80万元", "subject": "2014年1-6月", "subject_index": {"begin": 18, "end": 27}, "object_index": {"begin": 57, "end": 64}}]}
{"text": "截至2014年6月30日，公司无形资产原值为22,588.54万元，累计摊销2,250.95万元，无形资产账面价值为20,337.59万元，", "spo_list": [{"predicate": "无形资产账面价值", "object_type": "金额", "subject_type": "日期", "object": "22,588.54万元", "subject": "2014年6月30日", "subject_index": {"begin": 2, "end": 12}, "object_index": {"begin": 22, "end": 33}}, {"predicate": "无形资产账面价值", "object_type": "金额", "subject_type": "日期", "object": "20,337.59万元", "subject": "2014年6月30日", "subject_index": {"begin": 2, "end": 12}, "object_index": {"begin": 58, "end": 69}}]}
{"text": "2012年，公司计入非经常性损益的74.63万元奖励基金分别为", "spo_list": [{"predicate": "非经常性损益", "object_type": "金额", "subject_type": "日期", "object": "74.63万元", "subject": "2012年", "subject_index": {"begin": 0, "end": 5}, "object_index": {"begin": 17, "end": 24}}]}
