{"text": "截至2013年12月31日，澜沧江有限母公司净资产为28,146,858,900.63元，按照1:0.5436比例全部折为1,530,000万股，股份设定为人民币普通股，同股同权、同股同利。股份公司的注册资本为人民币153亿元，全部划分为等额股份，每股人民币面值1元，股份公司总股本为1,530,000万股。", "spo_list": [{"predicate": "净资产价值", "object_type": "金额", "subject_type": "日期", "object": "28,146,858,900.63元", "subject": "截至2013年12月31日", "subject_index": {"begin": 0, "end": 13}, "object_index": {"begin": 26, "end": 44}}]}
{"text": "截至2013年12月31日，澜沧江有限净资产为2,814,685.89万元，按1:0.5436的比例折为股份公司股本，共计15,300,000,000股。", "spo_list": [{"predicate": "净资产价值", "object_type": "金额", "subject_type": "日期", "object": "2,814,685.89万元", "subject": "截至2013年12月31日", "subject_index": {"begin": 0, "end": 13}, "object_index": {"begin": 23, "end": 37}}]}
{"text": "截至2016年12月31日，华能集团的总资产为100,285,173.92万元，净资产（不含少数股东权益）为5,220,601.78万元，2016年实现净利润680,851.77万元，归属于母公司所有者净利润为-57,033.34万元（前述财务数据经大信会计师事务所审计）。", "spo_list": [{"predicate": "净资产价值", "object_type": "金额", "subject_type": "日期", "object": "5,220,601.78万元", "subject": "截至2016年12月31日", "subject_index": {"begin": 0, "end": 13}, "object_index": {"begin": 54, "end": 68}}]}
{"text": "截至2017年6月30日，华能集团的总资产为101,445,857.13万元，净资产（不含少数股东权益）为5,495,878.48万元，2017年上半年实现净利润82,173.96万元，归属于母公司所有者净利润为-50,512.15万元（前述财务数据未经审计）", "spo_list": [{"predicate": "净资产价值", "object_type": "金额", "subject_type": "日期", "object": "5,495,878.48万元", "subject": "截至2017年6月30日", "subject_index": {"begin": 0, "end": 12}, "object_index": {"begin": 53, "end": 67}}]}
{"text": "截至2017年6月30日，云能投集团的总资产为9,576,064.57万元，净资产（不含少数股东权益）为2,724,664.07万元，2017年上半年实现净利润45,361.82万元，归属于母公司所有者净利润为36,588.49万元（前述财务数据未经审计）。", "spo_list": [{"predicate": "净资产价值", "object_type": "金额", "subject_type": "日期", "object": "2,724,664.07万元", "subject": "截至2017年6月30日", "subject_index": {"begin": 0, "end": 12}, "object_index": {"begin": 52, "end": 66}}]}
{"text": "截至2016年12月31日，合和集团的总资产为15,148,643.46万元，净资产（不含少数股东权益）为6,635,957.15万元，2016年实现净利润361,619.28万元，归属于母公司所有者净利润为298,019.84万元（前述财务数据经信永中和会计师事务所（特殊普通合伙）审计）。", "spo_list": [{"predicate": "净资产价值", "object_type": "金额", "subject_type": "日期", "object": "6,635,957.15万元", "subject": "截至2016年12月31日", "subject_index": {"begin": 0, "end": 13}, "object_index": {"begin": 53, "end": 67}}]}
{"text": "截至2017年6月30日，瑞丽江一级水电有限公司总资产金额为227,994.84万元，净资产为73,919.76万元；2014年、2015年、2016年及2017年上半年，瑞丽江一级水电有限公司上网电量分别为34.16亿千瓦时、34.75亿千瓦时、35.35亿千瓦时及18.52亿千瓦时，营业收入分别为72,473.65万元、74,211.44万元、75,920.36万元以及45,084.20万元，净利润分别为27,693.98万元和29,671.56万元、34,790.44万元以及26,054.31万元。", "spo_list": [{"predicate": "净资产价值", "object_type": "金额", "subject_type": "日期", "object": "73,919.76万元", "subject": "截至2017年6月30日", "subject_index": {"begin": 0, "end": 12}, "object_index": {"begin": 47, "end": 58}}]}
{"text": "公司的应收票据主要是电网公司以票据形式支付的电价款，均为银行承兑汇票，2017年6月30日应收票据余额较2016年末增加77,379.76万元，增幅为244.44%，主要原因是云南电网在结算电价款时更多采用银行承兑票据的方式进行结算，导致2017年6月30日应收票据余额有所增加。2016年末应收票据余额较2015年末减少26,025.47万元，降幅为45.12%，主要原因是为了减少资金占用，公司对部分应收票据进行贴现。2015年末应收票据余额较2014年末增加6,461.19万元，增幅为12.61%，主要原因是云南电网在结算电价款时更多采用银行承兑票据的方式进行结算，导致2015年应收票据余额有所增加。", "spo_list": [{"predicate": "应收票据余额", "object_type": "金额", "subject_type": "日期", "object": "77,379.76万元", "subject": "2017年6月30日", "subject_index": {"begin": 35, "end": 45}, "object_index": {"begin": 60, "end": 71}}, {"predicate": "应收票据余额", "object_type": "金额", "subject_type": "日期", "object": "26,025.47万元", "subject": "2016年末", "subject_index": {"begin": 140, "end": 146}, "object_index": {"begin": 161, "end": 172}}, {"predicate": "应收票据余额", "object_type": "金额", "subject_type": "日期", "object": "6,461.19万元", "subject": "2015年末", "subject_index": {"begin": 211, "end": 217}, "object_index": {"begin": 232, "end": 242}}]}
{"text": "2017年6月30日其他流动资产较2016年末减少4,135.18万元，降幅45.75%，2016年末其他流动资产较2015年末减少8,369.28万元，降幅48.08%，原因是随着果多、觉巴等电站陆续投产，待抵扣增值税金额有所下降。", "spo_list": [{"predicate": "其他流动资产", "object_type": "金额", "subject_type": "日期", "object": "4,135.18万元", "subject": "2017年6月30日", "subject_index": {"begin": 0, "end": 10}, "object_index": {"begin": 25, "end": 35}}, {"predicate": "其他流动资产", "object_type": "金额", "subject_type": "日期", "object": "8,369.28万元", "subject": "2016年末", "subject_index": {"begin": 45, "end": 51}, "object_index": {"begin": 66, "end": 76}}]}
{"text": "公司流动负债主要为短期借款及一年内到期的非流动负债。2017年6月30日公司流动负债较2016年末减少57,536.60万元，降幅为1.38%。2016年末公司流动负债总额较2015年末增加34,736.08万元，增幅为0.84%。2015年末公司流动负债总额较2014年末增加314,943.96万元，增幅为8.25%。", "spo_list": [{"predicate": "流动负债", "object_type": "金额", "subject_type": "日期", "object": "57,536.60万元", "subject": "2017年6月30日", "subject_index": {"begin": 26, "end": 36}, "object_index": {"begin": 51, "end": 62}}, {"predicate": "流动负债", "object_type": "金额", "subject_type": "日期", "object": "34,736.08万元", "subject": "2016年末", "subject_index": {"begin": 72, "end": 78}, "object_index": {"begin": 95, "end": 106}}, {"predicate": "流动负债", "object_type": "金额", "subject_type": "日期", "object": "314,943.96万元", "subject": "2015年末", "subject_index": {"begin": 116, "end": 122}, "object_index": {"begin": 139, "end": 151}}]}
{"text": "公司长期应付款主要包括应付融资租入固定资产租赁费和应付资产证券化款。2017年6月30日公司长期应付款较2016年末减少173,010.16万元，降幅41.00%，2016年末公司长期应付款较2015年末减少285,656.23万元，降幅为40.37%，2015年末公司长期应付款较2014年末减少130,412.06万元，降幅为15.56%。主要因为公司依据签订的融资租赁合同及专项计划合同的规定，到期偿还融资租赁款项、专项计划的本金及利息等，因此长期应付款逐年下降。", "spo_list": [{"predicate": "长期应付款", "object_type": "金额", "subject_type": "日期", "object": "173,010.16万元", "subject": "2017年6月30日", "subject_index": {"begin": 34, "end": 44}, "object_index": {"begin": 60, "end": 72}}, {"predicate": "长期应付款", "object_type": "金额", "subject_type": "日期", "object": "285,656.23万元", "subject": "2016年末", "subject_index": {"begin": 82, "end": 88}, "object_index": {"begin": 104, "end": 116}}, {"predicate": "长期应付款", "object_type": "金额", "subject_type": "日期", "object": "130,412.06万元", "subject": "2015年末", "subject_index": {"begin": 127, "end": 133}, "object_index": {"begin": 149, "end": 161}}]}
{"text": "2015年公司主营业务成本较2014年增加13,515.90万元，增幅为2.09%，增加的主要原因是：2015年公司新增水火置换费用17,618.90万元所致。", "spo_list": [{"predicate": "总营业成本", "object_type": "金额", "subject_type": "日期", "object": "13,515.90万元", "subject": "2015年", "subject_index": {"begin": 0, "end": 5}, "object_index": {"begin": 21, "end": 32}}]}
{"text": "报告期内，公司资本化利息在利息支出总额占比逐年增加，主要是由于公司在建水电站较多，报告期内公司在建工程余额分别为3,614,770.73万元、4,314,068.32万元、4,651,243.48万元和4,937,080.41万元，呈逐年上升趋势；公司费用化利息在利息支出总额占比逐年降低，主要是由于随着已投产电站陆续进入还款期，还款导致借款本金逐年减少。", "spo_list": [{"predicate": "在建工程余额", "object_type": "金额", "subject_type": "日期", "object": "3,614,770.73万元", "subject": "报告期内", "subject_index": {"begin": 41, "end": 45}, "object_index": {"begin": 56, "end": 70}}, {"predicate": "在建工程余额", "object_type": "金额", "subject_type": "日期", "object": "4,314,068.32万元", "subject": "报告期内", "subject_index": {"begin": 41, "end": 45}, "object_index": {"begin": 71, "end": 85}}, {"predicate": "在建工程余额", "object_type": "金额", "subject_type": "日期", "object": "4,651,243.48万元", "subject": "报告期内", "subject_index": {"begin": 41, "end": 45}, "object_index": {"begin": 86, "end": 100}}, {"predicate": "在建工程余额", "object_type": "金额", "subject_type": "日期", "object": "4,937,080.41万元", "subject": "报告期内", "subject_index": {"begin": 41, "end": 45}, "object_index": {"begin": 101, "end": 115}}]}
{"text": "截至2015年12月31日，红塔集团的总资产为132,669,103,883.09元，净资产（不含少数股东权益）为108,888,107,310.87元，2015年实现净利润7,244,665,966.75元，归属于母公司所有者净利润为6,973,321,583.56元（前述财务数据经天健会计师事务所（特殊普通合伙）审计）。", "spo_list": [{"predicate": "净资产价值", "object_type": "金额", "subject_type": "日期", "object": "108,888,107,310.87元", "subject": "2015年12月31日", "subject_index": {"begin": 2, "end": 13}, "object_index": {"begin": 57, "end": 76}}]}
{"text": "2017年6月30日公司应收账款余额较2016年末增加121,264.83万元，增幅为113.69%，主要原因是公司营业收入有所回升，且部分应收账款尚在信用期内未回款。2016年末公司应收账款余额较2015年末减少10,442.98万元，降幅为8.92%，主要原因是公司营业收入有所下降。2015年末公司应收账款余额较2014年末减少77,039.90万元，降幅为39.68%，主要原因是2015年公司营业收入较2014年有所下降。", "spo_list": [{"predicate": "应收账款账面余额", "object_type": "金额", "subject_type": "日期", "object": "121,264.83万元", "subject": "2017年6月30日", "subject_index": {"begin": 0, "end": 10}, "object_index": {"begin": 27, "end": 39}}, {"predicate": "应收账款账面余额", "object_type": "金额", "subject_type": "日期", "object": "10,442.98万元", "subject": "2016年", "subject_index": {"begin": 84, "end": 89}, "object_index": {"begin": 107, "end": 118}}]}
{"text": "截至2017年6月30日，公司应收账款余额227,929.54万元，截至2017年10月20日，已回收204,384.52万元，尚未回收应收账款23,545.02万元。", "spo_list": [{"predicate": "应收账款账面余额", "object_type": "金额", "subject_type": "日期", "object": "23,545.02万元", "subject": "2017年10月20日", "subject_index": {"begin": 36, "end": 47}, "object_index": {"begin": 72, "end": 83}}, {"predicate": "应收账款账面余额", "object_type": "金额", "subject_type": "日期", "object": "227,929.54万元", "subject": "2017年6月30日", "subject_index": {"begin": 2, "end": 12}, "object_index": {"begin": 21, "end": 33}}]}
{"text": "2017年6月30日公司非流动资产较2016年末增加94,486.15万元，增幅为0.59%。2016年末公司非流动资产较2015年末增加610,173.45万元，增幅为3.98%。2015年末公司非流动资产较2014年末增加643,300.29万元，增幅为4.38%。", "spo_list": [{"predicate": "非流动资产", "object_type": "金额", "subject_type": "日期", "object": "94,486.15万元", "subject": "2017年6月30日", "subject_index": {"begin": 0, "end": 10}, "object_index": {"begin": 26, "end": 37}}, {"predicate": "非流动资产", "object_type": "金额", "subject_type": "日期", "object": "610,173.45万元", "subject": "2016年末", "subject_index": {"begin": 47, "end": 53}, "object_index": {"begin": 69, "end": 81}}]}
{"text": "2017年6月30日公司其他非流动资产较2016年末增加18,210.11万元，增幅为38.68%，2016年末公司其他非流动资产较2015年末增加36,885.50万元，增幅为362.07%，主要原因是公司下属各子公司在建项目持续施工，期间的增值税进项税在投产前无法抵扣，导致一年期以上待抵扣进项税增长。", "spo_list": [{"predicate": "非流动资产", "object_type": "金额", "subject_type": "日期", "object": "36,885.50万元", "subject": "2016年末", "subject_index": {"begin": 50, "end": 56}, "object_index": {"begin": 74, "end": 85}}, {"predicate": "非流动资产", "object_type": "金额", "subject_type": "日期", "object": "18,210.11万元", "subject": "2017年6月30日", "subject_index": {"begin": 0, "end": 10}, "object_index": {"begin": 28, "end": 39}}]}
{"text": "2017年6月30日公司应付职工薪酬较2016年末增加14.87万元，增幅为0.78%，2016年末公司应付职工薪酬较2015年末增加153.12万元，增幅为8.77%，2015年末公司应付职工薪酬较2014年末增加697.55万元，增幅为66.57%，增加的主要原因是计提但是尚未使用的工会经费和职工教育经费有所增加。", "spo_list": [{"predicate": "应付职工薪酬余额", "object_type": "金额", "subject_type": "日期", "object": "14.87万元", "subject": "2017年6月30日", "subject_index": {"begin": 0, "end": 10}, "object_index": {"begin": 27, "end": 34}}, {"predicate": "应付职工薪酬余额", "object_type": "金额", "subject_type": "日期", "object": "153.12万元", "subject": "2016年末", "subject_index": {"begin": 44, "end": 50}, "object_index": {"begin": 67, "end": 75}}, {"predicate": "应付职工薪酬余额", "object_type": "金额", "subject_type": "日期", "object": "697.55万元", "subject": "2015年末", "subject_index": {"begin": 85, "end": 91}, "object_index": {"begin": 108, "end": 116}}]}
{"text": "2017年6月末公司计提坏账准备536.11万元，主要为石林光伏预计无法收回的其他应收款损失以及按照账龄法计提的坏账损失。", "spo_list": [{"predicate": "应收帐款坏账准备", "object_type": "金额", "subject_type": "日期", "object": "536.11万元", "subject": "2017年6月", "subject_index": {"begin": 0, "end": 7}, "object_index": {"begin": 16, "end": 24}}]}
{"text": "2016年公司计提固定资产减值损失2,685.68万元，主要因为盐津关河牛栏沟水电站直供电客户持续停产且预计近期无法恢复，盐津关河牛栏沟水电站经营模式由直供电改为向售电公司供电，电价较直供电价格出现下降，存在减值迹象，公司就账面价值与可回收金额之间差额计提了固定资产减值准备。", "spo_list": [{"predicate": "固定资产账面价值", "object_type": "金额", "subject_type": "日期", "object": "2,685.68万元", "subject": "2016年", "subject_index": {"begin": 0, "end": 5}, "object_index": {"begin": 17, "end": 27}}]}
{"text": "2015年公司计提应收账款及其他应收款坏账损失1,235.02万元，主要包括按照账龄法计提的坏账损失以及应收盐津云宏化工有限责任公司的电费款以及应收四川宜宾伊力集团横江发电有限公司的项目前期代垫费用，因为公司预计相关款项无法全部收回，根据其账面价值与预计未来现金流量现值之间差额确认减值损失。", "spo_list": [{"predicate": "应收帐款坏账准备", "object_type": "金额", "subject_type": "日期", "object": "1,235.02万元", "subject": "2015年", "subject_index": {"begin": 0, "end": 5}, "object_index": {"begin": 23, "end": 33}}]}
{"text": "公司报告期内应收账款余额分别为194,147.59万元、117,107.70万元、106,664.72万元和227,929.54万元，占公司营业收入比例分别为12.44%、9.04%、9.23%和17.58%。", "spo_list": [{"predicate": "应收账款账面余额", "object_type": "金额", "subject_type": "日期", "object": "194,147.59万元", "subject": "报告期内", "subject_index": {"begin": 2, "end": 6}, "object_index": {"begin": 15, "end": 27}}, {"predicate": "应收账款账面余额", "object_type": "金额", "subject_type": "日期", "object": "117,107.70万元", "subject": "报告期内", "subject_index": {"begin": 2, "end": 6}, "object_index": {"begin": 28, "end": 40}}, {"predicate": "应收账款账面余额", "object_type": "金额", "subject_type": "日期", "object": "106,664.72万元", "subject": "报告期内", "subject_index": {"begin": 2, "end": 6}, "object_index": {"begin": 41, "end": 53}}, {"predicate": "应收账款账面余额", "object_type": "金额", "subject_type": "日期", "object": "227,929.54万元", "subject": "报告期内", "subject_index": {"begin": 2, "end": 6}, "object_index": {"begin": 54, "end": 66}}]}
{"text": "2014年末、2015年末、2016年末和2017年6月30日，对金沙江中游的长期股权投资金额分别为260,552.59万元、267,972.25万元、255,722.61万元和247,328.64万元，变化原因主要是资本金投入，以及根据权益法确认的投资损益调整和现金分红调整。2", "spo_list": [{"predicate": "长期股权投资账面价值", "object_type": "金额", "subject_type": "日期", "object": "260,552.59万元", "subject": "2014年末", "subject_index": {"begin": 0, "end": 6}, "object_index": {"begin": 50, "end": 62}}, {"predicate": "长期股权投资账面价值", "object_type": "金额", "subject_type": "日期", "object": "267,972.25万元", "subject": "2015年末", "subject_index": {"begin": 7, "end": 13}, "object_index": {"begin": 63, "end": 75}}, {"predicate": "长期股权投资账面价值", "object_type": "金额", "subject_type": "日期", "object": "255,722.61万元", "subject": "2016年末", "subject_index": {"begin": 14, "end": 20}, "object_index": {"begin": 76, "end": 88}}, {"predicate": "长期股权投资账面价值", "object_type": "金额", "subject_type": "日期", "object": "247,328.64万元", "subject": "2017年6月30日", "subject_index": {"begin": 21, "end": 31}, "object_index": {"begin": 89, "end": 101}}]}
{"text": "2017年上半年公司主营业务成本为321,837.08万元，同比增加25,761.35万元，增幅为8.70%。", "spo_list": [{"predicate": "主营业务成本", "object_type": "金额", "subject_type": "日期", "object": "321,837.08万元", "subject": "2017年", "subject_index": {"begin": 0, "end": 5}, "object_index": {"begin": 17, "end": 29}}]}
{"text": "以截至2017年6月30日有息负债余额11,650,671.45万元为计算基础，按公司资本化利息占利息支出总额比例为31.92%，公司费用化利息占利息支出总额比例为68.08%测算，未来如果利率上浮0.25%，则公司财务费用增加19,829.44万元；如果利率上浮0.5%，则财务费用增加39,658.89万元。", "spo_list": [{"predicate": "合同负债", "object_type": "金额", "subject_type": "日期", "object": "11,650,671.45万", "subject": "2017年6月30日", "subject_index": {"begin": 3, "end": 13}, "object_index": {"begin": 19, "end": 33}}]}
