{"text": "2014年末，预付款项余额比2013年末减少了1,332.27万元，主要是因为2014年公司部分预付罐区改造项目采购设备到货，已转入在建工程核算，导致预付设备款减少所致。", "spo_list": [{"predicate": "预付款项余额", "object_type": "金额", "subject_type": "日期", "object": "1,332.27万元", "subject": "2014年末", "subject_index": {"begin": 0, "end": 6}, "object_index": {"begin": 23, "end": 33}}]}
{"text": "2016年6月末，公司存货余额较2015年末增加了3,057.44万元，增幅为30.36%，其中委托加工物资余额较上年末增加了1,604.32万元，主要系公司目前产能满足不了增长的产品订单需求，委托其他加工单位加工处理一部分订单；为避免受G20峰会影响，公司为了保障日常生产经营，增加了原材料、库存商品的备货。", "spo_list": [{"predicate": "存货余额", "object_type": "金额", "subject_type": "日期", "object": "3,057.44万元", "subject": "2016年6月末", "subject_index": {"begin": 0, "end": 8}, "object_index": {"begin": 25, "end": 35}}]}
{"text": "报告期各期末，公司固定资产账面值分别为18,640.04万元、19,340.19万元、19,118.29万元和21,456.53万元，占非流动资产的比重分别为65.56%、60.51%、58.91%和61.99%。", "spo_list": [{"predicate": "固定资产账面价值", "object_type": "金额", "subject_type": "日期", "object": "18,640.04万元", "subject": "报告期各期末", "subject_index": {"begin": 0, "end": 6}, "object_index": {"begin": 19, "end": 30}}, {"predicate": "固定资产账面价值", "object_type": "金额", "subject_type": "日期", "object": "19,340.19万元", "subject": "报告期各期末", "subject_index": {"begin": 0, "end": 6}, "object_index": {"begin": 31, "end": 42}}, {"predicate": "固定资产账面价值", "object_type": "金额", "subject_type": "日期", "object": "19,118.29万元", "subject": "报告期各期末", "subject_index": {"begin": 0, "end": 6}, "object_index": {"begin": 43, "end": 54}}, {"predicate": "固定资产账面价值", "object_type": "金额", "subject_type": "日期", "object": "21,456.53万元", "subject": "报告期各期末", "subject_index": {"begin": 0, "end": 6}, "object_index": {"begin": 55, "end": 66}}]}
{"text": "2015年末在建工程余额增至2,884.17万元，主要原因是“新增年产160万平方米LED用高散热及背光材料技改项目”以及“1万吨树脂基纤维增强型特种复合材料技改项目”部分预付款设备到货转入在建工程所致，该期末其他在建项目主要为募投项目前期建设投入、在安装的设备以及零星工程项目等。", "spo_list": [{"predicate": "在建工程余额", "object_type": "金额", "subject_type": "日期", "object": "2,884.17万元", "subject": "2015年末", "subject_index": {"begin": 0, "end": 6}, "object_index": {"begin": 14, "end": 24}}]}
{"text": "公司的无形资产主要为工业用地的土地使用权，取得方式均为出让，摊销年限为50年；其余为SAP系统、RFID仓储管理追踪系统等软件使用权，取得方式均为购买，按照5年摊销。2013年末、2014年末、2015年末和2016年6月末，公司无形资产账面价值分别为7,462.42万元、7,449.93万元、7,304.02万元和9,211.05万元，其中2013年增加部分主要为联生绝缘当年取得的位于中泰街道岑岭村的两块工业用地，面积分别为3,628平方米和5,524平方米，其余为当年增加的RFID仓储管理追踪系统等软件使用权；2014年增加部分主要为联生绝缘2013年新增两块工业用地的土地平整费；2015年增加部分主要为联生绝缘2013年新增两块工业用地的土地测绘费和平整费；2016年上半年度增加部分主要系杭州华正新材料有限公司受让青山湖科技城工业用地使用权和SAP系统的软件使用权。", "spo_list": [{"predicate": "无形资产账面价值", "object_type": "金额", "subject_type": "日期", "object": "7,462.42万元", "subject": "2013年末", "subject_index": {"begin": 83, "end": 89}, "object_index": {"begin": 126, "end": 136}}, {"predicate": "无形资产账面价值", "object_type": "金额", "subject_type": "日期", "object": "7,449.93万元", "subject": "2014年末", "subject_index": {"begin": 90, "end": 96}, "object_index": {"begin": 137, "end": 147}}, {"predicate": "无形资产账面价值", "object_type": "金额", "subject_type": "日期", "object": "7,304.02万元", "subject": "2015年末", "subject_index": {"begin": 97, "end": 103}, "object_index": {"begin": 148, "end": 158}}, {"predicate": "无形资产账面价值", "object_type": "金额", "subject_type": "日期", "object": "9,211.05万元", "subject": "2016年6月末", "subject_index": {"begin": 104, "end": 112}, "object_index": {"begin": 159, "end": 169}}]}
{"text": "2013-2015年，公司的短期偿债能力指标有所上升。其中，流动比率、速动比率稳中有升，主要是由于产销形势较好带来的货币资金、应收账款和存货等经营性项目增加所致。2016年1-6月，公司的利息保障倍数指标为9.37，均优于2013年度、2014年度、2015年度的5.51、4.81和6.73，主要原因是公司的利润总额上升，整体盈利能力较强，息税前利润足以支付借款利息，资产负债率上升、流动比率和速动比率下降的主要原因是公司生产经营规模扩大，营运资金趋紧，借款和应付账款均大幅增加。", "spo_list": [{"predicate": "利息保障倍数", "object_type": "日期", "subject_type": "比率", "object": "2016年1-6月", "subject": "9.37", "subject_index": {"begin": 103, "end": 107}, "object_index": {"begin": 81, "end": 90}}]}
{"text": "报告期内，受限于有限的融资渠道，公司主要利用银行借款和商业信用等方式筹集资金。截至2016年6月30日，公司的资产负债率为63.22%，流动负债占负债总额的比例92.23%；其中，短期借款21,500.00万元，应付票据6,805.00万元，应付账款24,124.00万元，三者合计占负债总额的83.15%。公司的短期负债在负债结构中比重较大。", "spo_list": [{"predicate": "应付账款余额", "object_type": "金额", "subject_type": "日期", "object": "24,124.00万元", "subject": "2016年6月30日", "subject_index": {"begin": 41, "end": 51}, "object_index": {"begin": 125, "end": 136}}, {"predicate": "应付账款余额", "object_type": "金额", "subject_type": "日期", "object": "6,805.00万元", "subject": "2016年6月30日", "subject_index": {"begin": 41, "end": 51}, "object_index": {"begin": 110, "end": 120}}, {"predicate": "短期借款余额", "object_type": "金额", "subject_type": "日期", "object": "21,500.00万元", "subject": "2016年6月30日", "subject_index": {"begin": 41, "end": 51}, "object_index": {"begin": 94, "end": 105}}]}
{"text": "从公司存货周转情况来看，由于公司主要采用订单生产模式，主要产品从接收订单到完成发货一般不超过一个月，库存商品存货金额处于较低水平。截至2016年6月30日，公司库存商品余额为5,278.18万元，少于公司月平均销售成本。", "spo_list": [{"predicate": "存货余额", "object_type": "金额", "subject_type": "日期", "object": "5,278.18万元", "subject": "2016年6月30日", "subject_index": {"begin": 67, "end": 77}, "object_index": {"begin": 87, "end": 97}}]}
{"text": "2013年末、2014年末、2015年末和2016年6月末，公司的在建工程余额分别为449.53万元、1,506.91万元、2,884.17万元和607.14万元，占非流动资产的比例分别为1.58%、4.71%、8.89%和1.75%。", "spo_list": [{"predicate": "在建工程余额", "object_type": "金额", "subject_type": "日期", "object": "449.53万元", "subject": "2013年末", "subject_index": {"begin": 0, "end": 6}, "object_index": {"begin": 42, "end": 50}}, {"predicate": "在建工程余额", "object_type": "金额", "subject_type": "日期", "object": "1,506.91万元", "subject": "2014年末", "subject_index": {"begin": 7, "end": 13}, "object_index": {"begin": 51, "end": 61}}, {"predicate": "在建工程余额", "object_type": "金额", "subject_type": "日期", "object": "2,884.17万元", "subject": "2015年末", "subject_index": {"begin": 14, "end": 20}, "object_index": {"begin": 62, "end": 72}}, {"predicate": "在建工程余额", "object_type": "金额", "subject_type": "日期", "object": "607.14万元", "subject": "2016年6月末", "subject_index": {"begin": 21, "end": 29}, "object_index": {"begin": 73, "end": 81}}]}
{"text": "公司的应付账款主要为原材料采购应付款。2014年末，应付账款余额比2013年末增加了1,954.87万元，一方面是由于2014年四季度原材料价格下降，公司的采购备货增加；另一方面，对高散热及背光材料技改等项目的固定资产投资增加，应付款项中的工程余款也有所上升。2015年末，应付账款余额比2014年末减少了746.65万元，主要是当年公司对外采购原材料减少所致。2016年6月末，应付账款余额比2015年末增加了5,271.38万元，主要是2016年公司销售订单增加，且由于受G20峰会影响，公司为了保障日常生产经营，增加了原材料、库存商品的备货，相应增加采购。", "spo_list": [{"predicate": "应付账款余额", "object_type": "金额", "subject_type": "日期", "object": "1,954.87万元", "subject": "2014年末", "subject_index": {"begin": 19, "end": 25}, "object_index": {"begin": 42, "end": 52}}, {"predicate": "应付账款余额", "object_type": "金额", "subject_type": "日期", "object": "746.65万元", "subject": "2015年末", "subject_index": {"begin": 130, "end": 136}, "object_index": {"begin": 153, "end": 161}}, {"predicate": "应付账款余额", "object_type": "金额", "subject_type": "日期", "object": "5,271.38万元", "subject": "2016年6月", "subject_index": {"begin": 181, "end": 188}, "object_index": {"begin": 206, "end": 216}}]}
{"text": "2013年末、2014年末、2015年末和2016年6月末，应收账款余额分别为30,759.08万元、29,594.95万元、34,950.31万元和34,266.67万元，占同期营业收入的比重分别为33.33%、32.13%、39.32%和66.75%", "spo_list": [{"predicate": "应收账款账面余额", "object_type": "金额", "subject_type": "日期", "object": "30,759.08万元", "subject": "2013年末", "subject_index": {"begin": 0, "end": 6}, "object_index": {"begin": 39, "end": 50}}, {"predicate": "应收账款账面余额", "object_type": "金额", "subject_type": "日期", "object": "29,594.95万元", "subject": "2014年末", "subject_index": {"begin": 7, "end": 13}, "object_index": {"begin": 51, "end": 62}}, {"predicate": "应收账款账面余额", "object_type": "金额", "subject_type": "日期", "object": "34,950.31万元", "subject": "2015年末", "subject_index": {"begin": 14, "end": 20}, "object_index": {"begin": 63, "end": 74}}, {"predicate": "应收账款账面余额", "object_type": "金额", "subject_type": "日期", "object": "34,266.67万元", "subject": "2016年6月末", "subject_index": {"begin": 21, "end": 29}, "object_index": {"begin": 75, "end": 86}}]}
{"text": "2014年末，公司存货余额比2013年末增加了1,984.65万元，增幅为21.02%，其中原材料余额比上年末增加了605.54万元，主要系2014年四季度主要原材料价格下降，公司增加了部分原料储备所致；库存商品余额比上年末增加1,279.11万元，主要原因系2014年二三季度行业原材料成本上涨，小企业低价倾销情况严重，公司订单减少，销售较为低迷，公司适度增加常规产品生产以便尽可能降低生产成本，导致库存商品金额增加1,279.11万元，较2013年末上升27.59%。", "spo_list": [{"predicate": "存货余额", "object_type": "金额", "subject_type": "日期", "object": "1,984.65万元", "subject": "2014年末", "subject_index": {"begin": 0, "end": 6}, "object_index": {"begin": 23, "end": 33}}]}
{"text": "2014年末在建工程余额增至1,506.91万元，主要原因是“新增年产160万平方米LED用高散热及背光材料技改项目”以及“1万吨树脂基纤维增强型特种复合材料技改项目”部分预付款设备到货转入在建工程所致。其他在建工程主要为募投项目前期建设投入及在安装的设备等。", "spo_list": [{"predicate": "在建工程余额", "object_type": "金额", "subject_type": "日期", "object": "1,506.91万元", "subject": "2014年末", "subject_index": {"begin": 0, "end": 6}, "object_index": {"begin": 14, "end": 24}}]}
{"text": "2016年6月末在建工程余额降至607.14万元，主要原因是“LED用高散热及背光材料技改项目”、“1万吨树脂基纤维增强型特种复合材料技改项目”以及在安装的部分设备本期陆续结转至固定资产。期末在建工程余额主要系募投项目部分投入、在安装的设备以及零星工程项目等。", "spo_list": [{"predicate": "在建工程余额", "object_type": "金额", "subject_type": "日期", "object": "607.14万元", "subject": "2016年6月末", "subject_index": {"begin": 0, "end": 8}, "object_index": {"begin": 16, "end": 24}}]}
{"text": "报告期内，公司的短期借款主要以抵押和保证借款为主。2014年末，公司的短期借款余额较2013年末减少了3,426.60万元，主要原因是以票据支付采购款项情况增加。2015年末，公司短期借款上升至15,650.00万元，主要系公司回款周期较短的外销收入同比减少4,511.69万元，致使期末应收账款余额上升，营运资金整体趋紧，借款需求增加。2016年6月末，短期借款较2015年末增加5,850.00万元，主要系公司销售增长，库存备货增加，营运资金需求增加，同时，公司子公司杭州华正购置一宗土地使用权，相应增加借款。", "spo_list": [{"predicate": "短期借款余额", "object_type": "金额", "subject_type": "日期", "object": "3,426.60万元", "subject": "2014年末", "subject_index": {"begin": 25, "end": 31}, "object_index": {"begin": 51, "end": 61}}]}
{"text": "2013年末、2014年末、2015年末和2016年6月末，公司的应交税费余额分别为425.84万元、156.22万元、255.92万元和220.87万元。其中2014年末比2013年年末减少了269.62万元，主要原因是子公司联生绝缘本期应交增值税余额减少所致；2015年末应交税费余额较2014年年末增加99.70万元，主要系发行人应交增值税和城市维护建设税金额增加所致；2016年6月末应缴税费余额较2015年末略有下降，期末应缴税费主要系企业所得税108.79万元，2016年1-6月公司盈利能力增强，期末应交所得税金额增加。", "spo_list": [{"predicate": "应交税费余额", "object_type": "金额", "subject_type": "日期", "object": "425.84万元", "subject": "2013年末", "subject_index": {"begin": 0, "end": 6}, "object_index": {"begin": 42, "end": 50}}, {"predicate": "应交税费余额", "object_type": "金额", "subject_type": "日期", "object": "156.22万元", "subject": "2014年末", "subject_index": {"begin": 7, "end": 13}, "object_index": {"begin": 51, "end": 59}}, {"predicate": "应交税费余额", "object_type": "金额", "subject_type": "日期", "object": "255.92万元", "subject": "2015年末", "subject_index": {"begin": 14, "end": 20}, "object_index": {"begin": 60, "end": 68}}, {"predicate": "应交税费余额", "object_type": "金额", "subject_type": "日期", "object": "220.87万元", "subject": "2016年6月末", "subject_index": {"begin": 21, "end": 29}, "object_index": {"begin": 69, "end": 77}}, {"predicate": "应交税费余额", "object_type": "金额", "subject_type": "日期", "object": "99.70万元", "subject": "2015年末", "subject_index": {"begin": 132, "end": 138}, "object_index": {"begin": 154, "end": 161}}, {"predicate": "应交税费余额", "object_type": "金额", "subject_type": "日期", "object": "108.79万元", "subject": "2016年6月", "subject_index": {"begin": 188, "end": 195}, "object_index": {"begin": 228, "end": 236}}]}
{"text": "由上表所示，报告期内，计入当期损益的税前政府补助金额分别为921.05万元、1,296.80万元、1,114.60万元和251.20万元，是公司非经常性损益的主要组成部分，虽然2016年1-6月，计入当期损益的税前政府补助已减少至251.20万元，但仍不排除期后非经常性损益金额增加，对发行人净利润产生重大影响的可能。", "spo_list": [{"predicate": "非经常性损益", "object_type": "金额", "subject_type": "日期", "object": "921.05万元", "subject": "报告期内", "subject_index": {"begin": 6, "end": 10}, "object_index": {"begin": 29, "end": 37}}, {"predicate": "非经常性损益", "object_type": "金额", "subject_type": "日期", "object": "1,296.80万元", "subject": "报告期内", "subject_index": {"begin": 6, "end": 10}, "object_index": {"begin": 38, "end": 48}}, {"predicate": "非经常性损益", "object_type": "金额", "subject_type": "日期", "object": "1,114.60万元", "subject": "报告期内", "subject_index": {"begin": 6, "end": 10}, "object_index": {"begin": 49, "end": 59}}, {"predicate": "非经常性损益", "object_type": "金额", "subject_type": "日期", "object": "251.20万元", "subject": "报告期内", "subject_index": {"begin": 6, "end": 10}, "object_index": {"begin": 60, "end": 68}}]}
{"text": "2013年末、2014年末、2015年末和2016年6月末，公司存货账面余额分别为9,440.57万元、11,425.22万元、10,070.47万元和13,149.96万元，占各期末流动资产的比重约为20%。公司除少量常规产品备货及原料储备之外，多为订单式生产，且公司产品生产周期较短，存货周转较快，因此存货整体控制良好。", "spo_list": [{"predicate": "存货账面余额", "object_type": "金额", "subject_type": "日期", "object": "9,440.57万元", "subject": "2013年末", "subject_index": {"begin": 0, "end": 6}, "object_index": {"begin": 41, "end": 51}}, {"predicate": "存货账面余额", "object_type": "金额", "subject_type": "日期", "object": "11,425.22万元", "subject": "2014年末", "subject_index": {"begin": 7, "end": 13}, "object_index": {"begin": 52, "end": 63}}, {"predicate": "存货账面余额", "object_type": "金额", "subject_type": "日期", "object": "10,070.47万元", "subject": "2015年末", "subject_index": {"begin": 14, "end": 20}, "object_index": {"begin": 64, "end": 75}}, {"predicate": "存货账面余额", "object_type": "金额", "subject_type": "日期", "object": "13,149.96万元", "subject": "2016年6月末", "subject_index": {"begin": 21, "end": 29}, "object_index": {"begin": 76, "end": 87}}]}
{"text": "从上表可见，发行人2013年度期间费用增加1,263.11万元，其中管理费用和财务费用分别增加了696.70万元和482.20万元，", "spo_list": [{"predicate": "期间费用", "object_type": "金额", "subject_type": "日期", "object": "1,263.11万元", "subject": "2013年", "subject_index": {"begin": 9, "end": 14}, "object_index": {"begin": 21, "end": 31}}]}
