{"text": "上海会稽山主要从事黄酒的销售。截至2013年12月31日，上海会稽山总资产为2.19万元，净资产为-693.32万元，2013年实现净利润为-13.71万元（以上财务数据已经天健会计师事务所（特殊普通合伙）审计）。", "spo_list": [{"predicate": "净资产价值", "object_type": "金额", "subject_type": "日期", "object": "为-693.32万元", "subject": "截至2013年12月31日", "subject_index": {"begin": 15, "end": 28}, "object_index": {"begin": 48, "end": 58}}]}
{"text": "会稽山（北京）商贸主要从事黄酒等产品的销售。截至2013年12月31日，会稽山（北京）商贸总资产为1,359.36万元，净资产为1,092.07万元，2013年实现净利润为29.71万元（以上财务数据已经天健会计师事务所（特殊普通合伙）审计）。", "spo_list": [{"predicate": "净资产价值", "object_type": "金额", "subject_type": "日期", "object": "1,092.07万元", "subject": "截至2013年12月31日", "subject_index": {"begin": 22, "end": 35}, "object_index": {"begin": 64, "end": 74}}]}
{"text": "绍兴县精功物业管理有限公司成立于2000年1月17日，注册资本为人民币50万元，精功集团持有该公司80%的股权，精功控股持有该公司20%的股权。该公司的主营业务为商品楼宇物业管理。截至2013年12月31日，该公司总资产为133.03万元，净资产为7.27万元，2013年实现净利润为8.73万元（以上财务数据未经审计）", "spo_list": [{"predicate": "净资产价值", "object_type": "金额", "subject_type": "日期", "object": "7.27万元", "subject": "截至2013年12月31日", "subject_index": {"begin": 90, "end": 103}, "object_index": {"begin": 124, "end": 130}}]}
{"text": "精工控股集团有限公司成立于2003年2月12日，原名浙江精工建设产业集团有限公司，注册资本为人民币32,000万元，精功集团持有该公司51%的股权，中建信控股集团有限公司持有该公司49%的股权。该公司的主营业务为钢结构建筑，钢结构件的设计、生产制作、施工安装。截至2013年12月31日，该公司总资产为1,765,954.83万元，净资产为315,191.55万元，2013年实现归属于母公司所有者的净利润为6,992.49万元（以上财务数据未经审计）。", "spo_list": [{"predicate": "净资产价值", "object_type": "金额", "subject_type": "日期", "object": "315,191.55万元", "subject": "截至2013年12月31日", "subject_index": {"begin": 130, "end": 143}, "object_index": {"begin": 170, "end": 182}}]}
{"text": "浙江精功置业开发有限公司成立于2009年2月16日，注册资本为人民币7,500万元。精功集团持有该公司100%的股权。该公司的主营业务为房地产开发经营。截至2013年12月31日，该公司总资产为39,578.50万元，净资产为6,425.00万元，2013年实现净利润为-76.28万元（以上财务数据未经审计）。", "spo_list": [{"predicate": "净资产价值", "object_type": "金额", "subject_type": "日期", "object": "6,425.00万元", "subject": "截至2013年12月31日", "subject_index": {"begin": 76, "end": 89}, "object_index": {"begin": 113, "end": 123}}]}
{"text": "绍兴精功装备检测科技有限公司成立于2007年10月12日，注册资本为人民币500万元，西安飞耐尔机电科技有限公司持有该公司40%的股权，绍兴市博深投资有限公司持有该公司40%的股权、李立人持有该公司10%的股权，金良顺持有该公司10%的股权。该公司的主营业务为机械产品检测系统开发、销售、咨询。截至2013年12月31日，该公司总资产为707.12万元，净资产为65.99万元，2013年实现净利润为-33.76万元（以上财务数据未经审计）。", "spo_list": [{"predicate": "净资产价值", "object_type": "金额", "subject_type": "日期", "object": "65.99万元", "subject": "截至2013年12月31日", "subject_index": {"begin": 147, "end": 160}, "object_index": {"begin": 181, "end": 188}}]}
{"text": "德隆资产管理有限公司成立于2011年9月23日，注册资本为人民币5,000万元，金良顺持有该公司8%的股权，刘全民、吴雄伟、胡柏藩、胡正发、林剑民、吕晨、孔德永、陈庭峰、张平一分别持有该公司8%股权，陈士良、黄峥晓、张欣分别持有该公司2%股权，邓建民、李喜刚分别持有该公司4.5%股权，孙占军持有该公司3%股权，张黎明、孙煜分别持有该公司1%股权，该公司的主营业务为资产管理，投资管理，投资咨询，企业管理服务，市场营销策划，财务咨询服务，经济信息咨询服务，实业投资，房地产中介服务。截至2013年12月31日，该公司总资产为4,920.67万元，净资产为4,862.51万元，2013年实现净利润为45.04万元（以上财务数据经浙江中瑞唯斯达会计师事务所审计）。", "spo_list": [{"predicate": "净资产价值", "object_type": "金额", "subject_type": "日期", "object": "4,862.51万元", "subject": "截至2013年12月31日", "subject_index": {"begin": 241, "end": 254}, "object_index": {"begin": 277, "end": 287}}]}
{"text": "会稽山实业主要从事黄酒等产品的销售。截至2013年12月31日，会稽山实业总资产为1,949.71万元，净资产为-1,581.85万元，2013年实现净利润为-129.37万元（以上财务数据已经天健会计师事务所（特殊普通合伙）审计）。", "spo_list": [{"predicate": "净资产价值", "object_type": "金额", "subject_type": "日期", "object": "-1,581.85万元", "subject": "2013年12月31日", "subject_index": {"begin": 20, "end": 31}, "object_index": {"begin": 56, "end": 67}}]}
{"text": "绍兴县精功物业管理有限公司成立于2000年1月17日，注册资本为人民币50万元，精功集团持有该公司80%的股权，精功控股持有该公司20%的股权。该公司的主营业务为商品楼宇物业管理。截至2013年12月31日，该公司总资产为133.03万元，净资产为7.27万元，2013年实现净利润为8.73万元（以上财务数据未经审计）", "spo_list": [{"predicate": "净资产价值", "object_type": "金额", "subject_type": "日期", "object": "7.27万元", "subject": "2013年12月31日", "subject_index": {"begin": 92, "end": 103}, "object_index": {"begin": 124, "end": 130}}]}
{"text": "湖北精功楚天投资有限公司成立于2004年8月13日，注册资本为人民币5,000万元，精功集团持有该公司100%的股权。该公司的主营业务为实业投资、建筑机械、工程机械、环保机械、钢结构产品的制造、销售及维修。截至2013年12月31日，该公司总资产为25,161.39万元，净资产为5,040.84万元，2013年实现净利润为-612.20元（以上财务数据未经审计）。", "spo_list": [{"predicate": "净资产价值", "object_type": "金额", "subject_type": "日期", "object": "5,040.84万元", "subject": "2013年12月31日", "subject_index": {"begin": 105, "end": 116}, "object_index": {"begin": 140, "end": 150}}]}
{"text": "精功通用航空股份有限公司成立于2013年1月18日，注册资本为人民币10,000万元。精功集团持有该公司75%的股权，浙江精功控股有限公司持有该公司25%股权。该公司的主营业务为通用航空对外投资、管理和咨询。截至2013年12月31日，该公司总资产为9,677.79万元，净资产为9,665.59万元，2013年实现净利润为-334.41万元（以上财务数据未经审计）。", "spo_list": [{"predicate": "净资产价值", "object_type": "金额", "subject_type": "日期", "object": "9,665.59万元", "subject": "2013年12月31日", "subject_index": {"begin": 106, "end": 117}, "object_index": {"begin": 140, "end": 150}}]}
{"text": "会稽山经贸主要从事黄酒的销售。截至2013年12月31日，会稽山经贸总资产为2,890.96万元，净资产为299.31万元，2013年实现净利润为20.44万元（以上财务数据已经天健会计师事务所（特殊普通合伙）审计）。", "spo_list": [{"predicate": "净资产价值", "object_type": "金额", "subject_type": "日期", "object": "299.31万元", "subject": "至2013年12月31日", "subject_index": {"begin": 16, "end": 28}, "object_index": {"begin": 53, "end": 61}}]}
{"text": "截至2013年12月31日，精功集团总资产为2,614,629.67万元，净资产为657,535.73万元，2013年实现的归属于母公司所有者的净利润为21,731.52万元。（上述财务数据经中勤万信会计师事务所（特殊普通合伙）审计）。", "spo_list": [{"predicate": "净资产价值", "object_type": "金额", "subject_type": "日期", "object": "657,535.73万元", "subject": "2013年12月31日", "subject_index": {"begin": 2, "end": 13}, "object_index": {"begin": 41, "end": 53}}]}
{"text": "浙江精功控股有限公司成立于2002年9月24日，注册资本为人民币25,000万元，精功集团持有该公司100%的股权。该公司的主营业务为实业投资及化工原料、化纤原料、建筑材料、金属材料、轻纺原料、摩托车及零配件经销。截至2013年12月31日，该公司总资产为161,859.23万元，净资产为75,660.03万元，2013年实现净利润为8,726.23万元（以上财务数据未经审计）。", "spo_list": [{"predicate": "净资产价值", "object_type": "金额", "subject_type": "日期", "object": "75,660.03万元", "subject": "至2013年12月31日", "subject_index": {"begin": 108, "end": 120}, "object_index": {"begin": 145, "end": 156}}]}
{"text": "精功集团（香港）有限公司成立于2003年6月27日，注册资本为990万美元，精功集团持有该公司100%的股权。该公司主营业务为投资。截至2013年12月31日，该公司总资产为13,595.36万港元，净资产为13,587.92万港元，2013年实现净利润为960.30万港元（以上财务数据未经审计）。", "spo_list": [{"predicate": "净资产价值", "object_type": "金额", "subject_type": "日期", "object": "13,587.92万港元", "subject": "截至2013年12月31日", "subject_index": {"begin": 66, "end": 79}, "object_index": {"begin": 104, "end": 116}}]}
{"text": "浙江金聚投资有限公司成立于2011年4月7日，注册资本为人民币3,000万元。精功集团持有该公司55%的股权，上海越信投资有限公司持有该公司25%股权，杭州越鸿投资管理有限公司持有该公司20%股权。该公司的主营业务为实业投资、资产管理咨询服务等。截至2013年12月31日，该公司总资产为5,305.82万元，净资产为3,048.70万元，2013年实现净利润为2.24万元（以上财务数据未经审计）。", "spo_list": [{"predicate": "净资产价值", "object_type": "金额", "subject_type": "日期", "object": "3,048.70万元", "subject": "2013年12月31日", "subject_index": {"begin": 125, "end": 136}, "object_index": {"begin": 159, "end": 169}}]}
{"text": "上海越信投资有限公司成立于2004年3月4日，注册资本为人民币3,000万元，金良顺持有该公司45%的股权，施美华持有该公司25%的股权，严爱娥、周丹、钱敏洁分别持有该公司10%的股权。该公司主营业务为实业投资。截至2013年12月31日，该公司总资产为34,753.07万元，净资产为1,917.63万元，2013年实现净利润为-499.82万元（以上财务数据未经审计）。", "spo_list": [{"predicate": "净资产价值", "object_type": "金额", "subject_type": "日期", "object": "1,917.63万元", "subject": "2013年12月31日", "subject_index": {"begin": 108, "end": 119}, "object_index": {"begin": 143, "end": 153}}]}
