{"text": "2013年12月31日、2014年12月31日、2015年12月31日公司存货账面价值分别为26,127.07万元、24,179.16万元、23,149.46万元，占总资产的比重分别为33.40%、30.45%和26.84%，存货主要由原材料、在产品和库存商品构成。公司主要采用以销定产的模式，根据订单情况组织采购和生产，此外为减少原材料价格波动的影响，公司对部分原材料进行提前备货，随着公司生产规模和存货规模的扩大，如果不能加强生产计划管理及存货管理，或者客户无法履约，则存在存货计提减值准备或滞销的风险，给公司生产经营带来负面的影响。", "spo_list": [{"predicate": "存货账面价值", "object_type": "金额", "subject_type": "日期", "object": "26,127.07万元", "subject": "2013年12月31日", "subject_index": {"begin": 0, "end": 11}, "object_index": {"begin": 46, "end": 57}}, {"predicate": "存货账面价值", "object_type": "金额", "subject_type": "日期", "object": "24,179.16万元", "subject": "2014年12月31日", "subject_index": {"begin": 12, "end": 23}, "object_index": {"begin": 58, "end": 69}}, {"predicate": "存货账面价值", "object_type": "金额", "subject_type": "日期", "object": "23,149.46万元", "subject": "2015年12月31日", "subject_index": {"begin": 24, "end": 35}, "object_index": {"begin": 70, "end": 81}}]}
{"text": "截至2015年12月31日，天津合信总资产30,252.87万元、净资产25,906.74万元；2015年净利润-8.73万元。截至2016年6月30日，天津合信总资产30,241.27万元、净资产25,895.13万元；2016年1-6月净利润-11.61万元（以上数据未经审计）。", "spo_list": [{"predicate": "净资产价值", "object_type": "金额", "subject_type": "日期", "object": "25,906.74万元", "subject": "截至2015年12月31日", "subject_index": {"begin": 0, "end": 13}, "object_index": {"begin": 36, "end": 47}}]}
{"text": "2016年6月30日，公司长期应付款账面价值为463.27万元，为公司通过机器设备售后回租进行融资租赁所形成的应付融资租赁款。其中，应付融资租赁款为480.60万元，未确认融资费用为17.33万元。", "spo_list": [{"predicate": "长期应付款", "object_type": "金额", "subject_type": "日期", "object": "463.27万元", "subject": "2016年6月30日", "subject_index": {"begin": 0, "end": 10}, "object_index": {"begin": 23, "end": 31}}]}
{"text": "截至2016年6月30日，公司短期借款余额为26,020万元，占流动负债总额的62.09%；资产负债率为45.97%，高于同行业可比上市公司平均水平；流动比率、速动比率分别为1.54、0.81，比同行业可比上市公司的平均水平低。使用募集资金偿还银行借款，在未来将有利于公司进一步优化偿债能力指标，减少利息费用支出。", "spo_list": [{"predicate": "短期借款余额", "object_type": "金额", "subject_type": "日期", "object": "26,020万元", "subject": "2016年6月30日", "subject_index": {"begin": 2, "end": 12}, "object_index": {"begin": 22, "end": 30}}]}
{"text": "2013年12月31日、2014年12月31日、2015年12月31日，公司应收账款账面价值分别为22,960.50万元、22,930.59万元、22,140.65万元，应收账款规模较大。公司主要客户为国家电网、内蒙古电网等，公司根据客户实力及历史交易记录制定了严格的信用管理制度，有效地控制了应收账款回收风险。截至2016年6月30日，公司80%以上的应收账款账龄在1年以内，公司与主要客户保持了长期合作关系，其资信实力较强，历史还款记录良好。但随着公司规模的快速增长，新增客户还款能力的不确定性以及现有客户资信情况突然恶化等因素，可能导致公司应收账款坏账损失增加的风险。", "spo_list": [{"predicate": "应收帐款账面价值", "object_type": "金额", "subject_type": "日期", "object": "22,960.50万元", "subject": "2013年12月31日", "subject_index": {"begin": 0, "end": 11}, "object_index": {"begin": 49, "end": 60}}, {"predicate": "应收帐款账面价值", "object_type": "金额", "subject_type": "日期", "object": "22,930.59万元", "subject": "2014年12月31日", "subject_index": {"begin": 12, "end": 23}, "object_index": {"begin": 61, "end": 72}}, {"predicate": "应收帐款账面价值", "object_type": "金额", "subject_type": "日期", "object": "22,140.65万元", "subject": "2015年12月31日", "subject_index": {"begin": 24, "end": 35}, "object_index": {"begin": 73, "end": 84}}]}
{"text": "公司固定资产主要包括房屋及建筑物、机器设备、运输设备、电子设备。截至2016年6月30日，公司固定资产原值合计28,371.40万元，累计折旧合计7,694.03万元，固定资产账面价值20,677.37万元。", "spo_list": [{"predicate": "固定资产账面价值", "object_type": "金额", "subject_type": "日期", "object": "20,677.37万元", "subject": "截至2016年6月30日", "subject_index": {"begin": 32, "end": 44}, "object_index": {"begin": 92, "end": 103}}]}
