{"text": "报告期内，公司应收账款总额较大，占流动资产和总资产比重相对较高。截至2014年6月30日，公司应收账款净额为36,397.77万元，占流动资产比例为50.33%，占总资产比例为39.49%，但整体来说，报告期末公司应收账款账龄结构良好，一年以内账龄的应收账款占比均超过90%，主要客户具有较强的实力以及长期良好的合作关系和信用，发生坏账的风险较小。公司已经制订较为合理的坏账计提政策且得到有效执行。但若应收账款无法收回产生大额坏账损失，将对公司经营产生不利影响。", "spo_list": [{"predicate": "应收帐款净额", "object_type": "金额", "subject_type": "日期", "object": "36,397.77万元", "subject": "截至2014年6月30日", "subject_index": {"begin": 32, "end": 44}, "object_index": {"begin": 54, "end": 65}}]}
{"text": "截至2014年6月30日，本公司无形资产账面净值为2,313.06万元。", "spo_list": [{"predicate": "无形资产账面价值", "object_type": "金额", "subject_type": "日期", "object": "2,313.06万元", "subject": "截至2014年6月30日", "subject_index": {"begin": 0, "end": 12}, "object_index": {"begin": 25, "end": 35}}]}
{"text": "截至2014年6月30日，本公司预收款项余额为102.01万元。截至2014年6月30日，预收款项余额中无预收持有本公司5%（含5%）以上表决权股份的股东及其他关联方款项。", "spo_list": [{"predicate": "预收款项余额", "object_type": "金额", "subject_type": "日期", "object": "102.01万元", "subject": "截至2014年6月30日", "subject_index": {"begin": 0, "end": 12}, "object_index": {"begin": 23, "end": 31}}]}
{"text": "2013年末，应收账款净额为27,840.41万元，较上年末增加18.23万元，增幅0.07%，低于同期主营业务收入13.53%的增幅，货款回收状况良好。", "spo_list": [{"predicate": "应收帐款净额", "object_type": "金额", "subject_type": "日期", "object": "27,840.41万元", "subject": "2013年末", "subject_index": {"begin": 0, "end": 6}, "object_index": {"begin": 14, "end": 25}}]}
{"text": "2014年6月末应收账款净额为36,397.77万元，较上年末增加8,557.36万元，增幅30.74%，这主要是由于：一是自产业务军工类用户销售收入较上年同期增加2,144.21万元，增幅32.58%，且其回款期相对较长，使得期末应收账款余额有所增加；二是由于代理业务的主要客户小米通讯向公司采购电容器产品较上年同期增加了3,422.85万元，且本期公司对小米通讯的应收账款账期由之前的60天延长至90天，使得期末尚未结算的应收账款有较大幅度增加，期末应收账款余额达到了11,136.61万元，占公司全部期末应收账款的29.35%。", "spo_list": [{"predicate": "应收帐款净额", "object_type": "金额", "subject_type": "日期", "object": "36,397.77万元", "subject": "2014年6月末", "subject_index": {"begin": 0, "end": 8}, "object_index": {"begin": 15, "end": 26}}]}
{"text": "公司2011年末、2012年末、2013年末及2014年6月末存货净额分别为11,218.71万元、13,076.90万元、11,218.54万元及14,196.92万元，占当期期末流动资产的比重分别为24.67%、20.99%、18.18%及19.63%。其中2012年末存货净额较上年同期增加1,858.19万元，增幅16.56%。2013年末存货净额较上年同期减少1,858.36万元，降幅14.21%。2014年6月末存货净额较上年末增加2,978.38万元，增幅26.55%。", "spo_list": [{"predicate": "存货净值", "object_type": "金额", "subject_type": "日期", "object": "11,218.71万元", "subject": "2011年末", "subject_index": {"begin": 2, "end": 8}, "object_index": {"begin": 38, "end": 49}}, {"predicate": "存货净值", "object_type": "金额", "subject_type": "日期", "object": "13,076.90万元", "subject": "2012年末", "subject_index": {"begin": 9, "end": 15}, "object_index": {"begin": 50, "end": 61}}, {"predicate": "存货净值", "object_type": "金额", "subject_type": "日期", "object": "11,218.54万元", "subject": "2013年末", "subject_index": {"begin": 16, "end": 22}, "object_index": {"begin": 62, "end": 73}}, {"predicate": "存货净值", "object_type": "金额", "subject_type": "日期", "object": "14,196.92万元", "subject": "2014年6月末", "subject_index": {"begin": 23, "end": 31}, "object_index": {"begin": 74, "end": 85}}]}
{"text": "公司2011年末、2012年末短期借款分别为11,420.00万元、10,516.47万元，变动幅度不大。2013年末短期借款余额为12,813.21万元，有所上升，主要是由于随着公司生产销售规模扩大，公司增加短期借款来补充日益增长的营运资金需求。2014年6月末短期借款余额为18,621.40万元，较2013年末增加5,808.19万元，增幅45.33%，主要是由于随着公司生产销售规模扩大，公司增加短期借款来补充日益增长的营运资金需求。", "spo_list": [{"predicate": "短期借款余额", "object_type": "金额", "subject_type": "日期", "object": "12,813.21万元", "subject": "2013年末", "subject_index": {"begin": 53, "end": 59}, "object_index": {"begin": 66, "end": 77}}, {"predicate": "短期借款余额", "object_type": "金额", "subject_type": "日期", "object": "18,621.40万元", "subject": "2014年6月末", "subject_index": {"begin": 124, "end": 132}, "object_index": {"begin": 139, "end": 150}}]}
{"text": "公司2011年末、2012年末、2013年末及2014年6月末固定资产原值分别为10,134.20万元、14,545.85万元、21,542.08万元及21,984.28万元，公司报告期内增加了生产经营所需的生产设备、研发设备、检测设备以及经营用房，固定资产投资规模持续扩大，技术水平和生产能力不断增强。", "spo_list": [{"predicate": "固定资产净额", "object_type": "金额", "subject_type": "日期", "object": "10,134.20万元", "subject": "2011年末", "subject_index": {"begin": 2, "end": 8}, "object_index": {"begin": 40, "end": 51}}, {"predicate": "固定资产净额", "object_type": "金额", "subject_type": "日期", "object": "14,545.85万元", "subject": "2012年末", "subject_index": {"begin": 9, "end": 15}, "object_index": {"begin": 52, "end": 63}}, {"predicate": "固定资产净额", "object_type": "金额", "subject_type": "日期", "object": "21,542.08万元", "subject": "2013年末", "subject_index": {"begin": 16, "end": 22}, "object_index": {"begin": 64, "end": 75}}, {"predicate": "固定资产净额", "object_type": "金额", "subject_type": "日期", "object": "21,984.28万元", "subject": "2014年6月末", "subject_index": {"begin": 23, "end": 31}, "object_index": {"begin": 76, "end": 87}}]}
{"text": "截至2014年6月30日，公司固定资产原值为21,984.28万元，账面价值为16,050.97万元，主要包括房屋及建筑物、机器设备、运输工具、办公设备和电子设备等，具体情况如下表：", "spo_list": [{"predicate": "固定资产净额", "object_type": "金额", "subject_type": "日期", "object": "21,984.28万元", "subject": "2014年6月30日", "subject_index": {"begin": 2, "end": 12}, "object_index": {"begin": 22, "end": 33}}]}
{"text": "截至2014年6月30日，本公司应付账款余额为13,153.40万元，其中账龄超过一年的大额应付账款为应付福建省泉州市满堂红建筑工程有限公司厂房装修款质保金100.00万元。截至2014年6月30日，应付账款余额中无应付持有本公司5%（含5%）以上表决权股份的股东单位及其他关联方款项。", "spo_list": [{"predicate": "应付账款余额", "object_type": "金额", "subject_type": "日期", "object": "13,153.40万元", "subject": "2014年6月30日", "subject_index": {"begin": 2, "end": 12}, "object_index": {"begin": 23, "end": 34}}]}
{"text": "公司应收账款主要是应收客户销货款。报告期内，公司应收账款净额随着公司主营业务收入的增长而增长。2012年末，应收账款净额为27,822.18万元，较上期末增加14,774.73万元，这主要是由于：一是自产业务中的军工类用户销售规模扩大，销售金额较2011年增加了3,527.94万元，增幅34.91%，且其回款期相对较长，使得期末应收账款余额有所增加；二是由于代理业务的主要客户小米通讯生产的智能手机销售旺盛，其向公司采购电容器产品较2011年增加了2.35亿元，增幅1129.10%，使得其期末处于信用期内尚未结算的应收账款也有较大幅度的增加，期末应收账款余额达到了8,881.13万元，占公司全部期末应收账款的30.70%。", "spo_list": [{"predicate": "应收帐款净额", "object_type": "金额", "subject_type": "日期", "object": "27,822.18万元", "subject": "2012年末", "subject_index": {"begin": 47, "end": 53}, "object_index": {"begin": 61, "end": 72}}, {"predicate": "应收帐款净额", "object_type": "金额", "subject_type": "日期", "object": "14,774.73万元", "subject": "2012年末", "subject_index": {"begin": 47, "end": 53}, "object_index": {"begin": 79, "end": 90}}]}
{"text": "公司2011年末、2012年末、2013年末及2014年6月末的非流动资产金额分别为9,181.47万元、13,937.45万元、19,678.48万元及19,842.60万元，其中，2012年末非流动资产金额较上年末增加4,755.98万元，增幅51.80%，主要是由于公司购置固定资产、无形资产等长期资产5,557.77万元；2013年末非流动资产金额较2012年末增加5,741.03万元，增幅41.19%，主要是由于当期公司购买6,136.72万元办公及经营用房所致。", "spo_list": [{"predicate": "非流动资产", "object_type": "金额", "subject_type": "日期", "object": "9,181.47万元", "subject": "2011年末", "subject_index": {"begin": 2, "end": 8}, "object_index": {"begin": 42, "end": 52}}, {"predicate": "非流动资产", "object_type": "金额", "subject_type": "日期", "object": "19,842.60万元", "subject": "2014年6月末", "subject_index": {"begin": 23, "end": 31}, "object_index": {"begin": 77, "end": 88}}, {"predicate": "非流动资产", "object_type": "金额", "subject_type": "日期", "object": "19,678.48万元", "subject": "2013年末", "subject_index": {"begin": 16, "end": 22}, "object_index": {"begin": 65, "end": 76}}, {"predicate": "非流动资产", "object_type": "金额", "subject_type": "日期", "object": "13,937.45万元", "subject": "2012年末", "subject_index": {"begin": 9, "end": 15}, "object_index": {"begin": 53, "end": 64}}, {"predicate": "非流动资产", "object_type": "金额", "subject_type": "日期", "object": "5,741.03万元", "subject": "2013年末", "subject_index": {"begin": 165, "end": 171}, "object_index": {"begin": 187, "end": 197}}]}
{"text": "从长期偿债能力指标判断，公司2011年度、2012年度、2013年度及2014年1-6月的息税折旧摊销前利润分别为13,308.25万元、16,196.52万元、17,649.45万元及10,138.23万元，同期的利息保障倍数分别为14.78、16.25、18.11及21.16，同期末的资产负债率（母公司）分别为34.20%、26.60%、26.52%及25.61%，公司息税折旧摊销前利润不断增加，利息保障倍数较高，资产负债率逐年下降，公司偿债能力较强。", "spo_list": [{"predicate": "息税折旧摊销前利润", "object_type": "金额", "subject_type": "日期", "object": "10,138.23万元", "subject": "2014年1-6月", "subject_index": {"begin": 35, "end": 44}, "object_index": {"begin": 93, "end": 104}}, {"predicate": "息税折旧摊销前利润", "object_type": "金额", "subject_type": "日期", "object": "17,649.45万元", "subject": "2013年度", "subject_index": {"begin": 28, "end": 34}, "object_index": {"begin": 81, "end": 92}}, {"predicate": "息税折旧摊销前利润", "object_type": "金额", "subject_type": "日期", "object": "16,196.52万元", "subject": "2012年度", "subject_index": {"begin": 21, "end": 27}, "object_index": {"begin": 69, "end": 80}}, {"predicate": "息税折旧摊销前利润", "object_type": "金额", "subject_type": "日期", "object": "13,308.25万元", "subject": "2011年度", "subject_index": {"begin": 14, "end": 20}, "object_index": {"begin": 57, "end": 68}}, {"predicate": "利息保障倍数", "object_type": "日期", "subject_type": "比率", "object": "2014年1-6月", "subject": "21.16", "subject_index": {"begin": 135, "end": 140}, "object_index": {"begin": 35, "end": 44}}, {"predicate": "利息保障倍数", "object_type": "日期", "subject_type": "比率", "object": "2013年度", "subject": "18.11", "subject_index": {"begin": 129, "end": 134}, "object_index": {"begin": 28, "end": 34}}, {"predicate": "利息保障倍数", "object_type": "日期", "subject_type": "比率", "object": "2012年度", "subject": "16.25", "subject_index": {"begin": 123, "end": 128}, "object_index": {"begin": 21, "end": 27}}, {"predicate": "利息保障倍数", "object_type": "日期", "subject_type": "比率", "object": "2011年度", "subject": "14.78", "subject_index": {"begin": 117, "end": 122}, "object_index": {"begin": 14, "end": 20}}]}
{"text": "公司2011年末、2012年末、2013年末及2014年6月末应收账款净额分别为13,047.45万元、27,822.18万元、27,840.41万元及36,397.77万元，占流动资产的比例分别为28.69%、44.65%、45.11%及50.33%，占总资产的比例分别为23.87%、36.49%、34.20%及39.49%，占主营业务收入的比重分别为23.67%、39.35%、34.70%及80.84%。", "spo_list": [{"predicate": "其他应收款净额", "object_type": "金额", "subject_type": "日期", "object": "13,047.45万元", "subject": "2011年末", "subject_index": {"begin": 2, "end": 8}, "object_index": {"begin": 40, "end": 51}}, {"predicate": "其他应收款净额", "object_type": "金额", "subject_type": "日期", "object": "27,822.18万元", "subject": "2012年末", "subject_index": {"begin": 9, "end": 15}, "object_index": {"begin": 52, "end": 63}}, {"predicate": "其他应收款净额", "object_type": "金额", "subject_type": "日期", "object": "27,840.41万元", "subject": "2013年末", "subject_index": {"begin": 16, "end": 22}, "object_index": {"begin": 64, "end": 75}}, {"predicate": "其他应收款净额", "object_type": "金额", "subject_type": "日期", "object": "36,397.77万元", "subject": "2014年6月末", "subject_index": {"begin": 23, "end": 31}, "object_index": {"begin": 76, "end": 87}}]}
{"text": "公司2011年末、2012年末、2013年末及2014年6月末的固定资产金额分别为7,490.93万元、10,652.18万元、16,354.64万元及16,050.97万元，其中2012年末固定资产较上年末增加3,161.25万元，增幅42.20%，主要系机器设备增加1,308.03万元及火炬国际购置房产作为办公场所及仓库增加固定资产1,917.23万元。2013年末固定资产较上年末增加5,702.46万元，增幅53.53%，主要系火炬电子购置办公及经营用房所致。", "spo_list": [{"predicate": "固定资产账面价值", "object_type": "金额", "subject_type": "日期", "object": "7,490.93万元", "subject": "2011年末", "subject_index": {"begin": 2, "end": 8}, "object_index": {"begin": 41, "end": 51}}, {"predicate": "固定资产账面价值", "object_type": "金额", "subject_type": "日期", "object": "10,652.18万元", "subject": "2012年末", "subject_index": {"begin": 9, "end": 15}, "object_index": {"begin": 52, "end": 63}}, {"predicate": "固定资产账面价值", "object_type": "金额", "subject_type": "日期", "object": "16,354.64万元", "subject": "2013年末", "subject_index": {"begin": 16, "end": 22}, "object_index": {"begin": 64, "end": 75}}, {"predicate": "固定资产账面价值", "object_type": "金额", "subject_type": "日期", "object": "16,050.97万元", "subject": "2014年6月末", "subject_index": {"begin": 23, "end": 31}, "object_index": {"begin": 76, "end": 87}}]}
{"text": "公司2011年、2012年、2013年及2014年1-6月非经常性损益净额分别200.28万元、402.71万元、676.27万元及466.22万元。其中，2011年、2012年、2013年及2014年1-6月非经常性损益主要系当期收到政府补助351.20万元、483.00万元、822.25万元及554万元，分别占当期非经常性损益总额的158.01%、101.00%、103.13%及100.26%。", "spo_list": [{"predicate": "非经常性损益", "object_type": "金额", "subject_type": "日期", "object": "200.28万元", "subject": "公司2011年", "subject_index": {"begin": 0, "end": 7}, "object_index": {"begin": 39, "end": 47}}, {"predicate": "非经常性损益", "object_type": "金额", "subject_type": "日期", "object": "402.71万元", "subject": "2012年", "subject_index": {"begin": 8, "end": 13}, "object_index": {"begin": 48, "end": 56}}, {"predicate": "非经常性损益", "object_type": "金额", "subject_type": "日期", "object": "676.27万元", "subject": "2013年", "subject_index": {"begin": 14, "end": 19}, "object_index": {"begin": 57, "end": 65}}, {"predicate": "非经常性损益", "object_type": "金额", "subject_type": "日期", "object": "466.22万元", "subject": "2014年1-6月", "subject_index": {"begin": 20, "end": 29}, "object_index": {"begin": 66, "end": 74}}, {"predicate": "非经常性损益", "object_type": "金额", "subject_type": "日期", "object": "351.20万元", "subject": "2011年", "subject_index": {"begin": 78, "end": 83}, "object_index": {"begin": 122, "end": 130}}, {"predicate": "非经常性损益", "object_type": "金额", "subject_type": "日期", "object": "483.00万元", "subject": "2012年", "subject_index": {"begin": 84, "end": 89}, "object_index": {"begin": 131, "end": 139}}, {"predicate": "非经常性损益", "object_type": "金额", "subject_type": "日期", "object": "822.25万元", "subject": "2013年", "subject_index": {"begin": 90, "end": 95}, "object_index": {"begin": 140, "end": 148}}, {"predicate": "非经常性损益", "object_type": "金额", "subject_type": "日期", "object": "554万元", "subject": "2014年1-6月", "subject_index": {"begin": 96, "end": 105}, "object_index": {"begin": 149, "end": 154}}]}
