{"text": "截至2001年9月30日该公司总资产74,689万元净资产33,758万元2001年1-9月净利润-53万元以上数据未经审计", "spo_list": [{"predicate": "净资产价值", "object_type": "金额", "subject_type": "日期", "object": "33,758万元", "subject": "2001年9月30日", "subject_index": {"begin": 2, "end": 12}, "object_index": {"begin": 29, "end": 37}}]}
{"text": "截至2001年9月30日该公司总资产839万元净资产-234万元2001年1-9月净利润-59万元", "spo_list": [{"predicate": "净资产价值", "object_type": "金额", "subject_type": "日期", "object": "-234万元", "subject": "2001年9月30日", "subject_index": {"begin": 2, "end": 12}, "object_index": {"begin": 26, "end": 32}}]}
{"text": "截至2001年9月30日该公司总资产31,640万元净资产8,319万元2001年1-9月净利润-376万元", "spo_list": [{"predicate": "净资产价值", "object_type": "金额", "subject_type": "日期", "object": "8,319万元", "subject": "2001年9月30日", "subject_index": {"begin": 2, "end": 12}, "object_index": {"begin": 29, "end": 36}}]}
{"text": "截至2001年9月30日该公司总资产569万元净资产213万元2001年1-9月净利润-37万元", "spo_list": [{"predicate": "净资产价值", "object_type": "金额", "subject_type": "日期", "object": "213万元", "subject": "2001年9月30日", "subject_index": {"begin": 2, "end": 12}, "object_index": {"begin": 26, "end": 31}}]}
{"text": "截至2001年9月30日该公司总资产10万元净资产-19万元2001年1-9月净利润-19万元", "spo_list": [{"predicate": "净资产价值", "object_type": "金额", "subject_type": "日期", "object": "-19万元", "subject": "2001年9月30日", "subject_index": {"begin": 2, "end": 12}, "object_index": {"begin": 25, "end": 30}}]}
{"text": "截至2000年12月31日该公司总资产44,174万元净资产27,044万元2000年度净利润-1,675万元", "spo_list": [{"predicate": "净资产价值", "object_type": "金额", "subject_type": "日期", "object": "27,044万元", "subject": "2000年12月31日", "subject_index": {"begin": 2, "end": 13}, "object_index": {"begin": 30, "end": 38}}]}
{"text": "截至2000年12月31日该公司总资产7,116万元净资产479万元2000年度净利润231万元", "spo_list": [{"predicate": "净资产价值", "object_type": "金额", "subject_type": "日期", "object": "479万元", "subject": "2000年12月31日", "subject_index": {"begin": 2, "end": 13}, "object_index": {"begin": 29, "end": 34}}]}
{"text": "截至2000年12月31日该公司总资产154万元净资产192万元2000年度净利润1.4万元", "spo_list": [{"predicate": "净资产价值", "object_type": "金额", "subject_type": "日期", "object": "192万元", "subject": "2000年12月31日", "subject_index": {"begin": 2, "end": 13}, "object_index": {"begin": 27, "end": 32}}]}
{"text": "截至2000年12月31日该公司总资产1,296万元净资产88万元2000年度净利润2.9万元", "spo_list": [{"predicate": "净资产价值", "object_type": "金额", "subject_type": "日期", "object": "88万元", "subject": "2000年12月31日", "subject_index": {"begin": 2, "end": 13}, "object_index": {"begin": 29, "end": 33}}]}
{"text": "截至2000年12月31日该公司总资产313万元净资产34万元2000年度净利润0.57万元", "spo_list": [{"predicate": "净资产价值", "object_type": "金额", "subject_type": "日期", "object": "34万元", "subject": "2000年12月31日", "subject_index": {"begin": 2, "end": 13}, "object_index": {"begin": 27, "end": 31}}]}
{"text": "截至2000年12月31日该公司总资产1,038万元净资产599万元2000年度净利润13万元", "spo_list": [{"predicate": "净资产价值", "object_type": "金额", "subject_type": "日期", "object": "599万元", "subject": "2000年12月31日", "subject_index": {"begin": 2, "end": 13}, "object_index": {"begin": 29, "end": 34}}]}
{"text": "截至2000年12月31日该公司总资产19,459万元净资产1,815万元2000年度净利润6,175万元", "spo_list": [{"predicate": "净资产价值", "object_type": "金额", "subject_type": "日期", "object": "1,815万元", "subject": "2000年12月31日", "subject_index": {"begin": 2, "end": 13}, "object_index": {"begin": 30, "end": 37}}]}
{"text": "截至2001年9月30日该公司总资产12,445万元净资产7,525万元2001年1-9月净利润-0.6万元", "spo_list": [{"predicate": "净资产价值", "object_type": "金额", "subject_type": "日期", "object": "7,525万元", "subject": "2001年9月30日", "subject_index": {"begin": 2, "end": 12}, "object_index": {"begin": 29, "end": 36}}]}
{"text": "截至2001年9月30日该公司总资产10,226万元净资产5,445万元2001年1-9月净利润299万元", "spo_list": [{"predicate": "净资产价值", "object_type": "金额", "subject_type": "日期", "object": "5,445万元", "subject": "2001年9月30日", "subject_index": {"begin": 2, "end": 12}, "object_index": {"begin": 29, "end": 36}}]}
{"text": "截至2001年9月30日该公司总资产84万元净资产-48万元2001年1-9月净利润-14万元", "spo_list": [{"predicate": "净资产价值", "object_type": "金额", "subject_type": "日期", "object": "-48万元", "subject": "2001年9月30日", "subject_index": {"begin": 2, "end": 12}, "object_index": {"begin": 25, "end": 30}}]}
{"text": "截至2000年12月31日该公司总资产116,275万元净资产81,477万元2000年度净利润787万元", "spo_list": [{"predicate": "净资产价值", "object_type": "金额", "subject_type": "日期", "object": "81,477万元", "subject": "2000年12月31日", "subject_index": {"begin": 2, "end": 13}, "object_index": {"begin": 31, "end": 39}}]}
{"text": "截至2000年12月31日该公司总资产6,508万元净资产3,036万元2000年度净利润45万元", "spo_list": [{"predicate": "净资产价值", "object_type": "金额", "subject_type": "日期", "object": "3,036万元", "subject": "2000年12月31日", "subject_index": {"begin": 2, "end": 13}, "object_index": {"begin": 29, "end": 36}}]}
{"text": "截至2000年12月31日该公司总资产44,153万元净资产1,742万元2000年度净利润3,568万元", "spo_list": [{"predicate": "净资产价值", "object_type": "金额", "subject_type": "日期", "object": "1,742万元", "subject": "2000年12月31日", "subject_index": {"begin": 2, "end": 13}, "object_index": {"begin": 30, "end": 37}}]}
{"text": "截至2001年12月31日应付账款期末余额为57,437,508.71元全部为应付的材料款项与上年同期相比增加48,536,394.12元其主要原因为本公司自2001年7月开始自行采购加工混炼胶所需全部原材料导致原材料采购量大幅上升与有关供货商往来款项有较大增加应付账款期末余额中欠持本公司控股股东——集团公司的款项为402,385.62元", "spo_list": [{"predicate": "应付账款余额", "object_type": "金额", "subject_type": "日期", "object": "57,437,508.71元", "subject": "2001年12月31日", "subject_index": {"begin": 2, "end": 13}, "object_index": {"begin": 22, "end": 36}}]}
{"text": "截至2001年12月31日预收账款期末余额为15,758,286.95元其中无持本公司5%含5%以上表决权股份股东的款项无2年以上的预收款项", "spo_list": [{"predicate": "预收账款余额", "object_type": "金额", "subject_type": "日期", "object": "15,758,286.95元", "subject": "2001年12月31日", "subject_index": {"begin": 2, "end": 13}, "object_index": {"begin": 22, "end": 36}}]}
{"text": "截至2001年12月31日其他应付款期末余额为11,415,714.63元主要为欠付的运费仓储费和加工修理费账龄均在一年以内无两年以上大额应付款项", "spo_list": [{"predicate": "其他应付款余额", "object_type": "金额", "subject_type": "日期", "object": "11,415,714.63元", "subject": "2001年12月31日", "subject_index": {"begin": 2, "end": 13}, "object_index": {"begin": 23, "end": 37}}]}
{"text": "2001年12月31日固定资产原值52,535.90万元其中生产设备比例90.30%固定资产净值27,625.34万元净值占期末资产总额的43.52%固定资产和无形资产均为本公司所拥有并已取得相关权属证明为本公司正常生产经营所必需的资产不存在不良资产", "spo_list": [{"predicate": "固定资产净额", "object_type": "金额", "subject_type": "日期", "object": "52,535.90万元", "subject": "2001年12月31日", "subject_index": {"begin": 0, "end": 11}, "object_index": {"begin": 17, "end": 28}}]}
{"text": "截止2001年12月31日公司总负债41,968.02万元其中应付账款574,375万元均为材料货款短期借款14,700万元长期借款15,565.06万元均为银行借款公司长期借款属政府性项目贷款每年一三季度末两次还款由于需购汇还款存在一定的汇率风险", "spo_list": [{"predicate": "其他应付款余额", "object_type": "金额", "subject_type": "日期", "object": "574,375万元", "subject": "2001年12月31日", "subject_index": {"begin": 2, "end": 13}, "object_index": {"begin": 35, "end": 44}}, {"predicate": "短期借款余额", "object_type": "金额", "subject_type": "日期", "object": "14,700万元", "subject": "2001年12月31日", "subject_index": {"begin": 2, "end": 13}, "object_index": {"begin": 54, "end": 62}}]}
{"text": "截至2000年12月31日该公司总资产58,865万元净资产28,329万元2000年度净利润103万元", "spo_list": [{"predicate": "净资产价值", "object_type": "金额", "subject_type": "日期", "object": "28,329万元", "subject": "至2000年12月31日", "subject_index": {"begin": 1, "end": 13}, "object_index": {"begin": 30, "end": 38}}]}
{"text": "截至2000年12月31日该公司总资产8,272万元净资产2,798万元2000年度净利润28万元", "spo_list": [{"predicate": "净资产价值", "object_type": "金额", "subject_type": "日期", "object": "2,798万元", "subject": "截至2000年12月31日", "subject_index": {"begin": 0, "end": 13}, "object_index": {"begin": 29, "end": 36}}]}
{"text": "截至2000年12月31日该公司总资产116,515万元净资产66,000万元2000年度净利润6,445万元", "spo_list": [{"predicate": "净资产价值", "object_type": "金额", "subject_type": "日期", "object": "66,000万元", "subject": "至2000年12月31日", "subject_index": {"begin": 1, "end": 13}, "object_index": {"begin": 31, "end": 39}}]}
