{"text": "公司系由山东惠发食品有限公司整体变更设立的股份有限公司，有限公司以截至2012年4月30日经审计净资产223,149,563.93元为基础", "spo_list": [{"predicate": "净资产价值", "object_type": "金额", "subject_type": "日期", "object": "223,149,563.93元", "subject": "截至2012年4月30日", "subject_index": {"begin": 33, "end": 45}, "object_index": {"begin": 51, "end": 66}}]}
{"text": "经和信会计师事务所审计，截至2016年12月31日，惠发小厨（上海）总资产393.68万元、净资产-55.31万元，2016年度实现净利润-80.31万元。", "spo_list": [{"predicate": "净资产价值", "object_type": "金额", "subject_type": "日期", "object": "-55.31万元", "subject": "截至2016年12月31日", "subject_index": {"begin": 12, "end": 25}, "object_index": {"begin": 49, "end": 57}}]}
{"text": "经潍坊信汇联合会计师事务所审计，截至2016年12月31日，潍坊食品谷总资产231.78万元、净资产195.98万元，2016年度实现净利润-38.93万元。", "spo_list": [{"predicate": "净资产价值", "object_type": "金额", "subject_type": "日期", "object": "195.98万元", "subject": "截至2016年12月31日", "subject_index": {"begin": 16, "end": 29}, "object_index": {"begin": 50, "end": 58}}]}
{"text": "截至2016年12月31日，正和昌投资总资产5,149.99万元、净资产2,113.94万元，2016年度实现净利润-10.97万元（以上财务数据未经审计）。", "spo_list": [{"predicate": "净资产价值", "object_type": "金额", "subject_type": "日期", "object": "2,113.94万元", "subject": "2016年12月31日", "subject_index": {"begin": 2, "end": 13}, "object_index": {"begin": 36, "end": 46}}]}
{"text": "2015年和2016年，公司生产自动化累计投入导致折旧增加1,168.37万元和1,217.00万元，员工薪酬总额同比增加342.62万元和603.69万元，两者合计增加1,510.99万元和1,820.69万元。", "spo_list": [{"predicate": "应付职工薪酬余额", "object_type": "金额", "subject_type": "日期", "object": "342.62万元", "subject": "2015年", "subject_index": {"begin": 0, "end": 5}, "object_index": {"begin": 61, "end": 69}}, {"predicate": "应付职工薪酬余额", "object_type": "金额", "subject_type": "日期", "object": "603.69万元", "subject": "2016年", "subject_index": {"begin": 6, "end": 11}, "object_index": {"begin": 70, "end": 78}}]}
{"text": "2014年4月，因此分别调减2014年末、2015年末在建工程2,213.89万元，调减2016年末在建工程1,192.53万元，调增2014年末、2015年末固定资产原值2,213.89万元，调增2016年末固定资产原值1,192.53万元。因调增固定资产原值相应调增2014年度、2015年度、2016年度累计折旧和管理费用分别为72.08万元、105.16万元、81.64万元。因调增2016年度管理费用81.64万元，调减2016年度所得税费用和应交税费20.41万元。因净利润减少调整各年度的利润分配，2014年度、2015年度、2016年度调减利润分配——盈余公积分别为7.21万元、10.52万元、6.12万元。因上述利润分配调整，调减2014年末、2015年末、2016年末盈余公积7.21万元、17.72万元、23.85万元。因上述净利润及利润分配调整，调减2014年末、2015年末、2016年末未分配利润64.87万元、159.51万元、214.62万元。", "spo_list": [{"predicate": "在建工程净额", "object_type": "金额", "subject_type": "日期", "object": "2,213.89万元", "subject": "2015年末", "subject_index": {"begin": 21, "end": 27}, "object_index": {"begin": 31, "end": 41}}, {"predicate": "在建工程净额", "object_type": "金额", "subject_type": "日期", "object": "1,192.53万元", "subject": "016年末", "subject_index": {"begin": 45, "end": 50}, "object_index": {"begin": 54, "end": 64}}, {"predicate": "在建工程净额", "object_type": "金额", "subject_type": "日期", "object": "2,213.89万元", "subject": "2014年末、2015年末", "subject_index": {"begin": 67, "end": 80}, "object_index": {"begin": 86, "end": 96}}]}
{"text": "公司在建工程——项目信息化工程调入开发支出，因此分别调减2014年末、2015年末、2016年末在建工程1,502.48万元、1,502.48万元、1,009.71万元，调增2014年末、2015年末、2016年末开发支出分别为1,502.48万元、1,502.48万元、1,009.71万元。", "spo_list": [{"predicate": "在建工程余额", "object_type": "金额", "subject_type": "日期", "object": "1,009.71万元", "subject": "2016年末", "subject_index": {"begin": 42, "end": 48}, "object_index": {"begin": 74, "end": 84}}, {"predicate": "在建工程余额", "object_type": "金额", "subject_type": "日期", "object": "1,502.48万元", "subject": "2015年末", "subject_index": {"begin": 35, "end": 41}, "object_index": {"begin": 63, "end": 73}}, {"predicate": "在建工程余额", "object_type": "金额", "subject_type": "日期", "object": "1,502.48万元", "subject": "2014年末", "subject_index": {"begin": 28, "end": 34}, "object_index": {"begin": 52, "end": 62}}]}
{"text": "公司在建工程——SageERP软件调入开发支出，由此调减2016年末在建工程145.93万元，调增2016年末开发支出145.93万元。", "spo_list": [{"predicate": "在建工程净额", "object_type": "金额", "subject_type": "日期", "object": "145.93万元", "subject": "2016年末", "subject_index": {"begin": 28, "end": 34}, "object_index": {"begin": 38, "end": 46}}]}
{"text": "截至2016年12月31日，应付票据余额为8,200,000.00元。", "spo_list": [{"predicate": "应收票据余额", "object_type": "金额", "subject_type": "日期", "object": "8,200,000.00元", "subject": "截至2016年12月31日", "subject_index": {"begin": 0, "end": 13}, "object_index": {"begin": 21, "end": 34}}]}
{"text": "截至2016年12月31日，预收款项余额为8,460,910.94元。", "spo_list": [{"predicate": "预收款项余额", "object_type": "金额", "subject_type": "日期", "object": "8,460,910.94元", "subject": "截至2016年12月31日", "subject_index": {"begin": 0, "end": 13}, "object_index": {"begin": 21, "end": 34}}]}
{"text": "截至2016年12月31日，应付职工薪酬余额为31,223,547.94元，具体明细如下：", "spo_list": [{"predicate": "应付职工薪酬余额", "object_type": "金额", "subject_type": "日期", "object": "31,223,547.94元", "subject": "截至2016年12月31日", "subject_index": {"begin": 0, "end": 13}, "object_index": {"begin": 23, "end": 37}}]}
{"text": "截至2016年12月31日，应交税费余额为25,028,383.02元", "spo_list": [{"predicate": "应交税费余额", "object_type": "金额", "subject_type": "日期", "object": "25,028,383.02元", "subject": "2016年12月31日", "subject_index": {"begin": 2, "end": 13}, "object_index": {"begin": 21, "end": 35}}]}
{"text": "截至2016年12月31日，应付利息余额为550,576.35元。", "spo_list": [{"predicate": "应付利息余额", "object_type": "金额", "subject_type": "日期", "object": "550,576.35元", "subject": "截至2016年12月31日", "subject_index": {"begin": 0, "end": 13}, "object_index": {"begin": 21, "end": 32}}]}
{"text": "截至2016年12月31日，其他应付款余额为13,142,980.73元，主要系向客户收取的保证金、向供应商收取的质保金及往来款项等。", "spo_list": [{"predicate": "应付账款余额", "object_type": "金额", "subject_type": "日期", "object": "13,142,980.73元", "subject": "截至2016年12月31日", "subject_index": {"begin": 0, "end": 13}, "object_index": {"begin": 22, "end": 36}}]}
{"text": "截至2016年12月31日，公司一年内到期的非流动负债为66,545,230.93元，具体明细如下：", "spo_list": [{"predicate": "非流动负债", "object_type": "金额", "subject_type": "日期", "object": "66,545,230.93元", "subject": "2016年12月31日", "subject_index": {"begin": 2, "end": 13}, "object_index": {"begin": 28, "end": 42}}]}
{"text": "截至2016年12月31日，公司其他流动负债为3,491,964.29元，", "spo_list": [{"predicate": "其他流动负债", "object_type": "金额", "subject_type": "日期", "object": "3,491,964.29元", "subject": "截至2016年12月31日", "subject_index": {"begin": 0, "end": 13}, "object_index": {"begin": 23, "end": 36}}]}
{"text": "报告期内，其他应收款主要为应收孵化器大楼款、融资租赁保证金和备用金等。2014年末、2015年末和2016年末，公司其他应收款余额分别为2,118.04万元、681.15万元和695.63万元，占流动资产的比例分别为5.90%、2.06%和2.15%。", "spo_list": [{"predicate": "其他应收款余额", "object_type": "金额", "subject_type": "日期", "object": "681.15万元", "subject": "2015年末", "subject_index": {"begin": 42, "end": 48}, "object_index": {"begin": 79, "end": 87}}, {"predicate": "其他应收款余额", "object_type": "金额", "subject_type": "日期", "object": "695.63万元", "subject": "2016年末", "subject_index": {"begin": 49, "end": 55}, "object_index": {"begin": 88, "end": 96}}, {"predicate": "其他应收款余额", "object_type": "金额", "subject_type": "日期", "object": "2,118.04万元", "subject": "2014年末", "subject_index": {"begin": 35, "end": 41}, "object_index": {"begin": 68, "end": 78}}]}
{"text": "2015年末其他应收款余额较2014年末减少1,436.89万元，主要是由于公司本期收回诸城市国有资产经营总公司所欠孵化器大楼款所致。", "spo_list": [{"predicate": "其他应收款余额", "object_type": "金额", "subject_type": "日期", "object": "1,436.89万元", "subject": "2015年末", "subject_index": {"begin": 0, "end": 6}, "object_index": {"begin": 22, "end": 32}}]}
{"text": "2014年末、2015年末和2016年末，公司存货金额分别为11,085.96万元、8,033.46万元和9,822.88万元，增长幅度分别为-27.53%和22.27%，占流动资产的比重分别为30.87%、24.33%和30.35%。", "spo_list": [{"predicate": "存货账面余额", "object_type": "金额", "subject_type": "日期", "object": "11,085.96万元", "subject": "2014年末", "subject_index": {"begin": 0, "end": 6}, "object_index": {"begin": 30, "end": 41}}, {"predicate": "存货账面余额", "object_type": "金额", "subject_type": "日期", "object": "8,033.46万元", "subject": "2015年末", "subject_index": {"begin": 7, "end": 13}, "object_index": {"begin": 42, "end": 52}}, {"predicate": "存货账面余额", "object_type": "金额", "subject_type": "日期", "object": "9,822.88万元", "subject": "2016年末", "subject_index": {"begin": 14, "end": 20}, "object_index": {"begin": 53, "end": 63}}]}
{"text": "2014年末、2015年末和2016年末，公司在建工程分别为7,914.09万元、7,123.29万元和6,918.01万元。各期末在建工程情况如下所示：", "spo_list": [{"predicate": "在建工程净额", "object_type": "金额", "subject_type": "日期", "object": "7,914.09万元", "subject": "2014年末", "subject_index": {"begin": 0, "end": 6}, "object_index": {"begin": 30, "end": 40}}, {"predicate": "在建工程净额", "object_type": "金额", "subject_type": "日期", "object": "7,123.29万元", "subject": "2015年末", "subject_index": {"begin": 7, "end": 13}, "object_index": {"begin": 41, "end": 51}}, {"predicate": "在建工程净额", "object_type": "金额", "subject_type": "日期", "object": "6,918.01万元", "subject": "2016年末", "subject_index": {"begin": 14, "end": 20}, "object_index": {"begin": 52, "end": 62}}]}
{"text": "公司无形资产包括土地使用权、专利技术和财务软件，截至2014年末、2015年末和2016年末，公司无形资产账面价值分别为5,755.75万元、8,113.63万元和8,151.14万元。2015年末，公司土地使用权账面价值增加了2,320.73万元，主要原因是公司本期分别从惠发置业和诸城市国土资源局购入土地使用权所致。2016年末，公司软件账面价值增加了225.11万元，主要原因是公司在建工程-项目信息化工程部分模块已达预定可使用状态，将其结转至无形资产所致。", "spo_list": [{"predicate": "无形资产账面价值", "object_type": "金额", "subject_type": "日期", "object": "8,151.14万元", "subject": "2016年末", "subject_index": {"begin": 40, "end": 46}, "object_index": {"begin": 82, "end": 92}}, {"predicate": "无形资产账面价值", "object_type": "金额", "subject_type": "日期", "object": "8,113.63万元", "subject": "2015年末", "subject_index": {"begin": 33, "end": 39}, "object_index": {"begin": 71, "end": 81}}, {"predicate": "无形资产账面价值", "object_type": "金额", "subject_type": "日期", "object": "5,755.75万元", "subject": "2014年末", "subject_index": {"begin": 26, "end": 32}, "object_index": {"begin": 60, "end": 70}}]}
{"text": "2014年末、2015年末和2016年末，公司其他非流动资产分别为1,363.42万元、1,024.65万元和913.26万元，主要为因融资租赁产生的未实现售后租回损益和长期资产性质的预付土地款、设备款等。", "spo_list": [{"predicate": "其他非流动资产", "object_type": "金额", "subject_type": "日期", "object": "913.26万元", "subject": "2016年末", "subject_index": {"begin": 14, "end": 20}, "object_index": {"begin": 55, "end": 63}}, {"predicate": "其他非流动资产", "object_type": "金额", "subject_type": "日期", "object": "1,024.65万元", "subject": "2015年末", "subject_index": {"begin": 7, "end": 13}, "object_index": {"begin": 44, "end": 54}}, {"predicate": "其他非流动资产", "object_type": "金额", "subject_type": "日期", "object": "1,363.42万元", "subject": "2014年末", "subject_index": {"begin": 0, "end": 6}, "object_index": {"begin": 33, "end": 43}}]}
{"text": "报告期内，公司应付账款主要为购买原材料产生的应付货款。截至2014年末、2015年末和2016年末，公司应付账款分别为12,648.73万元、7,861.94万元和6,269.69万元。2015年末，公司应付账款余额相比2014年末减少4,786.79万元，主要原因是受销售规模下降和原材料价格下跌等影响，公司原材料采购量和采购单位成本均有所下降所致。2016年末，公司应付账款余额相比2015年末减少1,592.25万元，主要是由于随着上游行业鸡肉价格回暖，公司为减少价格波动的影响并保证供货的及时性，货款支付较为及时所致。", "spo_list": [{"predicate": "应付账款余额", "object_type": "金额", "subject_type": "日期", "object": "6,269.69万元", "subject": "2016年末", "subject_index": {"begin": 43, "end": 49}, "object_index": {"begin": 82, "end": 92}}, {"predicate": "应付账款余额", "object_type": "金额", "subject_type": "日期", "object": "7,861.94万元", "subject": "2015年末", "subject_index": {"begin": 36, "end": 42}, "object_index": {"begin": 71, "end": 81}}, {"predicate": "应付账款余额", "object_type": "金额", "subject_type": "日期", "object": "12,648.73万元", "subject": "2014年末", "subject_index": {"begin": 29, "end": 35}, "object_index": {"begin": 59, "end": 70}}]}
{"text": "报告期内，公司应付职工薪酬为应付职工的工资、奖金、职工福利费、社会保险费和住房公积金等。截至2014年末、2015年末和2016年末，公司应付职工薪酬分别为2,007.98万元、2,375.48万元和3,122.35万元，2015年末，应付职工薪酬余额增加，主要原因是由于员工结构调整、工资水平提高所致。2016年末，应付职工薪酬较2015年末增加746.87万元，主要原因是：①在不利的市场竞争环境下，公司年末各项业务指标完成较好，公司对业务骨干及中高层管理人员计提效益奖289.78万元；②公司为充分调动销售团队的销售积极性，对各销售区域实施承包制薪酬方案，提升奖励与业绩的关联程度。2016年末，各销售区域承包完成情况较好，公司计提年终奖202.78万元；③本期按规定计提的工会经费、职工教育经费与实际列支金额差异较大，导致工会经费、职工教育经费余额较高。", "spo_list": [{"predicate": "应付职工薪酬余额", "object_type": "金额", "subject_type": "日期", "object": "2,007.98万元", "subject": "截至2014年末", "subject_index": {"begin": 44, "end": 52}, "object_index": {"begin": 78, "end": 88}}, {"predicate": "应付职工薪酬余额", "object_type": "金额", "subject_type": "日期", "object": "2,375.48万元", "subject": "2015年末", "subject_index": {"begin": 53, "end": 59}, "object_index": {"begin": 89, "end": 99}}, {"predicate": "应付职工薪酬余额", "object_type": "金额", "subject_type": "日期", "object": "3,122.35万元", "subject": "2016年末", "subject_index": {"begin": 60, "end": 66}, "object_index": {"begin": 100, "end": 110}}]}
{"text": "报告期内，公司应交税费主要是应交增值税和所得税。截至2014年末、2015年末和2016年末，公司应交税费余额分别为2,442.71万元、2,526.29万元和2,502.84万元，公司第四季度收入和利润占全年的比重较高，因此每年末应交税费金额较大。", "spo_list": [{"predicate": "应交税费余额", "object_type": "金额", "subject_type": "日期", "object": "2,442.71万元", "subject": "截至2014年末", "subject_index": {"begin": 24, "end": 32}, "object_index": {"begin": 58, "end": 68}}, {"predicate": "应交税费余额", "object_type": "金额", "subject_type": "日期", "object": "2,526.29万元", "subject": "2015年末", "subject_index": {"begin": 33, "end": 39}, "object_index": {"begin": 69, "end": 79}}, {"predicate": "应交税费余额", "object_type": "金额", "subject_type": "日期", "object": "2,502.84万元", "subject": "2016年末", "subject_index": {"begin": 40, "end": 46}, "object_index": {"begin": 80, "end": 90}}]}
{"text": "2014年末、2015年末和2016年末，公司其他应付款余额分别为935.55万元、1,402.29万元和1,314.30万元，占流动负债的比例分别为1.83%、2.91%和3.03%。公司的其他应付款主要为向客户收取的保证金和向供应商收取的质保金等。", "spo_list": [{"predicate": "其他应付款余额", "object_type": "金额", "subject_type": "日期", "object": "1,314.30万元", "subject": "2016年末", "subject_index": {"begin": 14, "end": 20}, "object_index": {"begin": 53, "end": 63}}, {"predicate": "其他应付款余额", "object_type": "金额", "subject_type": "日期", "object": "1,402.29万元", "subject": "2015年末", "subject_index": {"begin": 7, "end": 13}, "object_index": {"begin": 42, "end": 52}}, {"predicate": "其他应付款余额", "object_type": "金额", "subject_type": "日期", "object": "935.55万元", "subject": "2014年末", "subject_index": {"begin": 0, "end": 6}, "object_index": {"begin": 33, "end": 41}}]}
{"text": "2014年末、2015年末和2016年末，公司一年内到期的非流动负债分别为5,236.10万元、8,339.30万元和6,654.52万元，主要是一年内到期的长期借款和一年内到期的长期应付款。其中一年内到期的长期应付款包括一年内到期的融资租赁款和一年内到期的未确认融资费用，截至2016年末，金额分别为3,190.72万元和-236.20万元。", "spo_list": [{"predicate": "非流动负债", "object_type": "金额", "subject_type": "日期", "object": "5,236.10万元", "subject": "2014年末", "subject_index": {"begin": 0, "end": 6}, "object_index": {"begin": 37, "end": 47}}, {"predicate": "非流动负债", "object_type": "金额", "subject_type": "日期", "object": "8,339.30万元", "subject": "2015年末", "subject_index": {"begin": 7, "end": 13}, "object_index": {"begin": 48, "end": 58}}, {"predicate": "非流动负债", "object_type": "金额", "subject_type": "日期", "object": "6,654.52万元", "subject": "2016年末", "subject_index": {"begin": 14, "end": 20}, "object_index": {"begin": 59, "end": 69}}]}
{"text": "截至2016年末，公司长期应付款余额为1,479.25万元，全部为应付融资租赁款。报告期内，公司为了增加筹措资金的渠道，公司及子公司和利发展、新润食品以自有的部分生产设备以售后回租的形式，分别通过恒信金融租赁有限公司（以下简称“恒信金融”）和华鲁国际融资租赁有限公司（以下简称“华鲁国际”）开展融资租赁业务。", "spo_list": [{"predicate": "其他应付款余额", "object_type": "金额", "subject_type": "日期", "object": "1,479.25万元", "subject": "截至2016年末", "subject_index": {"begin": 0, "end": 8}, "object_index": {"begin": 19, "end": 29}}]}
{"text": "经和信会计师事务所审计，截至2016年12月31日，和利发展总资产24,130.03万元、净资产14,744.72万元，2016年度实现净利润931.96万元。", "spo_list": [{"predicate": "净资产价值", "object_type": "金额", "subject_type": "日期", "object": "14,744.72万元", "subject": "截至2016年12月31日", "subject_index": {"begin": 12, "end": 25}, "object_index": {"begin": 48, "end": 59}}]}
{"text": "经和信会计师事务所审计，截至2016年12月31日，新润食品总资产8,122.90万元、净资产1,113.20万元，2016年度实现净利润-52.03万元。", "spo_list": [{"predicate": "净资产价值", "object_type": "金额", "subject_type": "日期", "object": "产1,113.20万元", "subject": "截至2016年12月31日", "subject_index": {"begin": 12, "end": 25}, "object_index": {"begin": 46, "end": 57}}]}
{"text": "经和信会计师事务所审计，截至2016年12月31日，惠发小厨（北京）总资产2,253.75万元、净资产339.54万元，2016年度实现净利润-87.62万元。", "spo_list": [{"predicate": "净资产价值", "object_type": "金额", "subject_type": "日期", "object": "339.54万元", "subject": "2016年12月31日", "subject_index": {"begin": 14, "end": 25}, "object_index": {"begin": 51, "end": 59}}]}
{"text": "经和信会计师事务所审计，截至2016年12月31日，润农发展总资产543.11万元、净资产377.95万元，2016年度实现净利润-262.40万元。", "spo_list": [{"predicate": "净资产价值", "object_type": "金额", "subject_type": "日期", "object": "377.95万元", "subject": "截至2016年12月31日", "subject_index": {"begin": 12, "end": 25}, "object_index": {"begin": 45, "end": 53}}]}
