{"text": "2016年12月8日，上海市环保局作出《行政处罚决定书》（第2120160180号），认定晶华新材“产生含挥发性有机物废气的生产活动，未在密闭空间或设备中进行”的行为违反了《中华人民共和国大气污染防治法》第四十五条，对晶华新材处以罚款16万元。2016年12月28日，上海市环保局作出《按日连续行政处罚决定书》（第5120160003号），认定根据《上海市环境保护条例》第六十六条第（三）项的规定，对晶华新材自2016年10月8日起至2016年10月18日期间“产生含挥发性有机物废气的生产活动，未在密闭空间或设备中进行”的行为，按照原处罚数额16万元按日连续处罚，罚款160万元。", "spo_list": [{"predicate": "罚款", "object_type": "金额", "subject_type": "日期", "object": "16万元", "subject": "2016年12月8日", "subject_index": {"begin": 0, "end": 10}, "object_index": {"begin": 117, "end": 121}}, {"predicate": "罚款", "object_type": "金额", "subject_type": "日期", "object": "160万元", "subject": "2016年10月8日起至2016年10月18日", "subject_index": {"begin": 205, "end": 228}, "object_index": {"begin": 285, "end": 290}}]}
{"text": "截至2017年6月30日，公司应付职工薪酬余额为778.32万元，具体明细如下：", "spo_list": [{"predicate": "应付职工薪酬余额", "object_type": "金额", "subject_type": "日期", "object": "778.32万元", "subject": "截至2017年6月30日", "subject_index": {"begin": 0, "end": 12}, "object_index": {"begin": 24, "end": 32}}]}
{"text": "截至2017年6月30日，公司其他应付款余额为60.52万元，具体明细如下：", "spo_list": [{"predicate": "其他应付款余额", "object_type": "金额", "subject_type": "日期", "object": "60.52万元", "subject": "截至2017年6月30日", "subject_index": {"begin": 0, "end": 12}, "object_index": {"begin": 23, "end": 30}}]}
{"text": "2014年末、2015年末、2016年末和2017年6月末，公司应收票据分别为94.35万元、174.13万元、255.10万元和383.13万元，均为银行承兑汇票，应收票据规模相对较小。2016年末和2017年6月末，应收票据增长相对较快，主要系公司业务规模有所发展和未贴现余额增多导致。", "spo_list": [{"predicate": "应收票据余额", "object_type": "金额", "subject_type": "日期", "object": "94.35万元", "subject": "2014年末", "subject_index": {"begin": 0, "end": 6}, "object_index": {"begin": 39, "end": 46}}, {"predicate": "应收票据余额", "object_type": "金额", "subject_type": "日期", "object": "174.13万元", "subject": "2015年末", "subject_index": {"begin": 7, "end": 13}, "object_index": {"begin": 47, "end": 55}}, {"predicate": "应收票据余额", "object_type": "金额", "subject_type": "日期", "object": "255.10万元", "subject": "2016年末", "subject_index": {"begin": 14, "end": 20}, "object_index": {"begin": 56, "end": 64}}, {"predicate": "应收票据余额", "object_type": "金额", "subject_type": "日期", "object": "383.13万元", "subject": "2017年6月末", "subject_index": {"begin": 21, "end": 29}, "object_index": {"begin": 65, "end": 73}}]}
{"text": "2014年末、2015年末、2016年末和2017年6月末，公司其他应收款账面价值分别为578.74万元、507.11万元、291.15万元和321.92万元，占流动资产总额的比例分别为2.08%、1.76%、0.81%和0.80%，占流动资产的比例较低。2017年6月30日，公司其他应收款主要为子公司江苏晶华向张家港市财政局交付的保证金。", "spo_list": [{"predicate": "其他应收账款账面价值", "object_type": "金额", "subject_type": "日期", "object": "578.74万元", "subject": "2014年末", "subject_index": {"begin": 0, "end": 6}, "object_index": {"begin": 44, "end": 52}}, {"predicate": "其他应收账款账面价值", "object_type": "金额", "subject_type": "日期", "object": "507.11万元", "subject": "2015年末", "subject_index": {"begin": 7, "end": 13}, "object_index": {"begin": 53, "end": 61}}, {"predicate": "其他应收账款账面价值", "object_type": "金额", "subject_type": "日期", "object": "291.15万元", "subject": "2016年末", "subject_index": {"begin": 14, "end": 20}, "object_index": {"begin": 62, "end": 70}}, {"predicate": "其他应收账款账面价值", "object_type": "金额", "subject_type": "日期", "object": "321.92万元", "subject": "2017年6月末", "subject_index": {"begin": 21, "end": 29}, "object_index": {"begin": 71, "end": 79}}]}
{"text": "2014年末、2015年末、2016年末和2017年6月末，公司在建工程余额分别为1，950.90万元、763.52万元、4，837.44万元和11，219.39万元，占非流动资产总额的比例分别为9.13%、2.79%、14.25%和26.04%。", "spo_list": [{"predicate": "在建工程余额", "object_type": "金额", "subject_type": "日期", "object": "1，950.90万元", "subject": "2014年末", "subject_index": {"begin": 0, "end": 6}, "object_index": {"begin": 41, "end": 51}}, {"predicate": "在建工程余额", "object_type": "金额", "subject_type": "日期", "object": "763.52万元", "subject": "2015年末", "subject_index": {"begin": 7, "end": 13}, "object_index": {"begin": 52, "end": 60}}, {"predicate": "在建工程余额", "object_type": "金额", "subject_type": "日期", "object": "4，837.44万元", "subject": "2016年末", "subject_index": {"begin": 14, "end": 20}, "object_index": {"begin": 61, "end": 71}}, {"predicate": "在建工程余额", "object_type": "金额", "subject_type": "日期", "object": "11，219.39万元", "subject": "2017年6月末", "subject_index": {"begin": 21, "end": 29}, "object_index": {"begin": 72, "end": 83}}]}
{"text": "报告期各期末，公司长期待摊费用分别为104.17万元、72.71万元、110.68万元和108.41万元，", "spo_list": [{"predicate": "长期待摊费用", "object_type": "金额", "subject_type": "日期", "object": "104.17万元", "subject": "报告期各期末", "subject_index": {"begin": 0, "end": 6}, "object_index": {"begin": 18, "end": 26}}, {"predicate": "长期待摊费用", "object_type": "金额", "subject_type": "日期", "object": "72.71万元", "subject": "报告期各期末", "subject_index": {"begin": 0, "end": 6}, "object_index": {"begin": 27, "end": 34}}, {"predicate": "长期待摊费用", "object_type": "金额", "subject_type": "日期", "object": "110.68万元", "subject": "报告期各期末", "subject_index": {"begin": 0, "end": 6}, "object_index": {"begin": 35, "end": 43}}, {"predicate": "长期待摊费用", "object_type": "金额", "subject_type": "日期", "object": "108.41万元", "subject": "报告期各期末", "subject_index": {"begin": 0, "end": 6}, "object_index": {"begin": 44, "end": 52}}]}
{"text": "2015年末公司短期借款余额较2014年末减少7，333.57万元，主要系公司根据资金情况偿还短期借款。2016年末和2017年6月末，公司短期借款较上期末分别增加3，427.74万元和6，198.11万元，主要是公司根据江苏生产基地工程建设需要增加短期借款导致。", "spo_list": [{"predicate": "短期借款余额", "object_type": "金额", "subject_type": "日期", "object": "7，333.57万元", "subject": "2015年末", "subject_index": {"begin": 0, "end": 6}, "object_index": {"begin": 23, "end": 33}}]}
{"text": "2014年末、2015年末、2016年末和2017年6月末，公司预收款项分别为1，037.55万元、473.86万元、600.66万元和422.65万元，", "spo_list": [{"predicate": "预收款项余额", "object_type": "金额", "subject_type": "日期", "object": "1，037.55万元", "subject": "2014年末", "subject_index": {"begin": 0, "end": 6}, "object_index": {"begin": 39, "end": 49}}, {"predicate": "预收款项余额", "object_type": "金额", "subject_type": "日期", "object": "473.86万元", "subject": "2015年末", "subject_index": {"begin": 7, "end": 13}, "object_index": {"begin": 50, "end": 58}}, {"predicate": "预收款项余额", "object_type": "金额", "subject_type": "日期", "object": "600.66万元", "subject": "2016年末", "subject_index": {"begin": 14, "end": 20}, "object_index": {"begin": 59, "end": 67}}, {"predicate": "预收款项余额", "object_type": "金额", "subject_type": "日期", "object": "422.65万元", "subject": "2017年6月末", "subject_index": {"begin": 21, "end": 29}, "object_index": {"begin": 68, "end": 76}}]}
{"text": "报告期各期末，公司其他应付款分别为308.06万元、95.71万元、281.00万元和60.52万元，", "spo_list": [{"predicate": "长期应付款", "object_type": "金额", "subject_type": "日期", "object": "308.06万元", "subject": "报告期各期末", "subject_index": {"begin": 0, "end": 6}, "object_index": {"begin": 17, "end": 25}}, {"predicate": "长期应付款", "object_type": "金额", "subject_type": "日期", "object": "95.71万元", "subject": "报告期各期末", "subject_index": {"begin": 0, "end": 6}, "object_index": {"begin": 26, "end": 33}}, {"predicate": "长期应付款", "object_type": "金额", "subject_type": "日期", "object": "281.00万元", "subject": "报告期各期末", "subject_index": {"begin": 0, "end": 6}, "object_index": {"begin": 34, "end": 42}}, {"predicate": "长期应付款", "object_type": "金额", "subject_type": "日期", "object": "60.52万元", "subject": "报告期各期末", "subject_index": {"begin": 0, "end": 6}, "object_index": {"begin": 43, "end": 50}}]}
{"text": "2014年末、2015年末、2016年末和2017年6月末，公司非流动负债金额为347.74万元、104.31万元、132.85万元和3，713.64万元。", "spo_list": [{"predicate": "非流动负债", "object_type": "金额", "subject_type": "日期", "object": "347.74万元", "subject": "2014年末", "subject_index": {"begin": 0, "end": 6}, "object_index": {"begin": 40, "end": 48}}, {"predicate": "非流动负债", "object_type": "金额", "subject_type": "日期", "object": "104.31万元", "subject": "2015年末", "subject_index": {"begin": 7, "end": 13}, "object_index": {"begin": 49, "end": 57}}, {"predicate": "非流动负债", "object_type": "金额", "subject_type": "日期", "object": "132.85万元", "subject": "2016年末", "subject_index": {"begin": 14, "end": 20}, "object_index": {"begin": 58, "end": 66}}, {"predicate": "非流动负债", "object_type": "金额", "subject_type": "日期", "object": "3，713.64万元", "subject": "2017年6月末", "subject_index": {"begin": 21, "end": 29}, "object_index": {"begin": 67, "end": 77}}]}
{"text": "报告期内电子胶粘带主营业务成本分别为6，658.23万元、6，304.79万元、7，813.66万元和4，199.36万元。", "spo_list": [{"predicate": "主营业务成本", "object_type": "金额", "subject_type": "日期", "object": "6，658.23万元", "subject": "报告期内", "subject_index": {"begin": 0, "end": 4}, "object_index": {"begin": 18, "end": 28}}, {"predicate": "主营业务成本", "object_type": "金额", "subject_type": "日期", "object": "6，304.79万元", "subject": "报告期内", "subject_index": {"begin": 0, "end": 4}, "object_index": {"begin": 29, "end": 39}}, {"predicate": "主营业务成本", "object_type": "金额", "subject_type": "日期", "object": "7，813.66万元", "subject": "报告期内", "subject_index": {"begin": 0, "end": 4}, "object_index": {"begin": 40, "end": 50}}, {"predicate": "主营业务成本", "object_type": "金额", "subject_type": "日期", "object": "4，199.36万元", "subject": "报告期内", "subject_index": {"begin": 0, "end": 4}, "object_index": {"begin": 51, "end": 61}}]}
{"text": "截至2017年6月30日，公司预收款项余额为422.65万元，均为预收货款，账龄情况如下表所示：", "spo_list": [{"predicate": "预收款项余额", "object_type": "金额", "subject_type": "日期", "object": "422.65万元", "subject": "2017年6月30日", "subject_index": {"begin": 2, "end": 12}, "object_index": {"begin": 22, "end": 30}}]}
{"text": "报告期各期末，盈余公积分别为381.08万元、569.56万元、738.20万元和738.20万元。2015年末公司盈余公积增加主要是母公司晶华新材实现净利润占合并报表净利润比重较大，提取盈余公积造成。", "spo_list": [{"predicate": "盈余公积", "object_type": "金额", "subject_type": "日期", "object": "381.08万元", "subject": "报告期各期末", "subject_index": {"begin": 0, "end": 6}, "object_index": {"begin": 14, "end": 22}}, {"predicate": "盈余公积", "object_type": "金额", "subject_type": "日期", "object": "569.56万元", "subject": "报告期各期末", "subject_index": {"begin": 0, "end": 6}, "object_index": {"begin": 23, "end": 31}}, {"predicate": "盈余公积", "object_type": "金额", "subject_type": "日期", "object": "738.20万元", "subject": "报告期各期末", "subject_index": {"begin": 0, "end": 6}, "object_index": {"begin": 32, "end": 40}}, {"predicate": "盈余公积", "object_type": "金额", "subject_type": "日期", "object": "738.20万元", "subject": "报告期各期末", "subject_index": {"begin": 0, "end": 6}, "object_index": {"begin": 41, "end": 49}}]}
{"text": "温州市高记包装有限公司在2014年末逾期应收账款为25.56万元，", "spo_list": [{"predicate": "应收账款账面余额", "object_type": "金额", "subject_type": "日期", "object": "25.56万元", "subject": "2014年", "subject_index": {"begin": 12, "end": 17}, "object_index": {"begin": 25, "end": 32}}]}
{"text": "2014年末、2015年末、2016年末和2017年6月末，公司预付款项金额分别为411.20万元、286.19万元、963.34万元和943.38万元，占流动资产总额的比例分别为1.48%、0.99%、2.69%和2.34%，总体规模相对较小，报告期各期末公司绝大多数预付款项账龄在1年以内。2015年，预付款项减少，主要是因为原材料采购预付减少；2016年预付款项增加较多，主要原因为2016年4季度加大原材料采购投入", "spo_list": [{"predicate": "预付账款余额", "object_type": "金额", "subject_type": "日期", "object": "943.38万元", "subject": "2017年6月末", "subject_index": {"begin": 21, "end": 29}, "object_index": {"begin": 68, "end": 76}}, {"predicate": "预付账款余额", "object_type": "金额", "subject_type": "日期", "object": "963.34万元", "subject": "2016年末", "subject_index": {"begin": 14, "end": 20}, "object_index": {"begin": 59, "end": 67}}, {"predicate": "预付账款余额", "object_type": "金额", "subject_type": "日期", "object": "286.19万元", "subject": "2015年末", "subject_index": {"begin": 7, "end": 13}, "object_index": {"begin": 50, "end": 58}}, {"predicate": "预付账款余额", "object_type": "金额", "subject_type": "日期", "object": "411.20万元", "subject": "2014年末", "subject_index": {"begin": 0, "end": 6}, "object_index": {"begin": 41, "end": 49}}]}
{"text": "2017年6月30日，公司固定资产账面价值为16，154.10万元，占非流动资产的比例为37.50%。", "spo_list": [{"predicate": "固定资产账面价值", "object_type": "金额", "subject_type": "日期", "object": "16，154.10万元", "subject": "2017年6月30日", "subject_index": {"begin": 0, "end": 10}, "object_index": {"begin": 22, "end": 33}}]}
{"text": "2015年末公司在建工程余额较2014年减少1，187.38万元，", "spo_list": [{"predicate": "在建工程余额", "object_type": "金额", "subject_type": "日期", "object": "1，187.38万元", "subject": "2015年", "subject_index": {"begin": 0, "end": 5}, "object_index": {"begin": 22, "end": 32}}]}
{"text": "2016年末和2017年6月末，公司在建工程余额较上期末分别增加4，073.92万元和6，381.95万元，主要系江苏生产基地建设新增厂房所致。", "spo_list": [{"predicate": "在建工程余额", "object_type": "金额", "subject_type": "日期", "object": "6，381.95万元", "subject": "2017年6月", "subject_index": {"begin": 7, "end": 14}, "object_index": {"begin": 43, "end": 53}}, {"predicate": "在建工程余额", "object_type": "金额", "subject_type": "日期", "object": "4，073.92万元", "subject": "2016年", "subject_index": {"begin": 0, "end": 5}, "object_index": {"begin": 32, "end": 42}}]}
{"text": "报告期各期末，公司其他非流动资产余额分别为531.32万元、5，762.70万元、2，765.05万元和5，863.96万元，", "spo_list": [{"predicate": "其他非流动资产", "object_type": "金额", "subject_type": "日期", "object": "531.32万元", "subject": "报告期各期末", "subject_index": {"begin": 0, "end": 6}, "object_index": {"begin": 21, "end": 29}}, {"predicate": "其他非流动资产", "object_type": "金额", "subject_type": "日期", "object": "5，762.70万元", "subject": "报告期各期末", "subject_index": {"begin": 0, "end": 6}, "object_index": {"begin": 30, "end": 40}}, {"predicate": "其他非流动资产", "object_type": "金额", "subject_type": "日期", "object": "2，765.05万元", "subject": "报告期各期末", "subject_index": {"begin": 0, "end": 6}, "object_index": {"begin": 41, "end": 51}}, {"predicate": "其他非流动资产", "object_type": "金额", "subject_type": "日期", "object": "5，863.96万元", "subject": "报告期各期末", "subject_index": {"begin": 0, "end": 6}, "object_index": {"begin": 52, "end": 62}}]}
{"text": "报告期各期末，公司应付账款余额分别为4，606.39万元、5，036.86万元、8，688.87万元和8，698.73万元，占公司流动负债的比例分别为20.53%、35.93%、41.50%和31.37%。其中，应付采购款主要为原材料采购款，应付非流动资产购买款主要为设备、工程款项。", "spo_list": [{"predicate": "应付账款余额", "object_type": "金额", "subject_type": "日期", "object": "4，606.39万元", "subject": "报告期各期末", "subject_index": {"begin": 0, "end": 6}, "object_index": {"begin": 18, "end": 28}}, {"predicate": "应付账款余额", "object_type": "金额", "subject_type": "日期", "object": "5，036.86万元", "subject": "报告期各期末", "subject_index": {"begin": 0, "end": 6}, "object_index": {"begin": 29, "end": 39}}, {"predicate": "应付账款余额", "object_type": "金额", "subject_type": "日期", "object": "8，688.87万元", "subject": "报告期各期末", "subject_index": {"begin": 0, "end": 6}, "object_index": {"begin": 40, "end": 50}}, {"predicate": "应付账款余额", "object_type": "金额", "subject_type": "日期", "object": "8，698.73万元", "subject": "报告期各期末", "subject_index": {"begin": 0, "end": 6}, "object_index": {"begin": 51, "end": 61}}]}
{"text": "报告期各期末，公司应付利息分别为25.93万元、9.60万元、11.43万元和16.79万元，", "spo_list": [{"predicate": "应付利息", "object_type": "金额", "subject_type": "日期", "object": "25.93万元", "subject": "报告期各期末", "subject_index": {"begin": 0, "end": 6}, "object_index": {"begin": 16, "end": 23}}, {"predicate": "应付利息", "object_type": "金额", "subject_type": "日期", "object": "9.60万元", "subject": "报告期各期末", "subject_index": {"begin": 0, "end": 6}, "object_index": {"begin": 24, "end": 30}}, {"predicate": "应付利息", "object_type": "金额", "subject_type": "日期", "object": "11.43万元", "subject": "报告期各期末", "subject_index": {"begin": 0, "end": 6}, "object_index": {"begin": 31, "end": 38}}, {"predicate": "应付利息", "object_type": "金额", "subject_type": "日期", "object": "16.79万元", "subject": "报告期各期末", "subject_index": {"begin": 0, "end": 6}, "object_index": {"begin": 39, "end": 46}}]}
{"text": "报告期内，美纹纸胶粘带主营业务成本分别为37，241.16万元、32，080.19万元、31，470.26万元和16，620.08万元。", "spo_list": [{"predicate": "主营业务成本", "object_type": "金额", "subject_type": "日期", "object": "37，241.16万元", "subject": "报告期内", "subject_index": {"begin": 0, "end": 4}, "object_index": {"begin": 20, "end": 31}}, {"predicate": "主营业务成本", "object_type": "金额", "subject_type": "日期", "object": "32，080.19万元", "subject": "报告期内", "subject_index": {"begin": 0, "end": 4}, "object_index": {"begin": 32, "end": 43}}, {"predicate": "主营业务成本", "object_type": "金额", "subject_type": "日期", "object": "31，470.26万元", "subject": "报告期内", "subject_index": {"begin": 0, "end": 4}, "object_index": {"begin": 44, "end": 55}}, {"predicate": "主营业务成本", "object_type": "金额", "subject_type": "日期", "object": "16，620.08万元", "subject": "报告期内", "subject_index": {"begin": 0, "end": 4}, "object_index": {"begin": 56, "end": 67}}]}
{"text": "报告期内，公司公允价值变动收益分别为0元、-13.81万元、13.81万元和0元。", "spo_list": [{"predicate": "公允价值变动损益", "object_type": "金额", "subject_type": "日期", "object": "0元", "subject": "报告期内", "subject_index": {"begin": 0, "end": 4}, "object_index": {"begin": 18, "end": 20}}, {"predicate": "公允价值变动损益", "object_type": "金额", "subject_type": "日期", "object": "-13.81万元", "subject": "报告期内", "subject_index": {"begin": 0, "end": 4}, "object_index": {"begin": 21, "end": 29}}, {"predicate": "公允价值变动损益", "object_type": "金额", "subject_type": "日期", "object": "13.81万元", "subject": "报告期内", "subject_index": {"begin": 0, "end": 4}, "object_index": {"begin": 30, "end": 37}}, {"predicate": "公允价值变动损益", "object_type": "金额", "subject_type": "日期", "object": "0元", "subject": "报告期内", "subject_index": {"begin": 0, "end": 4}, "object_index": {"begin": 38, "end": 40}}]}
{"text": "截至2017年6月30日，公司短期借款余额为15，273.50万元，具体情况如下表所示：", "spo_list": [{"predicate": "短期借款余额", "object_type": "金额", "subject_type": "日期", "object": "15，273.50万元", "subject": "2017年6月30日", "subject_index": {"begin": 2, "end": 12}, "object_index": {"begin": 22, "end": 33}}]}
{"text": "截至2017年6月30日，公司应付账款余额为8，698.73万元，具体如下表所示：", "spo_list": [{"predicate": "应付账款余额", "object_type": "金额", "subject_type": "日期", "object": "8，698.73万元", "subject": "截至2017年6月30日", "subject_index": {"begin": 0, "end": 12}, "object_index": {"begin": 22, "end": 32}}]}
{"text": "截至2017年6月30日，公司应交税费余额为552.18万元，具体明细如下", "spo_list": [{"predicate": "应交税费余额", "object_type": "金额", "subject_type": "日期", "object": "552.18万元", "subject": "截至2017年6月30日", "subject_index": {"begin": 0, "end": 12}, "object_index": {"begin": 22, "end": 30}}]}
{"text": "2014年末、2015年末、2016年末和2017年6月末，公司应收账款账面价值分别为7，007.99万元、6，677.67万元、8，693.89万元和8，486.83万元，占流动资产的比例分别为25.19%、23.15%、24.31%和21.07%，最近3年末应收账款占营业收入比例分别为10.17%、10.94%和13.24%。", "spo_list": [{"predicate": "应收帐款账面价值", "object_type": "金额", "subject_type": "日期", "object": "为7，007.99万元", "subject": "2014年末", "subject_index": {"begin": 0, "end": 6}, "object_index": {"begin": 42, "end": 53}}, {"predicate": "应收帐款账面价值", "object_type": "金额", "subject_type": "日期", "object": "6，677.67万元", "subject": "2015年末", "subject_index": {"begin": 7, "end": 13}, "object_index": {"begin": 54, "end": 64}}, {"predicate": "应收帐款账面价值", "object_type": "金额", "subject_type": "日期", "object": "8，693.89万元", "subject": "2016年末和", "subject_index": {"begin": 14, "end": 21}, "object_index": {"begin": 65, "end": 75}}, {"predicate": "应收帐款账面价值", "object_type": "金额", "subject_type": "日期", "object": "8，486.83万元", "subject": "2017年6月末", "subject_index": {"begin": 21, "end": 29}, "object_index": {"begin": 76, "end": 86}}]}
{"text": "2014年末、2015年末、2016年末和2017年6月末，公司存货账面价值分别为10，617.96万元、10，431.35万元、13，115.12万元和13，978.54万元，占流动资产总额的比例分别为38.16%、36.16%、36.68%和34.71%。公司存货账面价值构成情况如下：", "spo_list": [{"predicate": "存货账面价值", "object_type": "金额", "subject_type": "日期", "object": "10，617.96万元", "subject": "2014年末", "subject_index": {"begin": 0, "end": 6}, "object_index": {"begin": 41, "end": 52}}, {"predicate": "存货账面价值", "object_type": "金额", "subject_type": "日期", "object": "10，431.35万元", "subject": "2015年末", "subject_index": {"begin": 7, "end": 13}, "object_index": {"begin": 53, "end": 64}}, {"predicate": "存货账面价值", "object_type": "金额", "subject_type": "日期", "object": "13，115.12万元", "subject": "2016年末", "subject_index": {"begin": 14, "end": 20}, "object_index": {"begin": 65, "end": 76}}, {"predicate": "存货账面价值", "object_type": "金额", "subject_type": "日期", "object": "13，978.54万元", "subject": "2017年6月末", "subject_index": {"begin": 21, "end": 29}, "object_index": {"begin": 77, "end": 88}}]}
{"text": "2014年末、2015年末、2016年末和2017年6月末，公司固定资产账面价值分别为14，456.98万元、16，549.66万元、16，668.98万元和16，154.10万元，其中2015年末公司固定资产较上期有所增长系在建工程转入和添置机器设备所致。", "spo_list": [{"predicate": "固定资产账面价值", "object_type": "金额", "subject_type": "日期", "object": "14，456.98万元", "subject": "2014年末", "subject_index": {"begin": 0, "end": 6}, "object_index": {"begin": 43, "end": 54}}, {"predicate": "固定资产账面价值", "object_type": "金额", "subject_type": "日期", "object": "16，549.66万元", "subject": "2015年末", "subject_index": {"begin": 7, "end": 13}, "object_index": {"begin": 55, "end": 66}}, {"predicate": "固定资产账面价值", "object_type": "金额", "subject_type": "日期", "object": "、16，668.98万元", "subject": "2016年末", "subject_index": {"begin": 14, "end": 20}, "object_index": {"begin": 66, "end": 78}}, {"predicate": "固定资产账面价值", "object_type": "金额", "subject_type": "日期", "object": "16，154.10万元", "subject": "2017年6月末", "subject_index": {"begin": 21, "end": 29}, "object_index": {"begin": 79, "end": 90}}]}
{"text": "报告期各期末，公司无形资产账面价值分别为2，184.63万元、2，129.91万元、7，341.22万元和7，260.85万元，占非流动资产总额的比例分别为10.22%、7.78%、21.63%和16.85%。2016年末，公司土地使用权金额大幅增加系江苏生产基地建设购置土地所致。", "spo_list": [{"predicate": "无形资产账面价值", "object_type": "金额", "subject_type": "日期", "object": "2，184.63万元", "subject": "报告期各期末", "subject_index": {"begin": 0, "end": 6}, "object_index": {"begin": 20, "end": 30}}, {"predicate": "无形资产账面价值", "object_type": "金额", "subject_type": "日期", "object": "2，129.91万元", "subject": "报告期各期末", "subject_index": {"begin": 0, "end": 6}, "object_index": {"begin": 31, "end": 41}}, {"predicate": "无形资产账面价值", "object_type": "金额", "subject_type": "日期", "object": "7，341.22万元", "subject": "报告期各期末", "subject_index": {"begin": 0, "end": 6}, "object_index": {"begin": 42, "end": 52}}, {"predicate": "无形资产账面价值", "object_type": "金额", "subject_type": "日期", "object": "7，260.85万元", "subject": "报告期各期末", "subject_index": {"begin": 0, "end": 6}, "object_index": {"begin": 53, "end": 63}}]}
{"text": "报告期各期末，公司短期借款余额分别为12，981.23万元、5，647.66万元、9，075.40万元和15，273.50万元。", "spo_list": [{"predicate": "短期借款余额", "object_type": "金额", "subject_type": "日期", "object": "12，981.23万元", "subject": "报告期各期末", "subject_index": {"begin": 0, "end": 6}, "object_index": {"begin": 18, "end": 29}}, {"predicate": "短期借款余额", "object_type": "金额", "subject_type": "日期", "object": "5，647.66万元", "subject": "报告期各期末", "subject_index": {"begin": 0, "end": 6}, "object_index": {"begin": 30, "end": 40}}, {"predicate": "短期借款余额", "object_type": "金额", "subject_type": "日期", "object": "9，075.40万元", "subject": "报告期各期末", "subject_index": {"begin": 0, "end": 6}, "object_index": {"begin": 41, "end": 51}}, {"predicate": "短期借款余额", "object_type": "金额", "subject_type": "日期", "object": "15，273.50万元", "subject": "报告期各期末", "subject_index": {"begin": 0, "end": 6}, "object_index": {"begin": 52, "end": 63}}]}
{"text": "报告期各期末，公司应付职工薪酬分别为911.14万元、840.82万元、1，127.73万元和778.32万元，占公司流动负债的比例分别为4.06%、6.00%、5.39%和2.40%，2016年末应付职工薪酬有所增加系受员工人数增加和薪酬水平提升影响。", "spo_list": [{"predicate": "应付职工薪酬余额", "object_type": "金额", "subject_type": "日期", "object": "911.14万元", "subject": "报告期各期末", "subject_index": {"begin": 0, "end": 6}, "object_index": {"begin": 18, "end": 26}}, {"predicate": "应付职工薪酬余额", "object_type": "金额", "subject_type": "日期", "object": "840.82万元", "subject": "报告期各期末", "subject_index": {"begin": 0, "end": 6}, "object_index": {"begin": 27, "end": 35}}, {"predicate": "应付职工薪酬余额", "object_type": "金额", "subject_type": "日期", "object": "1，127.73万元", "subject": "报告期各期末", "subject_index": {"begin": 0, "end": 6}, "object_index": {"begin": 36, "end": 46}}, {"predicate": "应付职工薪酬余额", "object_type": "金额", "subject_type": "日期", "object": "778.32万元", "subject": "报告期各期末", "subject_index": {"begin": 0, "end": 6}, "object_index": {"begin": 47, "end": 55}}]}
{"text": "报告期各期末，公司应交税费分别为1，345.06万元、1，636.09万元、703.74万元和552.18万元，占公司流动负债的比例分别为6.00%、11.67%、3.36%和1.70%。2016年末应交税费有所减少，主要系香港晶华2016年缴纳了计提的应纳税款，应交税费减少。", "spo_list": [{"predicate": "应交税费余额", "object_type": "金额", "subject_type": "日期", "object": "1，345.06万元", "subject": "报告期各期末", "subject_index": {"begin": 0, "end": 6}, "object_index": {"begin": 16, "end": 26}}, {"predicate": "应交税费余额", "object_type": "金额", "subject_type": "日期", "object": "1，636.09万元", "subject": "报告期各期末", "subject_index": {"begin": 0, "end": 6}, "object_index": {"begin": 27, "end": 37}}, {"predicate": "应交税费余额", "object_type": "金额", "subject_type": "日期", "object": "703.74万元", "subject": "报告期各期末", "subject_index": {"begin": 0, "end": 6}, "object_index": {"begin": 38, "end": 46}}, {"predicate": "应交税费余额", "object_type": "金额", "subject_type": "日期", "object": "552.18万元", "subject": "报告期各期末", "subject_index": {"begin": 0, "end": 6}, "object_index": {"begin": 47, "end": 55}}]}
{"text": "2014年末，公司一年内到期的非流动负债为300.00万元，", "spo_list": [{"predicate": "非流动负债", "object_type": "金额", "subject_type": "日期", "object": "300.00万元，", "subject": "2014年末", "subject_index": {"begin": 0, "end": 6}, "object_index": {"begin": 21, "end": 30}}]}
{"text": "报告期各期末，公司长期借款余额分别为250.00万元、0元、0元和3，607.98万元，2017年6月末公司长期借款增加较多，主要用于江苏生产基地工程建设。", "spo_list": [{"predicate": "长期借款余额", "object_type": "金额", "subject_type": "日期", "object": "250.00万元", "subject": "报告期各期末", "subject_index": {"begin": 0, "end": 6}, "object_index": {"begin": 18, "end": 26}}, {"predicate": "长期借款余额", "object_type": "金额", "subject_type": "日期", "object": "0元", "subject": "报告期各期末", "subject_index": {"begin": 0, "end": 6}, "object_index": {"begin": 27, "end": 29}}, {"predicate": "长期借款余额", "object_type": "金额", "subject_type": "日期", "object": "0元", "subject": "报告期各期末", "subject_index": {"begin": 0, "end": 6}, "object_index": {"begin": 30, "end": 32}}, {"predicate": "长期借款余额", "object_type": "金额", "subject_type": "日期", "object": "3，607.98万元", "subject": "报告期各期末", "subject_index": {"begin": 0, "end": 6}, "object_index": {"begin": 33, "end": 43}}]}
{"text": "报告期内布基胶粘带主营业务成本分别为2，427.16万元、2，672.83万元、3，171.22万元和1，576.72万元。", "spo_list": [{"predicate": "主营业务成本", "object_type": "金额", "subject_type": "日期", "object": "2，427.16万元", "subject": "报告期内", "subject_index": {"begin": 0, "end": 4}, "object_index": {"begin": 18, "end": 28}}, {"predicate": "主营业务成本", "object_type": "金额", "subject_type": "日期", "object": "2，672.83万元", "subject": "报告期内", "subject_index": {"begin": 0, "end": 4}, "object_index": {"begin": 29, "end": 39}}, {"predicate": "总营业成本", "object_type": "金额", "subject_type": "日期", "object": "、3，171.22万元", "subject": "报告期内", "subject_index": {"begin": 0, "end": 4}, "object_index": {"begin": 39, "end": 50}}, {"predicate": "主营业务成本", "object_type": "金额", "subject_type": "日期", "object": "1，576.72万元", "subject": "报告期内", "subject_index": {"begin": 0, "end": 4}, "object_index": {"begin": 51, "end": 61}}]}
{"text": "2014年、2015年、2016年和2017年1-6月，公司购建固定资产、无形资产和其他长期资产支付的现金分别为2，882.82万元、8，120.12万元、7，441.17万元和7，718.30万元。", "spo_list": [{"predicate": "固定资产账面价值", "object_type": "金额", "subject_type": "日期", "object": "2，882.82万元", "subject": "2014年", "subject_index": {"begin": 0, "end": 5}, "object_index": {"begin": 56, "end": 66}}, {"predicate": "无形资产余额", "object_type": "金额", "subject_type": "日期", "object": "8，120.12万元", "subject": "2015年", "subject_index": {"begin": 6, "end": 11}, "object_index": {"begin": 67, "end": 77}}]}
