{"text": "其中，2015年应收账款余额较2014年增加了2，816.91万元，", "spo_list": [{"predicate": "应收票据余额", "object_type": "金额", "subject_type": "日期", "object": "2，816.91万元", "subject": "2015年", "subject_index": {"begin": 3, "end": 8}, "object_index": {"begin": 23, "end": 33}}]}
{"text": "，2014年12月31日、2015年12月31日和2016年12月31日，公司库存商品余额分别为4，281.01万元、4，098.31万元、5，257.93万元，", "spo_list": [{"predicate": "存货余额", "object_type": "金额", "subject_type": "日期", "object": "为4，281.01万元", "subject": "2014年12月31日", "subject_index": {"begin": 1, "end": 12}, "object_index": {"begin": 47, "end": 58}}, {"predicate": "存货余额", "object_type": "金额", "subject_type": "日期", "object": "4，098.31万元", "subject": "2015年12月31日", "subject_index": {"begin": 13, "end": 24}, "object_index": {"begin": 59, "end": 69}}, {"predicate": "存货余额", "object_type": "金额", "subject_type": "日期", "object": "5，257.93万元", "subject": "2016年12月31日", "subject_index": {"begin": 25, "end": 36}, "object_index": {"begin": 70, "end": 80}}]}
{"text": "2015年末和2016年末，公司应付票据余额分别为2，081.20万元、2，243.37万元。", "spo_list": [{"predicate": "应付账款余额", "object_type": "金额", "subject_type": "日期", "object": "2，081.20万元", "subject": "2015年末", "subject_index": {"begin": 0, "end": 6}, "object_index": {"begin": 25, "end": 35}}, {"predicate": "应付账款余额", "object_type": "金额", "subject_type": "日期", "object": "2，243.37万元", "subject": "2016年末", "subject_index": {"begin": 7, "end": 13}, "object_index": {"begin": 36, "end": 46}}]}
{"text": "2014至2016年度，公司职工薪酬分别为1，810.83万元、1，910.74万元和2，280.48万元，", "spo_list": [{"predicate": "应付职工薪酬余额", "object_type": "金额", "subject_type": "日期", "object": "1，810.83万元", "subject": "2014至2016年度", "subject_index": {"begin": 0, "end": 11}, "object_index": {"begin": 21, "end": 31}}, {"predicate": "应付职工薪酬余额", "object_type": "金额", "subject_type": "日期", "object": "1，910.74万元", "subject": "2014至2016年度", "subject_index": {"begin": 0, "end": 11}, "object_index": {"begin": 32, "end": 42}}, {"predicate": "应付职工薪酬余额", "object_type": "金额", "subject_type": "日期", "object": "2，280.48万元", "subject": "2014至2016年度", "subject_index": {"begin": 0, "end": 11}, "object_index": {"begin": 43, "end": 53}}]}
{"text": "报告期各期末，公司存货余额分别为13，019.85万元、11，421.32万元、13，106.10万元。从存货结构来看，原材料、在产品和库存商品相对占比较高，上述存货结构与公司业务模式密切相关。", "spo_list": [{"predicate": "存货余额", "object_type": "金额", "subject_type": "日期", "object": "13，019.85万元", "subject": "报告期各期末", "subject_index": {"begin": 0, "end": 6}, "object_index": {"begin": 16, "end": 27}}, {"predicate": "存货余额", "object_type": "金额", "subject_type": "日期", "object": "11，421.32万元", "subject": "报告期各期末", "subject_index": {"begin": 0, "end": 6}, "object_index": {"begin": 28, "end": 39}}, {"predicate": "存货余额", "object_type": "金额", "subject_type": "日期", "object": "13，106.10万元", "subject": "报告期各期末", "subject_index": {"begin": 0, "end": 6}, "object_index": {"begin": 40, "end": 51}}]}
{"text": "报告期内，公司对原材料中的呆滞物料、回用物料及产品退回拆分后形成的物料等计提了原材料跌价准备，存货跌价准备余额分别为103.76万元、41.89万元、69.70万元，占存货余额的比例分别为0.80%、0.37%、0.53%，存货跌价比较小。", "spo_list": [{"predicate": "存货跌价准备余额", "object_type": "金额", "subject_type": "日期", "object": "103.76万元", "subject": "报告期内", "subject_index": {"begin": 0, "end": 4}, "object_index": {"begin": 58, "end": 66}}, {"predicate": "存货跌价准备余额", "object_type": "金额", "subject_type": "日期", "object": "41.89万元", "subject": "报告期内", "subject_index": {"begin": 0, "end": 4}, "object_index": {"begin": 67, "end": 74}}, {"predicate": "存货跌价准备余额", "object_type": "金额", "subject_type": "日期", "object": "69.70万元", "subject": "报告期内", "subject_index": {"begin": 0, "end": 4}, "object_index": {"begin": 75, "end": 82}}]}
{"text": "报告期内，公司购建固定资产、无形资产和其他长期资产支付的现金分别为4，608.49万元、2，343.36万元和1，723.10万元。", "spo_list": [{"predicate": "固定资产账面价值", "object_type": "金额", "subject_type": "日期", "object": "4，608.49万元", "subject": "报告期内", "subject_index": {"begin": 0, "end": 4}, "object_index": {"begin": 33, "end": 43}}, {"predicate": "无形资产账面价值", "object_type": "金额", "subject_type": "日期", "object": "2，343.36万元", "subject": "报告期内", "subject_index": {"begin": 0, "end": 4}, "object_index": {"begin": 44, "end": 54}}]}
{"text": "2016年12月31日，公司合并报表固定资产账面价值为13，075.96万元，", "spo_list": [{"predicate": "固定资产账面价值", "object_type": "金额", "subject_type": "日期", "object": "13，075.96万元", "subject": "2016年12月31日", "subject_index": {"begin": 0, "end": 11}, "object_index": {"begin": 27, "end": 38}}]}
{"text": "报告期内，公司各期末其他应收款账面价值分别为2，075.76万元、910.80万元和1，017.88万元，占当期资产总额的比例分别为4.76%、2.09%和2.21%。", "spo_list": [{"predicate": "应收帐款账面价值", "object_type": "金额", "subject_type": "日期", "object": "2，075.76万元", "subject": "报告期内，", "subject_index": {"begin": 0, "end": 5}, "object_index": {"begin": 22, "end": 32}}, {"predicate": "应收帐款账面价值", "object_type": "金额", "subject_type": "日期", "object": "910.80万元", "subject": "报告期内，", "subject_index": {"begin": 0, "end": 5}, "object_index": {"begin": 33, "end": 41}}, {"predicate": "应收帐款账面价值", "object_type": "金额", "subject_type": "日期", "object": "1，017.88万元", "subject": "报告期内，", "subject_index": {"begin": 0, "end": 5}, "object_index": {"begin": 42, "end": 52}}]}
{"text": "报告期内，公司各期存货跌价准备转销金额分别为52.73万元、82.33万元和28.78万元，主要原因为部分计提了跌价准备的原材料对外销售。", "spo_list": [{"predicate": "存货跌价准备余额", "object_type": "金额", "subject_type": "日期", "object": "52.73万元", "subject": "报告期内", "subject_index": {"begin": 0, "end": 4}, "object_index": {"begin": 22, "end": 29}}, {"predicate": "存货跌价准备余额", "object_type": "金额", "subject_type": "日期", "object": "82.33万元", "subject": "报告期内", "subject_index": {"begin": 0, "end": 4}, "object_index": {"begin": 30, "end": 37}}, {"predicate": "存货跌价准备余额", "object_type": "金额", "subject_type": "日期", "object": "28.78万元", "subject": "报告期内", "subject_index": {"begin": 0, "end": 4}, "object_index": {"begin": 38, "end": 45}}]}
