{"text": "报告期内，公司应收票据全部为银行承兑汇票。报告期各期末，公司应收票据余额分别为2，985.45万元、2，405.09万元、3，498.93万元和2，207.62万元。", "spo_list": [{"predicate": "应收票据余额", "object_type": "金额", "subject_type": "日期", "object": "2，985.45万元", "subject": "报告期各期末", "subject_index": {"begin": 21, "end": 27}, "object_index": {"begin": 39, "end": 49}}, {"predicate": "应收票据余额", "object_type": "金额", "subject_type": "日期", "object": "2，405.09万元", "subject": "报告期各期末", "subject_index": {"begin": 21, "end": 27}, "object_index": {"begin": 50, "end": 60}}, {"predicate": "应收票据余额", "object_type": "金额", "subject_type": "日期", "object": "3，498.93万元", "subject": "报告期各期末", "subject_index": {"begin": 21, "end": 27}, "object_index": {"begin": 61, "end": 71}}, {"predicate": "应收票据余额", "object_type": "金额", "subject_type": "日期", "object": "2，207.62万元", "subject": "报告期各期末", "subject_index": {"begin": 21, "end": 27}, "object_index": {"begin": 72, "end": 82}}]}
{"text": "报告期各期末，公司其他应收账款净额分别为110.55万元、70.33万元、93.48万元和156.03万元。", "spo_list": [{"predicate": "其他应收款净额", "object_type": "金额", "subject_type": "日期", "object": "110.55万元", "subject": "报告期各期末", "subject_index": {"begin": 0, "end": 6}, "object_index": {"begin": 20, "end": 28}}, {"predicate": "其他应收款净额", "object_type": "金额", "subject_type": "日期", "object": "70.33万元", "subject": "报告期各期末", "subject_index": {"begin": 0, "end": 6}, "object_index": {"begin": 29, "end": 36}}, {"predicate": "其他应收款净额", "object_type": "金额", "subject_type": "日期", "object": "93.48万元", "subject": "报告期各期末", "subject_index": {"begin": 0, "end": 6}, "object_index": {"begin": 37, "end": 44}}, {"predicate": "其他应收款净额", "object_type": "金额", "subject_type": "日期", "object": "156.03万元", "subject": "报告期各期末", "subject_index": {"begin": 0, "end": 6}, "object_index": {"begin": 45, "end": 53}}]}
{"text": "2017年6月末，公司存货余额较2016年末减少2，076.81万元，减幅为21.03%，其中，发出商品较上年末减少1，711.76万元，主要系：烟草行业旺季主要集中于下半年，2017年第二季度客户订单量较2016年第四季度少，导致2017年6月末发出商品的减少。", "spo_list": [{"predicate": "存货余额", "object_type": "金额", "subject_type": "日期", "object": "2，076.81万元", "subject": "2017年6月末", "subject_index": {"begin": 0, "end": 8}, "object_index": {"begin": 24, "end": 34}}]}
{"text": "报告期各期末，公司其他流动资产分别为3，357.61万元、159.55万元、248.23万元和329.76万元。", "spo_list": [{"predicate": "其他流动资产", "object_type": "金额", "subject_type": "日期", "object": "为3，357.61万元", "subject": "报告期各期末", "subject_index": {"begin": 0, "end": 6}, "object_index": {"begin": 17, "end": 28}}, {"predicate": "其他流动资产", "object_type": "金额", "subject_type": "日期", "object": "159.55万元", "subject": "报告期各期末", "subject_index": {"begin": 0, "end": 6}, "object_index": {"begin": 29, "end": 37}}, {"predicate": "其他流动资产", "object_type": "金额", "subject_type": "日期", "object": "248.23万元", "subject": "报告期各期末", "subject_index": {"begin": 0, "end": 6}, "object_index": {"begin": 38, "end": 46}}, {"predicate": "其他流动资产", "object_type": "金额", "subject_type": "日期", "object": "329.76万元", "subject": "报告期各期末", "subject_index": {"begin": 0, "end": 6}, "object_index": {"begin": 47, "end": 55}}]}
{"text": "2015年末，在建工程较2014年末减少579.79万元，主要系本期厂房建造工程完工结转至固定资产所致。", "spo_list": [{"predicate": "在建工程净额", "object_type": "金额", "subject_type": "日期", "object": "579.79万元", "subject": "2015年末", "subject_index": {"begin": 0, "end": 6}, "object_index": {"begin": 20, "end": 28}}]}
{"text": "报告期内，公司长期待摊费用主要为4#厂房装修费、绿化工程和通道钢结构等，报告期各期末，长期待摊费用分别为103.12万元、0.00万元、0.00万元和0.00万元。2015年末公司长期待摊费用较2014年末减少103.12万元，减少幅度为100%，主要系剩余摊销期1年以内的长期待摊费用重分类至一年内到期的非流动资产所致。", "spo_list": [{"predicate": "长期待摊费用", "object_type": "金额", "subject_type": "日期", "object": "103.12万元", "subject": "报告期各期末", "subject_index": {"begin": 36, "end": 42}, "object_index": {"begin": 52, "end": 60}}, {"predicate": "长期待摊费用", "object_type": "金额", "subject_type": "日期", "object": "0.00万元", "subject": "报告期各期末", "subject_index": {"begin": 36, "end": 42}, "object_index": {"begin": 61, "end": 67}}, {"predicate": "长期待摊费用", "object_type": "金额", "subject_type": "日期", "object": "0.00万元", "subject": "报告期各期末", "subject_index": {"begin": 36, "end": 42}, "object_index": {"begin": 68, "end": 74}}, {"predicate": "长期待摊费用", "object_type": "金额", "subject_type": "日期", "object": "0.00万元", "subject": "报告期各期末", "subject_index": {"begin": 36, "end": 42}, "object_index": {"begin": 75, "end": 81}}]}
{"text": "2016年末，公司短期借款余额较2015年末增加3，900万元，主要系：①因正常运营所需，公司适当补充流动资金；②募投项目新购土地所需，公司适当增加借款。", "spo_list": [{"predicate": "短期借款余额", "object_type": "金额", "subject_type": "日期", "object": "3，900万元", "subject": "2016年末", "subject_index": {"begin": 0, "end": 6}, "object_index": {"begin": 24, "end": 31}}]}
{"text": "公司应付账款主要为应付原材料采购款。报告期各期末，公司应付账款分别为9，624.66万元、6，357.31万元、11，139.05万元和6，592.40万元。", "spo_list": [{"predicate": "长期应付款", "object_type": "金额", "subject_type": "日期", "object": "9，624.66万元", "subject": "报告期各期末", "subject_index": {"begin": 18, "end": 24}, "object_index": {"begin": 34, "end": 44}}, {"predicate": "长期应付款", "object_type": "金额", "subject_type": "日期", "object": "6，357.31万元", "subject": "报告期各期末", "subject_index": {"begin": 18, "end": 24}, "object_index": {"begin": 45, "end": 55}}, {"predicate": "长期应付款", "object_type": "金额", "subject_type": "日期", "object": "11，139.05万元", "subject": "报告期各期末", "subject_index": {"begin": 18, "end": 24}, "object_index": {"begin": 56, "end": 67}}, {"predicate": "长期应付款", "object_type": "金额", "subject_type": "日期", "object": "6，592.40万元", "subject": "报告期各期末", "subject_index": {"begin": 18, "end": 24}, "object_index": {"begin": 68, "end": 78}}]}
{"text": "报告期各期末，公司应付职工薪酬分别为634.35万元、658.95万元、595.67万元和591.43万元，应付职工薪酬余额主要受当期计提及支付职工薪酬变动影响。", "spo_list": [{"predicate": "应付职工薪酬余额", "object_type": "金额", "subject_type": "日期", "object": "634.35万元", "subject": "报告期各期末", "subject_index": {"begin": 0, "end": 6}, "object_index": {"begin": 18, "end": 26}}, {"predicate": "应付职工薪酬余额", "object_type": "金额", "subject_type": "日期", "object": "658.95万元", "subject": "报告期各期末", "subject_index": {"begin": 0, "end": 6}, "object_index": {"begin": 27, "end": 35}}, {"predicate": "应付职工薪酬余额", "object_type": "金额", "subject_type": "日期", "object": "595.67万元", "subject": "报告期各期末", "subject_index": {"begin": 0, "end": 6}, "object_index": {"begin": 36, "end": 44}}, {"predicate": "应付职工薪酬余额", "object_type": "金额", "subject_type": "日期", "object": "591.43万元", "subject": "报告期各期末", "subject_index": {"begin": 0, "end": 6}, "object_index": {"begin": 45, "end": 53}}]}
{"text": "报告期各期末，其他应付账款分别为2，948.80万元、336.20万元、1，764.83万元和182.41万元。", "spo_list": [{"predicate": "长期应付款", "object_type": "金额", "subject_type": "日期", "object": "2，948.80万元", "subject": "报告期各期末", "subject_index": {"begin": 0, "end": 6}, "object_index": {"begin": 16, "end": 26}}, {"predicate": "长期应付款", "object_type": "金额", "subject_type": "日期", "object": "336.20万元", "subject": "报告期各期末", "subject_index": {"begin": 0, "end": 6}, "object_index": {"begin": 27, "end": 35}}, {"predicate": "长期应付款", "object_type": "金额", "subject_type": "日期", "object": "1，764.83万元", "subject": "报告期各期末", "subject_index": {"begin": 0, "end": 6}, "object_index": {"begin": 36, "end": 46}}, {"predicate": "长期应付款", "object_type": "金额", "subject_type": "日期", "object": "182.41万元", "subject": "报告期各期末", "subject_index": {"begin": 0, "end": 6}, "object_index": {"begin": 47, "end": 55}}]}
{"text": "报告期内，摊销金额分别为5.98万元、5.98万元、5.98万元和2.99万元。", "spo_list": [{"predicate": "长期待摊费用", "object_type": "金额", "subject_type": "日期", "object": "5.98万元", "subject": "报告期内", "subject_index": {"begin": 0, "end": 4}, "object_index": {"begin": 12, "end": 18}}, {"predicate": "长期待摊费用", "object_type": "金额", "subject_type": "日期", "object": "5.98万元", "subject": "报告期内", "subject_index": {"begin": 0, "end": 4}, "object_index": {"begin": 19, "end": 25}}, {"predicate": "长期待摊费用", "object_type": "金额", "subject_type": "日期", "object": "5.98万元", "subject": "报告期内", "subject_index": {"begin": 0, "end": 4}, "object_index": {"begin": 26, "end": 32}}, {"predicate": "长期待摊费用", "object_type": "金额", "subject_type": "日期", "object": "2.99万元", "subject": "报告期内", "subject_index": {"begin": 0, "end": 4}, "object_index": {"begin": 33, "end": 39}}]}
{"text": "2017年6月末，公司存货余额较2016年6月末增加1，912.85万元，增幅为32.50%。", "spo_list": [{"predicate": "存货余额", "object_type": "金额", "subject_type": "日期", "object": "1，912.85万元", "subject": "2017年6月末", "subject_index": {"begin": 0, "end": 8}, "object_index": {"begin": 26, "end": 36}}]}
{"text": "无形资产公司无形资产均系土地使用权，2016年6月30和2017年6月30日，无形资产金额分别为1，261.85万元和4，226.78万元。", "spo_list": [{"predicate": "无形资产账面价值", "object_type": "金额", "subject_type": "日期", "object": "1，261.85万元", "subject": "2016年6月30", "subject_index": {"begin": 18, "end": 27}, "object_index": {"begin": 48, "end": 58}}, {"predicate": "无形资产账面价值", "object_type": "金额", "subject_type": "日期", "object": "4，226.78万元", "subject": "2017年6月30日", "subject_index": {"begin": 28, "end": 38}, "object_index": {"begin": 59, "end": 69}}]}
{"text": "报告期各期末，公司应收账款净额分别为13，890.49万元、11，194.59万元、13，724.49万元和13，074.41万元，占当期营业收入比例分别为29.35%、26.12%、31.15%和50.33%，比例较为稳定。", "spo_list": [{"predicate": "应收帐款净额", "object_type": "金额", "subject_type": "日期", "object": "13，890.49万元", "subject": "报告期各期末", "subject_index": {"begin": 0, "end": 6}, "object_index": {"begin": 18, "end": 29}}, {"predicate": "应收帐款净额", "object_type": "金额", "subject_type": "日期", "object": "11，194.59万元", "subject": "报告期各期末", "subject_index": {"begin": 0, "end": 6}, "object_index": {"begin": 30, "end": 41}}, {"predicate": "应收帐款净额", "object_type": "金额", "subject_type": "日期", "object": "13，724.49万元", "subject": "报告期各期末", "subject_index": {"begin": 0, "end": 6}, "object_index": {"begin": 42, "end": 53}}, {"predicate": "应收帐款净额", "object_type": "金额", "subject_type": "日期", "object": "13，074.41万元", "subject": "报告期各期末", "subject_index": {"begin": 0, "end": 6}, "object_index": {"begin": 54, "end": 65}}]}
{"text": "2015年末其他应收款余额较2014年末减少40.22万元，减幅为36.38%，主要系公司收回2014年度往来款；2016年末其他应收款余额较2015年末增加23.15万元，增幅为32.92%，主要系招标保证金增加所致；2017年6月30日其他应收款余额较2016年末增加62.55万元，增幅为66.91%，主要系期末支付设备采购押金100万元所致。", "spo_list": [{"predicate": "其他应收款余额", "object_type": "金额", "subject_type": "日期", "object": "40.22万元", "subject": "2015年", "subject_index": {"begin": 0, "end": 5}, "object_index": {"begin": 22, "end": 29}}, {"predicate": "其他应收款余额", "object_type": "金额", "subject_type": "日期", "object": "23.15万元", "subject": "2016年", "subject_index": {"begin": 57, "end": 62}, "object_index": {"begin": 79, "end": 86}}, {"predicate": "其他应收款余额", "object_type": "金额", "subject_type": "日期", "object": "62.55万元", "subject": "2017年6月30日", "subject_index": {"begin": 110, "end": 120}, "object_index": {"begin": 136, "end": 143}}]}
{"text": "2015年末，公司固定资产净值较2014年末增加1，714.55万元，", "spo_list": [{"predicate": "固定资产净额", "object_type": "金额", "subject_type": "日期", "object": "1，714.55万元", "subject": "2015年末", "subject_index": {"begin": 0, "end": 6}, "object_index": {"begin": 24, "end": 34}}]}
{"text": "公司在建工程主要为募集资金投资项目、厂房建造及设备安装工程，报告期各期末，公司在建工程分别为610.79万元、31.00万元、385.69万元和1，204.80万元。", "spo_list": [{"predicate": "在建工程余额", "object_type": "金额", "subject_type": "日期", "object": "610.79万元", "subject": "报告期各期末", "subject_index": {"begin": 30, "end": 36}, "object_index": {"begin": 46, "end": 54}}, {"predicate": "在建工程余额", "object_type": "金额", "subject_type": "日期", "object": "31.00万元", "subject": "报告期各期末", "subject_index": {"begin": 30, "end": 36}, "object_index": {"begin": 55, "end": 62}}, {"predicate": "在建工程余额", "object_type": "金额", "subject_type": "日期", "object": "385.69万元", "subject": "报告期各期末", "subject_index": {"begin": 30, "end": 36}, "object_index": {"begin": 63, "end": 71}}, {"predicate": "在建工程余额", "object_type": "金额", "subject_type": "日期", "object": "1，204.80万元", "subject": "报告期各期末", "subject_index": {"begin": 30, "end": 36}, "object_index": {"begin": 72, "end": 82}}]}
{"text": "2016年末无形资产净值较2015年末增加2，906.28万元，主要系公司募集资金投资项目新增土地使用权2，960万元所致。", "spo_list": [{"predicate": "无形资产账面价值", "object_type": "金额", "subject_type": "日期", "object": "2，906.28万元", "subject": "2016年末", "subject_index": {"begin": 0, "end": 6}, "object_index": {"begin": 21, "end": 31}}]}
{"text": "公司其他非流动资产均为公司预付的设备采购款，报告期各期末，其他流动资产金额分别为540.82万元、222.71万元、74.80万元和300.00万元。2014年12月31日余额相对较高主要系公司在2013年度新设5#厂房及生产设备投入，预付工程及设备款增加所致。", "spo_list": [{"predicate": "其他流动资产", "object_type": "金额", "subject_type": "日期", "object": "540.82万元", "subject": "报告期各期末", "subject_index": {"begin": 22, "end": 28}, "object_index": {"begin": 40, "end": 48}}, {"predicate": "其他流动资产", "object_type": "金额", "subject_type": "日期", "object": "222.71万元", "subject": "报告期各期末", "subject_index": {"begin": 22, "end": 28}, "object_index": {"begin": 49, "end": 57}}, {"predicate": "其他流动资产", "object_type": "金额", "subject_type": "日期", "object": "74.80万元", "subject": "报告期各期末", "subject_index": {"begin": 22, "end": 28}, "object_index": {"begin": 58, "end": 65}}, {"predicate": "其他流动资产", "object_type": "金额", "subject_type": "日期", "object": "300.00万元", "subject": "报告期各期末", "subject_index": {"begin": 22, "end": 28}, "object_index": {"begin": 66, "end": 74}}]}
{"text": "报告期内，公司计提的坏账准备分别为171.46万元、-66.62万元、148.75万元和-32.39万元。", "spo_list": [{"predicate": "应收帐款坏账准备", "object_type": "金额", "subject_type": "日期", "object": "171.46万元", "subject": "报告期内", "subject_index": {"begin": 0, "end": 4}, "object_index": {"begin": 17, "end": 25}}, {"predicate": "应收帐款坏账准备", "object_type": "金额", "subject_type": "日期", "object": "-66.62万元", "subject": "报告期内", "subject_index": {"begin": 0, "end": 4}, "object_index": {"begin": 26, "end": 34}}, {"predicate": "应收帐款坏账准备", "object_type": "金额", "subject_type": "日期", "object": "148.75万元", "subject": "报告期内", "subject_index": {"begin": 0, "end": 4}, "object_index": {"begin": 35, "end": 43}}, {"predicate": "应收帐款坏账准备", "object_type": "金额", "subject_type": "日期", "object": "-32.39万元", "subject": "报告期内", "subject_index": {"begin": 0, "end": 4}, "object_index": {"begin": 44, "end": 52}}]}
{"text": "2017年6月末，公司短期借款余额较2016年末减少3，365.00万元，主要系：本期向供应商采购货款采取票据结算方式增加，发行人开具的银行承兑汇票增加，导致银行授信额度范围内短期借款的减少。", "spo_list": [{"predicate": "短期借款余额", "object_type": "金额", "subject_type": "日期", "object": "3，365.00万元", "subject": "2017年6月末", "subject_index": {"begin": 0, "end": 8}, "object_index": {"begin": 26, "end": 36}}]}
{"text": "2017年6月末，公司应付票据余额较2016年末增加4，455.00万元，增幅达571.15%，主要系本期以银行承兑汇票方式采购量增加，导致期末尚未承兑的票据增加所致。", "spo_list": []}
{"text": "2017年6月末，公司应付账款较2016年减少4，546.65万元，减幅为40.82%，主要系：①本期以银行承兑汇票结算方式采购增加，导致期末应付账款的减少；②2016年末应付供应商货款在2017年1-6月信用期已满，本期付款所致。", "spo_list": [{"predicate": "应付账款余额", "object_type": "金额", "subject_type": "日期", "object": "4，546.65万元", "subject": "2017年6月末", "subject_index": {"begin": 0, "end": 8}, "object_index": {"begin": 23, "end": 33}}]}
{"text": "报告期各期末，公司预收款项分别为75.90万元、73.61万元、14.54万元和1.64万元。", "spo_list": [{"predicate": "预收账款余额", "object_type": "金额", "subject_type": "日期", "object": "75.90万元", "subject": "报告期各期末", "subject_index": {"begin": 0, "end": 6}, "object_index": {"begin": 16, "end": 23}}, {"predicate": "预收账款余额", "object_type": "金额", "subject_type": "日期", "object": "73.61万元", "subject": "报告期各期末", "subject_index": {"begin": 0, "end": 6}, "object_index": {"begin": 24, "end": 31}}, {"predicate": "预收账款余额", "object_type": "金额", "subject_type": "日期", "object": "14.54万元", "subject": "报告期各期末", "subject_index": {"begin": 0, "end": 6}, "object_index": {"begin": 32, "end": 39}}, {"predicate": "预收款项余额", "object_type": "金额", "subject_type": "日期", "object": "1.64万元", "subject": "报告期各期末", "subject_index": {"begin": 0, "end": 6}, "object_index": {"begin": 40, "end": 46}}]}
{"text": "2016年末应付利息余额较2015年末增加4.77万元，主要系计提短期借款期末十天利息，而2015年末短期借款为2015年12月29日借入，未计提短期借款利息。", "spo_list": [{"predicate": "应付利息余额", "object_type": "金额", "subject_type": "日期", "object": "4.77万元", "subject": "2016年", "subject_index": {"begin": 0, "end": 5}, "object_index": {"begin": 21, "end": 27}}]}
{"text": "2015年末，公司其他应付账款较2014年末减少2，612.60万元，主要系：公司本期归还长江包装、自然人孙建成等17位员工借款共计2，530.62万元，导致2015年末其他应付款的大幅下降。", "spo_list": [{"predicate": "其他应付款余额", "object_type": "金额", "subject_type": "日期", "object": "2，612.60万元", "subject": "2015年末", "subject_index": {"begin": 0, "end": 6}, "object_index": {"begin": 24, "end": 34}}]}
{"text": "2017年6月末，公司其他应付款较2016年末减少1，582.42万元，主要系本期支付绍兴市国土资源局土地款1，480万元，致使期末其他应付款的大幅下降。", "spo_list": [{"predicate": "其他应付款余额", "object_type": "金额", "subject_type": "日期", "object": "1，582.42万元", "subject": "2017年6月末", "subject_index": {"begin": 0, "end": 8}, "object_index": {"begin": 25, "end": 35}}]}
{"text": "报告期内，公司息税折旧摊销前利润分别为8，188.16万元、8，617.75万元、8，900.56万元和5，518.15万元，利息保障倍数分别为21.74倍、39.71倍、94.83倍和706.41倍，公司盈利能力较好，具有较强的偿债能力。", "spo_list": [{"predicate": "利息保障倍数", "object_type": "日期", "subject_type": "比率", "object": "报告期内", "subject": "21.74倍", "subject_index": {"begin": 72, "end": 78}, "object_index": {"begin": 0, "end": 4}}, {"predicate": "利息保障倍数", "object_type": "日期", "subject_type": "比率", "object": "报告期内", "subject": "39.71倍", "subject_index": {"begin": 79, "end": 85}, "object_index": {"begin": 0, "end": 4}}, {"predicate": "利息保障倍数", "object_type": "日期", "subject_type": "比率", "object": "报告期内", "subject": "94.83倍", "subject_index": {"begin": 86, "end": 92}, "object_index": {"begin": 0, "end": 4}}, {"predicate": "利息保障倍数", "object_type": "日期", "subject_type": "比率", "object": "报告期内", "subject": "706.41倍", "subject_index": {"begin": 93, "end": 100}, "object_index": {"begin": 0, "end": 4}}]}
{"text": "报告期内，公司资产减值损失分别为171.46万元、-66.62万元、148.75万元和-32.39万元。", "spo_list": [{"predicate": "资产减值损失", "object_type": "金额", "subject_type": "日期", "object": "171.46万元", "subject": "报告期内", "subject_index": {"begin": 0, "end": 4}, "object_index": {"begin": 16, "end": 24}}, {"predicate": "资产减值损失", "object_type": "金额", "subject_type": "日期", "object": "-66.62万元", "subject": "报告期内", "subject_index": {"begin": 0, "end": 4}, "object_index": {"begin": 25, "end": 33}}, {"predicate": "资产减值损失", "object_type": "金额", "subject_type": "日期", "object": "148.75万元", "subject": "报告期内", "subject_index": {"begin": 0, "end": 4}, "object_index": {"begin": 34, "end": 42}}, {"predicate": "资产减值损失", "object_type": "金额", "subject_type": "日期", "object": "-32.39万元", "subject": "报告期内", "subject_index": {"begin": 0, "end": 4}, "object_index": {"begin": 43, "end": 51}}]}
{"text": "2017年6月末无形资产净值较2016年6月末增加2，964.93万元，主要系公司募集资金投资项目新增土地使用权2，960万元所致。", "spo_list": [{"predicate": "无形资产余额", "object_type": "金额", "subject_type": "日期", "object": "2，964.93万元", "subject": "2017年6月末", "subject_index": {"begin": 0, "end": 8}, "object_index": {"begin": 25, "end": 35}}]}
{"text": "截至报告期末，本公司其他应付款余额为182.41万元，主要系待支付业务费、押金保证金和代收代付款项等。", "spo_list": [{"predicate": "其他应付款余额", "object_type": "金额", "subject_type": "日期", "object": "182.41万元", "subject": "截至报告期末，", "subject_index": {"begin": 0, "end": 7}, "object_index": {"begin": 18, "end": 26}}]}
{"text": "预付账款主要系预付原材料采购款，报告期各期末，公司预付款项分别为64.66万元、11.24万元、28.45万元和96.15万元。", "spo_list": [{"predicate": "预付账款余额", "object_type": "金额", "subject_type": "日期", "object": "64.66万元", "subject": "报告期各期末", "subject_index": {"begin": 16, "end": 22}, "object_index": {"begin": 32, "end": 39}}, {"predicate": "预付账款余额", "object_type": "金额", "subject_type": "日期", "object": "、11.24万元", "subject": "报告期各期末", "subject_index": {"begin": 16, "end": 22}, "object_index": {"begin": 39, "end": 47}}, {"predicate": "预付账款余额", "object_type": "金额", "subject_type": "日期", "object": "28.45万元", "subject": "报告期各期末", "subject_index": {"begin": 16, "end": 22}, "object_index": {"begin": 48, "end": 55}}, {"predicate": "预付账款余额", "object_type": "金额", "subject_type": "日期", "object": "96.15万元", "subject": "报告期各期末", "subject_index": {"begin": 16, "end": 22}, "object_index": {"begin": 56, "end": 63}}]}
{"text": "2015年末预付款项余额较2014年末减少53.42万元，减幅为82.62%；2016年末公司预付款项余额较2015年末增加17.21万元，增幅为153.11%；2017年6月30日预付账款余额较2016年末增加67.70万元，增幅达237.92%，主要系零星采购业务预付的货款因业务尚未完结所致。", "spo_list": [{"predicate": "预付账款余额", "object_type": "金额", "subject_type": "日期", "object": "53.42万元", "subject": "2015年末", "subject_index": {"begin": 0, "end": 6}, "object_index": {"begin": 21, "end": 28}}, {"predicate": "预付账款余额", "object_type": "金额", "subject_type": "日期", "object": "17.21万元", "subject": "2016年末公", "subject_index": {"begin": 39, "end": 46}, "object_index": {"begin": 62, "end": 69}}, {"predicate": "预付账款余额", "object_type": "金额", "subject_type": "日期", "object": "67.70万元", "subject": "2017年6月30日", "subject_index": {"begin": 81, "end": 91}, "object_index": {"begin": 106, "end": 113}}]}
{"text": "报告期各期末，公司存货余额分别为7，869.39万元、10，076.69万元、9，875.04万元和7，798.23万元，占公司资产总额比例分别为18.57%、26.24%、19.98%和16.14%。", "spo_list": [{"predicate": "存货余额", "object_type": "金额", "subject_type": "日期", "object": "7，869.39万元", "subject": "报告期各期末", "subject_index": {"begin": 0, "end": 6}, "object_index": {"begin": 16, "end": 26}}, {"predicate": "存货余额", "object_type": "金额", "subject_type": "日期", "object": "10，076.69万元、", "subject": "报告期各期末", "subject_index": {"begin": 0, "end": 6}, "object_index": {"begin": 27, "end": 39}}, {"predicate": "存货余额", "object_type": "金额", "subject_type": "日期", "object": "9，875.04万元", "subject": "报告期各期末", "subject_index": {"begin": 0, "end": 6}, "object_index": {"begin": 39, "end": 49}}, {"predicate": "存货余额", "object_type": "金额", "subject_type": "日期", "object": "7，798.23万元", "subject": "报告期各期末", "subject_index": {"begin": 0, "end": 6}, "object_index": {"begin": 50, "end": 60}}]}
{"text": "2015年末公司其他流动资产较2014年末减少3，198.06万元，减幅达95.25%，主要系公司2015年度赎回短期银行理财产品所致。2016年末其他流动资产较2015年末增加88.68万元，增幅为55.58%；2017年6月末较2016年末增加81.53万元，增幅为32.84%，主要系IPO中介费增加所致。", "spo_list": [{"predicate": "其他流动资产", "object_type": "金额", "subject_type": "日期", "object": "少3，198.06万元", "subject": "2015年末", "subject_index": {"begin": 0, "end": 6}, "object_index": {"begin": 22, "end": 33}}, {"predicate": "其他流动资产", "object_type": "金额", "subject_type": "日期", "object": "88.68万元", "subject": "。2016年", "subject_index": {"begin": 67, "end": 73}, "object_index": {"begin": 89, "end": 96}}, {"predicate": "其他流动资产", "object_type": "金额", "subject_type": "日期", "object": "81.53万元", "subject": "2017年6月末", "subject_index": {"begin": 107, "end": 115}, "object_index": {"begin": 124, "end": 131}}]}
{"text": "2016年末，在建工程较2015年末增加354.69万元，主要系：①本期募集投资项目陆续开始，前期投入120.92万元；②公司RTO设备23安装工程双面除尘机安装工程本期支出259.38万元。上述两项因素综合导致期末在建工程的增加。", "spo_list": [{"predicate": "在建工程余额", "object_type": "金额", "subject_type": "日期", "object": "354.69万元", "subject": "2016年末", "subject_index": {"begin": 0, "end": 6}, "object_index": {"begin": 20, "end": 28}}]}
{"text": "2017年6月末，在建工程较2016年末增加819.11万元，增幅达212.37%，主要系本期公司募集资金投资项目投资增加1，083.88万元所致。", "spo_list": [{"predicate": "在建工程余额", "object_type": "金额", "subject_type": "日期", "object": "819.11万元", "subject": "2017年6月末", "subject_index": {"begin": 0, "end": 8}, "object_index": {"begin": 22, "end": 30}}]}
{"text": "公司无形资产均系土地使用权，报告期各期末，无形资产金额分别为1，305.47万元、1，276.42万元、4，182.70万元和4，226.78万元。", "spo_list": [{"predicate": "无形资产余额", "object_type": "金额", "subject_type": "日期", "object": "1，305.47万元", "subject": "报告期各期末", "subject_index": {"begin": 14, "end": 20}, "object_index": {"begin": 30, "end": 40}}, {"predicate": "无形资产余额", "object_type": "金额", "subject_type": "日期", "object": "1，276.42万元", "subject": "报告期各期末", "subject_index": {"begin": 14, "end": 20}, "object_index": {"begin": 41, "end": 51}}, {"predicate": "无形资产余额", "object_type": "金额", "subject_type": "日期", "object": "4，182.70万元", "subject": "报告期各期末", "subject_index": {"begin": 14, "end": 20}, "object_index": {"begin": 52, "end": 62}}, {"predicate": "无形资产余额", "object_type": "金额", "subject_type": "日期", "object": "4，226.78万元", "subject": "报告期各期末", "subject_index": {"begin": 14, "end": 20}, "object_index": {"begin": 63, "end": 73}}]}
{"text": "2015年末公司其他非流动资产余额较2014年末减少318.11万元，减幅为58.82%；2016年末公司其他非流动资产余额较2015年末减少147.91万元，减幅为66.41%，主要系预付款方式的购置生产设备于当年投入使用所致。", "spo_list": [{"predicate": "非流动资产", "object_type": "金额", "subject_type": "日期", "object": "318.11万元", "subject": "2015年末", "subject_index": {"begin": 0, "end": 6}, "object_index": {"begin": 26, "end": 34}}, {"predicate": "非流动资产", "object_type": "金额", "subject_type": "日期", "object": "147.91万元", "subject": "2016年末", "subject_index": {"begin": 45, "end": 51}, "object_index": {"begin": 71, "end": 79}}]}
{"text": "2017年6月末，公司其他非流动资产余额较2016年末增加225.20万元，主要系期末预付绍兴咸亨国际贸易有限公司代理进口设备采购款192.40万元所致。", "spo_list": [{"predicate": "非流动资产", "object_type": "金额", "subject_type": "日期", "object": "225.20万元", "subject": "2017年6月末", "subject_index": {"begin": 0, "end": 8}, "object_index": {"begin": 29, "end": 37}}]}
{"text": "报告期内，公司根据生产经营所需，向银行借入短期借款。报告期各期末，公司短期借款余额分别0.00万元、1，000万元、4，900万元和1，535万元。", "spo_list": [{"predicate": "短期借款余额", "object_type": "金额", "subject_type": "日期", "object": "0.00万元", "subject": "报告期内", "subject_index": {"begin": 0, "end": 4}, "object_index": {"begin": 43, "end": 49}}, {"predicate": "短期借款余额", "object_type": "金额", "subject_type": "日期", "object": "1，000万元", "subject": "报告期内", "subject_index": {"begin": 0, "end": 4}, "object_index": {"begin": 50, "end": 57}}, {"predicate": "短期借款余额", "object_type": "金额", "subject_type": "日期", "object": "、4，900万元", "subject": "报告期内", "subject_index": {"begin": 0, "end": 4}, "object_index": {"begin": 57, "end": 65}}, {"predicate": "短期借款余额", "object_type": "金额", "subject_type": "日期", "object": "1，535万元", "subject": "报告期内", "subject_index": {"begin": 0, "end": 4}, "object_index": {"begin": 66, "end": 73}}]}
{"text": "2016年末，公司应付账款较2015年末增加4，781.74万元，增幅75.22%。主要系受杭州G20峰会影响，筹备和召开期间的销售订单推迟至四季度，公司在四季度集中采购，导致期末正常信用期内的采购款项增加。", "spo_list": [{"predicate": "应付账款余额", "object_type": "金额", "subject_type": "日期", "object": "4，781.74万元", "subject": "2016年末", "subject_index": {"begin": 0, "end": 6}, "object_index": {"begin": 22, "end": 32}}]}
{"text": "2016年末预收款项余额较2015年末减少59.07万元，减幅为80.25%；2017年6月末，公司预收账款较2016年末减少12.91万元，减幅达88.75%，主要系临近期末零星预收款销售方式较少所致。", "spo_list": [{"predicate": "预收款项余额", "object_type": "金额", "subject_type": "日期", "object": "59.07万元", "subject": "2016年", "subject_index": {"begin": 0, "end": 5}, "object_index": {"begin": 21, "end": 28}}, {"predicate": "预收款项余额", "object_type": "金额", "subject_type": "日期", "object": "12.91万元", "subject": "2017年6月末", "subject_index": {"begin": 39, "end": 47}, "object_index": {"begin": 63, "end": 70}}]}
{"text": "报告期各期末，公司应付利息余额分别为0.00万元、0.00万元、4.77万元和1.38万元。报告期内，公司从未发生过逾期未支付利息情况。", "spo_list": [{"predicate": "应付利息", "object_type": "金额", "subject_type": "日期", "object": "0.00万元、", "subject": "报告期各期末", "subject_index": {"begin": 0, "end": 6}, "object_index": {"begin": 18, "end": 25}}, {"predicate": "应付利息", "object_type": "金额", "subject_type": "日期", "object": "0.00万元", "subject": "报告期各期末", "subject_index": {"begin": 0, "end": 6}, "object_index": {"begin": 25, "end": 31}}, {"predicate": "应付利息", "object_type": "金额", "subject_type": "日期", "object": "4.77万元", "subject": "报告期各期末", "subject_index": {"begin": 0, "end": 6}, "object_index": {"begin": 32, "end": 38}}, {"predicate": "应付利息", "object_type": "金额", "subject_type": "日期", "object": "1.38万元", "subject": "报告期各期末", "subject_index": {"begin": 0, "end": 6}, "object_index": {"begin": 39, "end": 45}}]}
{"text": "2016年末，公司其他应付款较2015年末增加1，428.62万元，主要系：随着募投项目的推进，公司期末应付绍兴市国土资源局土地款1，480万元所致。", "spo_list": [{"predicate": "其他应付款余额", "object_type": "金额", "subject_type": "日期", "object": "1，428.62万元", "subject": "2016年末", "subject_index": {"begin": 0, "end": 6}, "object_index": {"begin": 23, "end": 33}}]}
{"text": "2017年6月末，公司应收账款净额为13，074.41万元，较2016年6月末增加3，768.94万元，主要系本期营业收入较2016年同期增加6，506.41万元，导致期末应收账款的增加。", "spo_list": [{"predicate": "应收帐款净额", "object_type": "金额", "subject_type": "日期", "object": "13，074.41万元", "subject": "2017年6月末", "subject_index": {"begin": 0, "end": 8}, "object_index": {"begin": 18, "end": 29}}]}
{"text": "2017年6月末，在建工程较2016年6月末增加1，204.80万元，主要系本期公司募集资金投资项目投资增加所致。", "spo_list": [{"predicate": "在建工程余额", "object_type": "金额", "subject_type": "日期", "object": "1，204.80万元，", "subject": "2017年6月末", "subject_index": {"begin": 0, "end": 8}, "object_index": {"begin": 24, "end": 35}}]}
