{"text": "公司应付账款2001年12月31日余额为37，446，275.53元，", "spo_list": [{"predicate": "长期应付款", "object_type": "金额", "subject_type": "日期", "object": "446，275.53元", "subject": "2001年12月31日", "subject_index": {"begin": 6, "end": 17}, "object_index": {"begin": 23, "end": 34}}]}
{"text": "本次股票发行成功后，本公司总股本将达到57，336万股，以2001年12月31日本公司经审计的净资产值为基准，发行后本公司每股净资产将达到2.22元—2.30元。", "spo_list": [{"predicate": "每股净现金流量", "object_type": "金额", "subject_type": "日期", "object": "2.22元—2.30元", "subject": "2001年12月31日", "subject_index": {"begin": 29, "end": 40}, "object_index": {"begin": 69, "end": 80}}]}
{"text": "本公司其他应付款2001年12月31日余额为25，500，472.51元，", "spo_list": [{"predicate": "其他应付款余额", "object_type": "金额", "subject_type": "日期", "object": "25，500，472.51元", "subject": "2001年12月31日", "subject_index": {"begin": 8, "end": 19}, "object_index": {"begin": 22, "end": 36}}]}
{"text": "截止2001年12月31日，本公司负债总额为84，395.02万元，其中，长期负债65，578.96万元，流动负债18，816.06万元。", "spo_list": [{"predicate": "流动负债", "object_type": "金额", "subject_type": "日期", "object": "18，816.06万元", "subject": "2001年12月31日", "subject_index": {"begin": 2, "end": 13}, "object_index": {"begin": 57, "end": 68}}]}
{"text": "截止2001年12月31日，本公司资产总额为167，963.46万元，其中固定资产净额139，505.00万元，占资产总额83.06%，比例较大，且主要为生产经营所必需的机器设备。上述固定资产对保障本公司生产经营安全、稳定十分关键。若由于事故、意外损毁或自然灾害导致固定资产损失，将对本公司生产经营造成重大影响。", "spo_list": [{"predicate": "固定资产净额", "object_type": "金额", "subject_type": "日期", "object": "139，505.00万元", "subject": "止2001年12月31日", "subject_index": {"begin": 1, "end": 13}, "object_index": {"begin": 43, "end": 55}}]}
{"text": "本公司应收账款2001年12月31日净额为48，844，964.37元，", "spo_list": [{"predicate": "其他应收款净额", "object_type": "金额", "subject_type": "日期", "object": "48，844，964.37元", "subject": "2001年12月31日", "subject_index": {"begin": 7, "end": 18}, "object_index": {"begin": 21, "end": 35}}]}
{"text": "公司应付工资2001年12月31日余额为2，126，583.13元。", "spo_list": [{"predicate": "应付职工薪酬余额", "object_type": "金额", "subject_type": "日期", "object": "2，126，583.13元", "subject": "2001年12月31日", "subject_index": {"begin": 6, "end": 17}, "object_index": {"begin": 20, "end": 33}}]}
{"text": "报告期间本公司本次股票发行后，每股净资产为2.22-2.30元（按发行价格区间4.50-5.00元计算）。", "spo_list": [{"predicate": "每股净资产", "object_type": "金额", "subject_type": "日期", "object": "2.22-2.30元", "subject": "报告期间", "subject_index": {"begin": 0, "end": 4}, "object_index": {"begin": 21, "end": 31}}]}
{"text": "2000年12月28日，本公司与中国工商银行北京石景山支行签定《固定资产借款合同》，合同号为（2000）年石景字第（0902）号，借款金额为1，000万元，借款期限为2000年12月28日至2005年12月27日，利率为6.03%。北京国电为该笔借款合同提供了520万元担保，华北电力提供了480万元担保。", "spo_list": [{"predicate": "长期借款余额", "object_type": "金额", "subject_type": "日期", "object": "1，000万元", "subject": "2000年12月28日", "subject_index": {"begin": 0, "end": 11}, "object_index": {"begin": 70, "end": 77}}]}
