{"text": "报告期各期末，发行人向国铁集团的借款余额为738，011.24万元、738，011.24万元、738，011.24万元和688，011.24万元。2019年9月，发行人按照合同约定向国铁集团到期偿还了1笔本金为50，000万元的借款，", "spo_list": [{"predicate": "罚款", "object_type": "金额", "subject_type": "日期", "object": "738，011.24万元", "subject": "报告期各期末", "subject_index": {"begin": 0, "end": 6}, "object_index": {"begin": 21, "end": 33}}, {"predicate": "短期借款余额", "object_type": "金额", "subject_type": "日期", "object": "738，011.24万元", "subject": "报告期各期末", "subject_index": {"begin": 0, "end": 6}, "object_index": {"begin": 34, "end": 46}}, {"predicate": "短期借款余额", "object_type": "金额", "subject_type": "日期", "object": "738，011.24万元", "subject": "报告期各期末", "subject_index": {"begin": 0, "end": 6}, "object_index": {"begin": 47, "end": 59}}, {"predicate": "短期借款余额", "object_type": "金额", "subject_type": "日期", "object": "688，011.24万元", "subject": "报告期各期末", "subject_index": {"begin": 0, "end": 6}, "object_index": {"begin": 60, "end": 72}}]}
{"text": "报告期各期末，公司其他非流动资产的账面价值分别为575，948.35万元、116，604.21万元、126，609.31万元和138，584.99万元，占总资产的比例分别为3.20%、0.66%、0.72%和0.74%，具体明细如下表列示：", "spo_list": [{"predicate": "其他非流动资产", "object_type": "金额", "subject_type": "日期", "object": "575，948.35万元", "subject": "报告期各期末，", "subject_index": {"begin": 0, "end": 7}, "object_index": {"begin": 24, "end": 36}}, {"predicate": "其他非流动资产", "object_type": "金额", "subject_type": "日期", "object": "116，604.21万元", "subject": "报告期各期末，", "subject_index": {"begin": 0, "end": 7}, "object_index": {"begin": 37, "end": 49}}, {"predicate": "其他非流动资产", "object_type": "金额", "subject_type": "日期", "object": "126，609.31万元", "subject": "报告期各期末，", "subject_index": {"begin": 0, "end": 7}, "object_index": {"begin": 50, "end": 62}}, {"predicate": "其他非流动资产", "object_type": "金额", "subject_type": "日期", "object": "138，584.99万元", "subject": "报告期各期末，", "subject_index": {"begin": 0, "end": 7}, "object_index": {"begin": 63, "end": 75}}]}
{"text": "2019年9月末代建工程款项较2018年末有所减少，系2019年8月向郑西客专公司移交代建郑徐引入工程，冲减其他非流动资产。截至2019年9月30日，代建工程款项余额为71，865.88万元", "spo_list": [{"predicate": "在建工程余额", "object_type": "金额", "subject_type": "日期", "object": "71，865.88万元", "subject": "截至2019年9月30日", "subject_index": {"begin": 62, "end": 74}, "object_index": {"begin": 84, "end": 95}}]}
{"text": "报告期各期末，公司预收款项金额分别为24，619.87万元、10，898.82万元、17，512.91万元和27，898.43万元，", "spo_list": [{"predicate": "预收款项余额", "object_type": "金额", "subject_type": "日期", "object": "24，619.87万元", "subject": "报告期各期末", "subject_index": {"begin": 0, "end": 6}, "object_index": {"begin": 18, "end": 29}}, {"predicate": "预收款项余额", "object_type": "金额", "subject_type": "日期", "object": "10，898.82万元", "subject": "报告期各期末", "subject_index": {"begin": 0, "end": 6}, "object_index": {"begin": 30, "end": 41}}, {"predicate": "预收款项余额", "object_type": "金额", "subject_type": "日期", "object": "17，512.91万元", "subject": "报告期各期末", "subject_index": {"begin": 0, "end": 6}, "object_index": {"begin": 42, "end": 53}}, {"predicate": "预收款项余额", "object_type": "金额", "subject_type": "日期", "object": "27，898.43万元", "subject": "报告期各期末", "subject_index": {"begin": 0, "end": 6}, "object_index": {"begin": 54, "end": 65}}]}
{"text": "2016年12月31日、2017年12月31日、2018年12月31日和2019年9月30日，公司长期借款余额分别为2，696，386.79万元、2，382，475.24万元、2，172，225.24万元和2，029，875.24万元，", "spo_list": [{"predicate": "长期借款余额", "object_type": "金额", "subject_type": "日期", "object": "2，696，386.79万元", "subject": "2016年12月31日", "subject_index": {"begin": 0, "end": 11}, "object_index": {"begin": 58, "end": 72}}, {"predicate": "长期借款余额", "object_type": "金额", "subject_type": "日期", "object": "2，382，475.24万元", "subject": "2017年12月31日", "subject_index": {"begin": 12, "end": 23}, "object_index": {"begin": 73, "end": 87}}, {"predicate": "长期借款余额", "object_type": "金额", "subject_type": "日期", "object": "2，172，225.24万元", "subject": "2018年12月31日", "subject_index": {"begin": 24, "end": 35}, "object_index": {"begin": 88, "end": 102}}, {"predicate": "长期借款余额", "object_type": "金额", "subject_type": "日期", "object": "2，029，875.24万元", "subject": "2019年9月30日", "subject_index": {"begin": 36, "end": 46}, "object_index": {"begin": 103, "end": 117}}]}
{"text": "由于上述会计政策变更，增加公司2019年1-9月营业成本38，900.12万元，相应减少营业利润38，900.12万元。", "spo_list": [{"predicate": "总营业成本", "object_type": "金额", "subject_type": "日期", "object": "38，900.12万元", "subject": "2019年1-9月", "subject_index": {"begin": 15, "end": 24}, "object_index": {"begin": 28, "end": 39}}]}
{"text": "报告期各期末，本公司应收账款账面价值分别为119，688.63万元、122，608.45万元、119，512.45万元和141，717.98万元", "spo_list": [{"predicate": "应收帐款账面价值", "object_type": "金额", "subject_type": "日期", "object": "119，688.63万元", "subject": "报告期各期末", "subject_index": {"begin": 0, "end": 6}, "object_index": {"begin": 21, "end": 33}}, {"predicate": "应收帐款账面价值", "object_type": "金额", "subject_type": "日期", "object": "122，608.45万元", "subject": "报告期各期末", "subject_index": {"begin": 0, "end": 6}, "object_index": {"begin": 34, "end": 46}}, {"predicate": "应收帐款账面价值", "object_type": "金额", "subject_type": "日期", "object": "119，512.45万元", "subject": "报告期各期末", "subject_index": {"begin": 0, "end": 6}, "object_index": {"begin": 47, "end": 59}}, {"predicate": "应收帐款账面价值", "object_type": "金额", "subject_type": "日期", "object": "141，717.98万元", "subject": "报告期各期末", "subject_index": {"begin": 0, "end": 6}, "object_index": {"begin": 60, "end": 72}}]}
{"text": "报告期各期末，公司短期借款分别为380，000.00万元、350，000.00万元、0.00万元和0.00万元，", "spo_list": [{"predicate": "短期借款余额", "object_type": "金额", "subject_type": "日期", "object": "380，000.00万元", "subject": "报告期各期末", "subject_index": {"begin": 0, "end": 6}, "object_index": {"begin": 16, "end": 28}}, {"predicate": "短期借款余额", "object_type": "金额", "subject_type": "日期", "object": "350，000.00万元", "subject": "报告期各期末", "subject_index": {"begin": 0, "end": 6}, "object_index": {"begin": 29, "end": 41}}, {"predicate": "短期借款余额", "object_type": "金额", "subject_type": "日期", "object": "0.00万元", "subject": "报告期各期末", "subject_index": {"begin": 0, "end": 6}, "object_index": {"begin": 42, "end": 48}}, {"predicate": "短期借款余额", "object_type": "金额", "subject_type": "日期", "object": "0.00万元", "subject": "报告期各期末", "subject_index": {"begin": 0, "end": 6}, "object_index": {"begin": 49, "end": 55}}]}
{"text": "报告期各期末，公司的应付职工薪酬主要为代扣代缴的社会保险费，应付职工薪酬分别为33.51万元、34.34万元、41.81万元和43.83万元，占总负债的比例分别为0.0008%、0.0010%、0.0015%和0.0016%，占比较低，各期末金额基本稳定", "spo_list": [{"predicate": "应付职工薪酬余额", "object_type": "金额", "subject_type": "日期", "object": "33.51万元", "subject": "报告期各期末", "subject_index": {"begin": 0, "end": 6}, "object_index": {"begin": 39, "end": 46}}, {"predicate": "应付职工薪酬余额", "object_type": "金额", "subject_type": "日期", "object": "34.34万元", "subject": "报告期各期末", "subject_index": {"begin": 0, "end": 6}, "object_index": {"begin": 47, "end": 54}}, {"predicate": "应付职工薪酬余额", "object_type": "金额", "subject_type": "日期", "object": "41.81万元", "subject": "报告期各期末", "subject_index": {"begin": 0, "end": 6}, "object_index": {"begin": 55, "end": 62}}, {"predicate": "应付职工薪酬余额", "object_type": "金额", "subject_type": "日期", "object": "43.83万元", "subject": "报告期各期末", "subject_index": {"begin": 0, "end": 6}, "object_index": {"begin": 63, "end": 70}}]}
{"text": "2018年12月31日流动比率和速动比率同比增幅较大的主要原因是当年偿还短期借款350，000.00万元，", "spo_list": [{"predicate": "短期借款余额", "object_type": "金额", "subject_type": "日期", "object": "350，000.00万元", "subject": "2018年12月31日", "subject_index": {"begin": 0, "end": 11}, "object_index": {"begin": 40, "end": 52}}]}
{"text": "截至2019年9月30日无形资产累计摊销1，370.56万元。", "spo_list": [{"predicate": "无形资产账面价值", "object_type": "金额", "subject_type": "日期", "object": "1，370.56万元", "subject": "2019年9月30日", "subject_index": {"begin": 2, "end": 12}, "object_index": {"begin": 20, "end": 30}}]}
{"text": "报告期各期末，发行人向中国铁财的借款余额分别为200，000.00万元、150，000.00万元、0.00万元和0.00万元。2016年度、2017年度和2018年度，发行人向中国铁财分别新增借款2笔，借款发生额分别为200，000.00万元、150，000.00万元和250，000.00万元。上述借款均在合同约定的到期日或提前予以偿还。", "spo_list": [{"predicate": "短期借款余额", "object_type": "金额", "subject_type": "日期", "object": "200，000.00万元", "subject": "报告期各期末", "subject_index": {"begin": 0, "end": 6}, "object_index": {"begin": 23, "end": 35}}, {"predicate": "短期借款余额", "object_type": "金额", "subject_type": "日期", "object": "150，000.00万元", "subject": "报告期各期末", "subject_index": {"begin": 0, "end": 6}, "object_index": {"begin": 36, "end": 48}}, {"predicate": "短期借款余额", "object_type": "金额", "subject_type": "日期", "object": "0.00万元", "subject": "报告期各期末", "subject_index": {"begin": 0, "end": 6}, "object_index": {"begin": 49, "end": 55}}, {"predicate": "短期借款余额", "object_type": "金额", "subject_type": "日期", "object": "0.00万元", "subject": "报告期各期末", "subject_index": {"begin": 0, "end": 6}, "object_index": {"begin": 56, "end": 62}}, {"predicate": "长期借款余额", "object_type": "金额", "subject_type": "日期", "object": "200，000.00万元", "subject": "2016年度、", "subject_index": {"begin": 63, "end": 70}, "object_index": {"begin": 109, "end": 121}}, {"predicate": "长期借款余额", "object_type": "金额", "subject_type": "日期", "object": "150，000.00万元", "subject": "2017年度", "subject_index": {"begin": 70, "end": 76}, "object_index": {"begin": 122, "end": 134}}, {"predicate": "长期借款余额", "object_type": "金额", "subject_type": "日期", "object": "250，000.00万元", "subject": "2018年度", "subject_index": {"begin": 77, "end": 83}, "object_index": {"begin": 135, "end": 147}}]}
{"text": "报告期各期末，公司应付账款分别为95，932.86万元、112，102.02万元、74，127.33万元和51，106.57万元。", "spo_list": [{"predicate": "应付账款余额", "object_type": "金额", "subject_type": "日期", "object": "95，932.86万元", "subject": "报告期各期末", "subject_index": {"begin": 0, "end": 6}, "object_index": {"begin": 16, "end": 27}}, {"predicate": "应付账款余额", "object_type": "金额", "subject_type": "日期", "object": "112，102.02万元", "subject": "报告期各期末", "subject_index": {"begin": 0, "end": 6}, "object_index": {"begin": 28, "end": 40}}, {"predicate": "应付账款余额", "object_type": "金额", "subject_type": "日期", "object": "74，127.33万元", "subject": "报告期各期末", "subject_index": {"begin": 0, "end": 6}, "object_index": {"begin": 41, "end": 52}}, {"predicate": "应付账款余额", "object_type": "金额", "subject_type": "日期", "object": "51，106.57万元", "subject": "报告期各期末", "subject_index": {"begin": 0, "end": 6}, "object_index": {"begin": 53, "end": 64}}]}
{"text": "2019年9月30日应付职工薪酬期后尚有16.74万元未支付。", "spo_list": [{"predicate": "应付职工薪酬余额", "object_type": "金额", "subject_type": "日期", "object": "16.74万元", "subject": "2019年9月30日", "subject_index": {"begin": 0, "end": 10}, "object_index": {"begin": 20, "end": 27}}]}
{"text": "报告期各期末，公司其他应付款余额分别为153，901.28万元、215，519.48万元、149，844.27万元和243，761.14万元，占负债总额的比例分别为3.79%、6.46%、5.44%和8.91%。本公司其他应付款明细项目如下：", "spo_list": [{"predicate": "其他应付款余额", "object_type": "金额", "subject_type": "日期", "object": "153，901.28万元", "subject": "报告期各期末", "subject_index": {"begin": 0, "end": 6}, "object_index": {"begin": 19, "end": 31}}, {"predicate": "其他应付款余额", "object_type": "金额", "subject_type": "日期", "object": "215，519.48万元", "subject": "报告期各期末", "subject_index": {"begin": 0, "end": 6}, "object_index": {"begin": 32, "end": 44}}, {"predicate": "其他应付款余额", "object_type": "金额", "subject_type": "日期", "object": "149，844.27万元", "subject": "报告期各期末", "subject_index": {"begin": 0, "end": 6}, "object_index": {"begin": 45, "end": 57}}, {"predicate": "其他应付款余额", "object_type": "金额", "subject_type": "日期", "object": "243，761.14万元", "subject": "报告期各期末", "subject_index": {"begin": 0, "end": 6}, "object_index": {"begin": 58, "end": 70}}]}
{"text": "2019年1-9月公司发生信用减值损失-10，382.44万元，为其他应收款坏账损失转回。", "spo_list": [{"predicate": "应收帐款坏账准备", "object_type": "金额", "subject_type": "日期", "object": "-10，382.44万元", "subject": "2019年1-9月", "subject_index": {"begin": 0, "end": 9}, "object_index": {"begin": 19, "end": 31}}]}
