{"text": "公司2015年末其他非流动资产预付款系为2016年在建工程厚板横切线项目采购厚板矫直机，设备合同总价218万。2016年在建工程厚板横切线项目已完工，结转固定资产投入生产。,江苏丽岛新材料股份有限公司", "spo_list": [{"predicate": "其他非流动资产", "object_type": "金额", "subject_type": "日期", "object": "218万", "subject": "2015年末", "subject_index": {"begin": 2, "end": 8}, "object_index": {"begin": 50, "end": 54}}]}
{"text": "截至报告期末，公司的存货账面价值为18,680.82万元，占资产总额的21.25%。由于公司的存货账面价值占资产比例相对较大，如果产品或原材料价格随着铝锭价格大幅下降，存货的账面价值高于其可变现净值，公司将面临存货减值的风险，从而对公司的经营业绩产生影响。,江苏丽岛新材料股份有限公司", "spo_list": [{"predicate": "存货账面价值", "object_type": "金额", "subject_type": "日期", "object": "18,680.82万元", "subject": "截至报告期末", "subject_index": {"begin": 0, "end": 6}, "object_index": {"begin": 17, "end": 28}}]}
{"text": "截至报告期末，公司其他流动负债余额为9.45万元，系待转销项税额。,江苏丽岛新材料股份有限公司", "spo_list": [{"predicate": "流动负债余额", "object_type": "金额", "subject_type": "日期", "object": "9.45万元", "subject": "截至报告期末", "subject_index": {"begin": 0, "end": 6}, "object_index": {"begin": 18, "end": 24}}]}
{"text": "截至报告期末发行前每股净资产：4.73元（按照本次公开发行前一会计期末经审计的归属于母公司股东的净资产值除以本次发行前总股本计算）,江苏丽岛新材料股份有限公司", "spo_list": [{"predicate": "每股净资产", "object_type": "金额", "subject_type": "日期", "object": "4.73元", "subject": "截至报告期末", "subject_index": {"begin": 0, "end": 6}, "object_index": {"begin": 15, "end": 20}}]}
{"text": "公司2015年末其他非流动资产预付款系为2016年在建工程厚板横切线项目采购厚板矫直机，设备合同总价218万。2016年在建工程厚板横切线项目已完工，结转固定资产投入生产。,江苏丽岛新材料股份有限公司", "spo_list": [{"predicate": "其他非流动资产", "object_type": "金额", "subject_type": "日期", "object": "218万", "subject": "2015年末", "subject_index": {"begin": 2, "end": 8}, "object_index": {"begin": 50, "end": 54}}]}
{"text": "公司期末其他流动负债余额9.45万元，较年初减少62.91万元，降幅86.95%，主要系期末公司待转销项税额减少所致。,江苏丽岛新材料股份有限公司", "spo_list": [{"predicate": "其他流动负债余额", "object_type": "金额", "subject_type": "日期", "object": "9.45万元", "subject": "公司期末", "subject_index": {"begin": 0, "end": 4}, "object_index": {"begin": 12, "end": 18}}]}
{"text": "截至报告期末，公司的应收账款账面价值为20,757.14万元，占资产总额的比例为23.61%。如果未来受市场环境变化、客户经营情况变动等因素的影响，公司应收账款进一步增加，公司不能保持对应收账款的有效管理，或公司客户资金周转出现困难不能及时支付货款，将对公司应收账款的及时回收产生影响，进而影响公司整体业绩水平。,江苏丽岛新材料股份有限公司", "spo_list": [{"predicate": "应收帐款账面价值", "object_type": "金额", "subject_type": "日期", "object": "20,757.14万元", "subject": "截至报告期末", "subject_index": {"begin": 0, "end": 6}, "object_index": {"begin": 19, "end": 30}}]}
{"text": "截至报告期末，公司的应收账款账面价值为20,757.14万元，占资产总额的比例为23.61%。如果未来受市场环境变化、客户经营情况变动等因素的影响，公司应收账款进一步增加，公司不能保持对应收账款的有效管理，或公司客户资金周转出现困难不能及时支付货款，将对公司应收账款的及时回收产生影响，进而影响公司整体业绩水平。,江苏丽岛新材料股份有限公司", "spo_list": [{"predicate": "应收帐款账面价值", "object_type": "金额", "subject_type": "日期", "object": "20,757.14万元", "subject": "截至报告期末", "subject_index": {"begin": 0, "end": 6}, "object_index": {"begin": 19, "end": 30}}]}
{"text": "报告期内，公司分别于2015年度、2016年度和2017年1-6月实际核销应收账款69.14万元、42.39万元和146.10万元，其中，金额在10万元以上的应收账款核销情况如下：,江苏丽岛新材料股份有限公司", "spo_list": [{"predicate": "应收帐款账面价值", "object_type": "金额", "subject_type": "日期", "object": "69.14万元", "subject": "2015年度", "subject_index": {"begin": 10, "end": 16}, "object_index": {"begin": 41, "end": 48}}, {"predicate": "应收帐款账面价值", "object_type": "金额", "subject_type": "日期", "object": "42.39万元", "subject": "2015年度", "subject_index": {"begin": 10, "end": 16}, "object_index": {"begin": 49, "end": 56}}, {"predicate": "应收帐款账面价值", "object_type": "金额", "subject_type": "日期", "object": "146.10万元", "subject": "2015年度", "subject_index": {"begin": 10, "end": 16}, "object_index": {"begin": 57, "end": 65}}]}
{"text": "公司期末长期待摊费用余额较年初减少9.18万元，降幅72.41%，长期待摊费用系办公楼及实验室装修费支出，期末余额较小，变动主要系2017年1-6月计提摊销导致。,江苏丽岛新材料股份有限公司", "spo_list": [{"predicate": "长期待摊费用", "object_type": "金额", "subject_type": "日期", "object": "9.18万元", "subject": "公司期末", "subject_index": {"begin": 0, "end": 4}, "object_index": {"begin": 17, "end": 23}}]}
{"text": "公司期末长期待摊费用余额较年初减少9.18万元，降幅72.41%，长期待摊费用系办公楼及实验室装修费支出，期末余额较小，变动主要系2017年1-6月计提摊销导致,江苏丽岛新材料股份有限公司", "spo_list": [{"predicate": "长期待摊费用", "object_type": "金额", "subject_type": "日期", "object": "9.18万元", "subject": "公司期末", "subject_index": {"begin": 0, "end": 4}, "object_index": {"begin": 17, "end": 23}}]}
{"text": "截至报告期末，公司的存货账面价值为18,680.82万元，占资产总额的21.25%。由于公司的存货账面价值占资产比例相对较大，如果产品或原材料价格随着铝锭价格大幅下降，存货的账面价值高于其可变现净值，公司将面临存货减值的风险，从而对公司的经营业绩产生影响。,江苏丽岛新材料股份有限公司", "spo_list": [{"predicate": "存货账面价值", "object_type": "金额", "subject_type": "日期", "object": "18,680.82万", "subject": "截至报告期末", "subject_index": {"begin": 0, "end": 6}, "object_index": {"begin": 17, "end": 27}}]}
{"text": "截至报告期末，公司存货和预付款项账面价值分别为18,680.82万元和8,914.02万元，,江苏丽岛新材料股份有限公司", "spo_list": [{"predicate": "预付账款余额", "object_type": "金额", "subject_type": "日期", "object": "18,680.82", "subject": "截至报告期末", "subject_index": {"begin": 0, "end": 6}, "object_index": {"begin": 23, "end": 32}}, {"predicate": "预付账款余额", "object_type": "金额", "subject_type": "日期", "object": "8,914.02万元", "subject": "截至报告期末", "subject_index": {"begin": 0, "end": 6}, "object_index": {"begin": 35, "end": 45}}]}
{"text": "截至报告期末，公司其他流动负债余额为9.45万元，系待转销项税额。,江苏丽岛新材料股份有限公司", "spo_list": [{"predicate": "其他流动负债", "object_type": "金额", "subject_type": "日期", "object": "9.45万元", "subject": "截至报告期末", "subject_index": {"begin": 0, "end": 6}, "object_index": {"begin": 18, "end": 24}}]}
{"text": "公司期末其他流动负债余额9.45万元，较年初减少62.91万元，降幅86.95%，主要系期末公司待转销项税额减少所致。,江苏丽岛新材料股份有限公司", "spo_list": [{"predicate": "其他流动负债", "object_type": "金额", "subject_type": "日期", "object": "9.45万", "subject": "公司期末", "subject_index": {"begin": 0, "end": 4}, "object_index": {"begin": 12, "end": 17}}, {"predicate": "其他流动负债", "object_type": "金额", "subject_type": "日期", "object": "62.91万元", "subject": "公司期末", "subject_index": {"begin": 0, "end": 4}, "object_index": {"begin": 24, "end": 31}}]}
{"text": "公司期末其他流动负债余额9.45万元，较年初减少62.91万元，降幅86.95%，主要系期末公司待转销项税额减少所致。,江苏丽岛新材料股份有限公司", "spo_list": [{"predicate": "其他非流动负债", "object_type": "金额", "subject_type": "日期", "object": "9.45万元", "subject": "公司期末", "subject_index": {"begin": 0, "end": 4}, "object_index": {"begin": 12, "end": 18}}, {"predicate": "其他流动负债", "object_type": "金额", "subject_type": "日期", "object": "62.91万元", "subject": "公司期末", "subject_index": {"begin": 0, "end": 4}, "object_index": {"begin": 24, "end": 31}}]}
{"text": "公司期末其他流动负债余额9.45万元，较年初减少62.91万元，降幅86.95%，主要系期末公司待转销项税额减少所致。,江苏丽岛新材料股份有限公司", "spo_list": [{"predicate": "其他流动负债", "object_type": "金额", "subject_type": "日期", "object": "9.45万元", "subject": "公司期末", "subject_index": {"begin": 0, "end": 4}, "object_index": {"begin": 12, "end": 18}}, {"predicate": "其他流动负债", "object_type": "金额", "subject_type": "日期", "object": "62.91万元", "subject": "公司期末", "subject_index": {"begin": 0, "end": 4}, "object_index": {"begin": 24, "end": 31}}]}
{"text": "发行后每股净资产：5.56元（按照本次公开发行前一会计期末经审计的归属于母公司股东的净资产值加预计募集资金净额之和除以本次发行后总股本计算）,江苏丽岛新材料股份有限公司", "spo_list": [{"predicate": "每股净资产", "object_type": "金额", "subject_type": "日期", "object": "5.56元", "subject": "发行后", "subject_index": {"begin": 0, "end": 3}, "object_index": {"begin": 9, "end": 14}}]}
{"text": "截至报告期末，公司其他流动负债余额为9.45万元，系待转销项税额。,江苏丽岛新材料股份有限公司", "spo_list": [{"predicate": "其他流动负债余额", "object_type": "金额", "subject_type": "日期", "object": "9.45万元", "subject": "截至报告期末", "subject_index": {"begin": 0, "end": 6}, "object_index": {"begin": 18, "end": 24}}]}
{"text": "公司期末其他应收款余额较年初增加15.61万元，涨幅51.46%，其他应收款余额较小，款项性质以保证金及押金为主。,江苏丽岛新材料股份有限公司", "spo_list": [{"predicate": "其他应收款余额", "object_type": "金额", "subject_type": "日期", "object": "15.61万元", "subject": "公司期末", "subject_index": {"begin": 0, "end": 4}, "object_index": {"begin": 16, "end": 23}}]}
{"text": "公司期末其他应收款余额较年初增加15.61万元，涨幅51.46%，其他应收款余额较小，款项性质以保证金及押金为主。,江苏丽岛新材料股份有限公司", "spo_list": [{"predicate": "其他应收款余额", "object_type": "金额", "subject_type": "日期", "object": "15.61万元", "subject": "公司期末", "subject_index": {"begin": 0, "end": 4}, "object_index": {"begin": 16, "end": 23}}]}
{"text": "截至报告期末，公司存货和预付款项账面价值分别为18,680.82万元和8,914.02万元，占流动资产和资产总额的比例较高，存货及购货预付款占用资金规模较大。,江苏丽岛新材料股份有限公司", "spo_list": [{"predicate": "存货账面余额", "object_type": "金额", "subject_type": "日期", "object": "18,680.82万元", "subject": "截至报告期末", "subject_index": {"begin": 0, "end": 6}, "object_index": {"begin": 23, "end": 34}}, {"predicate": "预付款项余额", "object_type": "金额", "subject_type": "日期", "object": "8,914.02万元", "subject": "截至报告期末", "subject_index": {"begin": 0, "end": 6}, "object_index": {"begin": 35, "end": 45}}]}
{"text": "公司2015年末其他非流动资产预付款系为2016年在建工程厚板横切线项目采购厚板矫直机，设备合同总价218万。2016年在建工程厚板横切线项目已完工，结转固定资产投入生产。,江苏丽岛新材料股份有限公司", "spo_list": [{"predicate": "预付账款余额", "object_type": "金额", "subject_type": "日期", "object": "218万", "subject": "2015年末", "subject_index": {"begin": 2, "end": 8}, "object_index": {"begin": 50, "end": 54}}]}
{"text": "截至报告期末，公司预收款项余额为1,016.98万元，均为预收销售款。,江苏丽岛新材料股份有限公司", "spo_list": [{"predicate": "预收款项余额", "object_type": "金额", "subject_type": "日期", "object": "1,016.98万元", "subject": "截至报告期末，", "subject_index": {"begin": 0, "end": 7}, "object_index": {"begin": 16, "end": 26}}]}
{"text": "公司期末在建工程余额较年初增加199.69万元，涨幅522.29%，期末在建工程项目系募集资金投资项目（新建铝材精加工产业基地项目），公司使用自筹资金开始投入，相应的工程支出增加，期末尚未完工。,江苏丽岛新材料股份有限公司", "spo_list": [{"predicate": "在建工程余额", "object_type": "金额", "subject_type": "日期", "object": "199.69万元", "subject": "公司期末", "subject_index": {"begin": 0, "end": 4}, "object_index": {"begin": 15, "end": 23}}]}
