{"text": "截至2013年12月31日，公司应付票据余额为13,950,000.00元，无欠持本公司5%以上（含5%）表决权股份的股东单位的款项。", "spo_list": [{"predicate": "应收票据余额", "object_type": "金额", "subject_type": "日期", "object": "13,950,000.00元", "subject": "截至2013年12月31日", "subject_index": {"begin": 0, "end": 13}, "object_index": {"begin": 23, "end": 37}}]}
{"text": "截至2013年12月31日，公司预收款项余额为378,701,809.96元，无欠持本公司5%以上（含5%）表决权股份的股东单位的款项。", "spo_list": [{"predicate": "预收款项余额", "object_type": "金额", "subject_type": "日期", "object": "378,701,809.96元", "subject": "截至2013年12月31日", "subject_index": {"begin": 0, "end": 13}, "object_index": {"begin": 23, "end": 38}}]}
{"text": "截至2013年12月31日，公司应交税费余额为87,017,955.61元，", "spo_list": [{"predicate": "应交税费余额", "object_type": "金额", "subject_type": "日期", "object": "87,017,955.61元", "subject": "截至2013年12月31日", "subject_index": {"begin": 0, "end": 13}, "object_index": {"begin": 23, "end": 37}}]}
{"text": "2011年末、2012年末和2013年末，公司预付款项的余额分别为1,846.90万元、4,398.55万元和3,469.27万元。", "spo_list": [{"predicate": "预付款项余额", "object_type": "金额", "subject_type": "日期", "object": "1,846.90万元", "subject": "2011年末", "subject_index": {"begin": 0, "end": 6}, "object_index": {"begin": 33, "end": 43}}, {"predicate": "预付款项余额", "object_type": "金额", "subject_type": "日期", "object": "4,398.55万元", "subject": "2012年末", "subject_index": {"begin": 7, "end": 13}, "object_index": {"begin": 44, "end": 54}}, {"predicate": "预付款项余额", "object_type": "金额", "subject_type": "日期", "object": "3,469.27万元", "subject": "2013年末", "subject_index": {"begin": 14, "end": 20}, "object_index": {"begin": 55, "end": 65}}]}
{"text": "2011年末、2012年末和2013年末，公司其他应收款的余额分别为2,608.52万元、1,159.98万元和1,525.69万元。2013年末其他应收款主要是支付的广告保证金和品牌推广保证金。期末无应收持有本公司5%(含5%)以上表决权股份的股东单位或其他关联方款项。", "spo_list": [{"predicate": "其他应收款余额", "object_type": "金额", "subject_type": "日期", "object": "2,608.52万元", "subject": "2011年末", "subject_index": {"begin": 0, "end": 6}, "object_index": {"begin": 34, "end": 44}}, {"predicate": "其他应收款余额", "object_type": "金额", "subject_type": "日期", "object": "1,159.98万元", "subject": "2012年末", "subject_index": {"begin": 7, "end": 13}, "object_index": {"begin": 45, "end": 55}}, {"predicate": "其他应收款余额", "object_type": "金额", "subject_type": "日期", "object": "1,525.69万元", "subject": "2013年末", "subject_index": {"begin": 14, "end": 20}, "object_index": {"begin": 56, "end": 66}}]}
{"text": "报告期内，随着公司产品销量的逐年增长，生产所需要的原材料和为销售所准备的半成品及库存商品相应增加，导致存货余额从2011年末的77,826.05万元增长到2013年末的114,532.51万元。", "spo_list": [{"predicate": "存货余额", "object_type": "金额", "subject_type": "日期", "object": "77,826.05万元", "subject": "2011年末", "subject_index": {"begin": 56, "end": 62}, "object_index": {"begin": 63, "end": 74}}, {"predicate": "存货余额", "object_type": "金额", "subject_type": "日期", "object": "114,532.51万元", "subject": "2013年末", "subject_index": {"begin": 77, "end": 83}, "object_index": {"begin": 84, "end": 96}}]}
{"text": "2011年末、2012年末和2013年末，公司固定资产分别为55,065.36万元、58,379.30万元和59,921.45万元。2012年末的固定资产比2011年末增长了3,313.93万元。2013年末的固定资产较2012年末增长了1,542.15万元，增长了2.64%。", "spo_list": [{"predicate": "固定资产账面价值", "object_type": "金额", "subject_type": "日期", "object": "55,065.36万元", "subject": "2011年末", "subject_index": {"begin": 0, "end": 6}, "object_index": {"begin": 30, "end": 41}}, {"predicate": "固定资产账面价值", "object_type": "金额", "subject_type": "日期", "object": "58,379.30万元", "subject": "2012年末", "subject_index": {"begin": 7, "end": 13}, "object_index": {"begin": 42, "end": 53}}, {"predicate": "固定资产账面价值", "object_type": "金额", "subject_type": "日期", "object": "59,921.45万元", "subject": "2013年末", "subject_index": {"begin": 14, "end": 20}, "object_index": {"begin": 54, "end": 65}}]}
{"text": "2011年末、2012年末和2013年末，公司无形资产分别为23,124.76万元、19,371.32万元和18,214.43万元。2012年无形资产较2011年减少，主要是政府明确了一笔金额为2,023.39万元的补助资金是对发行人以前缴纳的拆迁补偿款的补偿，所以在2012年冲减了土地使用权的原值。", "spo_list": [{"predicate": "无形资产账面价值", "object_type": "金额", "subject_type": "日期", "object": "23,124.76万元", "subject": "2011年末", "subject_index": {"begin": 0, "end": 6}, "object_index": {"begin": 30, "end": 41}}, {"predicate": "无形资产账面价值", "object_type": "金额", "subject_type": "日期", "object": "19,371.32万元", "subject": "2012年末", "subject_index": {"begin": 7, "end": 13}, "object_index": {"begin": 42, "end": 53}}, {"predicate": "无形资产账面价值", "object_type": "金额", "subject_type": "日期", "object": "18,214.43万元", "subject": "2013年末", "subject_index": {"begin": 14, "end": 20}, "object_index": {"begin": 54, "end": 65}}]}
{"text": "2011年末、2012年末和2013年末，公司预收款项分别为27,037.35万元、30,314.64和万元和37,870.18万元。", "spo_list": [{"predicate": "预收款项余额", "object_type": "金额", "subject_type": "日期", "object": "27,037.35万元", "subject": "2011年末", "subject_index": {"begin": 0, "end": 6}, "object_index": {"begin": 30, "end": 41}}, {"predicate": "预收款项余额", "object_type": "金额", "subject_type": "日期", "object": "30,314.64和万元", "subject": "2012年末", "subject_index": {"begin": 7, "end": 13}, "object_index": {"begin": 42, "end": 54}}, {"predicate": "预收款项余额", "object_type": "金额", "subject_type": "日期", "object": "37,870.18万元", "subject": "2013年末", "subject_index": {"begin": 14, "end": 20}, "object_index": {"begin": 55, "end": 66}}]}
{"text": "2011年、2012年和2013年，本公司息税折旧摊销前利润分别为75,907.45万元、96,478.57万元和98,349.86万元，2011年的利息保障倍数为903.44倍，2012年、2013年公司未发生利息支出。", "spo_list": [{"predicate": "利息保障倍数", "object_type": "日期", "subject_type": "比率", "object": "2011年", "subject": "903.44倍", "subject_index": {"begin": 82, "end": 89}, "object_index": {"begin": 69, "end": 74}}]}
{"text": "2011年-2013年的职工薪酬金额分别为7,049.55万元、6,811.23万元、6,895.41万元，基本保持稳定。", "spo_list": [{"predicate": "应付职工薪酬余额", "object_type": "金额", "subject_type": "日期", "object": "7,049.55万元", "subject": "2011年-2013年", "subject_index": {"begin": 0, "end": 11}, "object_index": {"begin": 21, "end": 31}}, {"predicate": "应付职工薪酬余额", "object_type": "金额", "subject_type": "日期", "object": "6,811.23万元", "subject": "2011年-2013年", "subject_index": {"begin": 0, "end": 11}, "object_index": {"begin": 32, "end": 42}}, {"predicate": "应付职工薪酬余额", "object_type": "金额", "subject_type": "日期", "object": "6,895.41万元", "subject": "2011年-2013年", "subject_index": {"begin": 0, "end": 11}, "object_index": {"begin": 43, "end": 53}}]}
{"text": "截至2013年12月31日，公司应付账款余额为89,954,600.43元，无欠持本公司5%以上（含5%）表决权股份的股东单位的款项。", "spo_list": [{"predicate": "应付账款余额", "object_type": "金额", "subject_type": "日期", "object": "89,954,600.43元", "subject": "2013年12月31日", "subject_index": {"begin": 2, "end": 13}, "object_index": {"begin": 23, "end": 37}}]}
{"text": "截至2013年12月31日，公司应付职工薪酬余额为61,889,508.22元，", "spo_list": [{"predicate": "应付职工薪酬余额", "object_type": "金额", "subject_type": "日期", "object": "61,889,508.22元", "subject": "2013年12月31日", "subject_index": {"begin": 2, "end": 13}, "object_index": {"begin": 25, "end": 39}}]}
{"text": "截至2013年12月31日，公司其他应付款余额为408,922,861.89元，", "spo_list": [{"predicate": "其他应付款余额", "object_type": "金额", "subject_type": "日期", "object": "408,922,861.89元", "subject": "2013年12月31日", "subject_index": {"begin": 2, "end": 13}, "object_index": {"begin": 24, "end": 39}}]}
{"text": "截至2013年12月31日，公司一年内到期的非流动负债为28,090,800.00元，", "spo_list": [{"predicate": "非流动负债", "object_type": "金额", "subject_type": "日期", "object": "28,090,800.00元", "subject": "2013年12月31日", "subject_index": {"begin": 2, "end": 13}, "object_index": {"begin": 28, "end": 42}}]}
{"text": "截至2013年末，本公司流动资产合计242,055.95万元，主要包括货币资金114,289.87万元，占流动资产比重为47.22%；存货114,532.51万元，占流动资产比重为47.32%。", "spo_list": [{"predicate": "存货余额", "object_type": "金额", "subject_type": "日期", "object": "114,532.51万元", "subject": "2013年末", "subject_index": {"begin": 2, "end": 8}, "object_index": {"begin": 69, "end": 81}}]}
{"text": "2011年末、2012年末和2013年末，公司应收账款的金额分别为3,092.92万元、3,886.49万元和3,081.79万元，报告期内一直稳定在4,000万元以下。本公司对大多数客户采取款到发货的政策，对于赊销的客户采取了稳健的应收账款管理政策，因此应收账款占收入总额的比重较小。", "spo_list": [{"predicate": "应收账款账面余额", "object_type": "金额", "subject_type": "日期", "object": "3,081.79万元", "subject": "2013年末", "subject_index": {"begin": 14, "end": 20}, "object_index": {"begin": 55, "end": 65}}, {"predicate": "应收账款账面余额", "object_type": "金额", "subject_type": "日期", "object": "3,886.49万元", "subject": "2012年末", "subject_index": {"begin": 7, "end": 13}, "object_index": {"begin": 44, "end": 54}}, {"predicate": "应收账款账面余额", "object_type": "金额", "subject_type": "日期", "object": "3,092.92万元", "subject": "2011年末", "subject_index": {"begin": 0, "end": 6}, "object_index": {"begin": 33, "end": 43}}]}
{"text": "2011年末、2012年末和2013年末，公司存货余额分别为77,826.05万元、95,946.39万元和114,532.51万元，2012年末和2013年末存货余额分别较上年末增长23.28%和19.37%。", "spo_list": [{"predicate": "存货余额", "object_type": "金额", "subject_type": "日期", "object": "114,532.51万元", "subject": "2013年末", "subject_index": {"begin": 14, "end": 20}, "object_index": {"begin": 54, "end": 66}}, {"predicate": "存货余额", "object_type": "金额", "subject_type": "日期", "object": "95,946.39万元", "subject": "2012年末", "subject_index": {"begin": 7, "end": 13}, "object_index": {"begin": 42, "end": 53}}, {"predicate": "存货余额", "object_type": "金额", "subject_type": "日期", "object": "77,826.05万元", "subject": "2011年末", "subject_index": {"begin": 0, "end": 6}, "object_index": {"begin": 30, "end": 41}}]}
{"text": "截至2013年末，公司非流动资产合计94,570.23万元，占总资产的比例为28.09%，其中固定资产59,921.45万元，占非流动资产比重为63.36%；在建工程7,415.35万元，占非流动资产比重为7.84%；无形资产18,214.43万元，占非流动资产比重为19.26%。", "spo_list": [{"predicate": "非流动资产", "object_type": "金额", "subject_type": "日期", "object": "94,570.23万元", "subject": "2013年末", "subject_index": {"begin": 2, "end": 8}, "object_index": {"begin": 18, "end": 29}}, {"predicate": "固定资产净额", "object_type": "金额", "subject_type": "日期", "object": "59,921.45万元", "subject": "2013年末", "subject_index": {"begin": 2, "end": 8}, "object_index": {"begin": 51, "end": 62}}, {"predicate": "无形资产账面价值", "object_type": "金额", "subject_type": "日期", "object": "18,214.43万元", "subject": "2013年末", "subject_index": {"begin": 2, "end": 8}, "object_index": {"begin": 113, "end": 124}}, {"predicate": "在建工程余额", "object_type": "金额", "subject_type": "日期", "object": "7,415.35万元", "subject": "2013年末", "subject_index": {"begin": 2, "end": 8}, "object_index": {"begin": 83, "end": 93}}]}
{"text": "2012年，公司新增的固定资产原值为7,024.14万元，主要为房屋建筑物新增4,007.35万元以及基酒生产部门新增生产设备791.80万元。", "spo_list": [{"predicate": "固定资产账面价值", "object_type": "金额", "subject_type": "日期", "object": "7,024.14万元", "subject": "2012年", "subject_index": {"begin": 0, "end": 5}, "object_index": {"begin": 18, "end": 28}}]}
{"text": "2011年末、2012年末和2013年末，公司在建工程分别为477.30万元、2,957.58万元和7,415.35万元。2012年末，公司的在建工程主要是“酿酒自动化工程”，金额为2262.30万元。2013年末，公司的在建工程主要是“发酵厂房技改工程”，金额为6,920.55万元。", "spo_list": [{"predicate": "在建工程余额", "object_type": "金额", "subject_type": "日期", "object": "7,415.35万元", "subject": "2013年末", "subject_index": {"begin": 14, "end": 20}, "object_index": {"begin": 50, "end": 60}}, {"predicate": "在建工程余额", "object_type": "金额", "subject_type": "日期", "object": "2,957.58万元", "subject": "2012年末", "subject_index": {"begin": 7, "end": 13}, "object_index": {"begin": 39, "end": 49}}, {"predicate": "在建工程余额", "object_type": "金额", "subject_type": "日期", "object": "477.30万元", "subject": "2011年末", "subject_index": {"begin": 0, "end": 6}, "object_index": {"begin": 30, "end": 38}}]}
{"text": "2011年末、2012年末和2013年末，公司应付账款分别为12,270.53万元、9,077.59万元和8,995.46万元。", "spo_list": [{"predicate": "应付账款余额", "object_type": "金额", "subject_type": "日期", "object": "8,995.46万元", "subject": "2013年末", "subject_index": {"begin": 14, "end": 20}, "object_index": {"begin": 53, "end": 63}}, {"predicate": "应付账款余额", "object_type": "金额", "subject_type": "日期", "object": "9,077.59万元", "subject": "2012年末", "subject_index": {"begin": 7, "end": 13}, "object_index": {"begin": 42, "end": 52}}, {"predicate": "应付账款余额", "object_type": "金额", "subject_type": "日期", "object": "12,270.53万元", "subject": "2011年末", "subject_index": {"begin": 0, "end": 6}, "object_index": {"begin": 30, "end": 41}}]}
