{"text": "本公司2001年、2002年和2003年的应收账款余额分别为55，915，602.32元、47，536，382.74元和69，149，521.80元。", "spo_list": [{"predicate": "应收账款账面余额", "object_type": "金额", "subject_type": "日期", "object": "55，915，602.32元", "subject": "2001年", "subject_index": {"begin": 3, "end": 8}, "object_index": {"begin": 30, "end": 44}}, {"predicate": "应收账款账面余额", "object_type": "金额", "subject_type": "日期", "object": "47，536，382.74元", "subject": "2002年", "subject_index": {"begin": 9, "end": 14}, "object_index": {"begin": 45, "end": 59}}, {"predicate": "应收账款账面余额", "object_type": "金额", "subject_type": "日期", "object": "69，149，521.80元", "subject": "2003年", "subject_index": {"begin": 15, "end": 20}, "object_index": {"begin": 60, "end": 74}}]}
{"text": "截至2003年12月31日，账龄在一年以内的其他应收款余额为1，403，869.31元，占其他应收款总额的比例为41.89%；", "spo_list": [{"predicate": "其他应收款余额", "object_type": "金额", "subject_type": "日期", "object": "1，403，869.31元", "subject": "截至2003年12月31日", "subject_index": {"begin": 0, "end": 13}, "object_index": {"begin": 30, "end": 43}}]}
{"text": "2002年12月31日比2001年减少454，459.71元，减幅17.75%。上述期末的应收账款净额分别为53，373，337.07元、45，480，344.57元和65，862，538.39元；其他应收款净额分别为573，364.57元、3，204，925.72元和3，292，758.37元。", "spo_list": [{"predicate": "应收帐款净额", "object_type": "金额", "subject_type": "日期", "object": "53，373，337.07元", "subject": "2002年12月31日", "subject_index": {"begin": 0, "end": 11}, "object_index": {"begin": 54, "end": 68}}, {"predicate": "应收帐款净额", "object_type": "金额", "subject_type": "日期", "object": "45，480，344.57元", "subject": "2002年12月31日", "subject_index": {"begin": 0, "end": 11}, "object_index": {"begin": 69, "end": 83}}, {"predicate": "应收帐款净额", "object_type": "金额", "subject_type": "日期", "object": "65，862，538.39元", "subject": "2002年12月31日", "subject_index": {"begin": 0, "end": 11}, "object_index": {"begin": 84, "end": 98}}, {"predicate": "其他应收款净额", "object_type": "金额", "subject_type": "日期", "object": "573，364.57元", "subject": "2002年12月31日", "subject_index": {"begin": 0, "end": 11}, "object_index": {"begin": 109, "end": 120}}, {"predicate": "其他应收款净额", "object_type": "金额", "subject_type": "日期", "object": "3，204，925.72元", "subject": "2002年12月31日", "subject_index": {"begin": 0, "end": 11}, "object_index": {"begin": 121, "end": 134}}, {"predicate": "其他应收款净额", "object_type": "金额", "subject_type": "日期", "object": "3，292，758.37元", "subject": "2002年12月31日", "subject_index": {"begin": 0, "end": 11}, "object_index": {"begin": 135, "end": 148}}]}
{"text": "2001年、2002年和2003年末，本公司预收账款余额分别为353，032.47元、19，491.12元和144，071.48元。2003年12月31日，账龄在一至二年的预收账款为144，071.48元，占总额的100%。预收账款余额中无预收持本公司5%以上（含5%）股份的股东单位款项。", "spo_list": [{"predicate": "预收账款余额", "object_type": "金额", "subject_type": "日期", "object": "353，032.47元", "subject": "2001年", "subject_index": {"begin": 0, "end": 5}, "object_index": {"begin": 31, "end": 42}}, {"predicate": "预收账款余额", "object_type": "金额", "subject_type": "日期", "object": "19，491.12元", "subject": "2002年", "subject_index": {"begin": 6, "end": 11}, "object_index": {"begin": 43, "end": 53}}, {"predicate": "预收账款余额", "object_type": "金额", "subject_type": "日期", "object": "144，071.48元", "subject": "2003年末", "subject_index": {"begin": 12, "end": 18}, "object_index": {"begin": 54, "end": 65}}]}
{"text": "本公司2001年、2002年和2003年末的其他应收款余额分别为591，097.48元、3，254，426.00元和3，350，946.31元。", "spo_list": [{"predicate": "其他应收款余额", "object_type": "金额", "subject_type": "日期", "object": "3，350，946.31元", "subject": "2003年末", "subject_index": {"begin": 15, "end": 21}, "object_index": {"begin": 58, "end": 71}}, {"predicate": "其他应收款余额", "object_type": "金额", "subject_type": "日期", "object": "3，254，426.00元", "subject": "2002年", "subject_index": {"begin": 9, "end": 14}, "object_index": {"begin": 44, "end": 57}}, {"predicate": "其他应收款余额", "object_type": "金额", "subject_type": "日期", "object": "591，097.48元", "subject": "2001年", "subject_index": {"begin": 3, "end": 8}, "object_index": {"begin": 32, "end": 43}}]}
{"text": "公司2001年12月31日、2002年12月31日和2003年12月31日的存货余额为53，916，437.70元、66，282，737.41元和55，883，028.08元。", "spo_list": [{"predicate": "存货余额", "object_type": "金额", "subject_type": "日期", "object": "55，883，028.08元", "subject": "2003年12月31日", "subject_index": {"begin": 26, "end": 37}, "object_index": {"begin": 73, "end": 87}}, {"predicate": "存货余额", "object_type": "金额", "subject_type": "日期", "object": "66，282，737.41元", "subject": "2002年12月31日", "subject_index": {"begin": 14, "end": 25}, "object_index": {"begin": 58, "end": 72}}, {"predicate": "存货余额", "object_type": "金额", "subject_type": "日期", "object": "53，916，437.70元", "subject": "2001年12月31日", "subject_index": {"begin": 2, "end": 13}, "object_index": {"begin": 43, "end": 57}}]}
{"text": "公司2001年提取存货跌价准备3，017，166.73元，其中，库存商品提取1，848，342.00元，在产品提取1，168，824.73元；2002年12月31日提取存货跌价准备3，285，234.78元，其中，在产品提取1，954，743.07元，库存商品提取1，330，491.71元;2003年12月31日提取存货跌价准备3，128，413.90元，其中，在产品提取1，398，040.61元，库存商品提取1，730，373.29元。", "spo_list": [{"predicate": "存货跌价准备余额", "object_type": "金额", "subject_type": "日期", "object": "3，017，166.73元", "subject": "2001年", "subject_index": {"begin": 2, "end": 7}, "object_index": {"begin": 15, "end": 28}}, {"predicate": "存货跌价准备余额", "object_type": "金额", "subject_type": "日期", "object": "3，285，234.78元", "subject": "2002年12月31日", "subject_index": {"begin": 71, "end": 82}, "object_index": {"begin": 90, "end": 103}}]}
{"text": "截至2003年12月31日，公司的其他应付款余额为2，299，814.00元，账龄在一年以内的其他应付款占总额的62.51%；账龄在一至二年的其他应付款占总额的37.48%。大额其他应付款主要包括应付铁道部车辆验收室验收费1，258，925.70元。2003年12月31日，其他应付款余额中无应付持有本公司5%以上（含5%）股份的股东单位款项。", "spo_list": [{"predicate": "其他应付款余额", "object_type": "金额", "subject_type": "日期", "object": "2，299，814.00元", "subject": "2003年12月31日", "subject_index": {"begin": 2, "end": 13}, "object_index": {"begin": 25, "end": 38}}]}
{"text": "截至2003年12月31日，公司的长期应付款余额为0元；截至2002年12月31日，余额为0元；截至2001年12月31日余额为22，886，853.56元，该款项是公司成立时占用晋机集团的资金（总额为41，422，241.37元）。", "spo_list": [{"predicate": "长期应付款", "object_type": "金额", "subject_type": "日期", "object": "0元", "subject": "003年12月31日", "subject_index": {"begin": 3, "end": 13}, "object_index": {"begin": 25, "end": 27}}, {"predicate": "长期应付款", "object_type": "金额", "subject_type": "日期", "object": "为0元", "subject": "2002年12月31日", "subject_index": {"begin": 30, "end": 41}, "object_index": {"begin": 44, "end": 47}}, {"predicate": "长期应付款", "object_type": "金额", "subject_type": "日期", "object": "22，886，853.56元", "subject": "2001年12月31日", "subject_index": {"begin": 50, "end": 61}, "object_index": {"begin": 64, "end": 78}}]}
{"text": "截至2003年12月31日，账龄在一年以内的应收账款余额为58，192，674.14元，占应收账款总额的比例为84.15%；", "spo_list": [{"predicate": "其他应付款余额", "object_type": "金额", "subject_type": "日期", "object": "58，192，674.14", "subject": "至2003年12月31日", "subject_index": {"begin": 1, "end": 13}, "object_index": {"begin": 29, "end": 42}}]}
{"text": "公司2001年12月31日、2002年12月31日和2003年12月31日的坏账准备余额分别为2，559，998.16元、2，105，538.45元和3，345，171.35元。", "spo_list": [{"predicate": "应收帐款坏账准备", "object_type": "金额", "subject_type": "日期", "object": "2，559，998.16元", "subject": "2001年12月31日", "subject_index": {"begin": 2, "end": 13}, "object_index": {"begin": 47, "end": 60}}, {"predicate": "应收帐款坏账准备", "object_type": "金额", "subject_type": "日期", "object": "2，105，538.45元", "subject": "2002年12月31日", "subject_index": {"begin": 14, "end": 25}, "object_index": {"begin": 61, "end": 74}}, {"predicate": "应收帐款坏账准备", "object_type": "金额", "subject_type": "日期", "object": "3，345，171.35元", "subject": "2003年12月31日", "subject_index": {"begin": 26, "end": 37}, "object_index": {"begin": 75, "end": 88}}]}
{"text": "公司2001年12月31日、2002年12月31日和2003年12月31日的预付账款余额分别为10，943，895.68元、23，004.00元和299，112.00元。2002年比2001年减少10，920，891.68元，主要原因是预付四川制动科技股份有限公司投资款转入长期投资核算。", "spo_list": [{"predicate": "预付账款余额", "object_type": "金额", "subject_type": "日期", "object": "10，943，895.68元", "subject": "2001年12月31日", "subject_index": {"begin": 2, "end": 13}, "object_index": {"begin": 47, "end": 61}}, {"predicate": "预付账款余额", "object_type": "金额", "subject_type": "日期", "object": "、23，004.00元和299", "subject": "2002年12月31日", "subject_index": {"begin": 14, "end": 25}, "object_index": {"begin": 61, "end": 76}}, {"predicate": "预付账款余额", "object_type": "金额", "subject_type": "日期", "object": "112.00元", "subject": "2003年12月31日", "subject_index": {"begin": 26, "end": 37}, "object_index": {"begin": 77, "end": 84}}, {"predicate": "预付账款余额", "object_type": "金额", "subject_type": "日期", "object": "10，920，891.68元", "subject": "2002年", "subject_index": {"begin": 85, "end": 90}, "object_index": {"begin": 98, "end": 112}}]}
{"text": "截至2003年12月31日，公司存货结存55，883，028.08元，其中在途物资205，000.25元，占0.37%；原材料3，461，038.30元，占6.19%；在产品14，933，318.51元，占26.72%；库存商品37，283，671.02元，占66.72%。", "spo_list": [{"predicate": "存货余额", "object_type": "金额", "subject_type": "日期", "object": "55，883，028.08元", "subject": "2003年12月31日", "subject_index": {"begin": 2, "end": 13}, "object_index": {"begin": 20, "end": 34}}]}
{"text": "公司2003年12月31日在建工程余额275，000.00元，根据各期末检查结果，未发现在建工程发生减值的情况，故未提在建工程减值准备。", "spo_list": [{"predicate": "在建工程余额", "object_type": "金额", "subject_type": "日期", "object": "275，000.00元", "subject": "2003年12月31日", "subject_index": {"begin": 2, "end": 13}, "object_index": {"begin": 19, "end": 30}}]}
{"text": "截至2003年12月31日，公司的短期借款余额为70，000，000.00元，占流动负债的63.27%。", "spo_list": [{"predicate": "短期借款余额", "object_type": "金额", "subject_type": "日期", "object": "70，000，000.00元", "subject": "2003年12月31日", "subject_index": {"begin": 2, "end": 13}, "object_index": {"begin": 24, "end": 38}}]}
{"text": "截至2003年12月31日，公司其他应交款余额为207，465.65元，", "spo_list": [{"predicate": "其他应付款余额", "object_type": "金额", "subject_type": "日期", "object": "207，465.65元，", "subject": "2003年12月31日", "subject_index": {"begin": 2, "end": 13}, "object_index": {"begin": 24, "end": 36}}]}
{"text": "截至2003年12月31日，公司总资产234，968，783.24元。其中，流动资产165，596，317.24元，占总资产的70.48%；固定资产59，372，466.00元，占总资产的29.91%。", "spo_list": [{"predicate": "固定资产账面价值", "object_type": "金额", "subject_type": "日期", "object": "59，372，466.00元", "subject": "2003年12月31日", "subject_index": {"begin": 2, "end": 13}, "object_index": {"begin": 74, "end": 88}}]}
