{"text": "截止2006年6月30日，公司固定资产原值为110，702.68万元，累计折旧45，996.99万元，固定资产净额为64，474.78万元。固定资产的成新率为58.24%。", "spo_list": [{"predicate": "固定资产账面价值", "object_type": "金额", "subject_type": "日期", "object": "110，702.68万元", "subject": "截止2006年6月30日", "subject_index": {"begin": 0, "end": 12}, "object_index": {"begin": 22, "end": 34}}, {"predicate": "固定资产净额", "object_type": "金额", "subject_type": "日期", "object": "64，474.78万元", "subject": "截止2006年6月30日", "subject_index": {"begin": 0, "end": 12}, "object_index": {"begin": 58, "end": 69}}]}
{"text": "本公司2004年12月31日短期保证借款余额16.2万美元由本公司董事长蔡永龙先生及蔡林玉华女士提供不可撤销的连带清偿责任担保；本公司2004年12月31日长期保证借款余额33.32万美元由晋禾企业、晋正企业、本公司董事长蔡永龙先生及蔡林玉华女士提供不可撤销的连带清偿责任担保。", "spo_list": [{"predicate": "短期借款余额", "object_type": "金额", "subject_type": "日期", "object": "16.2万美元", "subject": "2004年12月31日", "subject_index": {"begin": 3, "end": 14}, "object_index": {"begin": 22, "end": 29}}, {"predicate": "长期借款余额", "object_type": "金额", "subject_type": "日期", "object": "33.32万美元", "subject": "2004年12月31日", "subject_index": {"begin": 67, "end": 78}, "object_index": {"begin": 86, "end": 94}}]}
{"text": "截止2006年6月末，公司应付票据金额为32，609.24万元，全部为银行承兑汇票，应付票据的到期期限为2006年7月至12月。", "spo_list": [{"predicate": "应付账款余额", "object_type": "金额", "subject_type": "日期", "object": "32，609.24万元", "subject": "截止2006年6月末", "subject_index": {"begin": 0, "end": 10}, "object_index": {"begin": 20, "end": 31}}]}
{"text": "2003年末、2004年末、2005年末及2006年6月末，公司应收账款余额分别为15，677.68万元、14，254.00万元、16，727.21万元和17，820.68万元，占当期总资产的比例分别为12.12%、9.23%、10.83%和10.90%，占当期主营业务收入的比例分别为18.74%、12.79%、14.11%和29.68%，应收账款周转率分别为6.08、7.45、7.65、3.48。", "spo_list": [{"predicate": "应收账款账面余额", "object_type": "金额", "subject_type": "日期", "object": "15，677.68万元", "subject": "2003年末", "subject_index": {"begin": 0, "end": 6}, "object_index": {"begin": 41, "end": 52}}, {"predicate": "应收账款账面余额", "object_type": "金额", "subject_type": "日期", "object": "14，254.00万元", "subject": "2004年末", "subject_index": {"begin": 7, "end": 13}, "object_index": {"begin": 53, "end": 64}}, {"predicate": "应收账款账面余额", "object_type": "金额", "subject_type": "日期", "object": "16，727.21万元", "subject": "2005年末", "subject_index": {"begin": 14, "end": 20}, "object_index": {"begin": 65, "end": 76}}, {"predicate": "应收账款账面余额", "object_type": "金额", "subject_type": "日期", "object": "17，820.68万元", "subject": "2006年6月末", "subject_index": {"begin": 21, "end": 29}, "object_index": {"begin": 77, "end": 88}}]}
{"text": "2003年末、2004年末、2005年末和2006年6月末，公司存货净额分别为38，900.00万元、57，711.90万元、54，238.84万元和55，277.96万元。", "spo_list": [{"predicate": "存货净值", "object_type": "金额", "subject_type": "日期", "object": "55，277.96万元", "subject": "2006年6月末", "subject_index": {"begin": 21, "end": 29}, "object_index": {"begin": 75, "end": 86}}, {"predicate": "存货净值", "object_type": "金额", "subject_type": "日期", "object": "54，238.84万元", "subject": "2005年末", "subject_index": {"begin": 14, "end": 20}, "object_index": {"begin": 63, "end": 74}}, {"predicate": "存货净值", "object_type": "金额", "subject_type": "日期", "object": "57，711.90万元", "subject": "2004年末", "subject_index": {"begin": 7, "end": 13}, "object_index": {"begin": 51, "end": 62}}, {"predicate": "存货净值", "object_type": "金额", "subject_type": "日期", "object": "38，900.00万元", "subject": "2003年末", "subject_index": {"begin": 0, "end": 6}, "object_index": {"begin": 39, "end": 50}}]}
{"text": "本公司存货2006年6月末账面原值为55，500.46万元，其中原材料14，526.35万元，模具6，844.60万元，在产品11，162.55万元，产成品22，966.97万元，产成品计提存货跌价准备222.50万元，存货余额为55，277.96万元。公司存货余额2004年末比2003年末增长了48.36%、2005年末比2004年末下降了6.02%、2006年6月末比2005年末增长了1.92%。", "spo_list": [{"predicate": "存货账面余额", "object_type": "金额", "subject_type": "日期", "object": "55，500.46万元", "subject": "2006年6月", "subject_index": {"begin": 5, "end": 12}, "object_index": {"begin": 18, "end": 29}}, {"predicate": "存货跌价准备", "object_type": "金额", "subject_type": "日期", "object": "222.50万元", "subject": "2006年6月", "subject_index": {"begin": 5, "end": 12}, "object_index": {"begin": 101, "end": 109}}, {"predicate": "存货余额", "object_type": "金额", "subject_type": "日期", "object": "55，277.96万元", "subject": "2006年6月", "subject_index": {"begin": 5, "end": 12}, "object_index": {"begin": 115, "end": 126}}]}
{"text": "截至2006年6月30日，本公司在建工程尚有6，944.21万元未转入固定资产。", "spo_list": [{"predicate": "在建工程余额", "object_type": "金额", "subject_type": "日期", "object": "6，944.21万元", "subject": "2006年6月30日", "subject_index": {"begin": 2, "end": 12}, "object_index": {"begin": 22, "end": 32}}]}
{"text": "截止2006年6月30日，本公司无形资产为749.05万元，", "spo_list": [{"predicate": "无形资产余额", "object_type": "金额", "subject_type": "日期", "object": "749.05万元", "subject": "止2006年6月30日", "subject_index": {"begin": 1, "end": 12}, "object_index": {"begin": 21, "end": 29}}]}
{"text": "公司截止2006年6月末固定资产原值为110，702.67万元，累计折旧45，996.99万元，固定资产净值为64，705.68万元，固定资产减值准备为230.90万元，固定资产净额为64，474.78万元。", "spo_list": [{"predicate": "固定资产账面价值", "object_type": "金额", "subject_type": "日期", "object": "110，702.67万元，", "subject": "2006年6月末", "subject_index": {"begin": 4, "end": 12}, "object_index": {"begin": 19, "end": 32}}, {"predicate": "固定资产净额", "object_type": "金额", "subject_type": "日期", "object": "64，705.68万元", "subject": "2006年6月末", "subject_index": {"begin": 4, "end": 12}, "object_index": {"begin": 55, "end": 66}}, {"predicate": "固定资产净额", "object_type": "金额", "subject_type": "日期", "object": "64，474.78万元", "subject": "2006年6月末", "subject_index": {"begin": 4, "end": 12}, "object_index": {"begin": 92, "end": 103}}]}
{"text": "2006年6月末，应收账款账面值为17，820.68万元，占流动资产的19.64%，占总资产的10.90%，应收账款一年以内的占94.97%，2年以上的全额计提了坏账准备，公司认真分析客户情况，计提了990.61万元的专项坏账准备，占应收帐款总额的5.19%，本公司已足额计提了坏账准备。", "spo_list": [{"predicate": "应收帐款账面价值", "object_type": "金额", "subject_type": "日期", "object": "17，820.68万元", "subject": "2006年6月末", "subject_index": {"begin": 0, "end": 8}, "object_index": {"begin": 17, "end": 28}}, {"predicate": "应收帐款坏账准备", "object_type": "金额", "subject_type": "日期", "object": "了990.61万", "subject": "2006年6月末", "subject_index": {"begin": 0, "end": 8}, "object_index": {"begin": 99, "end": 107}}]}
{"text": "截至2006年6月30日，公司负债总额为88，916.95万元，其中流动负债63，032.30万元，占总负债的70.88%，长期负债25，884.65元，占29.11%。", "spo_list": [{"predicate": "流动负债", "object_type": "金额", "subject_type": "日期", "object": "63，032.30万", "subject": "2006年6月30日", "subject_index": {"begin": 2, "end": 12}, "object_index": {"begin": 38, "end": 48}}]}
{"text": "发行前每股净资产：1.32元(截止2006年6月30日)", "spo_list": [{"predicate": "每股净资产", "object_type": "金额", "subject_type": "日期", "object": "1.32元", "subject": "2006年6月30日", "subject_index": {"begin": 17, "end": 27}, "object_index": {"begin": 9, "end": 14}}]}
{"text": "报告期末发行后每股净资产：2.12元", "spo_list": [{"predicate": "每股净资产", "object_type": "金额", "subject_type": "日期", "object": "2.12元", "subject": "报告期末", "subject_index": {"begin": 0, "end": 4}, "object_index": {"begin": 13, "end": 18}}]}
