{"text": "截止2000年12月31日，集团公司总资产为71034.6万元，净资产47932.56万元，2000年度实现净利润5898.01万元（未经审计）。集团公司董事长兼总经理为左延安先生，副总经理为于振良先生。为规避双重任职，左延安先生已申请辞去集团公司董事长职务，现正办理相关手续；集团公司董事会已承诺将最迟在公司上市后三个月内完成相关人事调整事宜。集团公司控股、参股子公司情况见图1：集团公司组织结构图。", "spo_list": [{"predicate": "净资产价值", "object_type": "金额", "subject_type": "日期", "object": "47932.56万元", "subject": "截止2000年12月31日", "subject_index": {"begin": 0, "end": 13}, "object_index": {"begin": 35, "end": 45}}]}
{"text": "截止2000年12月31日，机械设备公司总资产为25569.18万元，净资产为2211.13万元，2000年度实现净利润157.52万元（未经审计）。公司主要管理层和除本公司外的控股、参股单位情况如下表", "spo_list": [{"predicate": "净资产价值", "object_type": "金额", "subject_type": "日期", "object": "2211.13万元", "subject": "截止2000年12月31日", "subject_index": {"begin": 0, "end": 13}, "object_index": {"begin": 39, "end": 48}}]}
{"text": "本公司1999、2000年末应收帐款分别为6192.31万元和8799.35万元，分别占当年末流动资产的21.58%和21.05%，应收帐款增加42%，主要系2000年末销售增加所致。2000年末本公司应收帐款余额中，无持本公司5%（含5%）以上股份的股东单位欠款；帐龄在一年以内的应收帐款余额为8,349.64万元，占应收帐款总额的比例为94.89%。", "spo_list": [{"predicate": "应收账款账面余额", "object_type": "金额", "subject_type": "日期", "object": "8,349.64万元", "subject": "2000年末", "subject_index": {"begin": 92, "end": 98}, "object_index": {"begin": 148, "end": 158}}]}
{"text": "本公司1999、2000年末的坏帐准备分别为431.97万元和526.49万元。上述两年末的应收款项净额分别为5833.03万元和8521.70万元。", "spo_list": [{"predicate": "应收帐款坏账准备", "object_type": "金额", "subject_type": "日期", "object": "431.97万元", "subject": "1999", "subject_index": {"begin": 3, "end": 7}, "object_index": {"begin": 22, "end": 30}}, {"predicate": "应收帐款坏账准备", "object_type": "金额", "subject_type": "日期", "object": "526.49万元", "subject": "2000年末", "subject_index": {"begin": 8, "end": 14}, "object_index": {"begin": 31, "end": 39}}, {"predicate": "应收帐款净额", "object_type": "金额", "subject_type": "日期", "object": "5833.03万元", "subject": "1999", "subject_index": {"begin": 3, "end": 7}, "object_index": {"begin": 55, "end": 64}}, {"predicate": "应收帐款净额", "object_type": "金额", "subject_type": "日期", "object": "8521.70万元", "subject": "2000年末", "subject_index": {"begin": 8, "end": 14}, "object_index": {"begin": 65, "end": 74}}]}
{"text": "本公司1999、2000年末待摊费用均为69.47万元，主要为公司增值税期初进项税额，国家税务局尚未准予抵扣所致。", "spo_list": [{"predicate": "长期待摊费用", "object_type": "金额", "subject_type": "日期", "object": "69.47万元", "subject": "1999", "subject_index": {"begin": 3, "end": 7}, "object_index": {"begin": 20, "end": 27}}, {"predicate": "长期待摊费用", "object_type": "金额", "subject_type": "日期", "object": "69.47万元", "subject": "2000年末", "subject_index": {"begin": 8, "end": 14}, "object_index": {"begin": 20, "end": 27}}]}
{"text": "截至2000年12月31日，本公司长期待摊费用76.67万元，为CIMS软件开发费。", "spo_list": [{"predicate": "长期待摊费用", "object_type": "金额", "subject_type": "日期", "object": "76.67万元", "subject": "截至2000年12月31日", "subject_index": {"begin": 0, "end": 13}, "object_index": {"begin": 23, "end": 30}}]}
{"text": "截至2000年12月31日，本公司股份总数为15000万股，均为每股面值人民币1.00元的普通股，合计人民币15000万元。本公司1999、2000年末股东权益分别为15407.67万元、23573.16万元，其中，1999、2000年末股本均为15000万元，资本公积均为0元，盈余公积分别为410.70万元、2043.80万元，未分配利润分别为-3.03万元和6,529.36万元。", "spo_list": [{"predicate": "盈余公积", "object_type": "金额", "subject_type": "日期", "object": "410.70万元", "subject": "1999", "subject_index": {"begin": 108, "end": 112}, "object_index": {"begin": 147, "end": 155}}, {"predicate": "盈余公积", "object_type": "金额", "subject_type": "日期", "object": "2043.80万元", "subject": "2000年末", "subject_index": {"begin": 113, "end": 119}, "object_index": {"begin": 156, "end": 165}}]}
{"text": "1999年9月22日，集团公司以上述经营性净资产10755万元，安卡莎公司以上述经营性净资产3675万元，作为出资投入本公司，并分别按1:1的比例折为国有法人股10755万股、法人股3675万股；省科技投资公司、机械设备公司、天喻公司分别以现金500万元、50万元、20万元作为出资投入本公司，并按1:1的比例折为法人股500万股、50万股、20万股。上述国有股权管理方案业经安徽省国有资产管理局以皖国资工字[1999]013号文批准。1999年9月27日，安徽省体改委和安徽省人民政府分别以皖体改函[1999]68号文、皖府股字[1999]第24号股份有限公司批准证书批准本公司成立。本公司创立大会于1999年9月28日召开。1999年9月30日，本公司到安徽省工商行政管理局办理了工商注册登记。", "spo_list": [{"predicate": "净资产价值", "object_type": "金额", "subject_type": "日期", "object": "3675万元", "subject": "1999年9月22日", "subject_index": {"begin": 0, "end": 10}, "object_index": {"begin": 46, "end": 52}}]}
{"text": "截止2000年12月31日，省科技投资公司总资产为22049.91万元，净资产为16244.3万元，2000年度实现净利润948.27万元（未经审计）。其主要管理层和除本公司外的控股、参股单位情况如下表", "spo_list": [{"predicate": "净资产价值", "object_type": "金额", "subject_type": "日期", "object": "16244.3万元", "subject": "2000年12月31日", "subject_index": {"begin": 2, "end": 13}, "object_index": {"begin": 40, "end": 49}}]}
{"text": "本公司1999、2000年末应收票据分别为792.00万元和2451.22万元，分别占当年末流动资产的2.76%和5.86%；应收票据增加209%，主要系销售收入增加且较多采用票据结算所致。", "spo_list": [{"predicate": "应收票据余额", "object_type": "金额", "subject_type": "日期", "object": "2451.22万元", "subject": "2000年末", "subject_index": {"begin": 8, "end": 14}, "object_index": {"begin": 30, "end": 39}}, {"predicate": "应收票据余额", "object_type": "金额", "subject_type": "日期", "object": "792.00万元", "subject": "1999", "subject_index": {"begin": 3, "end": 7}, "object_index": {"begin": 21, "end": 29}}]}
{"text": "本公司1999、2000年末的预付账款分别为7325.94万元和2484.42万元，主要为采购钢材和进口发动机等配件的预付款。", "spo_list": [{"predicate": "预付款项余额", "object_type": "金额", "subject_type": "日期", "object": "2484.42万元", "subject": "2000年末", "subject_index": {"begin": 8, "end": 14}, "object_index": {"begin": 32, "end": 41}}, {"predicate": "预付款项余额", "object_type": "金额", "subject_type": "日期", "object": "7325.94万元", "subject": "1999", "subject_index": {"begin": 3, "end": 7}, "object_index": {"begin": 22, "end": 31}}]}
{"text": "截至2000年12月31日，本公司帐面在建工程为5,323.34万元，本年增加4,511.40万元，本年工程完工转入固定资产1,227.60万元。", "spo_list": [{"predicate": "在建工程余额", "object_type": "金额", "subject_type": "日期", "object": "5,323.34万元", "subject": "2000年12月31日", "subject_index": {"begin": 2, "end": 13}, "object_index": {"begin": 24, "end": 34}}, {"predicate": "在建工程余额", "object_type": "金额", "subject_type": "日期", "object": "4,511.40万元", "subject": "2000年12月31日", "subject_index": {"begin": 2, "end": 13}, "object_index": {"begin": 39, "end": 49}}]}
{"text": "1999、2000年末，本公司应付帐款分别为13327.33万元、17537.60万元，预收帐款分别为627.55万元、1113.40万元，均无持本公司5%（含5%）以上股份的股东单位的款项。", "spo_list": [{"predicate": "应付账款余额", "object_type": "金额", "subject_type": "日期", "object": "17537.60万元", "subject": "2000年末", "subject_index": {"begin": 5, "end": 11}, "object_index": {"begin": 33, "end": 43}}, {"predicate": "应付账款余额", "object_type": "金额", "subject_type": "日期", "object": "13327.33万元", "subject": "1999", "subject_index": {"begin": 0, "end": 4}, "object_index": {"begin": 22, "end": 32}}, {"predicate": "预收账款余额", "object_type": "金额", "subject_type": "日期", "object": "1113.40万元", "subject": "2000年末", "subject_index": {"begin": 5, "end": 11}, "object_index": {"begin": 60, "end": 69}}, {"predicate": "预收账款余额", "object_type": "金额", "subject_type": "日期", "object": "627.55万元", "subject": "1999", "subject_index": {"begin": 0, "end": 4}, "object_index": {"begin": 51, "end": 59}}]}
{"text": "截止2000年12月31日，天喻公司总资产为8739.23万元，净资产为4839.43万元，2000年度实现净利润356.80万元（业经武汉众环会计师事务所有限责任公司审计）。除本公司外，天喻公司现有其他控股、参股单位如下表", "spo_list": [{"predicate": "净资产价值", "object_type": "金额", "subject_type": "日期", "object": "4839.43万元", "subject": "截止2000年12月31日", "subject_index": {"begin": 0, "end": 13}, "object_index": {"begin": 36, "end": 45}}]}
{"text": "本公司1999、2000年末其他应收款分别为72.69万元和248.84万元。其他应收款余额主要为本单位员工预支差旅费等。2000年末本公司其他应收款余额中无持本公司5%（含5%）以上股份的股东单位欠款。", "spo_list": [{"predicate": "应收账款账面余额", "object_type": "金额", "subject_type": "日期", "object": "72.69万元", "subject": "1999", "subject_index": {"begin": 3, "end": 7}, "object_index": {"begin": 22, "end": 29}}, {"predicate": "应收账款账面余额", "object_type": "金额", "subject_type": "日期", "object": "248.84万元", "subject": "2000年", "subject_index": {"begin": 8, "end": 13}, "object_index": {"begin": 30, "end": 38}}]}
{"text": "本公司1999、2000年末的存货分别为13468.92万元和21491.35万元，存货跌价准备分别为262.10万元和637.34万元。存货增加60%，主要系2000年度销售势头较好，产销量增加，存货的储备量相应增加所致。", "spo_list": [{"predicate": "存货余额", "object_type": "金额", "subject_type": "日期", "object": "13468.92万元", "subject": "1999", "subject_index": {"begin": 3, "end": 7}, "object_index": {"begin": 20, "end": 30}}, {"predicate": "存货余额", "object_type": "金额", "subject_type": "日期", "object": "21491.35万元", "subject": "2000年末", "subject_index": {"begin": 8, "end": 14}, "object_index": {"begin": 31, "end": 41}}, {"predicate": "存货跌价准备", "object_type": "金额", "subject_type": "日期", "object": "262.10万元", "subject": "1999", "subject_index": {"begin": 3, "end": 7}, "object_index": {"begin": 51, "end": 59}}, {"predicate": "存货跌价准备", "object_type": "金额", "subject_type": "日期", "object": "637.34万元", "subject": "2000年末", "subject_index": {"begin": 8, "end": 14}, "object_index": {"begin": 60, "end": 68}}]}
{"text": "截至2000年12月31日的短期借款余额为4962万元，均为向银行借的担保贷款，其具体情况如下：", "spo_list": [{"predicate": "短期借款余额", "object_type": "金额", "subject_type": "日期", "object": "4962万元", "subject": "截至2000年12月31日", "subject_index": {"begin": 0, "end": 13}, "object_index": {"begin": 21, "end": 27}}]}
{"text": "1999、2000年末，本公司应付工资分别为2833.63万元、4567.71万元，应付福利费分别为194.23万元、790.79万元，应付股利分别为1599.56万元、0元，应交税金分别为522.07万元、921.24万元。2000年末本公司应交税金中，主要包括应交所得税972.30万元，增值税-65.32万元，印花税17.06万元。", "spo_list": [{"predicate": "应付职工薪酬余额", "object_type": "金额", "subject_type": "日期", "object": "2833.63万元", "subject": "1999", "subject_index": {"begin": 0, "end": 4}, "object_index": {"begin": 22, "end": 31}}, {"predicate": "应付职工薪酬余额", "object_type": "金额", "subject_type": "日期", "object": "4567.71万元", "subject": "2000年末", "subject_index": {"begin": 5, "end": 11}, "object_index": {"begin": 32, "end": 41}}]}
{"text": "1999、2000年末，本公司其他应交款分别为4.89万元、-6.39万元，其他应付款分别为455.71万元、1340.48万元。2000年末其他应交款主要为教育费附加、价调基金和水利基金；其他应付款主要为养老金、技改拨款、销售佣金和科技拨款，无应付持本公司5%（含5%）以上股份的股东单位的款项。", "spo_list": [{"predicate": "应付账款余额", "object_type": "金额", "subject_type": "日期", "object": "4.89万元", "subject": "1999", "subject_index": {"begin": 0, "end": 4}, "object_index": {"begin": 23, "end": 29}}, {"predicate": "应付账款余额", "object_type": "金额", "subject_type": "日期", "object": "-6.39万元", "subject": "2000年末", "subject_index": {"begin": 5, "end": 11}, "object_index": {"begin": 30, "end": 37}}, {"predicate": "应付账款余额", "object_type": "金额", "subject_type": "日期", "object": "455.71万元", "subject": "1999", "subject_index": {"begin": 0, "end": 4}, "object_index": {"begin": 46, "end": 54}}, {"predicate": "应付账款余额", "object_type": "金额", "subject_type": "日期", "object": "1340.48万元", "subject": "2000年末", "subject_index": {"begin": 5, "end": 11}, "object_index": {"begin": 55, "end": 64}}]}
