{"text": "公司长期待摊费用主要为装修费和预付长期租赁费。截至2017年6月30日，公司长期待摊费用为10,127.84万元，其中包括装修费10,079.59万元、预付长期租赁费48.25万元。", "spo_list": [{"predicate": "长期待摊费用", "object_type": "金额", "subject_type": "日期", "object": "10,127.84万元", "subject": "截至2017年6月30日", "subject_index": {"begin": 23, "end": 35}, "object_index": {"begin": 45, "end": 56}}]}
{"text": "截至2017年6月30日，公司短期借款余额为14,455.00万元，全部为信用借款。", "spo_list": [{"predicate": "短期借款余额", "object_type": "金额", "subject_type": "日期", "object": "14,455.00万元", "subject": "截至2017年6月30日", "subject_index": {"begin": 0, "end": 12}, "object_index": {"begin": 22, "end": 33}}]}
{"text": "截至2017年6月30日，公司应交税费余额为2,494.16万元，明细如下", "spo_list": [{"predicate": "应交税费余额", "object_type": "金额", "subject_type": "日期", "object": "2,494.16万元", "subject": "截至2017年6月30日", "subject_index": {"begin": 0, "end": 12}, "object_index": {"begin": 22, "end": 32}}]}
{"text": "公司其他应收款主要为保证金和往来款，报告期各期末，公司其他应收款的账面净额分别为2,034.27万元、4,090.09万元、4,418.06万元和5,291.52万元，占流动资产的比例分别为2.65%、3.64%、2.99%和3.49%。具体构成如下：", "spo_list": [{"predicate": "其他应收账款账面价值", "object_type": "金额", "subject_type": "日期", "object": "2,034.27万元", "subject": "报告期各期末", "subject_index": {"begin": 18, "end": 24}, "object_index": {"begin": 40, "end": 50}}, {"predicate": "其他应收账款账面价值", "object_type": "金额", "subject_type": "日期", "object": "4,090.09万元", "subject": "报告期各期末", "subject_index": {"begin": 18, "end": 24}, "object_index": {"begin": 51, "end": 61}}, {"predicate": "其他应收账款账面价值", "object_type": "金额", "subject_type": "日期", "object": "4,418.06万元", "subject": "报告期各期末", "subject_index": {"begin": 18, "end": 24}, "object_index": {"begin": 62, "end": 72}}, {"predicate": "其他应收账款账面价值", "object_type": "金额", "subject_type": "日期", "object": "5,291.52万元", "subject": "报告期各期末", "subject_index": {"begin": 18, "end": 24}, "object_index": {"begin": 73, "end": 83}}]}
{"text": "报告期各期末，公司存货账面价值分别为5,117.71万元、6,725.48万元、8,106.20万元和9,006.48万元，占流动资产的比重分别为6.66%、5.99%、5.48%和5.94%。", "spo_list": [{"predicate": "存货账面价值", "object_type": "金额", "subject_type": "日期", "object": "5,117.71万元", "subject": "报告期各期末", "subject_index": {"begin": 0, "end": 6}, "object_index": {"begin": 18, "end": 28}}, {"predicate": "存货账面价值", "object_type": "金额", "subject_type": "日期", "object": "6,725.48万元", "subject": "报告期各期末", "subject_index": {"begin": 0, "end": 6}, "object_index": {"begin": 29, "end": 39}}, {"predicate": "存货账面价值", "object_type": "金额", "subject_type": "日期", "object": "8,106.20万元", "subject": "报告期各期末", "subject_index": {"begin": 0, "end": 6}, "object_index": {"begin": 40, "end": 50}}, {"predicate": "存货账面价值", "object_type": "金额", "subject_type": "日期", "object": "9,006.48万元", "subject": "报告期各期末", "subject_index": {"begin": 0, "end": 6}, "object_index": {"begin": 51, "end": 61}}]}
{"text": "报告期各期末，公司应交税费余额分别为1,170.60万元、1,634.48万元、1,501.03万元和2,494.16万元，占公司负债总额的比重分别为1.17%、1.57%、0.98%和1.53%。", "spo_list": [{"predicate": "应交税费余额", "object_type": "金额", "subject_type": "日期", "object": "1,170.60万元", "subject": "报告期各期末", "subject_index": {"begin": 0, "end": 6}, "object_index": {"begin": 18, "end": 28}}, {"predicate": "应交税费余额", "object_type": "金额", "subject_type": "日期", "object": "1,634.48万元", "subject": "报告期各期末", "subject_index": {"begin": 0, "end": 6}, "object_index": {"begin": 29, "end": 39}}, {"predicate": "应交税费余额", "object_type": "金额", "subject_type": "日期", "object": "1,501.03万元", "subject": "报告期各期末", "subject_index": {"begin": 0, "end": 6}, "object_index": {"begin": 40, "end": 50}}, {"predicate": "应交税费余额", "object_type": "金额", "subject_type": "日期", "object": "2,494.16万元", "subject": "报告期各期末", "subject_index": {"begin": 0, "end": 6}, "object_index": {"begin": 51, "end": 61}}]}
{"text": "报告期各期，公司利息保障倍数分别为3.73、7.54、8.81和8.14，息税前利润足以支付借款利息。", "spo_list": [{"predicate": "利息保障倍数", "object_type": "日期", "subject_type": "比率", "object": "报告期各期", "subject": "3.73", "subject_index": {"begin": 17, "end": 21}, "object_index": {"begin": 0, "end": 5}}, {"predicate": "利息保障倍数", "object_type": "日期", "subject_type": "比率", "object": "报告期各期", "subject": "7.54、", "subject_index": {"begin": 22, "end": 27}, "object_index": {"begin": 0, "end": 5}}, {"predicate": "利息保障倍数", "object_type": "日期", "subject_type": "比率", "object": "报告期各期", "subject": "8.81", "subject_index": {"begin": 27, "end": 31}, "object_index": {"begin": 0, "end": 5}}, {"predicate": "利息保障倍数", "object_type": "日期", "subject_type": "比率", "object": "报告期各期", "subject": "8.14", "subject_index": {"begin": 32, "end": 36}, "object_index": {"begin": 0, "end": 5}}]}
{"text": "报告期各期，公司资产减值损失全部为计提的坏账损失，金额分别为348.81万元、426.26万元、836.84万元和880.66万元。", "spo_list": [{"predicate": "资产减值损失", "object_type": "金额", "subject_type": "日期", "object": "348.81万元", "subject": "报告期各期", "subject_index": {"begin": 0, "end": 5}, "object_index": {"begin": 30, "end": 38}}, {"predicate": "资产减值损失", "object_type": "金额", "subject_type": "日期", "object": "426.26万元", "subject": "报告期各期", "subject_index": {"begin": 0, "end": 5}, "object_index": {"begin": 39, "end": 47}}, {"predicate": "资产减值损失", "object_type": "金额", "subject_type": "日期", "object": "836.84万元", "subject": "报告期各期", "subject_index": {"begin": 0, "end": 5}, "object_index": {"begin": 48, "end": 56}}, {"predicate": "资产减值损失", "object_type": "金额", "subject_type": "日期", "object": "880.66万元", "subject": "报告期各期", "subject_index": {"begin": 0, "end": 5}, "object_index": {"begin": 57, "end": 65}}]}
{"text": "报告期各期，公司向董事、监事、高级管理人员支付的薪酬总额分别为459.46万元、573.67万元、673.41万元和246.88万元。", "spo_list": [{"predicate": "应付职工薪酬余额", "object_type": "金额", "subject_type": "日期", "object": "459.46万元", "subject": "报告期各期", "subject_index": {"begin": 0, "end": 5}, "object_index": {"begin": 31, "end": 39}}, {"predicate": "应付职工薪酬余额", "object_type": "金额", "subject_type": "日期", "object": "573.67万元", "subject": "报告期各期", "subject_index": {"begin": 0, "end": 5}, "object_index": {"begin": 40, "end": 48}}, {"predicate": "应付职工薪酬余额", "object_type": "金额", "subject_type": "日期", "object": "673.41万元", "subject": "报告期各期", "subject_index": {"begin": 0, "end": 5}, "object_index": {"begin": 49, "end": 57}}, {"predicate": "应付职工薪酬余额", "object_type": "金额", "subject_type": "日期", "object": "246.88万元", "subject": "报告期各期", "subject_index": {"begin": 0, "end": 5}, "object_index": {"begin": 58, "end": 66}}]}
{"text": "截至2017年6月30日，公司应付账款余额为74,771.81万元，全部为公司与供应商和合作伙伴之间的业务结算款项，不存在账龄超过一年的重要应付账款。", "spo_list": [{"predicate": "应付账款余额", "object_type": "金额", "subject_type": "日期", "object": "74,771.81万元", "subject": "2017年6月30日", "subject_index": {"begin": 2, "end": 12}, "object_index": {"begin": 22, "end": 33}}]}
{"text": "截至2017年6月30日，公司长期借款余额为49,471.60万元，其中抵押保证借款18,140.00万元、抵押借款17,931.60万元、信用借款10,000.00万元、保证借款3,400.00万元。", "spo_list": [{"predicate": "长期借款余额", "object_type": "金额", "subject_type": "日期", "object": "49,471.60万元", "subject": "2017年6月30日", "subject_index": {"begin": 2, "end": 12}, "object_index": {"begin": 22, "end": 33}}]}
{"text": "截至2017年6月30日，公司以生物岛办公大楼作为抵押获得长期借款32,740.60元，其中抵押的生物岛办公大楼账面原值34,810.98元。", "spo_list": [{"predicate": "长期借款余额", "object_type": "金额", "subject_type": "日期", "object": "32,740.60元", "subject": "2017年6月30日", "subject_index": {"begin": 2, "end": 12}, "object_index": {"begin": 33, "end": 43}}]}
{"text": "公司预付款项主要为预付供应商原材料采购款，报告期各期末，公司预付款项的余额分别为423.11万元、333.31万元、302.66万元和547.58万元，预付款项占流动资产的比例较低。", "spo_list": [{"predicate": "预付账款余额", "object_type": "金额", "subject_type": "日期", "object": "423.11万元", "subject": "报告期各期末", "subject_index": {"begin": 21, "end": 27}, "object_index": {"begin": 40, "end": 48}}, {"predicate": "预付账款余额", "object_type": "金额", "subject_type": "日期", "object": "333.31万元", "subject": "报告期各期末", "subject_index": {"begin": 21, "end": 27}, "object_index": {"begin": 49, "end": 57}}, {"predicate": "预付账款余额", "object_type": "金额", "subject_type": "日期", "object": "302.66万元", "subject": "报告期各期末", "subject_index": {"begin": 21, "end": 27}, "object_index": {"begin": 58, "end": 66}}, {"predicate": "预付账款余额", "object_type": "金额", "subject_type": "日期", "object": "547.58万元", "subject": "报告期各期末", "subject_index": {"begin": 21, "end": 27}, "object_index": {"begin": 67, "end": 75}}]}
{"text": "报告期各期末，公司在建工程的账面余额分别为1,196.89万元、15,649.04万元、15,907.67万元和9,562.76万元。2015年末，公司在建工程较2014年末增加14,452.15万元，主要系公司生物岛办公楼增加投入41,286.23万元并于当年转固34,810.98万元，期末在建工程中生物岛办公楼增加6,654.10万元，长沙办公楼当年增加投入3,821.92万元、基于云计算的检验数据管理与分析系统增加投入2,235.54万元。2016年末，公司在建工程较2015年末增加258.63万元，主要系生物岛办公楼转固减少在建工程12,070.34万元，基于云计算的检验数据管理与分析系统转入无形资产5,373.66万元，而长沙办公楼增加4,989.25万元、郑州办公楼增加4,039.86万元。2017年6月末，公司在建工程较2016年末减少6,344.91万元，主要系长沙办公楼转入固定资产9,407.21万元。", "spo_list": [{"predicate": "在建工程余额", "object_type": "金额", "subject_type": "日期", "object": "1,196.89万元", "subject": "报告期各期末", "subject_index": {"begin": 0, "end": 6}, "object_index": {"begin": 21, "end": 31}}, {"predicate": "在建工程余额", "object_type": "金额", "subject_type": "日期", "object": "15,649.04万元", "subject": "报告期各期末", "subject_index": {"begin": 0, "end": 6}, "object_index": {"begin": 32, "end": 43}}, {"predicate": "在建工程余额", "object_type": "金额", "subject_type": "日期", "object": "15,907.67万元", "subject": "报告期各期末", "subject_index": {"begin": 0, "end": 6}, "object_index": {"begin": 44, "end": 55}}, {"predicate": "在建工程余额", "object_type": "金额", "subject_type": "日期", "object": "9,562.76万元", "subject": "报告期各期末", "subject_index": {"begin": 0, "end": 6}, "object_index": {"begin": 56, "end": 66}}, {"predicate": "在建工程余额", "object_type": "金额", "subject_type": "日期", "object": "14,452.15万元", "subject": "2014年", "subject_index": {"begin": 81, "end": 86}, "object_index": {"begin": 89, "end": 100}}, {"predicate": "在建工程余额", "object_type": "金额", "subject_type": "日期", "object": "6,344.91万元", "subject": "2017年6月末", "subject_index": {"begin": 356, "end": 364}, "object_index": {"begin": 380, "end": 390}}, {"predicate": "固定资产账面价值", "object_type": "金额", "subject_type": "日期", "object": "9,407.21万元", "subject": "2017年6月末", "subject_index": {"begin": 356, "end": 364}, "object_index": {"begin": 405, "end": 415}}, {"predicate": "无形资产账面价值", "object_type": "金额", "subject_type": "日期", "object": "5,373.66万元", "subject": "2015年末", "subject_index": {"begin": 67, "end": 73}, "object_index": {"begin": 308, "end": 318}}]}
{"text": "截至2017年6月30日，本公司在建工程账面余额为9,562.76万元，主要为长沙办公楼装修、郑州金域办公楼以及金圻睿装修工程等。", "spo_list": [{"predicate": "在建工程余额", "object_type": "金额", "subject_type": "日期", "object": "9,562.76万元，", "subject": "至2017年6月30日", "subject_index": {"begin": 1, "end": 12}, "object_index": {"begin": 25, "end": 36}}]}
{"text": "截至2017年6月30日，公司其他非流动资产余额为3,567.84万元，主要系预付的购建长期资产款项。", "spo_list": [{"predicate": "非流动资产", "object_type": "金额", "subject_type": "日期", "object": "3,567.84万元", "subject": "2017年6月30日", "subject_index": {"begin": 2, "end": 12}, "object_index": {"begin": 25, "end": 35}}]}
{"text": "截至2017年6月30日，公司应付职工薪酬余额为8,640.67万元，为计提的2017年6月的工资以及年终奖等。公司应付职工薪酬中无属于拖欠性质的职工薪酬。", "spo_list": [{"predicate": "应付职工薪酬余额", "object_type": "金额", "subject_type": "日期", "object": "8,640.67万元", "subject": "2017年6月30日", "subject_index": {"begin": 2, "end": 12}, "object_index": {"begin": 24, "end": 34}}]}
{"text": "截至2017年6月30日，公司其他应付款账面余额为3,396.77万元，主要为往来款等。", "spo_list": [{"predicate": "其他应付款余额", "object_type": "金额", "subject_type": "日期", "object": "3,396.77万元", "subject": "2017年6月30日", "subject_index": {"begin": 2, "end": 12}, "object_index": {"begin": 25, "end": 35}}]}
{"text": "截至2017年6月30日，公司盈余公积为1,119.90万元。报告期内，本公司盈余公积变动如下表所示：", "spo_list": [{"predicate": "盈余公积", "object_type": "金额", "subject_type": "日期", "object": "1,119.90万元", "subject": "2017年6月30日", "subject_index": {"begin": 2, "end": 12}, "object_index": {"begin": 20, "end": 30}}]}
{"text": "报告期各期末，公司应收账款账面余额分别为43,300.82万元、60,697.53万元、82,042.03万元和106,804.22万元，随着公司销售规模的增长，公司应收账款账面余额逐期增长。", "spo_list": [{"predicate": "应收账款账面余额", "object_type": "金额", "subject_type": "日期", "object": "60,697.53万元", "subject": "报告期各期末", "subject_index": {"begin": 0, "end": 6}, "object_index": {"begin": 32, "end": 43}}, {"predicate": "应收账款账面余额", "object_type": "金额", "subject_type": "日期", "object": "82,042.03万元", "subject": "报告期各期末", "subject_index": {"begin": 0, "end": 6}, "object_index": {"begin": 44, "end": 55}}, {"predicate": "应收账款账面余额", "object_type": "金额", "subject_type": "日期", "object": "106,804.22万元", "subject": "报告期各期末", "subject_index": {"begin": 0, "end": 6}, "object_index": {"begin": 56, "end": 68}}, {"predicate": "应收账款账面余额", "object_type": "金额", "subject_type": "日期", "object": "43,300.82万元", "subject": "报告期各期末", "subject_index": {"begin": 0, "end": 6}, "object_index": {"begin": 20, "end": 31}}]}
{"text": "报告期各期末，公司其他非流动资产金额分别为916.99万元、1,432.54万元、1,982.28万元和2,486.33万元，占流动资产的比例分别为1.19%、1.28%、1.34%和1.64%。", "spo_list": [{"predicate": "非流动资产", "object_type": "金额", "subject_type": "日期", "object": "916.99万元", "subject": "报告期各期末", "subject_index": {"begin": 0, "end": 6}, "object_index": {"begin": 21, "end": 29}}, {"predicate": "非流动资产", "object_type": "金额", "subject_type": "日期", "object": "、1,432.54万元", "subject": "报告期各期末", "subject_index": {"begin": 0, "end": 6}, "object_index": {"begin": 29, "end": 40}}, {"predicate": "非流动资产", "object_type": "金额", "subject_type": "日期", "object": "1,982.28万", "subject": "报告期各期末", "subject_index": {"begin": 0, "end": 6}, "object_index": {"begin": 41, "end": 50}}, {"predicate": "罚款", "object_type": "金额", "subject_type": "日期", "object": "2,486.33万元", "subject": "报告期各期末", "subject_index": {"begin": 0, "end": 6}, "object_index": {"begin": 52, "end": 62}}]}
{"text": "报告期内，公司根据自身业务情况，对应收账款和其他应收款计提了坏账准备，报告期各期末坏账准备余额分别为1,199.93万元、1,352.51万元、2,021.27万元和2,701.81万元。因固定资产、无形资产等资产不存在减值情形，故未对其计提资产减值准备。", "spo_list": [{"predicate": "应收帐款坏账准备", "object_type": "金额", "subject_type": "日期", "object": "1,199.93万元", "subject": "报告期内", "subject_index": {"begin": 0, "end": 4}, "object_index": {"begin": 50, "end": 60}}, {"predicate": "应收帐款坏账准备", "object_type": "金额", "subject_type": "日期", "object": "1,352.51万元", "subject": "报告期内", "subject_index": {"begin": 0, "end": 4}, "object_index": {"begin": 61, "end": 71}}, {"predicate": "应收帐款坏账准备", "object_type": "金额", "subject_type": "日期", "object": "2,021.27万元", "subject": "报告期内", "subject_index": {"begin": 0, "end": 4}, "object_index": {"begin": 72, "end": 82}}, {"predicate": "应收帐款坏账准备", "object_type": "金额", "subject_type": "日期", "object": "2,701.81万元", "subject": "报告期内", "subject_index": {"begin": 0, "end": 4}, "object_index": {"begin": 83, "end": 93}}]}
{"text": "报告期各期，公司计提的应付职工薪酬总额逐年增加，主要系公司员工人数的增加、人均薪酬的增长。各期末员工人数分别为6,067人、6,979人、7,967人和7,834人，员工人数增长与公司实际经营情况相匹配，各期人均计提薪酬金额分别为8.81万元、9.90万元、11.28万元和6.07万元，人均薪酬总额的变动与公司发展、当地薪酬水平相符合。", "spo_list": [{"predicate": "应付职工薪酬余额", "object_type": "金额", "subject_type": "日期", "object": "8.81万元", "subject": "报告期各期", "subject_index": {"begin": 0, "end": 5}, "object_index": {"begin": 115, "end": 121}}, {"predicate": "应付职工薪酬余额", "object_type": "金额", "subject_type": "日期", "object": "9.90万元", "subject": "报告期各期", "subject_index": {"begin": 0, "end": 5}, "object_index": {"begin": 122, "end": 128}}, {"predicate": "应付职工薪酬余额", "object_type": "金额", "subject_type": "日期", "object": "11.28万元", "subject": "报告期各期", "subject_index": {"begin": 0, "end": 5}, "object_index": {"begin": 129, "end": 136}}, {"predicate": "应付职工薪酬余额", "object_type": "金额", "subject_type": "日期", "object": "6.07万元", "subject": "报告期各期", "subject_index": {"begin": 0, "end": 5}, "object_index": {"begin": 137, "end": 143}}]}
{"text": "报告期各期末，公司其他应付款余额分别为18,138.56万元、3,025.81万元、3,808.72万元和3,396.77万元。具体构成如下：", "spo_list": [{"predicate": "其他应付款余额", "object_type": "金额", "subject_type": "日期", "object": "18,138.56万元", "subject": "报告期各期", "subject_index": {"begin": 0, "end": 5}, "object_index": {"begin": 19, "end": 30}}, {"predicate": "其他应付款余额", "object_type": "金额", "subject_type": "日期", "object": "、3,025.81万元", "subject": "报告期各期", "subject_index": {"begin": 0, "end": 5}, "object_index": {"begin": 30, "end": 41}}, {"predicate": "其他应付款余额", "object_type": "金额", "subject_type": "日期", "object": "3,808.72万元", "subject": "报告期各期", "subject_index": {"begin": 0, "end": 5}, "object_index": {"begin": 42, "end": 52}}, {"predicate": "其他应付款余额", "object_type": "金额", "subject_type": "日期", "object": "3,396.77万元", "subject": "报告期各期", "subject_index": {"begin": 0, "end": 5}, "object_index": {"begin": 53, "end": 63}}]}
