{"text": "应付票据，2001年12月31日余额36，800，000.00元，均为银行承兑汇票，无在本会计年度内到期的应付票据。应付票据中无欠持本公司5%(含5%)以上股份的股东单位款项。", "spo_list": [{"predicate": "应付账款余额", "object_type": "金额", "subject_type": "日期", "object": "36，800，000.00元", "subject": "2001年12月31日", "subject_index": {"begin": 5, "end": 16}, "object_index": {"begin": 18, "end": 32}}]}
{"text": "短期借款，2001年12月31日余额145，780，000.00元，均由华光陶瓷集团有限公司提供担保，无逾期借款。短期借款较期初增加61，780，000.00元，主要是控股子公司淄博金星玻璃有限公司，由于从年初开始正式投入生产，生产性借款增加所致。", "spo_list": [{"predicate": "短期借款余额", "object_type": "金额", "subject_type": "日期", "object": "145，780，000.00元", "subject": "2001年12月31日", "subject_index": {"begin": 5, "end": 16}, "object_index": {"begin": 18, "end": 33}}, {"predicate": "短期借款余额", "object_type": "金额", "subject_type": "日期", "object": "61，780，000.00元", "subject": "2001年12月31日", "subject_index": {"begin": 5, "end": 16}, "object_index": {"begin": 66, "end": 80}}]}
{"text": "预收账款，2001年12月31日余额4，696，979.62元，无欠持本公司5%(含5%)以上股份的股东单位款项。", "spo_list": [{"predicate": "预收账款余额", "object_type": "金额", "subject_type": "日期", "object": "4，696，979.62元", "subject": "2001年12月31日", "subject_index": {"begin": 5, "end": 16}, "object_index": {"begin": 18, "end": 31}}]}
{"text": "1999年12月31日、2000年12月31日、2001年12月31日本公司流动资产金额分别为45，849，327.03元、76，341，254.91元、89，093，305.06元。2000年、2001年末流动资产金额较1999年末有较大幅度增长，主要原因是：2000年公司子公司金星公司成立，2000年、2001年末对其资产负债表予以了合并，导致流动资产金额增长幅度较大。", "spo_list": [{"predicate": "其他流动资产", "object_type": "金额", "subject_type": "日期", "object": "45，849，327.03元", "subject": "1999年12月31日", "subject_index": {"begin": 0, "end": 11}, "object_index": {"begin": 47, "end": 61}}, {"predicate": "其他流动资产", "object_type": "金额", "subject_type": "日期", "object": "76，341，254.91元", "subject": "2000年12月31日", "subject_index": {"begin": 12, "end": 23}, "object_index": {"begin": 62, "end": 76}}, {"predicate": "其他流动资产", "object_type": "金额", "subject_type": "日期", "object": "89，093，305.06元。", "subject": "2001年12月31日", "subject_index": {"begin": 24, "end": 35}, "object_index": {"begin": 77, "end": 92}}]}
