{"text": "截至2019年9月末，公司的长期待摊费用原值为110，845.06万元，净值为70，047.89万元，包括经营租入物业或房屋的功能性改造工程支出、项目租赁补偿款、项目运营过程中局部设施的升级更新支出和办公室装修支出等，在不超过租赁期的预计受益期内平均摊销。截至2019年9月末，公司长期待摊费用具体情况如下：", "spo_list": [{"predicate": "长期待摊费用", "object_type": "金额", "subject_type": "日期", "object": "110，845.06万元", "subject": "截至2019年9月末", "subject_index": {"begin": 0, "end": 10}, "object_index": {"begin": 23, "end": 35}}]}
{"text": "截至2019年9月末，应付账款账面价值为7，951.37万元，主要包括应付上海新龙成集团有限公司工程款2，418.23万元、上海全筑建筑装饰集团股份有限公司工程款598.64万元、上海荣振建设集团有限公司工程款454.70万元以及舜杰建设（集团）有限公司工程款323.03万元等。", "spo_list": [{"predicate": "应收帐款账面价值", "object_type": "金额", "subject_type": "日期", "object": "7，951.37万元", "subject": "截至2019年9月末", "subject_index": {"begin": 0, "end": 10}, "object_index": {"begin": 20, "end": 30}}]}
{"text": "截至2019年9月末，公司的其他应付款账面价值为18，528.14万元", "spo_list": [{"predicate": "其他应付款余额", "object_type": "金额", "subject_type": "日期", "object": "18，528.14万元", "subject": "截至2019年9月末", "subject_index": {"begin": 0, "end": 10}, "object_index": {"begin": 24, "end": 35}}]}
{"text": "2016年末、2017年末、2018年末及2019年9月末，公司的预付款项分别为2，696.24万元、2，715.96万元、3，371.03万元和4，389.46万元。公司的预付款项主要为预付给园区出租方的租金、预付公共事业单位的水费、电费及为IPO支付的中介费用等。", "spo_list": [{"predicate": "预付款项余额", "object_type": "金额", "subject_type": "日期", "object": "2，696.24万元", "subject": "2016年末", "subject_index": {"begin": 0, "end": 6}, "object_index": {"begin": 40, "end": 50}}, {"predicate": "预付款项余额", "object_type": "金额", "subject_type": "日期", "object": "2，715.96万元", "subject": "2017年末、", "subject_index": {"begin": 7, "end": 14}, "object_index": {"begin": 51, "end": 61}}, {"predicate": "预付款项余额", "object_type": "金额", "subject_type": "日期", "object": "3，371.03万元", "subject": "2018年末", "subject_index": {"begin": 14, "end": 20}, "object_index": {"begin": 62, "end": 72}}, {"predicate": "预付款项余额", "object_type": "金额", "subject_type": "日期", "object": "4，389.46万元", "subject": "2019年9月末", "subject_index": {"begin": 21, "end": 29}, "object_index": {"begin": 73, "end": 83}}]}
{"text": "2016年末、2017年末、2018年末及2019年9月末，长期待摊费用账面价值分别为50，610.31万元、73，032.68万元、71，640.50万元及70，047.89万元", "spo_list": [{"predicate": "长期待摊费用", "object_type": "金额", "subject_type": "日期", "object": "50，610.31万元", "subject": "2016年末", "subject_index": {"begin": 0, "end": 6}, "object_index": {"begin": 43, "end": 54}}, {"predicate": "长期待摊费用", "object_type": "金额", "subject_type": "日期", "object": "73，032.68万元", "subject": "2017年末", "subject_index": {"begin": 7, "end": 13}, "object_index": {"begin": 55, "end": 66}}, {"predicate": "长期待摊费用", "object_type": "金额", "subject_type": "日期", "object": "71，640.50万元", "subject": "2018年末", "subject_index": {"begin": 14, "end": 20}, "object_index": {"begin": 67, "end": 78}}, {"predicate": "长期待摊费用", "object_type": "金额", "subject_type": "日期", "object": "70，047.89万元", "subject": "2019年9月末", "subject_index": {"begin": 21, "end": 29}, "object_index": {"begin": 79, "end": 90}}]}
{"text": "2016年末、2017年末、2018年末及2019年9月末，公司的短期借款账面价值分别为10，307.00万元、14，610.00万元、14，600.00万元及3，204.40万元。2017年末公司短期借款较2016年末增加4，303.00万元，主要系随着公司经营规模的扩大，流动资金的需求也相应大幅增加，公司通过银行借款的方式补充流动资金。2019年9月末公司短期借款较2018年末减少11，395.60万元，主要系公司偿还部分短期借款所致。", "spo_list": [{"predicate": "短期借款余额", "object_type": "金额", "subject_type": "日期", "object": "10，307.00万元", "subject": "2016年末", "subject_index": {"begin": 0, "end": 6}, "object_index": {"begin": 44, "end": 55}}, {"predicate": "短期借款余额", "object_type": "金额", "subject_type": "日期", "object": "14，610.00万元", "subject": "2017年末", "subject_index": {"begin": 7, "end": 13}, "object_index": {"begin": 56, "end": 67}}, {"predicate": "短期借款余额", "object_type": "金额", "subject_type": "日期", "object": "14，600.00万元", "subject": "2018年末", "subject_index": {"begin": 14, "end": 20}, "object_index": {"begin": 68, "end": 79}}, {"predicate": "短期借款余额", "object_type": "金额", "subject_type": "日期", "object": "3，204.40万元", "subject": "2019年9月末", "subject_index": {"begin": 21, "end": 29}, "object_index": {"begin": 80, "end": 90}}]}
{"text": "2016年末、2017年末、2018年末及2019年9月末，公司的应付职工薪酬账面价值分别为400.00万元、490.83万元、654.20万元和447.74万元，系期末计提但尚未发放的奖金及员工薪酬。", "spo_list": [{"predicate": "应付职工薪酬余额", "object_type": "金额", "subject_type": "日期", "object": "400.00万元", "subject": "2016年末", "subject_index": {"begin": 0, "end": 6}, "object_index": {"begin": 46, "end": 54}}, {"predicate": "应付职工薪酬余额", "object_type": "金额", "subject_type": "日期", "object": "490.83万元", "subject": "2017年末", "subject_index": {"begin": 7, "end": 13}, "object_index": {"begin": 55, "end": 63}}, {"predicate": "应付职工薪酬余额", "object_type": "金额", "subject_type": "日期", "object": "654.20万元", "subject": "2018年末", "subject_index": {"begin": 14, "end": 20}, "object_index": {"begin": 64, "end": 72}}, {"predicate": "应付职工薪酬余额", "object_type": "金额", "subject_type": "日期", "object": "447.74万元", "subject": "2019年9月末", "subject_index": {"begin": 21, "end": 29}, "object_index": {"begin": 73, "end": 81}}]}
{"text": "2016年末、2017年末、2018年末及2019年9月末，公司的其他应付款账面价值分别为12，322.83万元、16，916.55万元、17，608.83万元和18，528.14万元，构成如下：", "spo_list": [{"predicate": "长期应付款", "object_type": "金额", "subject_type": "日期", "object": "16，916.55万元", "subject": "2017年末", "subject_index": {"begin": 7, "end": 13}, "object_index": {"begin": 57, "end": 68}}, {"predicate": "长期应付款", "object_type": "金额", "subject_type": "日期", "object": "12，322.83万元", "subject": "2016年末", "subject_index": {"begin": 0, "end": 6}, "object_index": {"begin": 45, "end": 56}}, {"predicate": "长期应付款", "object_type": "金额", "subject_type": "日期", "object": "17，608.83万元", "subject": "2018年末", "subject_index": {"begin": 14, "end": 20}, "object_index": {"begin": 69, "end": 80}}, {"predicate": "长期应付款", "object_type": "金额", "subject_type": "日期", "object": "18，528.14万元", "subject": "2019年9月末", "subject_index": {"begin": 21, "end": 29}, "object_index": {"begin": 81, "end": 92}}]}
{"text": "报告期内，公司招商人员职工薪酬分别为558.71万元、586.13万元、613.52万元和576.80万元，招商人员职工薪酬与中介咨询费用合计分别为1，362.86万元、1，931.67万元、1，271.89万元和1，199.65万元，占公司营业收入的比例分别为2.57%、3.00%、1.59%和1.94%。", "spo_list": [{"predicate": "应付职工薪酬余额", "object_type": "金额", "subject_type": "日期", "object": "558.71万元", "subject": "报告期内", "subject_index": {"begin": 0, "end": 4}, "object_index": {"begin": 18, "end": 26}}, {"predicate": "应付职工薪酬余额", "object_type": "金额", "subject_type": "日期", "object": "586.13万元", "subject": "报告期内", "subject_index": {"begin": 0, "end": 4}, "object_index": {"begin": 27, "end": 35}}, {"predicate": "应付职工薪酬余额", "object_type": "金额", "subject_type": "日期", "object": "613.52万元", "subject": "报告期内", "subject_index": {"begin": 0, "end": 4}, "object_index": {"begin": 36, "end": 44}}, {"predicate": "应付职工薪酬余额", "object_type": "金额", "subject_type": "日期", "object": "576.80万元", "subject": "报告期内", "subject_index": {"begin": 0, "end": 4}, "object_index": {"begin": 45, "end": 53}}]}
{"text": "截至2019年9月末，公司的预收款项账面价值为5，783.20万元，主要为预收的租金和物业费。", "spo_list": [{"predicate": "预收账款余额", "object_type": "金额", "subject_type": "日期", "object": "5，783.20万元", "subject": "2019年9月末", "subject_index": {"begin": 2, "end": 10}, "object_index": {"begin": 23, "end": 33}}]}
{"text": "2016年末、2017年末、2018年末及2019年9月末，公司的应收账款账面价值为740.39万元、1，563.95万元、1，789.63万元及2，285.16万元，占流动资产的比例分别为6.69%、11.15%、6.78%及9.59%。报告期内各期末80%以上的应收账款账龄在1年以内。", "spo_list": [{"predicate": "应收帐款账面价值", "object_type": "金额", "subject_type": "日期", "object": "2，285.16万元", "subject": "2019年9月末", "subject_index": {"begin": 21, "end": 29}, "object_index": {"begin": 73, "end": 83}}, {"predicate": "应收帐款账面价值", "object_type": "金额", "subject_type": "日期", "object": "1，789.63万元", "subject": "2018年末", "subject_index": {"begin": 14, "end": 20}, "object_index": {"begin": 62, "end": 72}}, {"predicate": "应收帐款账面价值", "object_type": "金额", "subject_type": "日期", "object": "1，563.95万元", "subject": "2017年末", "subject_index": {"begin": 7, "end": 13}, "object_index": {"begin": 51, "end": 61}}, {"predicate": "应收帐款账面价值", "object_type": "金额", "subject_type": "日期", "object": "740.39万元", "subject": "2016年末", "subject_index": {"begin": 0, "end": 6}, "object_index": {"begin": 42, "end": 50}}]}
{"text": "2016年末、2017年末、2018年末及2019年9月末，公司无形资产账面价值分别为7，590.86万元、10，480.90万元、9，359.78万元和8，490.09万元。公司的无形资产主要为因收购形成的与园区相关的租赁经营权。2017年末，公司无形资产账面价值较2016年末增加2，890.03万元，主要系2017年12月收购上海力衡而形成的越界?太保中心物业租赁合同的账面价值。", "spo_list": [{"predicate": "无形资产账面价值", "object_type": "金额", "subject_type": "日期", "object": "8，490.09万元", "subject": "2019年9月末", "subject_index": {"begin": 21, "end": 29}, "object_index": {"begin": 77, "end": 87}}, {"predicate": "无形资产账面价值", "object_type": "金额", "subject_type": "日期", "object": "9，359.78万元", "subject": "2018年末", "subject_index": {"begin": 14, "end": 20}, "object_index": {"begin": 66, "end": 76}}, {"predicate": "无形资产账面价值", "object_type": "金额", "subject_type": "日期", "object": "10，480.90万元", "subject": "2017年末", "subject_index": {"begin": 7, "end": 13}, "object_index": {"begin": 54, "end": 65}}, {"predicate": "无形资产账面价值", "object_type": "金额", "subject_type": "日期", "object": "7，590.86万元", "subject": "2016年末", "subject_index": {"begin": 0, "end": 6}, "object_index": {"begin": 43, "end": 53}}]}
{"text": "2016年末、2017年末、2018年末及2019年9月末，公司的其他非流动资产分别为12，740.75万元、10，544.84万元、11，446.26万元和10，687.96万元，具体情况如下：", "spo_list": [{"predicate": "其他非流动资产", "object_type": "金额", "subject_type": "日期", "object": "10，687.96万元", "subject": "2019年9月", "subject_index": {"begin": 21, "end": 28}, "object_index": {"begin": 79, "end": 90}}, {"predicate": "其他非流动资产", "object_type": "金额", "subject_type": "日期", "object": "11，446.26万元", "subject": "2018年", "subject_index": {"begin": 14, "end": 19}, "object_index": {"begin": 67, "end": 78}}, {"predicate": "其他非流动资产", "object_type": "金额", "subject_type": "日期", "object": "10，544.84万元", "subject": "2017年", "subject_index": {"begin": 7, "end": 12}, "object_index": {"begin": 55, "end": 66}}, {"predicate": "其他非流动资产", "object_type": "金额", "subject_type": "日期", "object": "12，740.75万元", "subject": "2016年末", "subject_index": {"begin": 0, "end": 6}, "object_index": {"begin": 43, "end": 54}}]}
{"text": "2016年末、2017年末、2018年末及2019年9月末，公司应付账款账面价值分别为9，527.75万元、8，126.93万元、6，841.21万元及7，951.37万元。公司的应付账款主要系尚未支付的装修改造工程款。报告期内各期末，应付账款的账龄情况如下：", "spo_list": [{"predicate": "应付账款余额", "object_type": "金额", "subject_type": "日期", "object": "7，951.37万元", "subject": "2019年9月末", "subject_index": {"begin": 21, "end": 29}, "object_index": {"begin": 76, "end": 86}}, {"predicate": "应付账款余额", "object_type": "金额", "subject_type": "日期", "object": "6，841.21万元", "subject": "2018年末", "subject_index": {"begin": 14, "end": 20}, "object_index": {"begin": 65, "end": 75}}, {"predicate": "应付账款余额", "object_type": "金额", "subject_type": "日期", "object": "8，126.93万元", "subject": "2017年末", "subject_index": {"begin": 7, "end": 13}, "object_index": {"begin": 54, "end": 64}}, {"predicate": "应付账款余额", "object_type": "金额", "subject_type": "日期", "object": "9，527.75万元", "subject": "2016年末", "subject_index": {"begin": 0, "end": 6}, "object_index": {"begin": 43, "end": 53}}]}
{"text": "2016年末、2017年末、2018年末及2019年9月末，非流动负债金额分别为7，018.04万元、2，932.17万元、3，436.00万元和3，189.71万元，主要由长期借款、预计负债、递延收益和递延所得税负债构成。", "spo_list": [{"predicate": "非流动负债", "object_type": "金额", "subject_type": "日期", "object": "3，189.71万元", "subject": "2019年9月末", "subject_index": {"begin": 21, "end": 29}, "object_index": {"begin": 73, "end": 83}}, {"predicate": "非流动负债", "object_type": "金额", "subject_type": "日期", "object": "3，436.00万元", "subject": "2018年末", "subject_index": {"begin": 14, "end": 20}, "object_index": {"begin": 62, "end": 72}}, {"predicate": "非流动负债", "object_type": "金额", "subject_type": "日期", "object": "2，932.17万元", "subject": "2017年末", "subject_index": {"begin": 7, "end": 13}, "object_index": {"begin": 51, "end": 61}}, {"predicate": "非流动负债", "object_type": "金额", "subject_type": "日期", "object": "7，018.04万元", "subject": "2016年末", "subject_index": {"begin": 0, "end": 6}, "object_index": {"begin": 40, "end": 50}}]}
{"text": "承租运营是公司最主要的经营方式。2016年、2017年、2018年及2019年1-9月，公司承租运营模式发生的营业成本分别为32，372.60万元、41，103.52万元、47，552.34万元及37，328.19万元，占公司各期营业成本的比例分别为97.40%、97.88%、97.88%及96.51%。", "spo_list": [{"predicate": "总营业成本", "object_type": "金额", "subject_type": "日期", "object": "37，328.19万元", "subject": "2019年1-9月", "subject_index": {"begin": 34, "end": 43}, "object_index": {"begin": 98, "end": 109}}, {"predicate": "总营业成本", "object_type": "金额", "subject_type": "日期", "object": "47，552.34万元", "subject": "2018年", "subject_index": {"begin": 28, "end": 33}, "object_index": {"begin": 86, "end": 97}}, {"predicate": "总营业成本", "object_type": "金额", "subject_type": "日期", "object": "41，103.52万元", "subject": "2017年", "subject_index": {"begin": 22, "end": 27}, "object_index": {"begin": 74, "end": 85}}, {"predicate": "总营业成本", "object_type": "金额", "subject_type": "日期", "object": "32，372.60万元", "subject": "2016年", "subject_index": {"begin": 16, "end": 21}, "object_index": {"begin": 62, "end": 73}}]}
{"text": "截至2019年9月末，公司流动负债为41，323.28万元、其中银行借款余额为6，863.47万元，营运资金（营运资金=流动资产-流动负债）为-17，500.81万元，", "spo_list": [{"predicate": "流动负债", "object_type": "金额", "subject_type": "日期", "object": "41，323.28万元", "subject": "2019年9月末", "subject_index": {"begin": 2, "end": 10}, "object_index": {"begin": 18, "end": 29}}, {"predicate": "长期借款余额", "object_type": "金额", "subject_type": "日期", "object": "6，863.47万元", "subject": "2019年9月末", "subject_index": {"begin": 2, "end": 10}, "object_index": {"begin": 39, "end": 49}}]}
{"text": "截至2019年9月末，公司其他非流动资产为10，687.96万元，具体情况如下：", "spo_list": [{"predicate": "其他非流动资产", "object_type": "金额", "subject_type": "日期", "object": "10，687.96万元", "subject": "截至2019年9月末", "subject_index": {"begin": 0, "end": 10}, "object_index": {"begin": 21, "end": 32}}]}
{"text": "公司对内部人员的负债主要是应付职工薪酬。截至2019年9月末，公司应付职工薪酬账面价值为447.74万元。", "spo_list": [{"predicate": "应付职工薪酬余额", "object_type": "金额", "subject_type": "日期", "object": "447.74万元", "subject": "截至2019年9月末", "subject_index": {"begin": 20, "end": 30}, "object_index": {"begin": 44, "end": 52}}]}
{"text": "截至2019年9月末，公司的应交税费为1，749.36万元，主要为应交所得税、应交增值税等。", "spo_list": [{"predicate": "应交税费余额", "object_type": "金额", "subject_type": "日期", "object": "1，749.36万元，", "subject": "截至2019年9月末", "subject_index": {"begin": 0, "end": 10}, "object_index": {"begin": 19, "end": 30}}]}
{"text": "2017年末，公司在建工程价值较2016年末减少15，854.74万元，主要系越界?世博园功能性改造工程于当年由在建工程转入长期待摊费用所致；2018年末，公司的在建工程账面价值为1，205.78万元，主要为越界金都路项目功能性改造工程及NC开发等项目投入。2019年9月末，公司在建工程账面价值较2018年末增加5，852.65万元，主要为越界金都路项目功能性改造工程、越界?500视觉园项目功能性改造工程等项目的投入。", "spo_list": [{"predicate": "在建工程余额", "object_type": "金额", "subject_type": "日期", "object": "15，854.74万元", "subject": "2017年末", "subject_index": {"begin": 0, "end": 6}, "object_index": {"begin": 24, "end": 35}}, {"predicate": "在建工程余额", "object_type": "金额", "subject_type": "日期", "object": "1，205.78万元", "subject": "2018年末", "subject_index": {"begin": 71, "end": 77}, "object_index": {"begin": 90, "end": 100}}, {"predicate": "在建工程余额", "object_type": "金额", "subject_type": "日期", "object": "5，852.65万元", "subject": "2019年9月末", "subject_index": {"begin": 129, "end": 137}, "object_index": {"begin": 157, "end": 167}}]}
{"text": "截至2019年9月末，公司的长期待摊费用原值为110，845.06万元，净值为70，047.89万元，包括经营租入物业或房屋的功能性改造工程支出、项目租赁补偿款、自用办公室装修和项目运营过程中局部设施的升级更新支出等，在不超过租赁期的预计受益期内平均摊销。", "spo_list": [{"predicate": "长期待摊费用的余额", "object_type": "金额", "subject_type": "日期", "object": "110，845.06万元", "subject": "截至2019年9月末", "subject_index": {"begin": 0, "end": 10}, "object_index": {"begin": 23, "end": 35}}]}
{"text": "2017年，公司长期待摊费用原值增加28，304.77万元，主要系越界?世博园（B3、B4）、越界?田林坊功能性改造工程当年转入合计24，402.85万元；2018年，长期待摊费用原值增加5，258.02万元，主要系越界?世博园（C2）功能性改造工程当年转入3，231.86万元。2019年1-9月，长期待摊费用原值增加3，595.12万元，主要包括越界?田林坊、南翔智地园三期等项目功能性改造工程当期转入和越界?500视觉园、越界金都路等项目租赁补偿款增加合计3，611.95万元。", "spo_list": [{"predicate": "长期待摊费用的余额", "object_type": "金额", "subject_type": "日期", "object": "28，304.77万元", "subject": "2017年", "subject_index": {"begin": 0, "end": 5}, "object_index": {"begin": 18, "end": 29}}, {"predicate": "长期待摊费用的余额", "object_type": "金额", "subject_type": "日期", "object": "3，595.12万元", "subject": "2019年1-9月", "subject_index": {"begin": 140, "end": 149}, "object_index": {"begin": 160, "end": 170}}]}
{"text": "2016年末、2017年末、2018年末及2019年9月末，非流动负债金额分别为7，018.04万元、2，932.17万元、3，436.00万元和3，189.71万元，主要为长期借款和递延收益。", "spo_list": [{"predicate": "非流动负债", "object_type": "金额", "subject_type": "日期", "object": "7，018.04万元", "subject": "2016年末", "subject_index": {"begin": 0, "end": 6}, "object_index": {"begin": 40, "end": 50}}, {"predicate": "非流动负债", "object_type": "金额", "subject_type": "日期", "object": "2，932.17万元", "subject": "2017年末", "subject_index": {"begin": 7, "end": 13}, "object_index": {"begin": 51, "end": 61}}, {"predicate": "非流动负债", "object_type": "金额", "subject_type": "日期", "object": "3，436.00万元", "subject": "2018年末", "subject_index": {"begin": 14, "end": 20}, "object_index": {"begin": 62, "end": 72}}, {"predicate": "非流动负债", "object_type": "金额", "subject_type": "日期", "object": "3，189.71万元", "subject": "2019年9月末", "subject_index": {"begin": 21, "end": 29}, "object_index": {"begin": 73, "end": 83}}]}
{"text": "2016年末、2017年末、2018年末及2019年9月末，公司的预收款项账面价值分别为5，133.47万元、6，449.66万元、6，260.01万元及5，783.20万元，主要为预收客户的租金和物业费。", "spo_list": [{"predicate": "预收款项余额", "object_type": "金额", "subject_type": "日期", "object": "5，133.47万元", "subject": "2016年末", "subject_index": {"begin": 0, "end": 6}, "object_index": {"begin": 44, "end": 54}}, {"predicate": "预收款项余额", "object_type": "金额", "subject_type": "日期", "object": "6，449.66万元", "subject": "2017年末", "subject_index": {"begin": 7, "end": 13}, "object_index": {"begin": 55, "end": 65}}, {"predicate": "预收款项余额", "object_type": "金额", "subject_type": "日期", "object": "6，260.01万元", "subject": "2018年末", "subject_index": {"begin": 14, "end": 20}, "object_index": {"begin": 66, "end": 76}}, {"predicate": "预收款项余额", "object_type": "金额", "subject_type": "日期", "object": "5，783.20万元", "subject": "2019年9月末", "subject_index": {"begin": 21, "end": 29}, "object_index": {"begin": 77, "end": 87}}]}
{"text": "2016年末、2017年末、2018年末及2019年9月末，公司的一年内到期的非流动负债账面价值分别为12，998.25万元、5，858.50万元、5，721.25万元及3，659.07万元，主要为一年内到期的长期借款。", "spo_list": [{"predicate": "非流动负债", "object_type": "金额", "subject_type": "日期", "object": "12，998.25万元", "subject": "2016年末", "subject_index": {"begin": 0, "end": 6}, "object_index": {"begin": 51, "end": 62}}, {"predicate": "非流动负债", "object_type": "金额", "subject_type": "日期", "object": "5，858.50万元", "subject": "2017年末", "subject_index": {"begin": 7, "end": 13}, "object_index": {"begin": 63, "end": 73}}, {"predicate": "非流动负债", "object_type": "金额", "subject_type": "日期", "object": "5，721.25万元", "subject": "2018年末", "subject_index": {"begin": 14, "end": 20}, "object_index": {"begin": 74, "end": 84}}, {"predicate": "非流动负债", "object_type": "金额", "subject_type": "日期", "object": "3，659.07万元", "subject": "2019年9月末", "subject_index": {"begin": 21, "end": 29}, "object_index": {"begin": 85, "end": 95}}]}
{"text": "2016年末、2017年末、2018年末及2019年9月末，公司递延收益分别为525.00万元、571.64万元、732.94万元和893.04万元，系获得的政府补助，其中与收益相关的政府补助计入递延收益的余额为2017年收到的产业转型升级发展专项资金50.00万元、2018年收到的文化创意产业集聚发展平台补助资金100.00万元，其余均系与资产相关的政府补助。", "spo_list": []}
{"text": "报告期内，公司营业成本呈上升趋势。2016年、2017年、2018年及2019年1-9月，公司营业成本分别为33，236.67万元、41，995.75万元、48，581.56万元及38，679.67万元。2017年、2018年及2019年1-9月，营业成本较上一年同期分别增长26.35%、15.68%及7.78%，主要系各项成本随公司业务规模扩大相应增加，以及租入租金价格按租赁协议调整所致。", "spo_list": [{"predicate": "主营业务成本", "object_type": "金额", "subject_type": "日期", "object": "33，236.67万元", "subject": "2016", "subject_index": {"begin": 17, "end": 21}, "object_index": {"begin": 54, "end": 65}}, {"predicate": "主营业务成本", "object_type": "金额", "subject_type": "日期", "object": "41，995.75万元", "subject": "2017年", "subject_index": {"begin": 23, "end": 28}, "object_index": {"begin": 66, "end": 77}}, {"predicate": "主营业务成本", "object_type": "金额", "subject_type": "日期", "object": "48，581.56万元", "subject": "2018年", "subject_index": {"begin": 29, "end": 34}, "object_index": {"begin": 78, "end": 89}}, {"predicate": "主营业务成本", "object_type": "金额", "subject_type": "日期", "object": "38，679.67万元", "subject": "2019年1-9月", "subject_index": {"begin": 35, "end": 44}, "object_index": {"begin": 90, "end": 101}}]}
{"text": "2016年、2017年、2018年及2019年1-9月，公司的利息支出分别为998.60万元、1，293.61万元、1，191.71万元和783.70万元，主要系为满足随着经营规模日益扩大而不断增加的资金需求，公司增加银行借款而增加利息支出。报告期各期末，发行人借款余额具体如下：", "spo_list": [{"predicate": "应付利息", "object_type": "金额", "subject_type": "日期", "object": "998.60万元", "subject": "2016年", "subject_index": {"begin": 0, "end": 5}, "object_index": {"begin": 38, "end": 46}}, {"predicate": "应付利息", "object_type": "金额", "subject_type": "日期", "object": "1，293.61万元", "subject": "2017年", "subject_index": {"begin": 6, "end": 11}, "object_index": {"begin": 47, "end": 57}}, {"predicate": "应付利息", "object_type": "金额", "subject_type": "日期", "object": "1，191.71万元", "subject": "2018年", "subject_index": {"begin": 12, "end": 17}, "object_index": {"begin": 58, "end": 68}}, {"predicate": "应付利息", "object_type": "金额", "subject_type": "日期", "object": "783.70万元", "subject": "2019年1-9月", "subject_index": {"begin": 18, "end": 27}, "object_index": {"begin": 69, "end": 77}}]}
