{"text": "截至2014年12月31日，公司的无形资产原值为8,214.23万元，账面价值为7,611.99万元，具体情况如下：", "spo_list": [{"predicate": "无形资产账面价值", "object_type": "金额", "subject_type": "日期", "object": "8,214.23万元", "subject": "截至2014年12月31日", "subject_index": {"begin": 0, "end": 13}, "object_index": {"begin": 24, "end": 34}}]}
{"text": "截至2014年12月31日，公司的短期借款余额为21,350.00万元，具体情况如下：", "spo_list": [{"predicate": "短期借款余额", "object_type": "金额", "subject_type": "日期", "object": "21,350.00万元", "subject": "截至2014年12月31日", "subject_index": {"begin": 0, "end": 13}, "object_index": {"begin": 24, "end": 35}}]}
{"text": "截至2014年12月31日，公司的其他应付款余额为88.46万元，其他应付款中不存在应付持有公司5%（含5%）以上表决权股份的股东单位和其他关联方款项情况。", "spo_list": [{"predicate": "其他应付款余额", "object_type": "金额", "subject_type": "日期", "object": "88.46万元", "subject": "截至2014年12月31日", "subject_index": {"begin": 0, "end": 13}, "object_index": {"begin": 25, "end": 32}}]}
{"text": "2012年底、2013年底及2014年底，公司应收账款净额分别为7,453.00万元、9,422.62万元和10,983.25万元，公司的应收账款具体情况如下：", "spo_list": [{"predicate": "应收帐款净额", "object_type": "金额", "subject_type": "日期", "object": "7,453.00万元", "subject": "2012年底", "subject_index": {"begin": 0, "end": 6}, "object_index": {"begin": 32, "end": 42}}, {"predicate": "应收帐款净额", "object_type": "金额", "subject_type": "日期", "object": "9,422.62万元", "subject": "2013年底", "subject_index": {"begin": 7, "end": 13}, "object_index": {"begin": 43, "end": 53}}, {"predicate": "应收帐款净额", "object_type": "金额", "subject_type": "日期", "object": "10,983.25万元", "subject": "2014年底", "subject_index": {"begin": 14, "end": 20}, "object_index": {"begin": 54, "end": 65}}]}
{"text": "2012年底、2013年底及2014年底，公司的其他应收款余额分别为1,748.75万元、640.97万元和674.44万元。", "spo_list": [{"predicate": "其他应收款余额", "object_type": "金额", "subject_type": "日期", "object": "1,748.75万元", "subject": "2012年底", "subject_index": {"begin": 0, "end": 6}, "object_index": {"begin": 34, "end": 44}}, {"predicate": "其他应收款余额", "object_type": "金额", "subject_type": "日期", "object": "640.97万元", "subject": "2013年底", "subject_index": {"begin": 7, "end": 13}, "object_index": {"begin": 45, "end": 53}}, {"predicate": "其他应收款余额", "object_type": "金额", "subject_type": "日期", "object": "674.44万元", "subject": "2014年底", "subject_index": {"begin": 14, "end": 20}, "object_index": {"begin": 54, "end": 62}}]}
{"text": "2012年底、2013年底及2014年底，公司的存货账面价值分别为5,866.72万元、7,906.86万元和8,008.02万元，占总资产的比重分别为13.52%、14.78%和14.06%。公司存货金额较高，主要原因如下", "spo_list": [{"predicate": "存货账面价值", "object_type": "金额", "subject_type": "日期", "object": "5,866.72万元", "subject": "2012年底", "subject_index": {"begin": 0, "end": 6}, "object_index": {"begin": 33, "end": 43}}, {"predicate": "存货账面价值", "object_type": "金额", "subject_type": "日期", "object": "7,906.86万元", "subject": "2013年底", "subject_index": {"begin": 7, "end": 13}, "object_index": {"begin": 44, "end": 54}}, {"predicate": "存货账面价值", "object_type": "金额", "subject_type": "日期", "object": "8,008.02万元", "subject": "2014年底", "subject_index": {"begin": 14, "end": 20}, "object_index": {"begin": 55, "end": 65}}]}
{"text": "2012年底、2013年底及2014年底，公司应付职工薪酬金额分别为306.19万元、553.32万元和659.16万元。", "spo_list": [{"predicate": "应付职工薪酬余额", "object_type": "金额", "subject_type": "日期", "object": "306.19万元", "subject": "2012年底", "subject_index": {"begin": 0, "end": 6}, "object_index": {"begin": 34, "end": 42}}, {"predicate": "应付职工薪酬余额", "object_type": "金额", "subject_type": "日期", "object": "553.32万元", "subject": "2013年底", "subject_index": {"begin": 7, "end": 13}, "object_index": {"begin": 43, "end": 51}}, {"predicate": "应付职工薪酬余额", "object_type": "金额", "subject_type": "日期", "object": "659.16万元", "subject": "2014年底", "subject_index": {"begin": 14, "end": 20}, "object_index": {"begin": 52, "end": 60}}]}
{"text": "。2012年及2013年，公司分别对芜湖市振兴橡塑有限公司应收账款计提了坏账准备54.24万元和54.24万元。", "spo_list": [{"predicate": "应收帐款坏账准备", "object_type": "金额", "subject_type": "日期", "object": "54.24万元", "subject": "2012年", "subject_index": {"begin": 1, "end": 6}, "object_index": {"begin": 40, "end": 47}}, {"predicate": "应收帐款坏账准备", "object_type": "金额", "subject_type": "日期", "object": "54.24万元", "subject": "2013年", "subject_index": {"begin": 7, "end": 12}, "object_index": {"begin": 48, "end": 55}}]}
{"text": "截至2014年12月31日，公司的应付账款余额为4,664.26万元，主要为应付供应商的货款。应付账款期末余额中，无应付持有本公司5%（含5%）以上股份的股东单位的款项。", "spo_list": [{"predicate": "应付账款余额", "object_type": "金额", "subject_type": "日期", "object": "4,664.26万元", "subject": "2014年12月31日", "subject_index": {"begin": 2, "end": 13}, "object_index": {"begin": 24, "end": 34}}]}
{"text": "2013年盈余公积减少401.69万元，系公司受让汇投投资、珠海金海实业持有的汇盈文化100%股权，属同一控制下合并，股权转让成本与享有汇盈文化净资产的差异资本公积不足冲减的金额。", "spo_list": [{"predicate": "盈余公积", "object_type": "金额", "subject_type": "日期", "object": "401.69万元", "subject": "2013年", "subject_index": {"begin": 0, "end": 5}, "object_index": {"begin": 11, "end": 19}}]}
{"text": "截至2014年12月31日，公司提取坏账准备289.62万元，公司将进一步加强对客户经营情况的跟踪考察，细化客户信誉度分级，以降低发生应收账款坏账损失的风险", "spo_list": [{"predicate": "应收帐款坏账准备", "object_type": "金额", "subject_type": "日期", "object": "289.62万元", "subject": "2014年12月31日", "subject_index": {"begin": 2, "end": 13}, "object_index": {"begin": 22, "end": 30}}]}
{"text": "公司与部分客户采用银行承兑汇票作为结算方式，2012年底、2013年底及2014年底的应收票据金额分别为2,997.54万元、4,748.79万元和2,551.10万元。", "spo_list": [{"predicate": "应收票据余额", "object_type": "金额", "subject_type": "日期", "object": "2,551.10万元", "subject": "2014年", "subject_index": {"begin": 36, "end": 41}, "object_index": {"begin": 74, "end": 84}}, {"predicate": "应收票据余额", "object_type": "金额", "subject_type": "日期", "object": "4,748.79万", "subject": "2013年", "subject_index": {"begin": 29, "end": 34}, "object_index": {"begin": 63, "end": 72}}, {"predicate": "应收票据余额", "object_type": "金额", "subject_type": "日期", "object": "2,997.54万元", "subject": "2012年底", "subject_index": {"begin": 22, "end": 28}, "object_index": {"begin": 52, "end": 62}}]}
{"text": "2012年底、2013年底及2014年底，公司的在建工程余额分别为809.79万元、1,618.01万元和3,445.49万元。2012年底、2013年底及2014年底在建工程项目主要为本公司诸暨城西新车间项目、甘肃阻沙网项目的建造。截至2014年底，相关在建工程的进度状况如下：", "spo_list": [{"predicate": "在建工程余额", "object_type": "金额", "subject_type": "日期", "object": "3,445.49万元", "subject": "2014年底", "subject_index": {"begin": 14, "end": 20}, "object_index": {"begin": 53, "end": 63}}, {"predicate": "在建工程余额", "object_type": "金额", "subject_type": "日期", "object": "1,618.01万元", "subject": "2013年底", "subject_index": {"begin": 7, "end": 13}, "object_index": {"begin": 42, "end": 52}}, {"predicate": "在建工程余额", "object_type": "金额", "subject_type": "日期", "object": "809.79万元", "subject": "2012年底", "subject_index": {"begin": 0, "end": 6}, "object_index": {"begin": 33, "end": 41}}]}
{"text": "截至2014年12月31日，公司的短期银行借款余额为21,350.00万元", "spo_list": [{"predicate": "短期借款余额", "object_type": "金额", "subject_type": "日期", "object": "21,350.00万元", "subject": "2014年12月31日", "subject_index": {"begin": 2, "end": 13}, "object_index": {"begin": 26, "end": 37}}]}
{"text": "截至2014年12月31日，公司的其他流动负债余额为6.91万元，递延收益余额为370.79万元，系：", "spo_list": [{"predicate": "流动负债", "object_type": "金额", "subject_type": "日期", "object": "6.91万元", "subject": "2014年12月31日", "subject_index": {"begin": 2, "end": 13}, "object_index": {"begin": 26, "end": 32}}]}
{"text": "2012年底、2013年底及2014年底，公司应付职工薪酬金额分别为306.19万元、553.32万元和659.16万元。职工薪酬当月计提，下月支付。随着公司业务规模的扩张，公司员工不断增加，报告期内应付职工薪酬也相应增加。", "spo_list": [{"predicate": "应付职工薪酬余额", "object_type": "金额", "subject_type": "日期", "object": "659.16万元", "subject": "2014年底", "subject_index": {"begin": 14, "end": 20}, "object_index": {"begin": 52, "end": 60}}, {"predicate": "应付职工薪酬余额", "object_type": "金额", "subject_type": "日期", "object": "553.32万元", "subject": "2013年底", "subject_index": {"begin": 7, "end": 13}, "object_index": {"begin": 43, "end": 51}}, {"predicate": "应付职工薪酬余额", "object_type": "金额", "subject_type": "日期", "object": "306.19万元", "subject": "2012年底", "subject_index": {"begin": 0, "end": 6}, "object_index": {"begin": 34, "end": 42}}]}
{"text": "2012年及2013年，公司分别对芜湖市振兴橡塑有限公司应收账款计提了坏账准备54.24万元和54.24万元。2014年，公司计提了较多的存货跌价准备", "spo_list": [{"predicate": "应收帐款坏账准备", "object_type": "金额", "subject_type": "日期", "object": "54.24万元", "subject": "2013年", "subject_index": {"begin": 6, "end": 11}, "object_index": {"begin": 47, "end": 54}}, {"predicate": "应收帐款坏账准备", "object_type": "金额", "subject_type": "日期", "object": "54.24万元", "subject": "2012年", "subject_index": {"begin": 0, "end": 5}, "object_index": {"begin": 39, "end": 46}}]}
{"text": "截至2014年12月31日，本公司一年内到期的非流动负债129.15万元系泰国金海长期借款中一年内到期部分，长期借款余额398.16万元系泰国金海长期借款扣除一年内到期后的金额。该笔借款尚余本金泰铢2,794.47万元，其中一年内到期部分为泰铢684.44万元。上述借款的具体情况请参阅本招股说明书“第十五节其他重要事项”之“二、重要合同", "spo_list": [{"predicate": "非流动负债", "object_type": "金额", "subject_type": "日期", "object": "129.15万元", "subject": "截至2014年12月31日", "subject_index": {"begin": 0, "end": 13}, "object_index": {"begin": 28, "end": 36}}, {"predicate": "长期借款余额", "object_type": "金额", "subject_type": "日期", "object": "398.16万元", "subject": "截至2014年12月31日", "subject_index": {"begin": 0, "end": 13}, "object_index": {"begin": 60, "end": 68}}, {"predicate": "长期借款余额", "object_type": "金额", "subject_type": "日期", "object": "2,794.47万元", "subject": "截至2014年12月31日", "subject_index": {"begin": 0, "end": 13}, "object_index": {"begin": 99, "end": 109}}, {"predicate": "长期借款余额", "object_type": "金额", "subject_type": "日期", "object": "684.44万元", "subject": "截至2014年12月31日", "subject_index": {"begin": 0, "end": 13}, "object_index": {"begin": 122, "end": 130}}]}
{"text": "2012年底、2013年底及2014年底，公司的预付款项账面净额分别为333.48万元、545.66万元和122.98万元。预付款项主要为预付工程款、预付材料款、预付修理费、代缴税金等。", "spo_list": [{"predicate": "预付账款余额", "object_type": "金额", "subject_type": "日期", "object": "333.48万", "subject": "2012年底、", "subject_index": {"begin": 0, "end": 7}, "object_index": {"begin": 35, "end": 42}}, {"predicate": "预付账款余额", "object_type": "金额", "subject_type": "日期", "object": "545.66万元", "subject": "2013年底", "subject_index": {"begin": 7, "end": 13}, "object_index": {"begin": 44, "end": 52}}, {"predicate": "预付账款余额", "object_type": "金额", "subject_type": "日期", "object": "122.98万元", "subject": "2014年底", "subject_index": {"begin": 14, "end": 20}, "object_index": {"begin": 53, "end": 61}}]}
{"text": "2012年底、2013年底及2014年底，公司固定资产原值分别为15,159.88万元、18,708.47万元和20,240.75万元，2013年底及2014年底增幅分别为23.41%和8.19%。", "spo_list": [{"predicate": "固定资产账面价值", "object_type": "金额", "subject_type": "日期", "object": "15,159.88万元", "subject": "2012年底", "subject_index": {"begin": 0, "end": 6}, "object_index": {"begin": 32, "end": 43}}, {"predicate": "固定资产账面价值", "object_type": "金额", "subject_type": "日期", "object": "18,708.47万元", "subject": "2013年底", "subject_index": {"begin": 7, "end": 13}, "object_index": {"begin": 44, "end": 55}}, {"predicate": "固定资产账面价值", "object_type": "金额", "subject_type": "日期", "object": "20,240.75万元", "subject": "2014年底", "subject_index": {"begin": 14, "end": 20}, "object_index": {"begin": 56, "end": 67}}]}
{"text": "截至2014年12月31日，公司的无形资产原值为8,214.23万元，账面价值为7,611.99万元，具体情况如下：", "spo_list": [{"predicate": "无形资产余额", "object_type": "金额", "subject_type": "日期", "object": "8,214.23万元", "subject": "截至2014年12月31日", "subject_index": {"begin": 0, "end": 13}, "object_index": {"begin": 24, "end": 34}}, {"predicate": "无形资产账面价值", "object_type": "金额", "subject_type": "日期", "object": "7,611.99万元", "subject": "截至2014年12月31日", "subject_index": {"begin": 0, "end": 13}, "object_index": {"begin": 40, "end": 50}}]}
{"text": "随着业务规模的扩大，公司的期间费用逐年增长，2012年、2013年及2014年，期间费用合计分别为6,169.86万元、7,514.13万元和8,269.83万元。2013年由于借款和汇兑损失的增加，使得期间费用占营业收入的比重有所上升。2014年，随着公司营业收入的增长以及对期间费用的合理控制，使得期间费用占营业收入的比重有所下降。", "spo_list": [{"predicate": "期间费用", "object_type": "金额", "subject_type": "日期", "object": "6,169.86万元", "subject": "2012年", "subject_index": {"begin": 22, "end": 27}, "object_index": {"begin": 49, "end": 59}}, {"predicate": "期间费用", "object_type": "金额", "subject_type": "日期", "object": "7,514.13万元", "subject": "2013年", "subject_index": {"begin": 28, "end": 33}, "object_index": {"begin": 60, "end": 70}}, {"predicate": "期间费用", "object_type": "金额", "subject_type": "日期", "object": "8,269.83万元", "subject": "2014年", "subject_index": {"begin": 34, "end": 39}, "object_index": {"begin": 71, "end": 81}}]}
{"text": "公司2014年底其他非流动资产系向诸暨市国土资源局支付的土地使用权建设开发保证金106万元以及设备和模具等长期资产预付款31.55万元。", "spo_list": [{"predicate": "非流动资产", "object_type": "金额", "subject_type": "日期", "object": "106万元", "subject": "2014年", "subject_index": {"begin": 2, "end": 7}, "object_index": {"begin": 40, "end": 45}}, {"predicate": "长期应付款", "object_type": "金额", "subject_type": "日期", "object": "31.55万元", "subject": "2014年", "subject_index": {"begin": 2, "end": 7}, "object_index": {"begin": 60, "end": 67}}]}
{"text": "截至2014年12月31日，公司的其他流动负债余额为6.91万元，递延收益余额为370.79万元，系：", "spo_list": [{"predicate": "流动负债余额", "object_type": "金额", "subject_type": "日期", "object": "6.91万元", "subject": "截至2014年12月31日", "subject_index": {"begin": 0, "end": 13}, "object_index": {"begin": 26, "end": 32}}]}
{"text": "随着业务规模的扩大，公司的期间费用逐年增长，2012年、2013年及2014年，期间费用合计分别为6,169.86万元、7,514.13万元和8,269.83万元。2013年由于借款和汇兑损失的增加，使得期间费用占营业收入的比重有所上升。2014年，随着公司营业收入的增长以及对期间费用的合理控制，使得期间费用占营业收入的比重有所下降。", "spo_list": [{"predicate": "期间费用", "object_type": "金额", "subject_type": "日期", "object": "6,169.86万元", "subject": "2012年", "subject_index": {"begin": 22, "end": 27}, "object_index": {"begin": 49, "end": 59}}, {"predicate": "期间费用", "object_type": "金额", "subject_type": "日期", "object": "7,514.13万元", "subject": "2013年", "subject_index": {"begin": 28, "end": 33}, "object_index": {"begin": 60, "end": 70}}, {"predicate": "期间费用", "object_type": "金额", "subject_type": "日期", "object": "8,269.83万元", "subject": "2014年", "subject_index": {"begin": 34, "end": 39}, "object_index": {"begin": 71, "end": 81}}]}
