{"text": "公司预付款主要是预付原材料采购款。2014年末、2015年末和2016年末，公司预付款项余额分别为7，763.54万元、3，861.05万元和14，942.37万元，占流动资产的比例分别为7.36%、4.90%和12.49%。", "spo_list": [{"predicate": "预付款项余额", "object_type": "金额", "subject_type": "日期", "object": "7，763.54万元", "subject": "2014年末", "subject_index": {"begin": 17, "end": 23}, "object_index": {"begin": 49, "end": 59}}, {"predicate": "预付款项余额", "object_type": "金额", "subject_type": "日期", "object": "3，861.05万元", "subject": "2015年末", "subject_index": {"begin": 24, "end": 30}, "object_index": {"begin": 60, "end": 70}}, {"predicate": "预付款项余额", "object_type": "金额", "subject_type": "日期", "object": "14，942.37万元", "subject": "2016年末", "subject_index": {"begin": 31, "end": 37}, "object_index": {"begin": 71, "end": 82}}]}
{"text": "2014年末、2015年末、2016年末，公司计提存货跌价准备分别为752.94万元、342.81万元、293.74万元，占存货总额的2.03%、1.14%、0.60%，存货整体质量良好。", "spo_list": [{"predicate": "存货跌价准备", "object_type": "金额", "subject_type": "日期", "object": "752.94万元", "subject": "2014年末", "subject_index": {"begin": 0, "end": 6}, "object_index": {"begin": 34, "end": 42}}, {"predicate": "存货跌价准备", "object_type": "金额", "subject_type": "日期", "object": "342.81万元", "subject": "2015年末", "subject_index": {"begin": 7, "end": 13}, "object_index": {"begin": 43, "end": 51}}, {"predicate": "存货跌价准备", "object_type": "金额", "subject_type": "日期", "object": "293.74万元", "subject": "2016年末", "subject_index": {"begin": 14, "end": 20}, "object_index": {"begin": 52, "end": 60}}]}
{"text": "公司无形资产主要为土地使用权。2014年末、2015年末和2016年末，公司无形资产金额分别为29，346.33万元、28，689.14万元和28，031.95万元，占非流动资产的比例分别为11.88%、11.66%和12.41%，占比相对稳定。", "spo_list": [{"predicate": "无形资产账面价值", "object_type": "金额", "subject_type": "日期", "object": "29，346.33万元", "subject": "2014年末", "subject_index": {"begin": 15, "end": 21}, "object_index": {"begin": 47, "end": 58}}, {"predicate": "无形资产账面价值", "object_type": "金额", "subject_type": "日期", "object": "28，689.14万元", "subject": "2015年末", "subject_index": {"begin": 22, "end": 28}, "object_index": {"begin": 59, "end": 70}}, {"predicate": "无形资产账面价值", "object_type": "金额", "subject_type": "日期", "object": "28，031.95万元", "subject": "2016年末", "subject_index": {"begin": 29, "end": 35}, "object_index": {"begin": 71, "end": 82}}]}
{"text": "公司预收款项主要是焦炭、纯苯和煤焦油深加工产品的预收款项。2014年末、2015年末和2016年末，公司预收款项金额分别为3，837.20万元、2，713.29万元和7，702.15万元，占流动负债比例分别为3.51%、3.26%和8.93%。2016年末预收款项较2015年末增加183.87%，主要系：2016年，公司苯加氢车间复产，纯苯客户采取预收款结算方式。", "spo_list": [{"predicate": "预收款项余额", "object_type": "金额", "subject_type": "日期", "object": "3，837.20万元", "subject": "2014年末", "subject_index": {"begin": 29, "end": 35}, "object_index": {"begin": 61, "end": 71}}, {"predicate": "预收款项余额", "object_type": "金额", "subject_type": "日期", "object": "2，713.29万元", "subject": "2015年末", "subject_index": {"begin": 36, "end": 42}, "object_index": {"begin": 72, "end": 82}}, {"predicate": "预收款项余额", "object_type": "金额", "subject_type": "日期", "object": "7，702.15万元", "subject": "2016年末", "subject_index": {"begin": 43, "end": 49}, "object_index": {"begin": 83, "end": 93}}]}
{"text": "公司应收票据主要为银行承兑汇票。2014年末、2015年末和2016年末，公司应收票据余额分别为15，073.30万元、10，533.92万元和22，819.73万元，占流动资产比例分别14.28%、13.36%和19.13%。报告期各期末公司应收票据余额波动较大，其主要原因系公司将应收票据作为货币资金管理，根据公司资金的周转情况，进行贴现、背书或到期承兑，公司日常经营活动收到的货款中应收票据的占比较高，总金额较大，期末如有票据未及时贴现、背书或未到期就会导致应收票据期末余额波动较大。", "spo_list": [{"predicate": "应收票据余额", "object_type": "金额", "subject_type": "日期", "object": "22，819.73万元", "subject": "2016年末", "subject_index": {"begin": 30, "end": 36}, "object_index": {"begin": 72, "end": 83}}, {"predicate": "应收票据余额", "object_type": "金额", "subject_type": "日期", "object": "10，533.92万元", "subject": "2015年末", "subject_index": {"begin": 23, "end": 29}, "object_index": {"begin": 60, "end": 71}}, {"predicate": "应收票据余额", "object_type": "金额", "subject_type": "日期", "object": "15，073.30万元", "subject": "2014年末", "subject_index": {"begin": 16, "end": 22}, "object_index": {"begin": 48, "end": 59}}]}
{"text": "2014年末、2015年末和2016年末，公司固定资产账面价值分别为209，469.26万元、199，194.51万元和188，429.82万元，占非流动资产比例分别为84.78%、80.94%和83.40%。公司固定资产主要由房屋及建筑物和机器设备组成。2014年末、2015年末和2016年末，房屋及建筑物和机器设备合计占固定资产的比例分别为97.41%、97.11%和97.20%，占比较高，符合公司所处化工行业的重资产特点。", "spo_list": [{"predicate": "固定资产账面价值", "object_type": "金额", "subject_type": "日期", "object": "188，429.82万元", "subject": "2016年末", "subject_index": {"begin": 14, "end": 20}, "object_index": {"begin": 60, "end": 72}}, {"predicate": "固定资产账面价值", "object_type": "金额", "subject_type": "日期", "object": "199，194.51万元", "subject": "2015年末", "subject_index": {"begin": 7, "end": 13}, "object_index": {"begin": 47, "end": 59}}, {"predicate": "固定资产账面价值", "object_type": "金额", "subject_type": "日期", "object": "209，469.26万元", "subject": "2014年末", "subject_index": {"begin": 0, "end": 6}, "object_index": {"begin": 34, "end": 46}}]}
{"text": "公司短期借款由质押贷款、抵押贷款、保证贷款和信用贷款组成。2014年末、2015年末和2016年末，公司短期借款金额分别为40，905.58万元、15，000.00万元和10，505.67万元，占流动负债比例分别为37.41%、18.03%和12.19%。", "spo_list": [{"predicate": "短期借款余额", "object_type": "金额", "subject_type": "日期", "object": "10，505.67万元", "subject": "2016年末", "subject_index": {"begin": 43, "end": 49}, "object_index": {"begin": 85, "end": 96}}, {"predicate": "短期借款余额", "object_type": "金额", "subject_type": "日期", "object": "15，000.00万元", "subject": "2015年末", "subject_index": {"begin": 36, "end": 42}, "object_index": {"begin": 73, "end": 84}}, {"predicate": "短期借款余额", "object_type": "金额", "subject_type": "日期", "object": "40，905.58万元", "subject": "2014年末", "subject_index": {"begin": 29, "end": 35}, "object_index": {"begin": 61, "end": 72}}]}
{"text": "公司应交税费主要由增值税、企业所得税、房产税和土地使用税组成。2014年末、2015年末和2016年末公司应交税费分别为1，356.56万元、826.38万元和6，701.37万元，占流动负债比例分别为1.24%、0.99%和7.77%。", "spo_list": [{"predicate": "应交税费余额", "object_type": "金额", "subject_type": "日期", "object": "6，701.37万元", "subject": "2016年", "subject_index": {"begin": 45, "end": 50}, "object_index": {"begin": 80, "end": 90}}, {"predicate": "应交税费余额", "object_type": "金额", "subject_type": "日期", "object": "826.38万元", "subject": "2015年末", "subject_index": {"begin": 38, "end": 44}, "object_index": {"begin": 71, "end": 79}}, {"predicate": "应交税费余额", "object_type": "金额", "subject_type": "日期", "object": "1，356.56万元", "subject": "2014年末", "subject_index": {"begin": 31, "end": 37}, "object_index": {"begin": 60, "end": 70}}]}
{"text": "2014年末、2015年末和2016年末，公司长期借款分别为37，823.33万元、29，907.78万元和13，800.00万元，占非流动负债比例分别为61.64%、56.71%和34.73%，占比大致呈降低趋势。", "spo_list": [{"predicate": "长期借款余额", "object_type": "金额", "subject_type": "日期", "object": "13，800.00万元", "subject": "2016年末", "subject_index": {"begin": 14, "end": 20}, "object_index": {"begin": 54, "end": 65}}, {"predicate": "长期借款余额", "object_type": "金额", "subject_type": "日期", "object": "29，907.78万元", "subject": "2015年末", "subject_index": {"begin": 7, "end": 13}, "object_index": {"begin": 42, "end": 53}}, {"predicate": "长期借款余额", "object_type": "金额", "subject_type": "日期", "object": "37，823.33万元", "subject": "2014年末", "subject_index": {"begin": 0, "end": 6}, "object_index": {"begin": 30, "end": 41}}]}
{"text": "公司其他应付款主要由保证金、往来款和预提销售运费组成。2014年末、2015年末和2016年末，公司其他应付款分别为2，892.13万元、1，961.64万元和3，122.13万元，占流动负债比例分别为2.64%、2.36%和3.62%。", "spo_list": [{"predicate": "其他应付款余额", "object_type": "金额", "subject_type": "日期", "object": "2，892.13万元", "subject": "。2014年末", "subject_index": {"begin": 26, "end": 33}, "object_index": {"begin": 58, "end": 68}}, {"predicate": "其他应付款余额", "object_type": "金额", "subject_type": "日期", "object": "1，961.64万元", "subject": "2015年末", "subject_index": {"begin": 34, "end": 40}, "object_index": {"begin": 69, "end": 79}}, {"predicate": "其他应付款余额", "object_type": "金额", "subject_type": "日期", "object": "3，122.13万元，", "subject": "2016年末", "subject_index": {"begin": 41, "end": 47}, "object_index": {"begin": 80, "end": 91}}]}
{"text": "2014年末、2015年末和2016年末，公司应收账款净额分别为40，079.69万元、29，316.47万元和29，785.36万元，占流动资产比例分别为37.98%、37.17%和24.89%。", "spo_list": [{"predicate": "应收帐款净额", "object_type": "金额", "subject_type": "日期", "object": "40，079.69万元", "subject": "2014年末", "subject_index": {"begin": 0, "end": 6}, "object_index": {"begin": 32, "end": 43}}, {"predicate": "应收帐款净额", "object_type": "金额", "subject_type": "日期", "object": "29，316.47万元", "subject": "2015年末", "subject_index": {"begin": 7, "end": 13}, "object_index": {"begin": 44, "end": 55}}, {"predicate": "应收帐款净额", "object_type": "金额", "subject_type": "日期", "object": "29，785.36万元", "subject": "2016年末", "subject_index": {"begin": 14, "end": 20}, "object_index": {"begin": 56, "end": 67}}]}
{"text": "2014年末、2015年末和2016年末，公司存货净额分别为36，382.67万元、29，613.59万元和48，373.20万元，占流动资产的比例分别为34.47%、37.54%和40.43%。", "spo_list": [{"predicate": "存货净值", "object_type": "金额", "subject_type": "日期", "object": "36，382.67万元", "subject": "2014年末", "subject_index": {"begin": 0, "end": 6}, "object_index": {"begin": 30, "end": 41}}, {"predicate": "存货净值", "object_type": "金额", "subject_type": "日期", "object": "29，613.59万元", "subject": "2015年末", "subject_index": {"begin": 7, "end": 13}, "object_index": {"begin": 42, "end": 53}}, {"predicate": "存货净值", "object_type": "金额", "subject_type": "日期", "object": "48，373.20万元", "subject": "2016年末", "subject_index": {"begin": 14, "end": 20}, "object_index": {"begin": 54, "end": 65}}]}
{"text": "2014年末、2015年末和2016年末，公司在建工程金额分别为3，569.53万元、13，235.48万元和4，154.00万元，占非流动资产的比例分别为1.44%、5.38%和1.84%。", "spo_list": [{"predicate": "在建工程净额", "object_type": "金额", "subject_type": "日期", "object": "3，569.53万元", "subject": "2014年", "subject_index": {"begin": 0, "end": 5}, "object_index": {"begin": 32, "end": 42}}, {"predicate": "在建工程余额", "object_type": "金额", "subject_type": "日期", "object": "13，235.48万元", "subject": "2015年末", "subject_index": {"begin": 7, "end": 13}, "object_index": {"begin": 43, "end": 54}}, {"predicate": "在建工程余额", "object_type": "金额", "subject_type": "日期", "object": "4，154.00万元", "subject": "2016年末", "subject_index": {"begin": 14, "end": 20}, "object_index": {"begin": 55, "end": 65}}]}
{"text": "2014年末、2015年末和2016年末，公司应付账款分别为37，473.06万元、31，058.56万元和33，521.87万元，占流动负债比例分别为34.27%、37.34%和38.89%，占比较高。", "spo_list": [{"predicate": "应付账款余额", "object_type": "金额", "subject_type": "日期", "object": "37，473.06万元", "subject": "2014年末", "subject_index": {"begin": 0, "end": 6}, "object_index": {"begin": 30, "end": 41}}, {"predicate": "应付账款余额", "object_type": "金额", "subject_type": "日期", "object": "31，058.56万元", "subject": "2015年末", "subject_index": {"begin": 7, "end": 13}, "object_index": {"begin": 42, "end": 53}}, {"predicate": "应付账款余额", "object_type": "金额", "subject_type": "日期", "object": "33，521.87万元，", "subject": "2016年末", "subject_index": {"begin": 14, "end": 20}, "object_index": {"begin": 54, "end": 66}}]}
{"text": "公司应付职工薪酬主要为未发放的工资、奖金和按规定计提的社会保险费、工会经费和职工教育经费等。2014年末、2015年末和2016年末，公司应付职工金额分别为2，343.69万元、2，741.24万元和2，931.59万元，占流动负债比例分别为2.14%、3.30%和3.40%，占比较小。", "spo_list": [{"predicate": "应付职工薪酬余额", "object_type": "金额", "subject_type": "日期", "object": "2，343.69万元", "subject": "2014年末、", "subject_index": {"begin": 46, "end": 53}, "object_index": {"begin": 78, "end": 88}}, {"predicate": "应付职工薪酬余额", "object_type": "金额", "subject_type": "日期", "object": "2，741.24万元", "subject": "2015年末", "subject_index": {"begin": 53, "end": 59}, "object_index": {"begin": 89, "end": 99}}, {"predicate": "应付职工薪酬余额", "object_type": "金额", "subject_type": "日期", "object": "2，931.59万元", "subject": "2016年末", "subject_index": {"begin": 60, "end": 66}, "object_index": {"begin": 100, "end": 110}}]}
{"text": "公司其他应付款主要由保证金、往来款和预提销售运费组成。2014年末、2015年末和2016年末，公司其他应付款分别为2，892.13万元、1，961.64万元和3，122.13万元，占流动负债比例分别为2.64%、2.36%和3.62%。", "spo_list": [{"predicate": "其他应付款余额", "object_type": "金额", "subject_type": "日期", "object": "2，892.13万元", "subject": "。2014年末", "subject_index": {"begin": 26, "end": 33}, "object_index": {"begin": 58, "end": 68}}, {"predicate": "其他应付款余额", "object_type": "金额", "subject_type": "日期", "object": "1，961.64万元", "subject": "2015年末", "subject_index": {"begin": 34, "end": 40}, "object_index": {"begin": 69, "end": 79}}, {"predicate": "其他应付款余额", "object_type": "金额", "subject_type": "日期", "object": "3，122.13万元", "subject": "2016年末", "subject_index": {"begin": 41, "end": 47}, "object_index": {"begin": 80, "end": 90}}]}
