{"text": "截至2010年12月31日，长沙高鑫欠公司借款本金及利息合计630，586，495.77元。2011年5月9日，公司已收到长沙高鑫偿还的借款的本息合计642，034，484.72元（含自2011年1月1日起至还款日2011年5月9日止的利息11，447，988.95元）。至此，长沙高鑫已全部清偿其向金发科技拆借的资金及应计利息。", "spo_list": [{"predicate": "长期借款余额", "object_type": "金额", "subject_type": "日期", "object": "630，586，495.77元", "subject": "截至2010年12月31日", "subject_index": {"begin": 0, "end": 13}, "object_index": {"begin": 30, "end": 45}}, {"predicate": "长期借款余额", "object_type": "金额", "subject_type": "日期", "object": "642，034，484.72元", "subject": "2011年5月9日", "subject_index": {"begin": 46, "end": 55}, "object_index": {"begin": 75, "end": 90}}]}
{"text": "截至2010年12月31日，长沙高鑫欠公司借款本金及利息合计630，586，495.77元。2011年5月9日，公司已收到长沙高鑫偿还的借款的本息合计642，034，484.72元（含自2011年1月1日起至还款日2011年5月9日止的利息11，447，988.95元）。至此，长沙高鑫已全部清偿其向金发科技拆借的资金及应计利息。", "spo_list": [{"predicate": "长期借款余额", "object_type": "金额", "subject_type": "日期", "object": "630，586，495.77元", "subject": "截至2010年12月31日", "subject_index": {"begin": 0, "end": 13}, "object_index": {"begin": 30, "end": 45}}, {"predicate": "长期借款余额", "object_type": "金额", "subject_type": "日期", "object": "642，034，484.72元", "subject": "2011年5月9日", "subject_index": {"begin": 46, "end": 55}, "object_index": {"begin": 75, "end": 90}}]}
{"text": "2008年金融危机导致公司所需原材料价格大幅下跌，当年公司共计提了15，168.58万元存货跌价准备，2009年完成转销。2008年原子公司长沙高鑫根据当时的房地产行情计提了12，650.07万元存货跌价准备，2009年之后房地产行情开始好转，由于该项目尚在开发建设之中，计提的存货跌价准备不能转回，2011年6月末，由于出售了长沙高鑫75%股权，该存货跌价准备不再纳入合并报表范围。", "spo_list": [{"predicate": "存货跌价准备", "object_type": "金额", "subject_type": "日期", "object": "15，168.58万元", "subject": "2008年", "subject_index": {"begin": 0, "end": 5}, "object_index": {"begin": 33, "end": 44}}, {"predicate": "存货跌价准备", "object_type": "金额", "subject_type": "日期", "object": "12，650.07万元", "subject": "2008年", "subject_index": {"begin": 61, "end": 66}, "object_index": {"begin": 87, "end": 98}}]}
{"text": "公司的固定资产以房屋建筑物及机器设备为主，报告期内由于公司生产经营规模不断扩大导致固定资产规模逐步增长，固定资产净额从2008年末的74，453.32万元增加至2010年末的131，572.73万元，增幅为76.72%。", "spo_list": [{"predicate": "固定资产净额", "object_type": "金额", "subject_type": "日期", "object": "74，453.32万元", "subject": "2008年末", "subject_index": {"begin": 59, "end": 65}, "object_index": {"begin": 66, "end": 77}}, {"predicate": "固定资产净额", "object_type": "金额", "subject_type": "日期", "object": "131，572.73万元", "subject": "2010年末", "subject_index": {"begin": 80, "end": 86}, "object_index": {"begin": 87, "end": 99}}]}
{"text": "2011年6月末，公司固定资产原值比2010年末增加了6，121.56万元，增幅为3.64%，主要原因是：（1）公司新购买生产设备3，061.83万元；（2）公司绵阳长鑫1#仓库工程转入固定资产1，948.39万元。", "spo_list": [{"predicate": "固定资产净额", "object_type": "金额", "subject_type": "日期", "object": "6，121.56万元", "subject": "2011年6月末", "subject_index": {"begin": 0, "end": 8}, "object_index": {"begin": 27, "end": 37}}]}
{"text": "截至2011年6月30日，公司在建工程账面余额为24，501.12万元，主要工程天津金发一期工程、总部办公楼项目、珠海万通一期厂房工程、科学城生活区项目、上海金发三期工程的账面余额分别为7，668.55万元、3，325.04万元、3，090.28万元、2，802.99万元和2，508.87万元。", "spo_list": [{"predicate": "在建工程余额", "object_type": "金额", "subject_type": "日期", "object": "24，501.12万元", "subject": "截至2011年6月30日", "subject_index": {"begin": 0, "end": 12}, "object_index": {"begin": 24, "end": 35}}, {"predicate": "在建工程余额", "object_type": "金额", "subject_type": "日期", "object": "7，668.55万元", "subject": "截至2011年6月30日", "subject_index": {"begin": 0, "end": 12}, "object_index": {"begin": 93, "end": 103}}, {"predicate": "在建工程余额", "object_type": "金额", "subject_type": "日期", "object": "3，325.04万元", "subject": "截至2011年6月30日", "subject_index": {"begin": 0, "end": 12}, "object_index": {"begin": 104, "end": 114}}, {"predicate": "在建工程余额", "object_type": "金额", "subject_type": "日期", "object": "3，090.28万元", "subject": "截至2011年6月30日", "subject_index": {"begin": 0, "end": 12}, "object_index": {"begin": 115, "end": 125}}, {"predicate": "在建工程余额", "object_type": "金额", "subject_type": "日期", "object": "2，802.99万元", "subject": "截至2011年6月30日", "subject_index": {"begin": 0, "end": 12}, "object_index": {"begin": 126, "end": 136}}, {"predicate": "在建工程余额", "object_type": "金额", "subject_type": "日期", "object": "2，508.87万元", "subject": "截至2011年6月30日", "subject_index": {"begin": 0, "end": 12}, "object_index": {"begin": 137, "end": 147}}]}
{"text": "2011年6月末公司长期待摊费用为432.98万元，主要是水电气油安装工程项目。", "spo_list": [{"predicate": "长期待摊费用", "object_type": "金额", "subject_type": "日期", "object": "432.98万元", "subject": "2011年6月末", "subject_index": {"begin": 0, "end": 8}, "object_index": {"begin": 17, "end": 25}}]}
{"text": "2008年、2009年公司预收款项较为稳定，2010年末公司的预收款项余额为41，269.59万元，比2009年末增加24，385.38万元，主要原因是公司报告期内的子公司长沙高鑫销售商品房的预收款比2009年末增加24，509.11万元所致。", "spo_list": [{"predicate": "预收款项余额", "object_type": "金额", "subject_type": "日期", "object": "41，269.59万元", "subject": "2010年末", "subject_index": {"begin": 22, "end": 28}, "object_index": {"begin": 38, "end": 49}}]}
{"text": "2009年末，公司固定资产原值比2008年末增加了64，123.34万元，增幅为69.94%，主要原因是广州科学城四期工程转入固定资产54，046.73万元。", "spo_list": [{"predicate": "固定资产账面价值", "object_type": "金额", "subject_type": "日期", "object": "64，123.34万元", "subject": "2009年末", "subject_index": {"begin": 0, "end": 6}, "object_index": {"begin": 25, "end": 36}}]}
{"text": "2010年末，公司固定资产原值比2009年末增加了12，497.61万元，增幅为8.02%，主要原因是：（1）公司及控股子公司上海金发扩大生产经营规模，购买设备7，784.97万元；（2）东特科技钢结构厂房以及科学城一期和二期项目转入固定资产累计2，158.19万元。", "spo_list": [{"predicate": "固定资产账面价值", "object_type": "金额", "subject_type": "日期", "object": "12，497.61万元", "subject": "2010年末", "subject_index": {"begin": 0, "end": 6}, "object_index": {"begin": 25, "end": 36}}]}
{"text": "2009年末，公司的无形资产账面原值为40，556.08万元，较2008年末增加了22，985.94万元，主要原因是上海金发合并珠海万通新增土地使用权23，385.31万元。", "spo_list": [{"predicate": "无形资产账面价值", "object_type": "金额", "subject_type": "日期", "object": "40，556.08万元", "subject": "2009年末", "subject_index": {"begin": 0, "end": 6}, "object_index": {"begin": 19, "end": 30}}]}
{"text": "2010年末，公司的无形资产账面原值为62，242.65万元，较2009年末增加了21，686.57万元，主要原因是天津金发新增土地使用权19，279.91万元，绵阳长鑫新增土地使用权1，490.84万元。", "spo_list": [{"predicate": "无形资产账面价值", "object_type": "金额", "subject_type": "日期", "object": "62，242.65万元", "subject": "2010年末", "subject_index": {"begin": 0, "end": 6}, "object_index": {"begin": 19, "end": 30}}, {"predicate": "无形资产账面价值", "object_type": "金额", "subject_type": "日期", "object": "21，686.57万元", "subject": "2009年", "subject_index": {"begin": 32, "end": 37}, "object_index": {"begin": 41, "end": 52}}]}
{"text": "2011年6月末，公司无形资产账面原值为74，242.42万元，较2010年末增加14，420.25万元，主要原因是江苏金发新增土地使用权8，466.58万元，吉林金谷新增土地使用权5，951.49万元。", "spo_list": [{"predicate": "无形资产账面价值", "object_type": "金额", "subject_type": "日期", "object": "74，242.42万元", "subject": "2011年6月末", "subject_index": {"begin": 0, "end": 8}, "object_index": {"begin": 20, "end": 31}}, {"predicate": "无形资产账面价值", "object_type": "金额", "subject_type": "日期", "object": "14，420.25万元", "subject": "2010年", "subject_index": {"begin": 33, "end": 38}, "object_index": {"begin": 41, "end": 52}}]}
{"text": "2008年末公司其他流动负债为5，849.65万元，主要为专项资金等各类政府补助，2009年将该部分专项资金转入其他非流动负债。", "spo_list": [{"predicate": "非流动负债", "object_type": "金额", "subject_type": "日期", "object": "5，849.65万元", "subject": "2008年末", "subject_index": {"begin": 0, "end": 6}, "object_index": {"begin": 15, "end": 25}}]}
