{"text": "截至2017年6月30日，公司固定资产原值为50，192.27万元，累计折旧为24，283.67万元，减值准备为145.48万元，固定资产净值为25，763.12万元，", "spo_list": [{"predicate": "固定资产净额", "object_type": "金额", "subject_type": "日期", "object": "50，192.27万元", "subject": "截至2017年6月30日", "subject_index": {"begin": 0, "end": 12}, "object_index": {"begin": 22, "end": 33}}]}
{"text": "截至2017年6月30日，公司短期借款余额为39，930.98万元，", "spo_list": [{"predicate": "短期借款余额", "object_type": "金额", "subject_type": "日期", "object": "39，930.98万元", "subject": "截至2017年6月30日", "subject_index": {"begin": 0, "end": 12}, "object_index": {"begin": 22, "end": 33}}]}
{"text": "截至2017年6月30日，公司保证借款余额为21，930.98万元，", "spo_list": [{"predicate": "短期借款余额", "object_type": "金额", "subject_type": "日期", "object": "21，930.98万元", "subject": "截至2017年6月30日", "subject_index": {"begin": 0, "end": 12}, "object_index": {"begin": 22, "end": 33}}]}
{"text": "根据公司章程规定，公司按2014年度、2015年度和2016年度净利润的10%分别提取法定盈余公积1，176.34万元、777.43万元和1，078.85万元。", "spo_list": [{"predicate": "盈余公积", "object_type": "金额", "subject_type": "日期", "object": "1，176.34万元", "subject": "2014年度", "subject_index": {"begin": 12, "end": 18}, "object_index": {"begin": 49, "end": 59}}, {"predicate": "盈余公积", "object_type": "金额", "subject_type": "日期", "object": "777.43万元", "subject": "2015年度", "subject_index": {"begin": 19, "end": 25}, "object_index": {"begin": 60, "end": 68}}, {"predicate": "盈余公积", "object_type": "金额", "subject_type": "日期", "object": "1，078.85万元", "subject": "2016年", "subject_index": {"begin": 26, "end": 31}, "object_index": {"begin": 69, "end": 79}}]}
{"text": "报告期内，公司预付款项主要为预付材料款及电费。报告期各期末，预付款项余额分别为2，348.45万元、4，493.75万元、4，509.95万元和5，509.27万元，占流动资产的比例分别为3.78%、8.32%、7.10%和7.60%。", "spo_list": [{"predicate": "预付款项余额", "object_type": "金额", "subject_type": "日期", "object": "2，348.45万元", "subject": "报告期各期末", "subject_index": {"begin": 23, "end": 29}, "object_index": {"begin": 39, "end": 49}}, {"predicate": "预付款项余额", "object_type": "金额", "subject_type": "日期", "object": "4，493.75万元", "subject": "报告期各期末", "subject_index": {"begin": 23, "end": 29}, "object_index": {"begin": 50, "end": 60}}, {"predicate": "预付款项余额", "object_type": "金额", "subject_type": "日期", "object": "4，509.95万元", "subject": "报告期各期末", "subject_index": {"begin": 23, "end": 29}, "object_index": {"begin": 61, "end": 71}}, {"predicate": "预付款项余额", "object_type": "金额", "subject_type": "日期", "object": "5，509.27万元", "subject": "报告期各期末", "subject_index": {"begin": 23, "end": 29}, "object_index": {"begin": 72, "end": 82}}]}
{"text": "2017年6月末预付款项余额较2016年末增加999.32万元，主要原因系2017年上半年公司钢材的平均采购单价较上年上涨了19.72%，预付材料款余额较上年末增加了895.54万元。", "spo_list": [{"predicate": "预付款项余额", "object_type": "金额", "subject_type": "日期", "object": "999.32万元", "subject": "2017年6月末", "subject_index": {"begin": 0, "end": 8}, "object_index": {"begin": 23, "end": 31}}, {"predicate": "预付款项余额", "object_type": "金额", "subject_type": "日期", "object": "895.54万元", "subject": "2017年上半年", "subject_index": {"begin": 37, "end": 45}, "object_index": {"begin": 83, "end": 91}}]}
{"text": "报告期各期末，公司短期借款余额分别为31，500.00万元、38，300.00万元、33，700.00万元和39，930.98万元，占负债总额的比例分别为57.83%、71.95%、56.66%和61.93%，", "spo_list": [{"predicate": "短期借款余额", "object_type": "金额", "subject_type": "日期", "object": "31，500.00万元", "subject": "报告期各期末", "subject_index": {"begin": 0, "end": 6}, "object_index": {"begin": 18, "end": 29}}, {"predicate": "短期借款余额", "object_type": "金额", "subject_type": "日期", "object": "38，300.00万元", "subject": "报告期各期末", "subject_index": {"begin": 0, "end": 6}, "object_index": {"begin": 30, "end": 41}}, {"predicate": "短期借款余额", "object_type": "金额", "subject_type": "日期", "object": "33，700.00万元", "subject": "报告期各期末", "subject_index": {"begin": 0, "end": 6}, "object_index": {"begin": 42, "end": 53}}, {"predicate": "短期借款余额", "object_type": "金额", "subject_type": "日期", "object": "39，930.98万元", "subject": "报告期各期末", "subject_index": {"begin": 0, "end": 6}, "object_index": {"begin": 54, "end": 65}}]}
{"text": "2017年6月末应付工程款余额较年初减少1，277.85万元。", "spo_list": [{"predicate": "应付账款余额", "object_type": "金额", "subject_type": "日期", "object": "1，277.85万元", "subject": "2017年6月末", "subject_index": {"begin": 0, "end": 8}, "object_index": {"begin": 20, "end": 30}}]}
{"text": "2015年度无形资产摊销发生额为141.45万元，较上年下降2.24万元，波动较小。", "spo_list": [{"predicate": "无形资产余额", "object_type": "金额", "subject_type": "日期", "object": "141.45万元", "subject": "2015年度", "subject_index": {"begin": 0, "end": 6}, "object_index": {"begin": 16, "end": 24}}]}
{"text": "截至2017年6月30日，长期待摊费用余额为2，829.82万元，", "spo_list": [{"predicate": "长期待摊费用", "object_type": "金额", "subject_type": "日期", "object": "2，829.82万元", "subject": "2017年6月30日", "subject_index": {"begin": 2, "end": 12}, "object_index": {"begin": 22, "end": 32}}]}
{"text": "截至2017年6月30日，公司应付账款余额为9，308.73万元，", "spo_list": [{"predicate": "应付账款余额", "object_type": "金额", "subject_type": "日期", "object": "9，308.73万元", "subject": "2017年6月30日", "subject_index": {"begin": 2, "end": 12}, "object_index": {"begin": 22, "end": 32}}]}
{"text": "以截至2015年4月30日经审计的净资产折合股本9，600万元，盈余公积相应减少3，999.52万元。", "spo_list": [{"predicate": "盈余公积", "object_type": "金额", "subject_type": "日期", "object": "3，999.52万元", "subject": "2015年4月30日", "subject_index": {"begin": 3, "end": 13}, "object_index": {"begin": 40, "end": 50}}]}
{"text": "报告期各期末，应收账款余额分别为23，410.59万元、23，254.06万元、24，374.51万元和23，001.98万元，占当期营业收入的比例分别为24.73%、27.22%、27.05%和46.37%。", "spo_list": [{"predicate": "应收账款账面余额", "object_type": "金额", "subject_type": "日期", "object": "23，410.59万元", "subject": "报告期各期末", "subject_index": {"begin": 0, "end": 6}, "object_index": {"begin": 16, "end": 27}}, {"predicate": "应收账款账面余额", "object_type": "金额", "subject_type": "日期", "object": "23，254.06万元", "subject": "报告期各期末", "subject_index": {"begin": 0, "end": 6}, "object_index": {"begin": 28, "end": 39}}, {"predicate": "应收账款账面余额", "object_type": "金额", "subject_type": "日期", "object": "24，374.51万元", "subject": "报告期各期末", "subject_index": {"begin": 0, "end": 6}, "object_index": {"begin": 40, "end": 51}}, {"predicate": "应收账款账面余额", "object_type": "金额", "subject_type": "日期", "object": "23，001.98万元", "subject": "报告期各期末", "subject_index": {"begin": 0, "end": 6}, "object_index": {"begin": 52, "end": 63}}]}
{"text": "报告期各期末，长期待摊费用余额分别为1，439.24万元、2，351.87万元、3，013.92万元和2，829.82万元，", "spo_list": [{"predicate": "长期待摊费用的余额", "object_type": "金额", "subject_type": "日期", "object": "1，439.24万元", "subject": "报告期各期末", "subject_index": {"begin": 0, "end": 6}, "object_index": {"begin": 18, "end": 28}}, {"predicate": "长期待摊费用的余额", "object_type": "金额", "subject_type": "日期", "object": "2，351.87万元", "subject": "报告期各期末", "subject_index": {"begin": 0, "end": 6}, "object_index": {"begin": 29, "end": 39}}, {"predicate": "长期待摊费用的余额", "object_type": "金额", "subject_type": "日期", "object": "3，013.92万元", "subject": "报告期各期末", "subject_index": {"begin": 0, "end": 6}, "object_index": {"begin": 40, "end": 50}}, {"predicate": "长期待摊费用的余额", "object_type": "金额", "subject_type": "日期", "object": "2，829.82万元", "subject": "报告期各期末", "subject_index": {"begin": 0, "end": 6}, "object_index": {"begin": 51, "end": 61}}]}
{"text": "报告期各期末，公司应付职工薪酬余额分别为1，691.59万元、1，797.66万元、2，258.97万元和1，228.56万元，占负债总额的比例分别为3.11%、3.38%、3.80%和1.91%。", "spo_list": [{"predicate": "应付职工薪酬余额", "object_type": "金额", "subject_type": "日期", "object": "1，691.59万元", "subject": "报告期各期末", "subject_index": {"begin": 0, "end": 6}, "object_index": {"begin": 20, "end": 30}}, {"predicate": "应付职工薪酬余额", "object_type": "金额", "subject_type": "日期", "object": "1，797.66万元", "subject": "报告期各期末", "subject_index": {"begin": 0, "end": 6}, "object_index": {"begin": 31, "end": 41}}, {"predicate": "应付职工薪酬余额", "object_type": "金额", "subject_type": "日期", "object": "2，258.97万元", "subject": "报告期各期末", "subject_index": {"begin": 0, "end": 6}, "object_index": {"begin": 42, "end": 52}}, {"predicate": "应付职工薪酬余额", "object_type": "金额", "subject_type": "日期", "object": "1，228.56万元", "subject": "报告期各期末", "subject_index": {"begin": 0, "end": 6}, "object_index": {"begin": 53, "end": 63}}]}
{"text": "截至2017年6月30日，公司无形资产账面价值9，919.58万元，主要系土地使用权。", "spo_list": [{"predicate": "无形资产账面价值", "object_type": "金额", "subject_type": "日期", "object": "9，919.58万元", "subject": "至2017年6月30日", "subject_index": {"begin": 1, "end": 12}, "object_index": {"begin": 23, "end": 33}}]}
{"text": "截至2017年6月30日，公司应付职工薪酬余额为1，228.56万元，其中短期薪酬余额为1，171.65万元，设定提存计划余额为56.91万元。公司不存在拖欠职工薪酬的情况。除应付职工薪酬外，公司无其他对内部人员的负债。", "spo_list": [{"predicate": "应付职工薪酬余额", "object_type": "金额", "subject_type": "日期", "object": "1，228.56万元", "subject": "截至2017年6月30日", "subject_index": {"begin": 0, "end": 12}, "object_index": {"begin": 24, "end": 34}}, {"predicate": "应付职工薪酬余额", "object_type": "金额", "subject_type": "日期", "object": "1，171.65万元", "subject": "截至2017年6月30日", "subject_index": {"begin": 0, "end": 12}, "object_index": {"begin": 44, "end": 54}}]}
{"text": "报告期各期末，公司应收账款净额分别为22，052.57万元、21，822.95万元、22，655.50万元和21，368.32万元，占流动资产的比例分别为35.54%、40.39%、35.65%和29.46%。", "spo_list": [{"predicate": "应收帐款净额", "object_type": "金额", "subject_type": "日期", "object": "22，052.57万元", "subject": "报告期各期末，", "subject_index": {"begin": 0, "end": 7}, "object_index": {"begin": 18, "end": 29}}, {"predicate": "应收帐款净额", "object_type": "金额", "subject_type": "日期", "object": "21，822.95万元", "subject": "报告期各期末，", "subject_index": {"begin": 0, "end": 7}, "object_index": {"begin": 30, "end": 41}}, {"predicate": "应收帐款净额", "object_type": "金额", "subject_type": "日期", "object": "22，655.50万元", "subject": "报告期各期末，", "subject_index": {"begin": 0, "end": 7}, "object_index": {"begin": 42, "end": 53}}, {"predicate": "应收帐款净额", "object_type": "金额", "subject_type": "日期", "object": "21，368.32万元", "subject": "报告期各期末，", "subject_index": {"begin": 0, "end": 7}, "object_index": {"begin": 54, "end": 65}}]}
{"text": "报告期各期末库存商品余额分别为3，454.94万元、2，419.12万元、2，807.22万元和2，959.21万元，", "spo_list": [{"predicate": "存货余额", "object_type": "金额", "subject_type": "日期", "object": "3，454.94万元", "subject": "报告期各期末", "subject_index": {"begin": 0, "end": 6}, "object_index": {"begin": 15, "end": 25}}, {"predicate": "存货余额", "object_type": "金额", "subject_type": "日期", "object": "2，419.12万元", "subject": "报告期各期末", "subject_index": {"begin": 0, "end": 6}, "object_index": {"begin": 26, "end": 36}}, {"predicate": "存货余额", "object_type": "金额", "subject_type": "日期", "object": "2，807.22万元", "subject": "报告期各期末", "subject_index": {"begin": 0, "end": 6}, "object_index": {"begin": 37, "end": 47}}, {"predicate": "存货余额", "object_type": "金额", "subject_type": "日期", "object": "2，959.21万元，", "subject": "报告期各期末", "subject_index": {"begin": 0, "end": 6}, "object_index": {"begin": 48, "end": 59}}]}
{"text": "报告期内，应付账款余额有所波动，其中，2015年末余额较2014年末增加2，372.60万元，", "spo_list": [{"predicate": "应付账款余额", "object_type": "金额", "subject_type": "日期", "object": "2，372.60万元，", "subject": "报告期内", "subject_index": {"begin": 0, "end": 4}, "object_index": {"begin": 36, "end": 47}}]}
{"text": "2016年末余额较2015年末增加4，253.60万元", "spo_list": [{"predicate": "固定资产净额", "object_type": "金额", "subject_type": "日期", "object": "4，253.60万元", "subject": "2016年末", "subject_index": {"begin": 0, "end": 6}, "object_index": {"begin": 17, "end": 27}}]}
{"text": "2017年6月末应付账款余额较2016年末减少2，750.79万元，", "spo_list": [{"predicate": "应付账款余额", "object_type": "金额", "subject_type": "日期", "object": "2，750.79万元，", "subject": "2017年6月末", "subject_index": {"begin": 0, "end": 8}, "object_index": {"begin": 23, "end": 34}}]}
{"text": "报告期各期末，公司预收款项余额分别为2，170.46万元、108.85万元、465.73万元和387.95万元，占负债总额的比例分别为3.98%、0.20%、0.78%和0.60%。", "spo_list": [{"predicate": "预收账款余额", "object_type": "金额", "subject_type": "日期", "object": "2，170.46万元", "subject": "报告期各期末", "subject_index": {"begin": 0, "end": 6}, "object_index": {"begin": 18, "end": 28}}, {"predicate": "预收账款余额", "object_type": "金额", "subject_type": "日期", "object": "108.85万元", "subject": "报告期各期末", "subject_index": {"begin": 0, "end": 6}, "object_index": {"begin": 29, "end": 37}}, {"predicate": "预收账款余额", "object_type": "金额", "subject_type": "日期", "object": "465.73万元", "subject": "报告期各期末", "subject_index": {"begin": 0, "end": 6}, "object_index": {"begin": 38, "end": 46}}, {"predicate": "预收账款余额", "object_type": "金额", "subject_type": "日期", "object": "387.95万元", "subject": "报告期各期末", "subject_index": {"begin": 0, "end": 6}, "object_index": {"begin": 47, "end": 55}}]}
