{"text": "公司由原有限公司整体变更设立，以嘉友有限截至2015年6月30日经审计的净资产人民币19,506.42万元为基准，折为6,000万股，每股面值1元，其余部分计入资本公积。", "spo_list": [{"predicate": "净资产价值", "object_type": "金额", "subject_type": "日期", "object": "19,506.42万元", "subject": "截至2015年6月30日", "subject_index": {"begin": 20, "end": 32}, "object_index": {"begin": 42, "end": 53}}]}
{"text": "公司盈余公积金额2016年12月31日比2015年12月31日增加9,907,124.76元，系按母公司2016年度净利润的10%计提法定盈余公积所致。", "spo_list": [{"predicate": "盈余公积", "object_type": "金额", "subject_type": "日期", "object": "9,907,124.76元", "subject": "2016年12月31日", "subject_index": {"begin": 8, "end": 19}, "object_index": {"begin": 33, "end": 46}}]}
{"text": "报告期各期末，公司应收账款坏账准备分别为85.16万元、185.62万元、42.89万元和44.14万元，占应收账款账面余额的比例分别为0.77%、4.41%、0.58%和0.63%。", "spo_list": [{"predicate": "应收帐款坏账准备", "object_type": "金额", "subject_type": "日期", "object": "85.16万元", "subject": "报告期各期末", "subject_index": {"begin": 0, "end": 6}, "object_index": {"begin": 20, "end": 27}}, {"predicate": "应收帐款坏账准备", "object_type": "金额", "subject_type": "日期", "object": "185.62万元", "subject": "报告期各期末", "subject_index": {"begin": 0, "end": 6}, "object_index": {"begin": 28, "end": 36}}, {"predicate": "应收帐款坏账准备", "object_type": "金额", "subject_type": "日期", "object": "42.89万元", "subject": "报告期各期末", "subject_index": {"begin": 0, "end": 6}, "object_index": {"begin": 37, "end": 44}}, {"predicate": "应收帐款坏账准备", "object_type": "金额", "subject_type": "日期", "object": "44.14万元", "subject": "报告期各期末", "subject_index": {"begin": 0, "end": 6}, "object_index": {"begin": 45, "end": 52}}]}
{"text": "报告期各期末，账龄一年以内的预付款项占全部预付款项的比例均在95.00%以上，账龄结构合理，预付款项形成坏账的风险较小。2017年6月末预付款项余额较上年减少10,742.15万元，主要系预付购煤款已确认采购入库，导致期末预付款减少。", "spo_list": [{"predicate": "预付款项余额", "object_type": "金额", "subject_type": "日期", "object": "10,742.15万元", "subject": "2017年6月末", "subject_index": {"begin": 60, "end": 68}, "object_index": {"begin": 79, "end": 90}}]}
{"text": "公司固定资产包括房屋建筑物、机器设备、运输设备和电子设备及其他。报告期各期末，公司固定资产的账面价值分别为20,685.72万元、15,582.29万元14,733.60万元和14,116.67万元。2015年末公司固定资产账面价值大幅减少，主要系公司出售位于海南省三亚市河东区12套房产所致。", "spo_list": [{"predicate": "固定资产账面价值", "object_type": "金额", "subject_type": "日期", "object": "20,685.72万元", "subject": "报告期各期末", "subject_index": {"begin": 32, "end": 38}, "object_index": {"begin": 53, "end": 64}}, {"predicate": "固定资产账面价值", "object_type": "金额", "subject_type": "日期", "object": "15,582.29万元", "subject": "报告期各期末", "subject_index": {"begin": 32, "end": 38}, "object_index": {"begin": 65, "end": 76}}, {"predicate": "固定资产账面价值", "object_type": "金额", "subject_type": "日期", "object": "14,733.60万元", "subject": "报告期各期末", "subject_index": {"begin": 32, "end": 38}, "object_index": {"begin": 76, "end": 87}}, {"predicate": "固定资产账面价值", "object_type": "金额", "subject_type": "日期", "object": "14,116.67万元", "subject": "报告期各期末", "subject_index": {"begin": 32, "end": 38}, "object_index": {"begin": 88, "end": 99}}]}
{"text": "报告期内，公司无形资产主要是土地使用权，报告期各期末，公司无形资产的账面价值分别为4,415.94万元、5,740.13万元、5,822.75万元和5,755.42万元，占同期总资产的比例分别为8.79%、13.54%、8.12%和6.27%。2015年末较上年末增幅较大主要系子公司甘其毛道金航购入土地所致。", "spo_list": [{"predicate": "无形资产账面价值", "object_type": "金额", "subject_type": "日期", "object": "4,415.94万元", "subject": "报告期各期末", "subject_index": {"begin": 20, "end": 26}, "object_index": {"begin": 41, "end": 51}}, {"predicate": "无形资产账面价值", "object_type": "金额", "subject_type": "日期", "object": "5,740.13万元", "subject": "报告期各期末", "subject_index": {"begin": 20, "end": 26}, "object_index": {"begin": 52, "end": 62}}, {"predicate": "无形资产账面价值", "object_type": "金额", "subject_type": "日期", "object": "5,822.75万元", "subject": "报告期各期末", "subject_index": {"begin": 20, "end": 26}, "object_index": {"begin": 63, "end": 73}}, {"predicate": "无形资产账面价值", "object_type": "金额", "subject_type": "日期", "object": "5,755.42万元", "subject": "报告期各期末", "subject_index": {"begin": 20, "end": 26}, "object_index": {"begin": 74, "end": 84}}]}
{"text": "报告期各期末，公司其他非流动资产的账面价值分别为19.95万元、162.00万元、166.40万元和171.95万元，主要系预付的长期资产购置款、股权交易保证金及牧民土地补偿款等，具体明细如下：", "spo_list": [{"predicate": "其他非流动资产", "object_type": "金额", "subject_type": "日期", "object": "19.95万元", "subject": "报告期各期末", "subject_index": {"begin": 0, "end": 6}, "object_index": {"begin": 24, "end": 31}}, {"predicate": "其他非流动资产", "object_type": "金额", "subject_type": "日期", "object": "162.00万元", "subject": "报告期各期末", "subject_index": {"begin": 0, "end": 6}, "object_index": {"begin": 32, "end": 40}}, {"predicate": "其他非流动资产", "object_type": "金额", "subject_type": "日期", "object": "166.40万元", "subject": "报告期各期末", "subject_index": {"begin": 0, "end": 6}, "object_index": {"begin": 41, "end": 49}}, {"predicate": "其他非流动资产", "object_type": "金额", "subject_type": "日期", "object": "171.95万元", "subject": "报告期各期末", "subject_index": {"begin": 0, "end": 6}, "object_index": {"begin": 50, "end": 58}}]}
{"text": "报告期各期末，公司其他应付款分别为767.62万元、439.78万元、341.52万元和535.82万元，占公司负债总额的比例分别为3.19%、3.46%、0.98%和1.23%，主要系押金保证金、代收代付款及往来款等。", "spo_list": [{"predicate": "其他应付款余额", "object_type": "金额", "subject_type": "日期", "object": "767.62万元", "subject": "报告期各期末", "subject_index": {"begin": 0, "end": 6}, "object_index": {"begin": 17, "end": 25}}, {"predicate": "其他应付款余额", "object_type": "金额", "subject_type": "日期", "object": "439.78万元", "subject": "报告期各期末", "subject_index": {"begin": 0, "end": 6}, "object_index": {"begin": 26, "end": 34}}, {"predicate": "其他应付款余额", "object_type": "金额", "subject_type": "日期", "object": "341.52万元", "subject": "报告期各期末", "subject_index": {"begin": 0, "end": 6}, "object_index": {"begin": 35, "end": 43}}, {"predicate": "其他应付款余额", "object_type": "金额", "subject_type": "日期", "object": "535.82万元", "subject": "报告期各期末", "subject_index": {"begin": 0, "end": 6}, "object_index": {"begin": 44, "end": 52}}]}
{"text": "发行人前身嘉友有限成立于2005年6月22日。经2015年12月26日嘉友有限股东会和2015年12月26日嘉友国际创立大会暨第一次临时股东大会，根据立信会计师事务所（特殊普通合伙）出具的信会师报字[2015]第211650号《审计报告》，嘉友有限以截至2015年6月30日经审计的净资产19,506.42万元，折为嘉友国际股本总额为6,000万股，净资产大于股本部分全部计入资本公积。2015年12月31日，嘉友国际在北京市工商行政管理局西城分局注册登记并领取了《营业执照》，统一社会信用代码为91110102777084506K。", "spo_list": [{"predicate": "净资产价值", "object_type": "金额", "subject_type": "日期", "object": "19,506.42万元", "subject": "2015年6月30日", "subject_index": {"begin": 127, "end": 137}, "object_index": {"begin": 144, "end": 155}}]}
{"text": "2015年12月26日，嘉友有限股东会通过《股东会决议》，同意由嘉友有限全体股东作为发起人，依法整体变更发起设立嘉友国际物流股份有限公司。公司根据信会2015年12月26日，嘉友有限股东会通过《股东会决议》，同意由嘉友有限全体股东作为发起人，依法整体变更发起设立嘉友国际物流股份有限公司。公司根据信会师报字[2015]第211650号《审计报告》确认的截至2015年6月30日经审计的净资产值为人民币19,506.42万元，折合股份公司股本6,000万股，每股面值1元人民币，净资产折合股本后的余额转为资本公积，各股东持股比例不变；根据中天华资报字[2015]第1602号《净资产价值评估报告》，嘉友有限截至2015年6月30日经评估的净资产值为人民币28,319.81万元。师报字[2015]第211650号《审计报告》确认的截至2015年6月30日经审计的净资产值为人民币19,506.42万元，折合股份公司股本6,000万股，每股面值1元人民币，净资产折合股本后的余额转为资本公积，各股东持股比例不变；根据中天华资报字[2015]第1602号《净资产价值评估报告》，嘉友有限截至2015年6月30日经评估的净资产值为人民币28,319.81万元。", "spo_list": [{"predicate": "净资产价值", "object_type": "金额", "subject_type": "日期", "object": "28,319.81万元", "subject": "2015年6月30", "subject_index": {"begin": 492, "end": 501}, "object_index": {"begin": 514, "end": 525}}, {"predicate": "净资产价值", "object_type": "金额", "subject_type": "日期", "object": "28,319.81万元", "subject": "2015年6月30日", "subject_index": {"begin": 304, "end": 314}, "object_index": {"begin": 326, "end": 337}}, {"predicate": "净资产价值", "object_type": "金额", "subject_type": "日期", "object": "19,506.42万元", "subject": "2015年6月30日", "subject_index": {"begin": 178, "end": 188}, "object_index": {"begin": 200, "end": 211}}]}
{"text": "截至2017年6月30日，应付职工薪酬余额为219.05万元，无属于拖欠性质的金额。", "spo_list": [{"predicate": "应付职工薪酬余额", "object_type": "金额", "subject_type": "日期", "object": "219.05万元", "subject": "2017年6月30日", "subject_index": {"begin": 2, "end": 12}, "object_index": {"begin": 22, "end": 30}}]}
{"text": "报告期各期末，公司应收账款账面价值分别为11,008.31万元、4,020.66万元、7,416.10万元和6,960.46万元，占总资产的比例分别为21.89%、9.49%、10.34%和7.58%。", "spo_list": [{"predicate": "应收帐款账面价值", "object_type": "金额", "subject_type": "日期", "object": "7,416.10万元", "subject": "报告期各期末", "subject_index": {"begin": 0, "end": 6}, "object_index": {"begin": 43, "end": 53}}, {"predicate": "应收帐款账面价值", "object_type": "金额", "subject_type": "日期", "object": "4,020.66万元", "subject": "报告期各期末", "subject_index": {"begin": 0, "end": 6}, "object_index": {"begin": 32, "end": 42}}, {"predicate": "应收帐款账面价值", "object_type": "金额", "subject_type": "日期", "object": "11,008.31万元", "subject": "报告期各期末", "subject_index": {"begin": 0, "end": 6}, "object_index": {"begin": 20, "end": 31}}, {"predicate": "应收帐款账面价值", "object_type": "金额", "subject_type": "日期", "object": "6,960.46万元", "subject": "报告期各期末", "subject_index": {"begin": 0, "end": 6}, "object_index": {"begin": 54, "end": 64}}]}
{"text": "2014-2016年末，公司在建工程的账面价值分别为103.05万元、51.28万元、166.85万元，占总资产比例分别为0.21%、0.12%、0.23%，金额及比例较小。", "spo_list": [{"predicate": "在建工程余额", "object_type": "金额", "subject_type": "日期", "object": "103.05万元", "subject": "2014-2016年末", "subject_index": {"begin": 0, "end": 11}, "object_index": {"begin": 26, "end": 34}}, {"predicate": "在建工程余额", "object_type": "金额", "subject_type": "日期", "object": "51.28万元", "subject": "2014-2016年末", "subject_index": {"begin": 0, "end": 11}, "object_index": {"begin": 35, "end": 42}}, {"predicate": "在建工程余额", "object_type": "金额", "subject_type": "日期", "object": "166.85万元", "subject": "2014-2016年末", "subject_index": {"begin": 0, "end": 11}, "object_index": {"begin": 43, "end": 51}}]}
{"text": "报告期各期末，公司长期待摊费用的账面价值分别为93.96万元、40.62万元、79.85万元和70.40万元，主要系煤炭通道改造、输电线路改造及装修费。", "spo_list": [{"predicate": "长期待摊费用", "object_type": "金额", "subject_type": "日期", "object": "93.96万元", "subject": "报告期各期末", "subject_index": {"begin": 0, "end": 6}, "object_index": {"begin": 23, "end": 30}}, {"predicate": "长期待摊费用", "object_type": "金额", "subject_type": "日期", "object": "40.62万元", "subject": "报告期各期末", "subject_index": {"begin": 0, "end": 6}, "object_index": {"begin": 31, "end": 38}}, {"predicate": "长期待摊费用", "object_type": "金额", "subject_type": "日期", "object": "79.85万元", "subject": "报告期各期末", "subject_index": {"begin": 0, "end": 6}, "object_index": {"begin": 39, "end": 46}}, {"predicate": "长期待摊费用", "object_type": "金额", "subject_type": "日期", "object": "70.40万元", "subject": "报告期各期末", "subject_index": {"begin": 0, "end": 6}, "object_index": {"begin": 47, "end": 54}}]}
{"text": "公司负债以流动负债为主。报告期各期末，公司流动负债分别为23,922.95万元、12,452.55万元、34,444.44万元和43,087.35万元，占各期末负债总额的比例分别为99.50%、97.93%、98.89%和98.90%，公司负债结构基本保持稳定。", "spo_list": [{"predicate": "流动负债", "object_type": "金额", "subject_type": "日期", "object": "23,922.95万元", "subject": "报告期各期末", "subject_index": {"begin": 12, "end": 18}, "object_index": {"begin": 28, "end": 39}}, {"predicate": "流动负债", "object_type": "金额", "subject_type": "日期", "object": "12,452.55万元", "subject": "报告期各期末", "subject_index": {"begin": 12, "end": 18}, "object_index": {"begin": 40, "end": 51}}, {"predicate": "流动负债", "object_type": "金额", "subject_type": "日期", "object": "34,444.44万元", "subject": "报告期各期末", "subject_index": {"begin": 12, "end": 18}, "object_index": {"begin": 52, "end": 63}}, {"predicate": "流动负债", "object_type": "金额", "subject_type": "日期", "object": "43,087.35万元", "subject": "报告期各期末", "subject_index": {"begin": 12, "end": 18}, "object_index": {"begin": 64, "end": 75}}]}
{"text": "报告期各期末，公司应付账款分别为14,814.74万元、6,465.96万元、8,056.10万元和22,992.70万元，占公司负债总额的比例分别为61.62%、50.85%、23.13%、和52.73%。2015年末公司应付账款较上年末减少8,348.78万元，主要系公司2014年末应收货款在2015年收回，相应支付供应商应付款所致。2017年6月末应付账款较上年增加14,936.60万元，主要系应付购煤款增加所致。", "spo_list": [{"predicate": "应付账款余额", "object_type": "金额", "subject_type": "日期", "object": "14,814.74万元", "subject": "报告期各期末", "subject_index": {"begin": 0, "end": 6}, "object_index": {"begin": 16, "end": 27}}, {"predicate": "应付账款余额", "object_type": "金额", "subject_type": "日期", "object": "6,465.96万元", "subject": "报告期各期末", "subject_index": {"begin": 0, "end": 6}, "object_index": {"begin": 28, "end": 38}}, {"predicate": "应付账款余额", "object_type": "金额", "subject_type": "日期", "object": "8,056.10万元", "subject": "报告期各期末", "subject_index": {"begin": 0, "end": 6}, "object_index": {"begin": 39, "end": 49}}, {"predicate": "应付账款余额", "object_type": "金额", "subject_type": "日期", "object": "22,992.70万元", "subject": "报告期各期末", "subject_index": {"begin": 0, "end": 6}, "object_index": {"begin": 50, "end": 61}}, {"predicate": "应付账款余额", "object_type": "金额", "subject_type": "日期", "object": "8,348.78万元", "subject": "2015年", "subject_index": {"begin": 104, "end": 109}, "object_index": {"begin": 122, "end": 132}}]}
{"text": "报告期内公司扣除所得税影响后的非经常性损益分别为-135.57万元、217.52万元、-52.16万元和55.79万元，非经常性损益主要包括政府补助收入、公司同一控制下企业合并产生的子公司万利贸易期初至合并日的当期净损益和处置可供出售金融资产取得的投资收益等。", "spo_list": [{"predicate": "非经常性损益", "object_type": "金额", "subject_type": "日期", "object": "-135.57万元", "subject": "报告期内", "subject_index": {"begin": 0, "end": 4}, "object_index": {"begin": 24, "end": 33}}, {"predicate": "非经常性损益", "object_type": "金额", "subject_type": "日期", "object": "217.52万元", "subject": "报告期内", "subject_index": {"begin": 0, "end": 4}, "object_index": {"begin": 34, "end": 42}}, {"predicate": "非经常性损益", "object_type": "金额", "subject_type": "日期", "object": "-52.16万元", "subject": "报告期内", "subject_index": {"begin": 0, "end": 4}, "object_index": {"begin": 43, "end": 51}}, {"predicate": "非经常性损益", "object_type": "金额", "subject_type": "日期", "object": "55.79万元", "subject": "报告期内", "subject_index": {"begin": 0, "end": 4}, "object_index": {"begin": 52, "end": 59}}]}
