{"text": "2001年、2002年末，本公司应收账款净额分别为54,084,098.00元、107,251,651.24元，应收帐款比上年增加了98.31%，主要原因是：①合并报表范围增加了国贸公司；②本公司2002年度取得自营进出口权，增加了美元应收账款。2003年12月31日应收账款余额为115,820,171.48元，较2002年12月31日余额稍有增长，主要原因是2003年销售收入大幅增长致使应收帐款稍有增长", "spo_list": [{"predicate": "应收帐款净额", "object_type": "金额", "subject_type": "日期", "object": "54,084,098.00元", "subject": "2001年", "subject_index": {"begin": 0, "end": 5}, "object_index": {"begin": 25, "end": 39}}, {"predicate": "应收帐款净额", "object_type": "金额", "subject_type": "日期", "object": "107,251,651.24元", "subject": "2002年末", "subject_index": {"begin": 6, "end": 12}, "object_index": {"begin": 40, "end": 55}}]}
{"text": "2001年末，本公司预付账款余额56,062,410.91元，预付帐款2002年12月31日余额为114,011,352.84元，预付账款2002年12月31日余额较2001年12月31日余额增长57,948,941.93元，增长幅度为103.37%，主要原因是由于生产销售的增长，相应增加了预付材料采购货款。预付账款2003年12月31日余额为123,449,736.98元，较2002年12月31日余额增长9,438,384.14元，增长幅度为8.28%，主要原因是由于生产销售的增长，相应增加了预付材料采购货款。", "spo_list": [{"predicate": "预付账款余额", "object_type": "金额", "subject_type": "日期", "object": "56,062,410.91元", "subject": "2001年末", "subject_index": {"begin": 0, "end": 6}, "object_index": {"begin": 16, "end": 30}}, {"predicate": "预付款项余额", "object_type": "金额", "subject_type": "日期", "object": "114,011,352.84元", "subject": "2002年12月31日", "subject_index": {"begin": 35, "end": 46}, "object_index": {"begin": 49, "end": 64}}, {"predicate": "预付款项余额", "object_type": "金额", "subject_type": "日期", "object": "57,948,941.93元", "subject": "2002年12月31日", "subject_index": {"begin": 69, "end": 80}, "object_index": {"begin": 98, "end": 112}}, {"predicate": "预付款项余额", "object_type": "金额", "subject_type": "日期", "object": "123,449,736.98元", "subject": "2003年12月31日", "subject_index": {"begin": 159, "end": 170}, "object_index": {"begin": 173, "end": 188}}]}
{"text": "截止2003年12月31日在建工程余额为138,271,568.96元，主要为燃气--蒸汽联合循环发电、中小型高炉易地大修改造、活性石灰工程及其他零星工程。", "spo_list": [{"predicate": "在建工程余额", "object_type": "金额", "subject_type": "日期", "object": "138,271,568.96元", "subject": "截止2003年12月31日", "subject_index": {"begin": 0, "end": 13}, "object_index": {"begin": 20, "end": 35}}]}
{"text": "在建工程2003年12月31日余额较2002年12月31日余额减少494,278,691.18元，减少幅度为78.14%，主要原因是本公司“板坯连铸及炉外精炼”和“管线钢生产线配套改造”工程项目已达到预计可使用状态部分已按帐面价值转入固定资产，项目未完部分将按工程预算继续进行。", "spo_list": [{"predicate": "在建工程余额", "object_type": "金额", "subject_type": "日期", "object": "494,278,691.18元", "subject": "2003年12月31日", "subject_index": {"begin": 4, "end": 15}, "object_index": {"begin": 33, "end": 48}}]}
{"text": "截止2003年12月31日，应付账款余额为527,913,038.63元，2002年12月31日余额为283,845,895.67元，以上余额中无欠持本公司5%（含5%）以上股份的股东", "spo_list": [{"predicate": "应付账款余额", "object_type": "金额", "subject_type": "日期", "object": "527,913,038.63元", "subject": "截止2003年12月31日", "subject_index": {"begin": 0, "end": 13}, "object_index": {"begin": 21, "end": 36}}, {"predicate": "应付账款余额", "object_type": "金额", "subject_type": "日期", "object": "283,845,895.67元", "subject": "2002年12月31日", "subject_index": {"begin": 37, "end": 48}, "object_index": {"begin": 51, "end": 66}}]}
{"text": "其他应交款2003年12月31日余额为－594,942.38元，为股份公司多交的教育费附加。", "spo_list": [{"predicate": "其他应付款余额", "object_type": "金额", "subject_type": "日期", "object": "－594,942.38元", "subject": "2003年12月31日", "subject_index": {"begin": 5, "end": 16}, "object_index": {"begin": 19, "end": 31}}]}
{"text": "其他应付款2003年12月31日余额为450,382,217.23元，较2002年12月31日余额为256,587,952.35元增长了193,794,264.88元，增长幅度为75.53%，主要原因是：由于本公司生产规模扩大，修理修配、运输费用等支出金额大幅度增长；此外，在建工程投入资金量较大，因此，采购备品备件、设备以及其结算运费形成的其他应付款大幅增长。", "spo_list": [{"predicate": "其他应付款余额", "object_type": "金额", "subject_type": "日期", "object": "450,382,217.23元", "subject": "2003年12月31日", "subject_index": {"begin": 5, "end": 16}, "object_index": {"begin": 19, "end": 34}}, {"predicate": "其他应付款余额", "object_type": "金额", "subject_type": "日期", "object": "256,587,952.35元", "subject": "2002年12月31日", "subject_index": {"begin": 36, "end": 47}, "object_index": {"begin": 50, "end": 65}}]}
{"text": "公司于2001年末对在建工程进行了全面核查，发现有账面价值共计3,030,509.55元的库存工程物资，由于技术落后，已无法使用，且无转让价值，因此对其全额计提了在建工程减值准备", "spo_list": [{"predicate": "在建工程净额", "object_type": "金额", "subject_type": "日期", "object": "3,030,509.55元", "subject": "2001年末", "subject_index": {"begin": 3, "end": 9}, "object_index": {"begin": 31, "end": 44}}]}
{"text": "：公司2001年底存货净额44,533.62万元，周转天数34.89天，其中：原材料12,723.88万元，为一个月的原料耗用量，自制半成品13,101.11万元，为13天的坯料耗用量。下面同时列示几个与公司规模类似的钢铁上市公司存货情况，以做对比。", "spo_list": [{"predicate": "存货净值", "object_type": "金额", "subject_type": "日期", "object": "44,533.62万元", "subject": "2001年底", "subject_index": {"begin": 3, "end": 9}, "object_index": {"begin": 13, "end": 24}}]}
{"text": "在评估基准日2004年1月31日持续经营前提下，企业提供的账面总资产为33902.05万元，负债为7538.48万元，净资产为26363.57万元；调整后账面总资产为33902.05万元，负债为7538.48万元，净资产为26363.57万元；评估后的总资产为45266.60万元，负债为7461.23万元，净资产为37805.37万元，增值为11441.80万元，增值率43.40%。（引自北京中企华资产评估有限责任公司资产评估报告）", "spo_list": [{"predicate": "净资产价值", "object_type": "金额", "subject_type": "日期", "object": "26363.57万元", "subject": "2004年1月31日", "subject_index": {"begin": 6, "end": 16}, "object_index": {"begin": 63, "end": 73}}, {"predicate": "净资产价值", "object_type": "金额", "subject_type": "日期", "object": "26363.57万元", "subject": "2004年1月31日", "subject_index": {"begin": 6, "end": 16}, "object_index": {"begin": 111, "end": 121}}, {"predicate": "净资产价值", "object_type": "金额", "subject_type": "日期", "object": "37805.37万元", "subject": "2004年1月31日", "subject_index": {"begin": 6, "end": 16}, "object_index": {"begin": 158, "end": 168}}]}
{"text": "2001年、2002年末，本公司其他应收账款净额分别为12,595,904.69元、26,404,708.31元，其他应收款本年比上年增长109.63%，主要原因是合并报表范围增加了国贸公司。截止2002年12月31日，其它应收款中无持有股份公司5％以上股份的股东欠款。截止2003年12月31日其他应收款净额为109,152,117.35元，较2002年12月31日余额增长82,747,409.04元，增长幅度为313.38%，主要原因是自2003年7月份起，增值税的进项税发票需要经过认证后方可抵扣，公司每月末将尚未通过认证的增值税的进项税额计入其它应收款，因此造成其他应收款较上年增长幅度较大", "spo_list": [{"predicate": "其他应收款余额", "object_type": "金额", "subject_type": "日期", "object": "26,404,708.31元", "subject": "2002年末", "subject_index": {"begin": 6, "end": 12}, "object_index": {"begin": 42, "end": 56}}, {"predicate": "其他应收款余额", "object_type": "金额", "subject_type": "日期", "object": "12,595,904.69元", "subject": "2001年", "subject_index": {"begin": 0, "end": 5}, "object_index": {"begin": 27, "end": 41}}, {"predicate": "其他应收款余额", "object_type": "金额", "subject_type": "日期", "object": "109,152,117.35元", "subject": "2003年12月31日", "subject_index": {"begin": 137, "end": 148}, "object_index": {"begin": 156, "end": 171}}]}
{"text": "2001年、2002年末，本公司存货净额分别为445,336,244.88元、759,655,452.83元，主要是一些原材料、低值易耗品、自制半成品、产成品等，存货2002年12月31日净额较2001年12月31日净额增长315,018,781.78元，增长了70.35%，主要原因是：①公司取得自营进出口权后，增加了大量海运的在途原材料和暂存与港口的原材料；②根据公司在建工程的需要，增加了大量辅助材料；③合并报表范围增加了国贸公司。截止2003年12月31日存货净额为1,788,352,400.51元，较2002年12月31日余额增长1,028,696,947.68元,增长幅度为135.42%,其中原材料增长328,909,182.02元,在途材料增长284,716,305.00元,自制半成品增长185,438,805.79元,上述物资增长的原因是公司根据生产经营的需要和对原材料市场变化的预期,加强了对优质矿石等原材料的采购。2003年产成品较2002年增长262,367,905.13元，增长的主要原因是2002年年底公司中厚板厂进行大修，致使当年底产成品库存较少，而2003年公司生产经营正常运行，且各销售分公司均需要一定数量的库存产品，因此，库存产成品相对2002年较高。", "spo_list": [{"predicate": "存货净值", "object_type": "金额", "subject_type": "日期", "object": "1,788,352,400.51元", "subject": "2003年12月31日", "subject_index": {"begin": 221, "end": 232}, "object_index": {"begin": 237, "end": 254}}, {"predicate": "存货净值", "object_type": "金额", "subject_type": "日期", "object": "759,655,452.83元", "subject": "2002年末", "subject_index": {"begin": 6, "end": 12}, "object_index": {"begin": 39, "end": 54}}, {"predicate": "存货净值", "object_type": "金额", "subject_type": "日期", "object": "445,336,244.88元", "subject": "2001年", "subject_index": {"begin": 0, "end": 5}, "object_index": {"begin": 23, "end": 38}}]}
{"text": "其他零星工程计提的在建工程减值准备2002年12月31日和2003年12月31日余额均为1,030,509.55元。", "spo_list": [{"predicate": "在建工程余额", "object_type": "金额", "subject_type": "日期", "object": "1,030,509.55元", "subject": "2002年12月31日和2003年12月31日", "subject_index": {"begin": 17, "end": 40}, "object_index": {"begin": 44, "end": 57}}]}
{"text": "截止2001年12月31日、2002年12月31日、2003年12月31日应付工资余额分别为9,490,813.29元、12,551,641.56元、11,674,312.08元。", "spo_list": [{"predicate": "应付职工薪酬余额", "object_type": "金额", "subject_type": "日期", "object": "11,674,312.08元", "subject": "2003年12月31日", "subject_index": {"begin": 26, "end": 37}, "object_index": {"begin": 75, "end": 89}}, {"predicate": "应付职工薪酬余额", "object_type": "金额", "subject_type": "日期", "object": "12,551,641.56元", "subject": "2002年12月31日", "subject_index": {"begin": 14, "end": 25}, "object_index": {"begin": 60, "end": 74}}, {"predicate": "应付职工薪酬余额", "object_type": "金额", "subject_type": "日期", "object": "9,490,813.29元", "subject": "2001年12月31日", "subject_index": {"begin": 2, "end": 13}, "object_index": {"begin": 46, "end": 59}}]}
{"text": "截止2003年12月31日长期借款余额为1,500,179,000.00元，明细情况如下：", "spo_list": [{"predicate": "长期借款余额", "object_type": "金额", "subject_type": "日期", "object": "1,500,179,000.00元", "subject": "2003年12月31日", "subject_index": {"begin": 2, "end": 13}, "object_index": {"begin": 20, "end": 37}}]}
{"text": "2001年、2002年末，本公司应收票据余额分别为566,215,323.53元、55,364,148.01元，应收票据2002年12月31日余额较2001年12月31日余额减少510,851,175.52元，减少幅度为90.22%，主要原因是公司生产经营和在建工程大量使用银行承兑汇票付款所至。公司2002年末无到期贴现、质押的情况，无持有本公司5％(含5％)以上股份的股东单位的票据。应收票据2003年12月31日余额为73,108,688.51元，较2002年12月31日余额增加17,744,540.5元，增加幅度为32.05%，主要原因是公司收取货款时，一般要收到一定比例的银行承兑汇票，随着销售收入的增长和预收货款的增加，应收票据的余额也相应增加。", "spo_list": [{"predicate": "应收票据余额", "object_type": "金额", "subject_type": "日期", "object": "566,215,323.53元", "subject": "2001年", "subject_index": {"begin": 0, "end": 5}, "object_index": {"begin": 25, "end": 40}}, {"predicate": "应收票据余额", "object_type": "金额", "subject_type": "日期", "object": "55,364,148.01元", "subject": "2002年末", "subject_index": {"begin": 6, "end": 12}, "object_index": {"begin": 41, "end": 55}}, {"predicate": "应收票据余额", "object_type": "金额", "subject_type": "日期", "object": "510,851,175.52元", "subject": "2002年12月31日", "subject_index": {"begin": 60, "end": 71}, "object_index": {"begin": 89, "end": 104}}, {"predicate": "应收票据余额", "object_type": "金额", "subject_type": "日期", "object": "73,108,688.51元", "subject": "2003年12月31日", "subject_index": {"begin": 198, "end": 209}, "object_index": {"begin": 212, "end": 226}}]}
{"text": "2001年、2002年末，本公司待摊费用余额分别为14,863,888.18元、38,806,592.04元，主要是待摊的待抵扣进项税、待摊中板厂轧辊费。2003年12月31日待摊费用余额为33,597,193.01元，主要是待摊的中板厂轧辊费。", "spo_list": [{"predicate": "长期待摊费用", "object_type": "金额", "subject_type": "日期", "object": "14,863,888.18元", "subject": "2001年", "subject_index": {"begin": 0, "end": 5}, "object_index": {"begin": 25, "end": 39}}, {"predicate": "长期待摊费用", "object_type": "金额", "subject_type": "日期", "object": "38,806,592.04元", "subject": "2002年末", "subject_index": {"begin": 6, "end": 12}, "object_index": {"begin": 40, "end": 54}}, {"predicate": "长期待摊费用的余额", "object_type": "金额", "subject_type": "日期", "object": "33,597,193.01元", "subject": "2003年12月31日", "subject_index": {"begin": 77, "end": 88}, "object_index": {"begin": 95, "end": 109}}]}
{"text": "截止2002年12月31日应交税金余额为53,659,270.16元，其中：增值税5,880,151.90元、营业税5,152.03、城建税896,375.00元、企业所得税45,802,426.35元、个人所得税472,563.92元；截止2003年12月31日应交税金余额为21,662,847.05元，", "spo_list": [{"predicate": "应交税费余额", "object_type": "金额", "subject_type": "日期", "object": "53,659,270.16元", "subject": "截止2002年12月31日", "subject_index": {"begin": 0, "end": 13}, "object_index": {"begin": 20, "end": 34}}, {"predicate": "应交税费余额", "object_type": "金额", "subject_type": "日期", "object": "21,662,847.05元", "subject": "2003年12月31日", "subject_index": {"begin": 121, "end": 132}, "object_index": {"begin": 139, "end": 153}}]}
{"text": "在公司2000年底设立时，集团公司投入的其他应收款为143,091,108.57元,主要为1.4亿元的集团往来款项（占其他应收款总额的97.84%）；其余3,091,108.57元为进入集团投入公司的9个生产分厂中应收的应收职工个人借款、应收差旅费或与其他单位的往来款项。以下主要解释上述1.4亿元的集团往来款项的形成原因：", "spo_list": [{"predicate": "其他应收款余额", "object_type": "金额", "subject_type": "日期", "object": "143,091,108.57元", "subject": "2000年底", "subject_index": {"begin": 3, "end": 9}, "object_index": {"begin": 26, "end": 41}}]}
