{"text": "2008年5月20日，嘉澳有限董事会作出决议，同意公司整体变更为股份有限公司，以大信会计师事务所有限公司大信京审字（2008）第0932号《审计报告》确认的净资产60,032,062.98元（基准日为2008年4月30日）为依据，折合股份4,000万股，每股面值1元，其余净资产20,032,062.98元记入资本公积。2008年4月30日的净资产业已经湖北民信资产评估有限公司鄂信评报字（2008）第042号《资产评估报告》确认，评估后的净资产为7,121.35万元。", "spo_list": [{"predicate": "净资产价值", "object_type": "金额", "subject_type": "日期", "object": "60,032,062.98元", "subject": "2008年5月20日", "subject_index": {"begin": 0, "end": 10}, "object_index": {"begin": 81, "end": 95}}, {"predicate": "净资产价值", "object_type": "金额", "subject_type": "日期", "object": "7,121.35万元", "subject": "2008年5月20日", "subject_index": {"begin": 0, "end": 10}, "object_index": {"begin": 224, "end": 234}}, {"predicate": "净资产价值", "object_type": "金额", "subject_type": "日期", "object": "20,032,062.98元", "subject": "2008年5月20日", "subject_index": {"begin": 0, "end": 10}, "object_index": {"begin": 139, "end": 153}}]}
{"text": "本公司拥有的固定资产主要为房屋建筑物及生产用设备等。截至2015年12月31日，公司固定资产账面原值为23,534.93万元，账面净值为16,968.81万元，总体成新率72.10%。公司各项固定资产均处于良好状态，能满足日常生产经营需要。公司固定资产具体情况如下：", "spo_list": [{"predicate": "固定资产账面价值", "object_type": "金额", "subject_type": "日期", "object": "23,534.93万元", "subject": "截至2015年12月31日", "subject_index": {"begin": 26, "end": 39}, "object_index": {"begin": 51, "end": 62}}]}
{"text": "截至2015年12月31日，公司应付账款余额为791.08万元，其明细情况如下表：", "spo_list": [{"predicate": "应付账款余额", "object_type": "金额", "subject_type": "日期", "object": "791.08万元", "subject": "截至2015年12月31日", "subject_index": {"begin": 0, "end": 13}, "object_index": {"begin": 23, "end": 31}}]}
{"text": "截至2015年12月31日，公司其他应付款余额为305.48万元，其明细情况如下表：", "spo_list": [{"predicate": "其他应付款余额", "object_type": "金额", "subject_type": "日期", "object": "305.48万元", "subject": "截至2015年12月31日", "subject_index": {"begin": 0, "end": 13}, "object_index": {"begin": 24, "end": 32}}]}
{"text": "2015年12月31日，公司应收账款账面金额1,509.24万元，较2014年末出现明显下降，主要原因在于受乌镇世界互联网大会召开影响，2015年12月公司产品发货很少所致。", "spo_list": [{"predicate": "应收账款账面余额", "object_type": "金额", "subject_type": "日期", "object": "1,509.24万元", "subject": "2015年12月31日", "subject_index": {"begin": 0, "end": 11}, "object_index": {"begin": 22, "end": 32}}]}
{"text": "报告期各期末，存货账面余额分别为11,673.43万元、13,936.65万元和12,700.17万元，占流动资产比例分别为34.42%、38.56%和34.19%，具体明细项目及库龄情况如下：", "spo_list": [{"predicate": "存货账面价值", "object_type": "金额", "subject_type": "日期", "object": "11,673.43万元", "subject": "报告期各期末", "subject_index": {"begin": 0, "end": 6}, "object_index": {"begin": 16, "end": 27}}, {"predicate": "存货账面价值", "object_type": "金额", "subject_type": "日期", "object": "13,936.65万元", "subject": "报告期各期末", "subject_index": {"begin": 0, "end": 6}, "object_index": {"begin": 28, "end": 39}}, {"predicate": "存货账面价值", "object_type": "金额", "subject_type": "日期", "object": "12,700.17万元", "subject": "报告期各期末", "subject_index": {"begin": 0, "end": 6}, "object_index": {"begin": 40, "end": 51}}]}
{"text": "2014年12月31日和2015年12月31日其他流动资产余额分别为219.11万元和607.41万元，主要系待抵扣进项税余额。", "spo_list": [{"predicate": "其他流动资产余额", "object_type": "金额", "subject_type": "日期", "object": "219.11万元", "subject": "2014年12月31日", "subject_index": {"begin": 0, "end": 11}, "object_index": {"begin": 34, "end": 42}}, {"predicate": "其他流动资产余额", "object_type": "金额", "subject_type": "日期", "object": "607.41万元", "subject": "2015年12月31日", "subject_index": {"begin": 12, "end": 23}, "object_index": {"begin": 43, "end": 51}}]}
{"text": "报告期内，银行借款是公司主要的融资渠道。报告期各期末，短期借款占负债总额的比例分别为76.73%、52.52%和62.79%，主要为流动资金借款。公司经营发展形势较好，能够及时偿还贷款，具有良好的信誉。截至2015年12月31日，公司短期借款余额22,345.60万元，不存在逾期情形。", "spo_list": [{"predicate": "短期借款余额", "object_type": "金额", "subject_type": "日期", "object": "22,345.60万元", "subject": "截至2015年12月31日", "subject_index": {"begin": 101, "end": 114}, "object_index": {"begin": 123, "end": 134}}]}
{"text": "报告期各期末，公司应付账款金额分别为2,415.70万元、2,031.68万元和791.08万元，主要为应付材料款。", "spo_list": [{"predicate": "应付账款余额", "object_type": "金额", "subject_type": "日期", "object": "2,415.70万元", "subject": "报告期各期末", "subject_index": {"begin": 0, "end": 6}, "object_index": {"begin": 18, "end": 28}}, {"predicate": "应付账款余额", "object_type": "金额", "subject_type": "日期", "object": "2,031.68万元", "subject": "报告期各期末", "subject_index": {"begin": 0, "end": 6}, "object_index": {"begin": 29, "end": 39}}, {"predicate": "应付账款余额", "object_type": "金额", "subject_type": "日期", "object": "791.08万元", "subject": "报告期各期末", "subject_index": {"begin": 0, "end": 6}, "object_index": {"begin": 40, "end": 48}}]}
{"text": "2014年末，公司非流动资产达到34,558.74万元，较2013年末的20,409.24万元增长了14,149.50万元，增长率达到69.33%。其中，在建工程金额为17,254.65万元，较2013年末的6,161.30万元出现大幅增长，主要就是由于“植物油脂精炼项目”工程建设以及明洲环保厂房仓库、生产车间、生产线以及生产辅助设施的实施。2015年，公司继续对上述项目进行后续投入，2015年末非流动资产增加至39,263.58万元。", "spo_list": [{"predicate": "非流动资产", "object_type": "金额", "subject_type": "日期", "object": "34,558.74万元", "subject": "2014年末", "subject_index": {"begin": 0, "end": 6}, "object_index": {"begin": 16, "end": 27}}, {"predicate": "非流动资产", "object_type": "金额", "subject_type": "日期", "object": "20,409.24万元", "subject": "2013年末", "subject_index": {"begin": 29, "end": 35}, "object_index": {"begin": 36, "end": 47}}, {"predicate": "非流动资产", "object_type": "金额", "subject_type": "日期", "object": "39,263.58万元", "subject": "015年末", "subject_index": {"begin": 195, "end": 200}, "object_index": {"begin": 208, "end": 219}}]}
{"text": "截至2015年12月31日，公司应交税费余额为430.83万元，其明细情况如下表：", "spo_list": [{"predicate": "应交税费余额", "object_type": "金额", "subject_type": "日期", "object": "430.83万元", "subject": "2015年12月31日", "subject_index": {"begin": 2, "end": 13}, "object_index": {"begin": 23, "end": 31}}]}
{"text": "报告期各期末，公司其他应收款余额分别为23.25万元、40.57万元和57.18万元。公司严格控制与生产经营非直接相关的其他应收款项的发生，因而其他应收款总体金额较小。", "spo_list": [{"predicate": "其他应收款余额", "object_type": "金额", "subject_type": "日期", "object": "23.25万元", "subject": "报告期各期末", "subject_index": {"begin": 0, "end": 6}, "object_index": {"begin": 19, "end": 26}}, {"predicate": "其他应收款余额", "object_type": "金额", "subject_type": "日期", "object": "40.57万元", "subject": "报告期各期末", "subject_index": {"begin": 0, "end": 6}, "object_index": {"begin": 27, "end": 34}}, {"predicate": "其他应收款余额", "object_type": "金额", "subject_type": "日期", "object": "57.18万元", "subject": "报告期各期末", "subject_index": {"begin": 0, "end": 6}, "object_index": {"begin": 35, "end": 42}}]}
{"text": "报告期各期末，公司在建工程期末余额分别为6,161.30万元、17,254.65万元和15,628.46万元。", "spo_list": [{"predicate": "在建工程余额", "object_type": "金额", "subject_type": "日期", "object": "6,161.30万元", "subject": "报告期各期末", "subject_index": {"begin": 0, "end": 6}, "object_index": {"begin": 20, "end": 30}}, {"predicate": "在建工程余额", "object_type": "金额", "subject_type": "日期", "object": "17,254.65万元", "subject": "报告期各期末", "subject_index": {"begin": 0, "end": 6}, "object_index": {"begin": 31, "end": 42}}, {"predicate": "在建工程余额", "object_type": "金额", "subject_type": "日期", "object": "15,628.46万元", "subject": "报告期各期末", "subject_index": {"begin": 0, "end": 6}, "object_index": {"begin": 43, "end": 54}}]}
{"text": "报告期各期末，公司预收账款金额分别为233.17万元、442.03万元和248.12万元，金额相对较小。公司通过预收款形式实现的销售比例相对较小，因而预收账款余额相对应收账款来说较低。对于报告期各期末的预收账款余额来说，其期后销售情况正常，不存在异常情形。", "spo_list": [{"predicate": "预收账款余额", "object_type": "金额", "subject_type": "日期", "object": "233.17万元", "subject": "报告期各期末", "subject_index": {"begin": 0, "end": 6}, "object_index": {"begin": 18, "end": 26}}, {"predicate": "预收账款余额", "object_type": "金额", "subject_type": "日期", "object": "442.03万元", "subject": "报告期各期末", "subject_index": {"begin": 0, "end": 6}, "object_index": {"begin": 27, "end": 35}}, {"predicate": "预收账款余额", "object_type": "金额", "subject_type": "日期", "object": "248.12万元", "subject": "报告期各期末", "subject_index": {"begin": 0, "end": 6}, "object_index": {"begin": 36, "end": 44}}]}
{"text": "本公司由嘉澳有限整体变更设立。嘉澳有限以经审计的2008年4月30日的净资产60,032,062.98元为基础，折合股本4,000万股，溢价部分计入资本公积。整体变更设立时，公司未根据资产评估结果调账，故发起人投入资产的计量属性为历史成本。", "spo_list": [{"predicate": "净资产价值", "object_type": "金额", "subject_type": "日期", "object": "60,032,062.98元", "subject": "2008年4月30日", "subject_index": {"begin": 24, "end": 34}, "object_index": {"begin": 38, "end": 52}}]}
{"text": "截至2015年12月31日，公司预收账款余额为248.12万元，主要为预收产品销售货款。期末预收账款余额无持有公司5%以上（含5%）表决权股份的股东账款，无账龄超过1年以上的大额预收款项。", "spo_list": [{"predicate": "预收款项余额", "object_type": "金额", "subject_type": "日期", "object": "248.12万元", "subject": "2015年12月31日", "subject_index": {"begin": 2, "end": 13}, "object_index": {"begin": 23, "end": 31}}]}
{"text": "截至2015年12月31日，公司对内部人员的负债主要为应付职工薪酬537,938.83元。截至2015年12月31日，公司对关联方的应付未付款项包括对股东利鸿亚洲的其他应付款7,295.60元。", "spo_list": [{"predicate": "应付职工薪酬余额", "object_type": "金额", "subject_type": "日期", "object": "537,938.83元", "subject": "2015年12月31日", "subject_index": {"begin": 2, "end": 13}, "object_index": {"begin": 33, "end": 44}}, {"predicate": "其他应付款余额", "object_type": "金额", "subject_type": "日期", "object": "7,295.60元", "subject": "截至2015年12月31日", "subject_index": {"begin": 45, "end": 58}, "object_index": {"begin": 87, "end": 96}}]}
{"text": "报告期各期末，公司库存商品余额分别为6,933.43万元、4,849.03万元和6,668.03万元。2014年四季度公司产成品销售情况良好，再加之原材料价格下降带来的产成品结存单价的降低，使得2014年末库存商品余额较2013年末下降较多。2015年末库存商品余额较2014年末增加1,819万元，", "spo_list": [{"predicate": "存货余额", "object_type": "金额", "subject_type": "日期", "object": "6,933.43万元", "subject": "报告期各期末", "subject_index": {"begin": 0, "end": 6}, "object_index": {"begin": 18, "end": 28}}, {"predicate": "存货余额", "object_type": "金额", "subject_type": "日期", "object": "4,849.03万元", "subject": "报告期各期末", "subject_index": {"begin": 0, "end": 6}, "object_index": {"begin": 29, "end": 39}}, {"predicate": "存货余额", "object_type": "金额", "subject_type": "日期", "object": "6,668.03万元", "subject": "报告期各期末", "subject_index": {"begin": 0, "end": 6}, "object_index": {"begin": 40, "end": 50}}]}
{"text": "2013年末，在建工程余额为6,161.30万元，", "spo_list": [{"predicate": "在建工程余额", "object_type": "金额", "subject_type": "日期", "object": "6,161.30万元，", "subject": "2013年末", "subject_index": {"begin": 0, "end": 6}, "object_index": {"begin": 14, "end": 25}}]}
{"text": "报告期各期末，公司应交税费金额分别为296.6万元、693.43万元和430.83万元，具体明细如下：", "spo_list": [{"predicate": "应交税费余额", "object_type": "金额", "subject_type": "日期", "object": "296.6万元", "subject": "报告期各期末", "subject_index": {"begin": 0, "end": 6}, "object_index": {"begin": 18, "end": 25}}, {"predicate": "应交税费余额", "object_type": "金额", "subject_type": "日期", "object": "693.43万元", "subject": "报告期各期末", "subject_index": {"begin": 0, "end": 6}, "object_index": {"begin": 26, "end": 34}}, {"predicate": "应交税费余额", "object_type": "金额", "subject_type": "日期", "object": "430.83万元", "subject": "报告期各期末", "subject_index": {"begin": 0, "end": 6}, "object_index": {"begin": 35, "end": 43}}]}
