{"text": "2014年9月25日，公司之子公司聚民生物与上海双鸽签署《资产转让协议》，聚民生物向上海双鸽购买与医疗器械业务相关的固定资产以及与该业务相关的存货，包括但不限于医疗器械产成品、生产用原辅材料及其包装材料。其中，固定资产经坤元资产评估有限公司评估并出具编号为坤元评报[2014]345号的资产评估报告，以2014年8月31日为评估基准日，拟转让固定资产账面价值为1,123.71万元，评估价值为1,255.71万元，评估增值132.00万元", "spo_list": [{"predicate": "固定资产账面价值", "object_type": "金额", "subject_type": "日期", "object": "1,123.71万元", "subject": "2014年8月31日", "subject_index": {"begin": 151, "end": 161}, "object_index": {"begin": 180, "end": 190}}]}
{"text": "截至报告期各期末，公司应收票据金额分别为4,634.09万元、4,669.90万元、3,048.26万元和2,300.85万元，应收票据占公司总资产的比例分别为7.07%、6.76%、4.27%和3.90%。", "spo_list": [{"predicate": "应收票据余额", "object_type": "金额", "subject_type": "日期", "object": "4,634.09万元", "subject": "截至报告期各期末", "subject_index": {"begin": 0, "end": 8}, "object_index": {"begin": 20, "end": 30}}, {"predicate": "应收票据余额", "object_type": "金额", "subject_type": "日期", "object": "4,669.90万元", "subject": "截至报告期各期末", "subject_index": {"begin": 0, "end": 8}, "object_index": {"begin": 31, "end": 41}}, {"predicate": "应收票据余额", "object_type": "金额", "subject_type": "日期", "object": "3,048.26万元", "subject": "截至报告期各期末", "subject_index": {"begin": 0, "end": 8}, "object_index": {"begin": 42, "end": 52}}, {"predicate": "应收票据余额", "object_type": "金额", "subject_type": "日期", "object": "2,300.85万元", "subject": "截至报告期各期末", "subject_index": {"begin": 0, "end": 8}, "object_index": {"begin": 53, "end": 63}}]}
{"text": "截至报告期各期末，公司其他应收款净额分别为101.04万元、48.82万元、100.34万元和36.69万元，占资产总额的比例分别为0.15%、0.07%、0.14%和0.06%。", "spo_list": [{"predicate": "其他应收款净额", "object_type": "金额", "subject_type": "日期", "object": "101.04万元", "subject": "截至报告期各期末，", "subject_index": {"begin": 0, "end": 9}, "object_index": {"begin": 21, "end": 29}}, {"predicate": "其他应收款净额", "object_type": "金额", "subject_type": "日期", "object": "48.82万元", "subject": "截至报告期各期末，", "subject_index": {"begin": 0, "end": 9}, "object_index": {"begin": 30, "end": 37}}, {"predicate": "其他应收款净额", "object_type": "金额", "subject_type": "日期", "object": "100.34万元", "subject": "截至报告期各期末，", "subject_index": {"begin": 0, "end": 9}, "object_index": {"begin": 38, "end": 46}}, {"predicate": "其他应收款净额", "object_type": "金额", "subject_type": "日期", "object": "36.69万元", "subject": "截至报告期各期末，", "subject_index": {"begin": 0, "end": 9}, "object_index": {"begin": 47, "end": 54}}]}
{"text": "2014年9月末，公司存货余额较上年末减少1,212.80万元，减少比例为13.40%，主要系塑瓶生产线于三季度技改，影响车间生产，产量下降导致库存降低。", "spo_list": [{"predicate": "存货余额", "object_type": "金额", "subject_type": "日期", "object": "1,212.80万元", "subject": "2014年9月末", "subject_index": {"begin": 0, "end": 8}, "object_index": {"begin": 21, "end": 31}}]}
{"text": "截至报告期各期末，公司固定资产净额分别为15,914.17万元、15,893.85万元、17,079.07万元和16,529.46万元，占总资产的比例分别为24.29%、23.01%、23.94%和28.03%。", "spo_list": [{"predicate": "固定资产净额", "object_type": "金额", "subject_type": "日期", "object": "15,914.17万元", "subject": "截至报告期各期末", "subject_index": {"begin": 0, "end": 8}, "object_index": {"begin": 20, "end": 31}}, {"predicate": "固定资产净额", "object_type": "金额", "subject_type": "日期", "object": "15,893.85万元", "subject": "截至报告期各期末", "subject_index": {"begin": 0, "end": 8}, "object_index": {"begin": 32, "end": 43}}, {"predicate": "固定资产净额", "object_type": "金额", "subject_type": "日期", "object": "17,079.07万元", "subject": "截至报告期各期末", "subject_index": {"begin": 0, "end": 8}, "object_index": {"begin": 44, "end": 55}}, {"predicate": "固定资产净额", "object_type": "金额", "subject_type": "日期", "object": "16,529.46万元", "subject": "截至报告期各期末", "subject_index": {"begin": 0, "end": 8}, "object_index": {"begin": 56, "end": 67}}]}
{"text": "截至报告期各期末，公司在建工程余额分别为704.53万元、1,430.17万元、799.91万元和145.60万元，占总资产的比例分别为1.08%、2.07%、1.12%和0.25%。", "spo_list": [{"predicate": "在建工程余额", "object_type": "金额", "subject_type": "日期", "object": "704.53万元", "subject": "截至报告期各期末", "subject_index": {"begin": 0, "end": 8}, "object_index": {"begin": 20, "end": 28}}, {"predicate": "在建工程余额", "object_type": "金额", "subject_type": "日期", "object": "1,430.17万元", "subject": "截至报告期各期末", "subject_index": {"begin": 0, "end": 8}, "object_index": {"begin": 29, "end": 39}}, {"predicate": "在建工程余额", "object_type": "金额", "subject_type": "日期", "object": "799.91万元", "subject": "截至报告期各期末", "subject_index": {"begin": 0, "end": 8}, "object_index": {"begin": 40, "end": 48}}, {"predicate": "在建工程余额", "object_type": "金额", "subject_type": "日期", "object": "145.60万元", "subject": "截至报告期各期末", "subject_index": {"begin": 0, "end": 8}, "object_index": {"begin": 49, "end": 57}}]}
{"text": "截至报告期各期末，公司无形资产余额分别为9,689.75万元、9,469.92万元、9,226.45万元和9,045.84万元，占总资产的比例分别为14.79%、13.71%、12.93%和15.34%。", "spo_list": [{"predicate": "无形资产余额", "object_type": "金额", "subject_type": "日期", "object": "9,689.75万元", "subject": "截至报告期各期末", "subject_index": {"begin": 0, "end": 8}, "object_index": {"begin": 20, "end": 30}}, {"predicate": "无形资产余额", "object_type": "金额", "subject_type": "日期", "object": "9,469.92万元", "subject": "截至报告期各期末", "subject_index": {"begin": 0, "end": 8}, "object_index": {"begin": 31, "end": 41}}, {"predicate": "无形资产余额", "object_type": "金额", "subject_type": "日期", "object": "9,226.45万元", "subject": "截至报告期各期末", "subject_index": {"begin": 0, "end": 8}, "object_index": {"begin": 42, "end": 52}}, {"predicate": "无形资产余额", "object_type": "金额", "subject_type": "日期", "object": "9,045.84万元", "subject": "截至报告期各期末", "subject_index": {"begin": 0, "end": 8}, "object_index": {"begin": 53, "end": 63}}]}
{"text": "公司预收款项为预收客户货款。截至报告期各期末，公司预收款项余额分别为960.11万元、874.38万元、989.72万元和871.04元，占负债总额的比例分别为3.53%、3.39%、4.39%和5.38%。", "spo_list": [{"predicate": "预收款项余额", "object_type": "金额", "subject_type": "日期", "object": "960.11万元", "subject": "截至报告期各期末", "subject_index": {"begin": 14, "end": 22}, "object_index": {"begin": 34, "end": 42}}, {"predicate": "预收款项余额", "object_type": "金额", "subject_type": "日期", "object": "874.38万元", "subject": "截至报告期各期末", "subject_index": {"begin": 14, "end": 22}, "object_index": {"begin": 43, "end": 51}}, {"predicate": "预收款项余额", "object_type": "金额", "subject_type": "日期", "object": "989.72万元", "subject": "截至报告期各期末", "subject_index": {"begin": 14, "end": 22}, "object_index": {"begin": 52, "end": 60}}, {"predicate": "预收款项余额", "object_type": "金额", "subject_type": "日期", "object": "871.04元", "subject": "截至报告期各期末", "subject_index": {"begin": 14, "end": 22}, "object_index": {"begin": 61, "end": 68}}]}
{"text": "报告期内，公司息税折旧摊销前利润分别为12,321.79万元、12,270.00万元、12,879.41万元和7,625.42万元，同期利息保障倍数分别为6.06倍、7.60倍、17.12倍和17.82倍。由此可见，报告期内，公司逐年减少银行借款规模，有意识控制债务规模及风险，公司资产负债率逐年降低，公司偿付银行贷款利息的能力逐年增强", "spo_list": [{"predicate": "息税折旧摊销前利润", "object_type": "金额", "subject_type": "日期", "object": "12,321.79万元", "subject": "报告期内", "subject_index": {"begin": 0, "end": 4}, "object_index": {"begin": 19, "end": 30}}, {"predicate": "息税折旧摊销前利润", "object_type": "金额", "subject_type": "日期", "object": "12,270.00万元", "subject": "报告期内", "subject_index": {"begin": 0, "end": 4}, "object_index": {"begin": 31, "end": 42}}, {"predicate": "息税折旧摊销前利润", "object_type": "金额", "subject_type": "日期", "object": "12,879.41万元", "subject": "报告期内", "subject_index": {"begin": 0, "end": 4}, "object_index": {"begin": 43, "end": 54}}, {"predicate": "息税折旧摊销前利润", "object_type": "金额", "subject_type": "日期", "object": "7,625.42万元", "subject": "报告期内", "subject_index": {"begin": 0, "end": 4}, "object_index": {"begin": 55, "end": 65}}, {"predicate": "利息保障倍数", "object_type": "日期", "subject_type": "比率", "object": "报告期内", "subject": "6.06倍", "subject_index": {"begin": 77, "end": 82}, "object_index": {"begin": 0, "end": 4}}, {"predicate": "利息保障倍数", "object_type": "日期", "subject_type": "比率", "object": "报告期内", "subject": "7.60倍", "subject_index": {"begin": 83, "end": 88}, "object_index": {"begin": 0, "end": 4}}, {"predicate": "利息保障倍数", "object_type": "日期", "subject_type": "比率", "object": "报告期内", "subject": "17.12倍", "subject_index": {"begin": 89, "end": 95}, "object_index": {"begin": 0, "end": 4}}, {"predicate": "利息保障倍数", "object_type": "日期", "subject_type": "比率", "object": "报告期内", "subject": "17.82倍", "subject_index": {"begin": 96, "end": 102}, "object_index": {"begin": 0, "end": 4}}]}
{"text": "截至报告期各期末，公司存货金额分别为10,397.04万元，9,327.26万元，9,048.06万元，7,835.26万元。", "spo_list": [{"predicate": "存货净值", "object_type": "金额", "subject_type": "日期", "object": "10,397.04万元", "subject": "截至报告期各期末", "subject_index": {"begin": 0, "end": 8}, "object_index": {"begin": 18, "end": 29}}, {"predicate": "存货净值", "object_type": "金额", "subject_type": "日期", "object": "9,327.26万元", "subject": "截至报告期各期末", "subject_index": {"begin": 0, "end": 8}, "object_index": {"begin": 30, "end": 40}}, {"predicate": "存货净值", "object_type": "金额", "subject_type": "日期", "object": "9,048.06万元", "subject": "截至报告期各期末", "subject_index": {"begin": 0, "end": 8}, "object_index": {"begin": 41, "end": 51}}, {"predicate": "存货净值", "object_type": "金额", "subject_type": "日期", "object": "7,835.26万元", "subject": "截至报告期各期末", "subject_index": {"begin": 0, "end": 8}, "object_index": {"begin": 52, "end": 62}}]}
{"text": "台州市黄岩希利优塑胶制品厂系个人独资企业，成立于2003年9月10日，投资人为李友方（李仙玉兄弟姐妹之子女之配偶），住所为台州市黄岩东城红四村，主要经营薄膜袋等塑料制品的加工和制造。截至2013年12月31日，资产总额为119.22万元，净资产为69.69万元，2013年净利润为2.25万元。截至2014年9月30日，资产总额为148.26万元，净资产为71.61万元，2014年1-9月净利润为1.92万元。", "spo_list": [{"predicate": "净资产价值", "object_type": "金额", "subject_type": "日期", "object": "69.69万元", "subject": "2013年12月31日", "subject_index": {"begin": 93, "end": 104}, "object_index": {"begin": 123, "end": 130}}, {"predicate": "净资产价值", "object_type": "金额", "subject_type": "日期", "object": "71.61万元", "subject": "2014年9月30日", "subject_index": {"begin": 149, "end": 159}, "object_index": {"begin": 178, "end": 185}}]}
{"text": "2012年末，公司预付款项较上年增长1,454.98万元，增长比例为380.00%，主要由于2012年末预付华凯器械、香港大华化工贸易有限公司742.53万元、213.00万元原料货款以及中介机构上市费用等所致。", "spo_list": [{"predicate": "预付款项余额", "object_type": "金额", "subject_type": "日期", "object": "1,454.98万元", "subject": "2012年末", "subject_index": {"begin": 0, "end": 6}, "object_index": {"begin": 18, "end": 28}}]}
{"text": "截至报告期各期末，公司存货余额分别为10,397.04万元、9,327.26万元、9,048.06万元和7,835.26万元，占资产总额的比例分别为15.87%、13.51%、12.68%和13.29%。", "spo_list": [{"predicate": "存货余额", "object_type": "金额", "subject_type": "日期", "object": "10,397.04万元", "subject": "截至报告期各期末", "subject_index": {"begin": 0, "end": 8}, "object_index": {"begin": 18, "end": 29}}, {"predicate": "存货余额", "object_type": "金额", "subject_type": "日期", "object": "9,327.26万元", "subject": "截至报告期各期末", "subject_index": {"begin": 0, "end": 8}, "object_index": {"begin": 30, "end": 40}}, {"predicate": "存货余额", "object_type": "金额", "subject_type": "日期", "object": "9,048.06万元", "subject": "截至报告期各期末", "subject_index": {"begin": 0, "end": 8}, "object_index": {"begin": 41, "end": 51}}, {"predicate": "存货余额", "object_type": "金额", "subject_type": "日期", "object": "7,835.26万元", "subject": "截至报告期各期末", "subject_index": {"begin": 0, "end": 8}, "object_index": {"begin": 52, "end": 62}}]}
{"text": "2012年末，公司存货余额较上年减少1,069.78万元，减少比例为10.29%，主要系原材料和自制半成品输液膜年末库存降低所致。2013年末公司存货余额与上年基本持平。", "spo_list": [{"predicate": "存货余额", "object_type": "金额", "subject_type": "日期", "object": "1,069.78万元", "subject": "2012年末", "subject_index": {"begin": 0, "end": 6}, "object_index": {"begin": 18, "end": 28}}]}
{"text": "2012年末，固定资产原值较上年净增加894.64万元，系新建的仓库主体完工转入固定资产1,031.03万元所致。", "spo_list": [{"predicate": "固定资产净额", "object_type": "金额", "subject_type": "日期", "object": "894.64万元", "subject": "2012年末", "subject_index": {"begin": 0, "end": 6}, "object_index": {"begin": 19, "end": 27}}, {"predicate": "固定资产净额", "object_type": "金额", "subject_type": "日期", "object": "1,031.03万元", "subject": "2012年末", "subject_index": {"begin": 0, "end": 6}, "object_index": {"begin": 44, "end": 54}}]}
{"text": "2012年末，在建工程余额较上年净增加725.64万元，主要系新版GMP认证技术改造项目本期投入所致。", "spo_list": [{"predicate": "在建工程余额", "object_type": "金额", "subject_type": "日期", "object": "725.64万元", "subject": "2012年末", "subject_index": {"begin": 0, "end": 6}, "object_index": {"begin": 19, "end": 27}}]}
{"text": "2014年9月末，在建工程余额较上年净减少654.31万元，主要系年产14,000万袋非PVC软袋大输液项目已部分完成其配套的仓库、锅炉房和药包材生产车间的建设，转入固定资产，先期投入使用所致。", "spo_list": [{"predicate": "在建工程余额", "object_type": "金额", "subject_type": "日期", "object": "654.31万元", "subject": "2014年9月末", "subject_index": {"begin": 0, "end": 8}, "object_index": {"begin": 21, "end": 29}}]}
{"text": "公司应付账款主要系应付供应商货款。截至报告期各期末，公司应付账款余额分别为4,688.51万元、4,561.33万元、4,488.55万元和2,988.06万元，占负债总额的比例分别为17.22%、17.67%、19.93%和18.44%。报告期内，公司与主要供应商关系融洽，未发生拖欠到期货款的情形。", "spo_list": [{"predicate": "应付账款余额", "object_type": "金额", "subject_type": "日期", "object": "4,688.51万元", "subject": "截至报告期各期末", "subject_index": {"begin": 17, "end": 25}, "object_index": {"begin": 37, "end": 47}}, {"predicate": "应付账款余额", "object_type": "金额", "subject_type": "日期", "object": "4,561.33万元", "subject": "截至报告期各期末", "subject_index": {"begin": 17, "end": 25}, "object_index": {"begin": 48, "end": 58}}, {"predicate": "应付账款余额", "object_type": "金额", "subject_type": "日期", "object": "4,488.55万元", "subject": "截至报告期各期末", "subject_index": {"begin": 17, "end": 25}, "object_index": {"begin": 59, "end": 69}}, {"predicate": "应付账款余额", "object_type": "金额", "subject_type": "日期", "object": "2,988.06万元", "subject": "截至报告期各期末", "subject_index": {"begin": 17, "end": 25}, "object_index": {"begin": 70, "end": 80}}]}
{"text": "报告期内，公司主营业务成本分别为29,071.55万元、30,582.50万元、28,061.54万元和19,003.24万元，占公司营业成本的比例分别为99.48%、99.55%、99.86%和99.72%；主营业务成本为营业成本的主要组成部分。", "spo_list": [{"predicate": "主营业务成本", "object_type": "金额", "subject_type": "日期", "object": "29,071.55万元", "subject": "报告期内", "subject_index": {"begin": 0, "end": 4}, "object_index": {"begin": 16, "end": 27}}, {"predicate": "主营业务成本", "object_type": "金额", "subject_type": "日期", "object": "30,582.50万元", "subject": "报告期内", "subject_index": {"begin": 0, "end": 4}, "object_index": {"begin": 28, "end": 39}}, {"predicate": "主营业务成本", "object_type": "金额", "subject_type": "日期", "object": "28,061.54万元", "subject": "报告期内", "subject_index": {"begin": 0, "end": 4}, "object_index": {"begin": 40, "end": 51}}, {"predicate": "主营业务成本", "object_type": "金额", "subject_type": "日期", "object": "19,003.24万元", "subject": "报告期内", "subject_index": {"begin": 0, "end": 4}, "object_index": {"begin": 52, "end": 63}}]}
{"text": "买卖双方于2014年9月30日完成资产交割，于交割日，固定资产的账面价值为1,115.26万元（与评估基准日的差异为计提了2014年9月折旧），存货的账面价值为1,741.13万元。", "spo_list": [{"predicate": "固定资产账面价值", "object_type": "金额", "subject_type": "日期", "object": "1,115.26万元", "subject": "2014年9月30日", "subject_index": {"begin": 5, "end": 15}, "object_index": {"begin": 37, "end": 47}}, {"predicate": "存货账面余额", "object_type": "金额", "subject_type": "日期", "object": "1,741.13万元", "subject": "2014年9月30日", "subject_index": {"begin": 5, "end": 15}, "object_index": {"begin": 80, "end": 90}}]}
{"text": "从报告期各期末应收账款余额看，截至报告期各期末，公司应收账款净额分别为20,526.65万元、15,340.28万元、17,756.55万元和14,083.97万元。2012年末，公司应收账款净额较上年下降5,186.37万元；2013年末，公司应收账款净额较上年年末增加2,416.27万元；2014年9月末，公司应收账款净额较上年年末减少3,672.58万元。", "spo_list": [{"predicate": "应收帐款净额", "object_type": "金额", "subject_type": "日期", "object": "20,526.65万元", "subject": "报告期各期末", "subject_index": {"begin": 17, "end": 23}, "object_index": {"begin": 35, "end": 46}}, {"predicate": "应收帐款净额", "object_type": "金额", "subject_type": "日期", "object": "15,340.28万元", "subject": "报告期各期末", "subject_index": {"begin": 17, "end": 23}, "object_index": {"begin": 47, "end": 58}}, {"predicate": "应收帐款净额", "object_type": "金额", "subject_type": "日期", "object": "17,756.55万元", "subject": "报告期各期末", "subject_index": {"begin": 17, "end": 23}, "object_index": {"begin": 59, "end": 70}}, {"predicate": "应收帐款净额", "object_type": "金额", "subject_type": "日期", "object": "14,083.97万元", "subject": "报告期各期末", "subject_index": {"begin": 17, "end": 23}, "object_index": {"begin": 71, "end": 82}}, {"predicate": "应收帐款净额", "object_type": "金额", "subject_type": "日期", "object": "5,186.37万元", "subject": "2012年末", "subject_index": {"begin": 83, "end": 89}, "object_index": {"begin": 103, "end": 113}}, {"predicate": "应收帐款净额", "object_type": "金额", "subject_type": "日期", "object": "2,416.27万元", "subject": "2013年末", "subject_index": {"begin": 114, "end": 120}, "object_index": {"begin": 136, "end": 146}}, {"predicate": "应收帐款净额", "object_type": "金额", "subject_type": "日期", "object": "3,672.58万元", "subject": "2014年9月末", "subject_index": {"begin": 147, "end": 155}, "object_index": {"begin": 171, "end": 181}}]}
{"text": "2013年末，在建工程余额较上年净减少630.26万元，主要系新版GMP认证技术改造项目完工转入固定资产所致。", "spo_list": [{"predicate": "在建工程余额", "object_type": "金额", "subject_type": "日期", "object": "630.26万元", "subject": "2013年末", "subject_index": {"begin": 0, "end": 6}, "object_index": {"begin": 19, "end": 27}}]}
{"text": "截至报告期各期末，公司短期借款金额分别为18,200.00万元、15,700.00万元、12,500.00万元和9,500.00万元。报告期内，公司短期借款金额逐年下降，主要系公司通过经营积累、股权融资、合理提高资金使用效率，逐渐减少银行贷款规模所致。一直以来，公司与银行保持良好的信贷关系，信用评级较高，为公司未来筹措资金提供了保障。", "spo_list": [{"predicate": "短期借款余额", "object_type": "金额", "subject_type": "日期", "object": "18,200.00万元", "subject": "截至报告期各期末", "subject_index": {"begin": 0, "end": 8}, "object_index": {"begin": 20, "end": 31}}, {"predicate": "短期借款余额", "object_type": "金额", "subject_type": "日期", "object": "15,700.00万元", "subject": "截至报告期各期末", "subject_index": {"begin": 0, "end": 8}, "object_index": {"begin": 32, "end": 43}}, {"predicate": "短期借款余额", "object_type": "金额", "subject_type": "日期", "object": "12,500.00万元", "subject": "截至报告期各期末", "subject_index": {"begin": 0, "end": 8}, "object_index": {"begin": 44, "end": 55}}, {"predicate": "短期借款余额", "object_type": "金额", "subject_type": "日期", "object": "9,500.00万元", "subject": "截至报告期各期末", "subject_index": {"begin": 0, "end": 8}, "object_index": {"begin": 56, "end": 66}}]}
{"text": "截至报告期各期末，公司其他应付款余额分别为983.16万元、1,508.92万元、645.55万元和474.40万元。", "spo_list": [{"predicate": "其他应付款余额", "object_type": "金额", "subject_type": "日期", "object": "983.16万元", "subject": "截至报告期各期末", "subject_index": {"begin": 0, "end": 8}, "object_index": {"begin": 21, "end": 29}}, {"predicate": "其他应付款余额", "object_type": "金额", "subject_type": "日期", "object": "1,508.92万元", "subject": "截至报告期各期末", "subject_index": {"begin": 0, "end": 8}, "object_index": {"begin": 30, "end": 40}}, {"predicate": "其他应付款余额", "object_type": "金额", "subject_type": "日期", "object": "645.55万元", "subject": "截至报告期各期末", "subject_index": {"begin": 0, "end": 8}, "object_index": {"begin": 41, "end": 49}}, {"predicate": "其他应付款余额", "object_type": "金额", "subject_type": "日期", "object": "474.40万元。", "subject": "截至报告期各期末", "subject_index": {"begin": 0, "end": 8}, "object_index": {"begin": 50, "end": 59}}]}
{"text": "截至报告期各期末，公司应收账款净额分别为20,526.65万元，15,340.28万元、17,756.55万元和14,083.97万元。另一方面，公司通常持有1.5-2个月的安全库存，随着销售规模的增加，安全库存的增长将进一步占用公司流动资金", "spo_list": [{"predicate": "其他应收款净额", "object_type": "金额", "subject_type": "日期", "object": "20,526.65万元", "subject": "截至报告期各期末", "subject_index": {"begin": 0, "end": 8}, "object_index": {"begin": 20, "end": 31}}, {"predicate": "其他应收款净额", "object_type": "金额", "subject_type": "日期", "object": "15,340.28万元", "subject": "截至报告期各期末", "subject_index": {"begin": 0, "end": 8}, "object_index": {"begin": 32, "end": 43}}, {"predicate": "其他应收款净额", "object_type": "金额", "subject_type": "日期", "object": "17,756.55万元", "subject": "截至报告期各期末", "subject_index": {"begin": 0, "end": 8}, "object_index": {"begin": 44, "end": 55}}, {"predicate": "其他应收款净额", "object_type": "金额", "subject_type": "日期", "object": "14,083.97万元", "subject": "截至报告期各期末", "subject_index": {"begin": 0, "end": 8}, "object_index": {"begin": 56, "end": 67}}]}
