{"text": "截至2013年12月31日，广州继峰总资产为1,643.61万元，净资产为1,179.63万元，2013年实现净利润242.28万元。上述数据已经中汇会计师事务所审计。", "spo_list": [{"predicate": "净资产价值", "object_type": "金额", "subject_type": "日期", "object": "1,179.63万元", "subject": "截至2013年12月31日", "subject_index": {"begin": 0, "end": 13}, "object_index": {"begin": 37, "end": 47}}]}
{"text": "截至2014年9月30日，广州继峰总资产为1,761.48万元，净资产为1,290.75万元，2014年1-9月实现净利润111.12万元。上述数据已经中汇会计师事务所审计。", "spo_list": [{"predicate": "净资产价值", "object_type": "金额", "subject_type": "日期", "object": "1,290.75万元", "subject": "截至2014年9月30日", "subject_index": {"begin": 0, "end": 12}, "object_index": {"begin": 36, "end": 46}}]}
{"text": "截至2014年9月30日，成都继峰总资产为5,346.73万元，净资产为2,409.86万元，2014年1-9月实现净利润180.08万元。上述数据已经中汇会计师事务所审计。", "spo_list": [{"predicate": "净资产价值", "object_type": "金额", "subject_type": "日期", "object": "2,409.86万元", "subject": "截至2014年9月30日，", "subject_index": {"begin": 0, "end": 13}, "object_index": {"begin": 36, "end": 46}}]}
{"text": "截至2013年12月31日，武汉继峰总资产为3,015.63万元，净资产为2,970.00万元，2013年实现净利润-32.05万元。上述数据已经中汇会计师事务所审计。", "spo_list": [{"predicate": "净资产价值", "object_type": "金额", "subject_type": "日期", "object": "2,970.00万元", "subject": "截至2013年12月31日", "subject_index": {"begin": 0, "end": 13}, "object_index": {"begin": 37, "end": 47}}]}
{"text": "沈阳继峰目前处于建设阶段，尚未实际开展经营业务。截至2014年9月30日，沈阳继峰总资产为2,180.90万元，净资产为2,179.44万元，", "spo_list": [{"predicate": "净资产价值", "object_type": "金额", "subject_type": "日期", "object": "2,179.44万元", "subject": "截至2014年9月30日", "subject_index": {"begin": 24, "end": 36}, "object_index": {"begin": 60, "end": 70}}]}
{"text": "截至2013年12月31日，继峰座椅部件总资产为100.73万元，净资产为100.66万元，2013年实现净利润1.49万元。上述数据已经中汇会计师事务所审计。", "spo_list": [{"predicate": "净资产价值", "object_type": "金额", "subject_type": "日期", "object": "100.66万元", "subject": "截至2013年12月31日", "subject_index": {"begin": 0, "end": 13}, "object_index": {"begin": 37, "end": 45}}]}
{"text": "截至2014年9月30日，一汽四环继峰总资产为3,939.43万元，净资产为421.31万元，2014年1-9月实现净利润317.42万元。上述数据已经中汇会计师事务所审计。", "spo_list": [{"predicate": "净资产价值", "object_type": "金额", "subject_type": "日期", "object": "421.31万元", "subject": "截至2014年9月30日", "subject_index": {"begin": 0, "end": 12}, "object_index": {"begin": 38, "end": 46}}]}
{"text": "截至2014年9月30日，德国继峰总资产为514.99万元，净资产为479.09万元，2014年1-9月实现净利润-113.04万元。上述数据已经中汇会计师事务所审计。", "spo_list": [{"predicate": "净资产价值", "object_type": "金额", "subject_type": "日期", "object": "479.09万元", "subject": "截至2014年9月30日", "subject_index": {"begin": 0, "end": 12}, "object_index": {"begin": 34, "end": 42}}]}
{"text": "截至2013年12月31日，重庆德盈总资产为1,969.72万元，净资产为117.23万元，2013年实现净利润46.11万元。上述数据已经重庆鸿源会计师事务有限公司审计。", "spo_list": [{"predicate": "净资产价值", "object_type": "金额", "subject_type": "日期", "object": "117.23万元", "subject": "截至2013年12月31日", "subject_index": {"begin": 0, "end": 13}, "object_index": {"begin": 37, "end": 45}}]}
{"text": "截至2013年12月31日，君润恒睿总资产为9,451.02万元，净资产为8,452.02万元，2013年实现净利润30.78万元，上述财务数据未经审计。", "spo_list": [{"predicate": "净资产价值", "object_type": "金额", "subject_type": "日期", "object": "8,452.02万元", "subject": "截至2013年12月31日", "subject_index": {"begin": 0, "end": 13}, "object_index": {"begin": 37, "end": 47}}]}
{"text": "截至2012年12月31日，祥仁服装总资产为9,769.09万元，净资产为8,510.82万元，2012年实现净利润为131.13万元，上述财务数据未经审计。", "spo_list": [{"predicate": "净资产价值", "object_type": "金额", "subject_type": "日期", "object": "8,510.82万元", "subject": "截至2012年12月31日", "subject_index": {"begin": 0, "end": 13}, "object_index": {"begin": 37, "end": 47}}]}
{"text": "截至2014年9月30日，继峰房产总资产50,174.93万元，净资产为-148.26万元，2014年1-9月实现净利润为-1,014.96万元，上述财务数据未经审计。", "spo_list": [{"predicate": "净资产价值", "object_type": "金额", "subject_type": "日期", "object": "-148.26万元", "subject": "截至2014年9月30日", "subject_index": {"begin": 0, "end": 12}, "object_index": {"begin": 36, "end": 45}}]}
{"text": "截至2013年12月31日，旭昌国际总资产为15,466.39万元，净资产为2,465.38万元，2013年实现净利润为-24.03万元，上述财务数据未经审计。", "spo_list": [{"predicate": "净资产价值", "object_type": "金额", "subject_type": "日期", "object": "2,465.38万元", "subject": "截至2013年12月31日", "subject_index": {"begin": 0, "end": 13}, "object_index": {"begin": 38, "end": 48}}]}
{"text": "截至2014年9月30日，本公司无形资产账面价值为6,225.37万元，具体构成情况如下：", "spo_list": [{"predicate": "无形资产账面价值", "object_type": "金额", "subject_type": "日期", "object": "6,225.37万元", "subject": "截至2014年9月30日", "subject_index": {"begin": 0, "end": 12}, "object_index": {"begin": 25, "end": 35}}]}
{"text": "截至2014年9月30日，本公司在建工程账面价值为2,956.39万元，具体构成情况如下：", "spo_list": [{"predicate": "在建工程净额", "object_type": "金额", "subject_type": "日期", "object": "2,956.39万元", "subject": "截至2014年9月30日", "subject_index": {"begin": 0, "end": 12}, "object_index": {"begin": 25, "end": 35}}]}
{"text": "2013年12月末，公司应收账款净额较2012年增加5,499.11万元，增长46.48%，主要系当年公司营业收入大幅增加44.36%，从而导致应收账款余额相应上升。2014年1-9月，公司营业收入持续增长，应收账款余额相应上升。", "spo_list": [{"predicate": "应收帐款净额", "object_type": "金额", "subject_type": "日期", "object": "5,499.11万元", "subject": "2013年12月末", "subject_index": {"begin": 0, "end": 9}, "object_index": {"begin": 26, "end": 36}}]}
{"text": "截至2011年末、2012年末、2013年末和2014年9月末，公司其他应收款净额分别为1,738.68万元、151.41万元、162.05万元和768.70万元，占当年末流动资产的比例分别为4.55%、0.40%、0.33%和1.49%。报告期内，公司其他应收款具体构成情况如下：", "spo_list": [{"predicate": "其他应收款净额", "object_type": "金额", "subject_type": "日期", "object": "1,738.68万元", "subject": "截至2011年末", "subject_index": {"begin": 0, "end": 8}, "object_index": {"begin": 44, "end": 54}}, {"predicate": "其他应收款净额", "object_type": "金额", "subject_type": "日期", "object": "151.41万元", "subject": "2012年末", "subject_index": {"begin": 9, "end": 15}, "object_index": {"begin": 55, "end": 63}}, {"predicate": "其他应收款净额", "object_type": "金额", "subject_type": "日期", "object": "162.05万元", "subject": "2013年末", "subject_index": {"begin": 16, "end": 22}, "object_index": {"begin": 64, "end": 72}}, {"predicate": "其他应收款净额", "object_type": "金额", "subject_type": "日期", "object": "768.70万元", "subject": "2014年9月末", "subject_index": {"begin": 23, "end": 31}, "object_index": {"begin": 73, "end": 81}}]}
{"text": "截至2014年9月末，公司其他流动资产余额为163.71万元，占期末流动资产比为0.32%，金额较小，主要为待抵扣增值税进项税额、预缴税金。", "spo_list": [{"predicate": "其他流动资产余额", "object_type": "金额", "subject_type": "日期", "object": "163.71万元", "subject": "截至2014年9月末", "subject_index": {"begin": 0, "end": 10}, "object_index": {"begin": 22, "end": 30}}]}
{"text": "2014年9月末，公司长期待摊费用余额为292.64万元，占年末非流动资产的比例为0.63%。发行人长期待摊费用主要为子公司广州继峰于2009年支付的厂区土地款，由于目前尚未取得土地使用权证，因此暂按厂房折旧年限（20年）进行摊销。", "spo_list": [{"predicate": "长期待摊费用的余额", "object_type": "金额", "subject_type": "日期", "object": "292.64万元", "subject": "2014年9月末", "subject_index": {"begin": 0, "end": 8}, "object_index": {"begin": 20, "end": 28}}]}
{"text": "2011年末、2012年末、2013年末和2014年9月末，公司应付职工薪酬余额分别为676.49万元、846.35万元、1,647.29万元和1,029.86万元，占当年末流动负债的比重分别为9.98%、11.81%、11.01%和4.08%。2012年随着公司员工人数及工资水平的上升，导致工资总额上升，期末计提的12月应付工资及2012年度年终奖金的金额均有所上升。", "spo_list": [{"predicate": "应付职工薪酬余额", "object_type": "金额", "subject_type": "日期", "object": "676.49万元", "subject": "2011年末", "subject_index": {"begin": 0, "end": 6}, "object_index": {"begin": 43, "end": 51}}, {"predicate": "应付职工薪酬余额", "object_type": "金额", "subject_type": "日期", "object": "846.35万元", "subject": "2012年末", "subject_index": {"begin": 7, "end": 13}, "object_index": {"begin": 52, "end": 60}}, {"predicate": "应付职工薪酬余额", "object_type": "金额", "subject_type": "日期", "object": "1,647.29万元", "subject": "2013年末", "subject_index": {"begin": 14, "end": 20}, "object_index": {"begin": 61, "end": 71}}, {"predicate": "应付职工薪酬余额", "object_type": "金额", "subject_type": "日期", "object": "1,029.86万元", "subject": "2014年9月末", "subject_index": {"begin": 21, "end": 29}, "object_index": {"begin": 72, "end": 82}}]}
{"text": "2011年末、2012年末、2013年末和2014年9月末，公司其他应付款余额分别为95.05万元、86.86万元、27.37万元和31.69万元，占当年末流动负债的比例分别为1.40%、1.21%、0.18%和0.13%。报告期内，公司其他应付款变动情况如下：", "spo_list": [{"predicate": "其他应付款余额", "object_type": "金额", "subject_type": "日期", "object": "95.05万元", "subject": "2011年末", "subject_index": {"begin": 0, "end": 6}, "object_index": {"begin": 42, "end": 49}}, {"predicate": "其他应付款余额", "object_type": "金额", "subject_type": "日期", "object": "86.86万元", "subject": "2012年末", "subject_index": {"begin": 7, "end": 13}, "object_index": {"begin": 50, "end": 57}}, {"predicate": "其他应付款余额", "object_type": "金额", "subject_type": "日期", "object": "27.37万元", "subject": "2013年末", "subject_index": {"begin": 14, "end": 20}, "object_index": {"begin": 58, "end": 65}}, {"predicate": "其他应付款余额", "object_type": "金额", "subject_type": "日期", "object": "31.69万元", "subject": "2014年9月末", "subject_index": {"begin": 21, "end": 29}, "object_index": {"begin": 66, "end": 73}}]}
{"text": "2012年,公司无银行借款，利息费用为0。2011年、2013年和2014年1-9月，公司利息保障倍数分别为128.83倍、668.71倍和86.67倍，利息保障倍数处于很高水平，表明公司通过盈利偿还利息的压力很小，短期偿债风险较小。", "spo_list": [{"predicate": "利息保障倍数", "object_type": "日期", "subject_type": "比率", "object": "2011年", "subject": "128.83倍", "subject_index": {"begin": 54, "end": 61}, "object_index": {"begin": 21, "end": 26}}, {"predicate": "利息保障倍数", "object_type": "日期", "subject_type": "比率", "object": "2013年", "subject": "668.71倍", "subject_index": {"begin": 62, "end": 69}, "object_index": {"begin": 27, "end": 32}}, {"predicate": "利息保障倍数", "object_type": "日期", "subject_type": "比率", "object": "2014年1-9月", "subject": "86.67倍", "subject_index": {"begin": 70, "end": 76}, "object_index": {"begin": 33, "end": 42}}]}
{"text": "截至2011年8月31日的净资产38,818.95万元（母公司数）为基础，按1:0.4637的比例折合股本18,000万元，其余部分计入资本公积，整体变更为股份公司。", "spo_list": [{"predicate": "净资产价值", "object_type": "金额", "subject_type": "日期", "object": "38,818.95万元", "subject": "2011年8月31日", "subject_index": {"begin": 2, "end": 12}, "object_index": {"begin": 16, "end": 27}}]}
{"text": "截至2014年9月30日，长春继峰总资产为6,922.02万元，净资产为3,813.39万元，2014年1-9月实现净利润199.09万元。上述数据已经中汇会计师事务所审计。", "spo_list": [{"predicate": "净资产价值", "object_type": "金额", "subject_type": "日期", "object": "3,813.39万元", "subject": "2014年9月30日", "subject_index": {"begin": 2, "end": 12}, "object_index": {"begin": 36, "end": 46}}]}
{"text": "截至2013年12月31日，成都继峰总资产为6,260.01万元，净资产为2,229.78万元，2013年实现净利润374.78万元。上述数据已经中汇会计师事务所审计。", "spo_list": [{"predicate": "净资产价值", "object_type": "金额", "subject_type": "日期", "object": "2,229.78万元", "subject": "2013年12月31日", "subject_index": {"begin": 2, "end": 13}, "object_index": {"begin": 37, "end": 47}}]}
{"text": "截至2014年9月30日，武汉继峰总资产为3,258.19万元，净资产为2,980.61万元，2014年1-9月实现净利润10.61万元。上述数据已经中汇会计师事务所审计。", "spo_list": [{"predicate": "净资产价值", "object_type": "金额", "subject_type": "日期", "object": "2,980.61万元", "subject": "2014年9月30日", "subject_index": {"begin": 2, "end": 12}, "object_index": {"begin": 36, "end": 46}}]}
{"text": "截至2014年9月30日，柳州继峰总资产为354.64万元，净资产为64.96万元，2014年1-9月实现净利润-35.04万元。上述数据已经中汇会计师事务所审计。", "spo_list": [{"predicate": "净资产价值", "object_type": "金额", "subject_type": "日期", "object": "64.96万元", "subject": "2014年9月30日", "subject_index": {"begin": 2, "end": 12}, "object_index": {"begin": 34, "end": 41}}]}
{"text": "截至2013年12月31日，一汽四环继峰总资产为2,353.28万元，净资产为138.89万元，2013年实现净利润55.41万元。上述数据已经中汇会计师事务所审计。", "spo_list": [{"predicate": "净资产价值", "object_type": "金额", "subject_type": "日期", "object": "138.89万元", "subject": "2013年12月31日", "subject_index": {"begin": 2, "end": 13}, "object_index": {"begin": 39, "end": 47}}]}
{"text": "截至2012年12月31日，长春一汽四环继峰总资产为500.56万元，净资产为500.45万元，2012年实现净利润0.45万元。上述数据已经中汇会计师事务所审计。", "spo_list": [{"predicate": "净资产价值", "object_type": "金额", "subject_type": "日期", "object": "500.45万元", "subject": "2012年12月31日", "subject_index": {"begin": 2, "end": 13}, "object_index": {"begin": 39, "end": 47}}]}
{"text": "截至2014年9月30日，丰通继峰总资产为50.88万元，净资产为50.60万元，2014年1-9月实现净利润-4.40万元。上述数据已经中汇会计师事务所审计。", "spo_list": [{"predicate": "净资产价值", "object_type": "金额", "subject_type": "日期", "object": "50.60万元", "subject": "2014年9月30日", "subject_index": {"begin": 2, "end": 12}, "object_index": {"begin": 33, "end": 40}}]}
{"text": "截至2014年9月30日，君润恒睿总资产为10,981.71万元，净资产为8,470.71万元，2014年1-9月实现净利润18.69万元，上述财务数据未经审计。", "spo_list": [{"predicate": "净资产价值", "object_type": "金额", "subject_type": "日期", "object": "8,470.71万元", "subject": "2014年9月30日", "subject_index": {"begin": 2, "end": 12}, "object_index": {"begin": 37, "end": 47}}]}
{"text": "截至2013年12月31日，继峰房产总资产38,381.97万元，净资产为866.71万元，2013年实现净利润为-749.13万元，上述财务数据未经审计。", "spo_list": [{"predicate": "净资产价值", "object_type": "金额", "subject_type": "日期", "object": "866.71万元", "subject": "2013年12月31日", "subject_index": {"begin": 2, "end": 13}, "object_index": {"begin": 37, "end": 45}}]}
{"text": "截至2014年9月30日，旭昌国际总资产为17,862.48万元，净资产为2,462.17万元，2014年1-9月实现净利润为-3.21万元，上述财务数据未经审计。", "spo_list": [{"predicate": "净资产价值", "object_type": "金额", "subject_type": "日期", "object": "2,462.17万元", "subject": "2014年9月30日", "subject_index": {"begin": 2, "end": 12}, "object_index": {"begin": 37, "end": 47}}]}
{"text": "德国继峰主要从事德系中高档乘用车头枕、扶手的研发工作，并负责欧洲市场开拓和客户联系工作。截至2014年9月30日，德国继峰总资产为514.99元（主要为货币资金344.18万元），净资产为479.09万元，2014年1-9月实现净利润-113.04万元。上述数据已经中汇会计师事务所审计。", "spo_list": [{"predicate": "净资产价值", "object_type": "金额", "subject_type": "日期", "object": "479.09万元", "subject": "2014年9月30日", "subject_index": {"begin": 46, "end": 56}, "object_index": {"begin": 94, "end": 102}}]}
{"text": "截至2014年9月30日，本公司长期待摊费用账面余额为292.64万元，主要为子公司广州继峰于2009年支付的厂区土地款，由于目前尚未取得土地使用权证，因此暂按厂房折旧年限（20年）进行摊销。", "spo_list": [{"predicate": "长期待摊费用的余额", "object_type": "金额", "subject_type": "日期", "object": "292.64万元", "subject": "2014年9月30日", "subject_index": {"begin": 2, "end": 12}, "object_index": {"begin": 27, "end": 35}}]}
{"text": "2012年末，公司存货余额较2011年末增加634.13万元，上升幅度为6.84%，主要是由于下半年汽车行业复苏，公司订单量持续上升，采购量、产量均有所增加，从而导致存货余额有所上升。", "spo_list": [{"predicate": "存货余额", "object_type": "金额", "subject_type": "日期", "object": "634.13万元", "subject": "2012年末", "subject_index": {"begin": 0, "end": 6}, "object_index": {"begin": 22, "end": 30}}]}
{"text": "2013年末，公司存货余额较2012年末增加4,453.54万元，上升幅度为44.96%，其中，库存商品和发出商品余额合计增加3,292.27万元，上升幅度达59.80%，主要原因为：A、受本年订单量大幅增长以及2014年1月工作日较少的影响，公司于第四季度加大生产力度，年末储备了较多产成品；B、2013年度出口销售金额较2012年度增加5,563.05万元，上升54.64%，由于出口销售运输周期相对较长，从而导致年末发出商品上升较多。", "spo_list": [{"predicate": "存货余额", "object_type": "金额", "subject_type": "日期", "object": "4,453.54万元", "subject": "2013年末", "subject_index": {"begin": 0, "end": 6}, "object_index": {"begin": 22, "end": 32}}]}
{"text": "2014年9月末，公司存货余额较2013年末增加4,102.65万元，上升幅度为28.57%，主要原因为：A、公司提前采购了十一长假期间生产所需的原材料，从而造成原材料库存有所上升；B、本年公司承接部分新项目将于第四季度量产，因此公司根据生产计划提前采购了新项目所需的原材料；C、为应对长假过后客户对产品的需求，公司于9月安排了较为充分的生产计划，提前向部分客户备货，从而导致期末发出商品余额大幅增加。", "spo_list": [{"predicate": "存货余额", "object_type": "金额", "subject_type": "日期", "object": "4,102.65万元", "subject": "2014年9月末", "subject_index": {"begin": 0, "end": 8}, "object_index": {"begin": 24, "end": 34}}]}
{"text": "截至2011年末、2012年末、2013年末和2014年9月末，公司在建工程分别为160.52万元、2,320.45万元、16,089.26万元和2,956.39万元，占当年末非流动资产的比例分别为1.53%、12.20%、47.35%和6.40%。从2012年起，随着公司新厂区建设项目开工，在建工程余额大幅上升。2014年1-9月，随着公司本部新厂区、子公司武汉继峰厂房工程竣工并转入固定资产，在建工程余额相应下降。截至2014年9月末，公司在建工程主要为沈阳继峰厂房工程、小港分公司厂房装修、待安装设备等。", "spo_list": [{"predicate": "在建工程余额", "object_type": "金额", "subject_type": "日期", "object": "2,956.39万元", "subject": "2014年9月末", "subject_index": {"begin": 23, "end": 31}, "object_index": {"begin": 73, "end": 83}}, {"predicate": "在建工程余额", "object_type": "金额", "subject_type": "日期", "object": "16,089.26万元", "subject": "2013年末", "subject_index": {"begin": 16, "end": 22}, "object_index": {"begin": 61, "end": 72}}, {"predicate": "在建工程余额", "object_type": "金额", "subject_type": "日期", "object": "2,320.45万元", "subject": "2012年末", "subject_index": {"begin": 9, "end": 15}, "object_index": {"begin": 50, "end": 60}}, {"predicate": "在建工程余额", "object_type": "金额", "subject_type": "日期", "object": "160.52万元", "subject": "2011年末", "subject_index": {"begin": 2, "end": 8}, "object_index": {"begin": 41, "end": 49}}]}
{"text": "2014年9月末，公司应付利息余额为10.49万元，占流动负债比为0.04%，金额较小。", "spo_list": [{"predicate": "应付利息余额", "object_type": "金额", "subject_type": "日期", "object": "10.49万元", "subject": "2014年9月末", "subject_index": {"begin": 0, "end": 8}, "object_index": {"begin": 18, "end": 25}}]}
{"text": "2011年、2012年、2013年和2014年1-9月，公司息税折旧摊销前利润分别为16,571.59万元、17,603.67万元、23,202.93万元和19,341.85万元，公司息税折旧摊销前利润增长较快，公司具有较好的盈利能力。", "spo_list": [{"predicate": "息税折旧摊销前利润", "object_type": "金额", "subject_type": "日期", "object": "19,341.85万元", "subject": "2014年1-9月", "subject_index": {"begin": 18, "end": 27}, "object_index": {"begin": 78, "end": 89}}, {"predicate": "息税折旧摊销前利润", "object_type": "金额", "subject_type": "日期", "object": "23,202.93万元", "subject": "2013年", "subject_index": {"begin": 12, "end": 17}, "object_index": {"begin": 66, "end": 77}}, {"predicate": "息税折旧摊销前利润", "object_type": "金额", "subject_type": "日期", "object": "17,603.67万元", "subject": "2012年", "subject_index": {"begin": 6, "end": 11}, "object_index": {"begin": 54, "end": 65}}, {"predicate": "息税折旧摊销前利润", "object_type": "金额", "subject_type": "日期", "object": "16,571.59万元", "subject": "2011年", "subject_index": {"begin": 0, "end": 5}, "object_index": {"begin": 42, "end": 53}}]}
{"text": "截至2014年9月30日，本公司无形资产账面价值为6,225.37万元，具体构成情况如下：", "spo_list": [{"predicate": "无形资产账面价值", "object_type": "金额", "subject_type": "日期", "object": "6,225.37万元", "subject": "截至2014年9月30日", "subject_index": {"begin": 0, "end": 12}, "object_index": {"begin": 25, "end": 35}}]}
{"text": "2011年末、2012年末、2013年末和2014年9月末，公司预付款项余额分别为1,798.76万元、1,022.56万元、2,394.50万元和711.68万元，占当年末流动资产的比例分别为4.71%、2.68%、4.87%和1.38%，处于较低水平。2013年末，公司预付款项余额较2012年末增加1,371.94万元，上升134.17%，主要原因有：A、预付浙江德盛建设集团有限公司北仑分公司的新厂区建设款较2012年末增加353.93万元；B、本期新增向BIA采购设备的预付款348.54万元；C、预付设立德国继峰的出资款20万欧元，折合人民币166.83万元。2014年9月末，预付款项余额占流动资产比较低，主要为预付材料款。", "spo_list": [{"predicate": "预付账款余额", "object_type": "金额", "subject_type": "日期", "object": "1,798.76万元", "subject": "2011年末", "subject_index": {"begin": 0, "end": 6}, "object_index": {"begin": 41, "end": 51}}, {"predicate": "预付账款余额", "object_type": "金额", "subject_type": "日期", "object": "1,022.56万元", "subject": "2012年末", "subject_index": {"begin": 7, "end": 13}, "object_index": {"begin": 52, "end": 62}}, {"predicate": "预付账款余额", "object_type": "金额", "subject_type": "日期", "object": "2,394.50万元", "subject": "2013年末", "subject_index": {"begin": 14, "end": 20}, "object_index": {"begin": 63, "end": 73}}, {"predicate": "预付账款余额", "object_type": "金额", "subject_type": "日期", "object": "711.68万元", "subject": "2014年9月末", "subject_index": {"begin": 21, "end": 29}, "object_index": {"begin": 74, "end": 82}}]}
{"text": "公司无形资产主要为土地使用权。2012年末，公司无形资产较2011年末增加3,998.92万元，主要为2012年3月和10月，公司以出让方式取得本次募集资金投资项目用地及新厂区用地的土地使用权，土地面积总计82,313.00平方米，入账原值总计4,069.55万元。2013年末，公司无形资产较2012年末增加509.44万元，主要为子公司武汉继峰以出让方式取得面积为21,933.00平方米的土地使用权，入账原值总计608.40万元。", "spo_list": [{"predicate": "无形资产余额", "object_type": "金额", "subject_type": "日期", "object": "3,998.92万元", "subject": "2012年末", "subject_index": {"begin": 15, "end": 21}, "object_index": {"begin": 37, "end": 47}}, {"predicate": "无形资产余额", "object_type": "金额", "subject_type": "日期", "object": "509.44万元", "subject": "2013年末", "subject_index": {"begin": 133, "end": 139}, "object_index": {"begin": 155, "end": 163}}]}
{"text": "2011年末、2012年末、2013年末和2014年9月末，公司预收款项余额分别为58.53万元、0万元、31.64万元和47.48万元。", "spo_list": [{"predicate": "预收款项余额", "object_type": "金额", "subject_type": "日期", "object": "58.53万元", "subject": "2011年末", "subject_index": {"begin": 0, "end": 6}, "object_index": {"begin": 41, "end": 48}}, {"predicate": "预收款项余额", "object_type": "金额", "subject_type": "日期", "object": "0万元", "subject": "2012年末", "subject_index": {"begin": 7, "end": 13}, "object_index": {"begin": 49, "end": 52}}, {"predicate": "预收款项余额", "object_type": "金额", "subject_type": "日期", "object": "31.64万元", "subject": "2013年末", "subject_index": {"begin": 14, "end": 20}, "object_index": {"begin": 53, "end": 60}}, {"predicate": "预收款项余额", "object_type": "金额", "subject_type": "日期", "object": "47.48万元", "subject": "2014年9月末", "subject_index": {"begin": 21, "end": 29}, "object_index": {"begin": 61, "end": 68}}]}
