{"text": "截至2017年6月30日，公司短期借款余额为3,500.00万元，占负债总额的13.85%，无逾期借款。", "spo_list": [{"predicate": "短期借款余额", "object_type": "金额", "subject_type": "日期", "object": "3,500.00万元", "subject": "截至2017年6月30日", "subject_index": {"begin": 0, "end": 12}, "object_index": {"begin": 22, "end": 32}}]}
{"text": "1、2015年12月2日，公司发起设立股份有限公司，以佳力图有限经审计的截至2015年8月31日净资产人民币15,849.50万元折股10,000.00万股作为股份公司股本，每股面值为人民币1.00元，余额5,849.50万元计入公司资本公积；", "spo_list": [{"predicate": "净资产价值", "object_type": "金额", "subject_type": "日期", "object": "15,849.50万元", "subject": "截至2015年8月31日", "subject_index": {"begin": 36, "end": 48}, "object_index": {"begin": 54, "end": 65}}]}
{"text": "2015年末盈余公积系：2015年2月公司将盈余公积1,900.00万元转增注册资本；2015年整体变更后，盈余公积转为资本公积3,014.35万元，合计减少4,914.35万元。整体变更后，公司根据董事会决议，根据母公司整体变更后实现净利润提取盈余公积217.55万元。", "spo_list": [{"predicate": "盈余公积", "object_type": "金额", "subject_type": "日期", "object": "1,900.00万元", "subject": "2015年2月", "subject_index": {"begin": 12, "end": 19}, "object_index": {"begin": 26, "end": 36}}, {"predicate": "盈余公积", "object_type": "金额", "subject_type": "日期", "object": "217.55万元", "subject": "2015年", "subject_index": {"begin": 43, "end": 48}, "object_index": {"begin": 127, "end": 135}}]}
{"text": "2016年末应收账款余额较2015年末增加2,490.78万元，增", "spo_list": [{"predicate": "应收账款账面余额", "object_type": "金额", "subject_type": "日期", "object": "2015年末", "subject": "2016年末", "subject_index": {"begin": 0, "end": 6}, "object_index": {"begin": 13, "end": 19}}]}
{"text": "2014年末至2017年6月末，公司其他应收款账面价值分别为359.50万元、459.24万元、288.64万元及362.58万元，占报告期各期末流动资产比例分别为0.85%、1.27%、0.67%及0.88%，比例较小。", "spo_list": [{"predicate": "其他应收账款账面价值", "object_type": "金额", "subject_type": "日期", "object": "359.50万元", "subject": "2014年末至2017年6月末", "subject_index": {"begin": 0, "end": 15}, "object_index": {"begin": 30, "end": 38}}, {"predicate": "其他应收账款账面价值", "object_type": "金额", "subject_type": "日期", "object": "459.24万元", "subject": "2014年末至2017年6月末", "subject_index": {"begin": 0, "end": 15}, "object_index": {"begin": 39, "end": 47}}, {"predicate": "其他应收账款账面价值", "object_type": "金额", "subject_type": "日期", "object": "288.64万元", "subject": "2014年末至2017年6月末", "subject_index": {"begin": 0, "end": 15}, "object_index": {"begin": 48, "end": 56}}, {"predicate": "其他应收账款账面价值", "object_type": "金额", "subject_type": "日期", "object": "362.58万元", "subject": "2014年末至2017年6月末", "subject_index": {"begin": 0, "end": 15}, "object_index": {"begin": 57, "end": 65}}]}
{"text": "2014年末、2015年末、2016年末及2017年6月末，公司存货中的原材料余额分别为2,465.06万元、2,140.17万元、2,540.80万元及2,363.69万元，在存货中的占比分别为14.02%、12.60%、12.60%及10.78%，比例较为稳定。报告期各期末原材料的构成，主要系铜材、钢材、风机、压缩机、调速器、控制板。", "spo_list": [{"predicate": "存货余额", "object_type": "金额", "subject_type": "日期", "object": "2,465.06万元", "subject": "2014年末", "subject_index": {"begin": 0, "end": 6}, "object_index": {"begin": 44, "end": 54}}, {"predicate": "存货余额", "object_type": "金额", "subject_type": "日期", "object": "2,140.17万元", "subject": "2015年末", "subject_index": {"begin": 7, "end": 13}, "object_index": {"begin": 55, "end": 65}}, {"predicate": "存货余额", "object_type": "金额", "subject_type": "日期", "object": "2,540.80万元", "subject": "2016年末", "subject_index": {"begin": 14, "end": 20}, "object_index": {"begin": 66, "end": 76}}, {"predicate": "存货余额", "object_type": "金额", "subject_type": "日期", "object": "2,363.69万元", "subject": "2017年6月末", "subject_index": {"begin": 21, "end": 29}, "object_index": {"begin": 77, "end": 87}}]}
{"text": "2015年末固定资产原值较2014年末增加771.40万元，增长6.16%，主要原因系公司新购置了700kW风冷冷水机组与200kW综合焓差性能测试台等各项专用设备787.46万元。", "spo_list": [{"predicate": "固定资产净额", "object_type": "金额", "subject_type": "日期", "object": "771.40万元", "subject": "2015年末", "subject_index": {"begin": 0, "end": 6}, "object_index": {"begin": 21, "end": 29}}]}
{"text": "2014年末、2015年末、2016年末及2017年6月末，公司应交税费余额分别为1,259.14万元、900.71万元、823.70万元及650.78万元，占流动负债的比重分别为4.02%、3.24%、3.24%及3.05%。应交税费余额主要是待缴的企业所得税及应交增值税。", "spo_list": [{"predicate": "应交税费余额", "object_type": "金额", "subject_type": "日期", "object": "1,259.14万元", "subject": "2014年末", "subject_index": {"begin": 0, "end": 6}, "object_index": {"begin": 41, "end": 51}}, {"predicate": "应交税费余额", "object_type": "金额", "subject_type": "日期", "object": "900.71万元", "subject": "2015年末", "subject_index": {"begin": 7, "end": 13}, "object_index": {"begin": 52, "end": 60}}, {"predicate": "应交税费余额", "object_type": "金额", "subject_type": "日期", "object": "823.70万元", "subject": "2016年末", "subject_index": {"begin": 14, "end": 20}, "object_index": {"begin": 61, "end": 69}}, {"predicate": "应交税费余额", "object_type": "金额", "subject_type": "日期", "object": "650.78万元", "subject": "2017年6月末", "subject_index": {"begin": 21, "end": 29}, "object_index": {"begin": 70, "end": 78}}]}
{"text": "2014年度、2015年度、2016年度及2017年1-6月，公司实现的息税折旧摊销前利润分别为6,037.49万元、7,127.97万元、7,992.11万元及4,560.80万元，增长较快；2014年度、2015年度、2016年度及2017年1-6月，利息保障倍数分别为16.34倍、20.51倍、22.76倍及364.88倍，呈增长趋势，良好的盈利能力为公司的偿债能力提供了有效的保障。", "spo_list": [{"predicate": "息税折旧摊销前利润", "object_type": "金额", "subject_type": "日期", "object": "6,037.49万元", "subject": "2014年度", "subject_index": {"begin": 0, "end": 6}, "object_index": {"begin": 48, "end": 58}}, {"predicate": "息税折旧摊销前利润", "object_type": "金额", "subject_type": "日期", "object": "7,127.97万元", "subject": "2015年度", "subject_index": {"begin": 7, "end": 13}, "object_index": {"begin": 59, "end": 69}}, {"predicate": "息税折旧摊销前利润", "object_type": "金额", "subject_type": "日期", "object": "7,992.11万元", "subject": "2016年度", "subject_index": {"begin": 14, "end": 20}, "object_index": {"begin": 70, "end": 80}}, {"predicate": "息税折旧摊销前利润", "object_type": "金额", "subject_type": "日期", "object": "4,560.80万元", "subject": "2017年1-6月", "subject_index": {"begin": 21, "end": 30}, "object_index": {"begin": 81, "end": 91}}, {"predicate": "利息保障倍数", "object_type": "日期", "subject_type": "比率", "object": "2014年度", "subject": "16.34倍", "subject_index": {"begin": 137, "end": 143}, "object_index": {"begin": 97, "end": 103}}, {"predicate": "利息保障倍数", "object_type": "日期", "subject_type": "比率", "object": "2015年度", "subject": "20.51倍", "subject_index": {"begin": 144, "end": 150}, "object_index": {"begin": 104, "end": 110}}, {"predicate": "利息保障倍数", "object_type": "日期", "subject_type": "比率", "object": "2016年度", "subject": "22.76倍", "subject_index": {"begin": 151, "end": 157}, "object_index": {"begin": 111, "end": 117}}, {"predicate": "利息保障倍数", "object_type": "日期", "subject_type": "比率", "object": "2017年1-6月", "subject": "364.88倍", "subject_index": {"begin": 158, "end": 165}, "object_index": {"begin": 118, "end": 127}}]}
{"text": "报告期内，非经常性损益主要是计入当期损益的政府补助。2014年度、2015年度、2016年度及2017年1-6月，归属于母公司股东的非经常性损益净额分别为119.46万元、204.61万元、283.57万元及349.05万元，占当期归属于母公司股东的净利润分别为2.82%、4.01%、4.85%及10.02%，比例较低，不会对本公司盈利能力的稳定性产生重大影响。", "spo_list": [{"predicate": "非经常性损益", "object_type": "金额", "subject_type": "日期", "object": "119.46万元", "subject": "2014年度", "subject_index": {"begin": 26, "end": 32}, "object_index": {"begin": 77, "end": 85}}, {"predicate": "非经常性损益", "object_type": "金额", "subject_type": "日期", "object": "204.61万元", "subject": "2015年度", "subject_index": {"begin": 33, "end": 39}, "object_index": {"begin": 86, "end": 94}}, {"predicate": "非经常性损益", "object_type": "金额", "subject_type": "日期", "object": "283.57万元", "subject": "2016年度", "subject_index": {"begin": 40, "end": 46}, "object_index": {"begin": 95, "end": 103}}, {"predicate": "非经常性损益", "object_type": "金额", "subject_type": "日期", "object": "349.05万元", "subject": "2017年1-6月", "subject_index": {"begin": 47, "end": 56}, "object_index": {"begin": 104, "end": 112}}]}
{"text": "根据天健会计师事务所（特殊普通合伙）出具的《审计报告》（天健审〔2015〕6913号），截至2015年8月31日的净资产为15,849.50万元，", "spo_list": [{"predicate": "净资产价值", "object_type": "金额", "subject_type": "日期", "object": "15,849.50万元", "subject": "2015年8月31日", "subject_index": {"begin": 46, "end": 56}, "object_index": {"begin": 61, "end": 72}}]}
{"text": "截至2017年6月30日，公司的负债总计25,272.20万元，其中流动负债21,362.06万元，占比84.53%，非流动负债3,910.14万元，占比15.47%。", "spo_list": [{"predicate": "非流动负债", "object_type": "金额", "subject_type": "日期", "object": "3,910.14万元", "subject": "2017年6月30日", "subject_index": {"begin": 2, "end": 12}, "object_index": {"begin": 64, "end": 74}}, {"predicate": "流动负债", "object_type": "金额", "subject_type": "日期", "object": "21,362.06万元", "subject": "2017年6月30日", "subject_index": {"begin": 2, "end": 12}, "object_index": {"begin": 38, "end": 49}}]}
{"text": "2016年末盈余公积较2015年末增加系根据公司税后利润提取盈余公积580.04万元所致。", "spo_list": [{"predicate": "盈余公积", "object_type": "金额", "subject_type": "日期", "object": "580.04万元", "subject": "2016年末", "subject_index": {"begin": 0, "end": 6}, "object_index": {"begin": 34, "end": 42}}]}
{"text": "2014年末、2015年末、2016年末及2017年6月末，公司应收账款账面价值分别为11,777.32万元、9,760.11万元、11,686.24万元及12,387.78万元，占各期末流动资产的比例分别为27.75%、27.00%、27.00%及29.90%，比例较为稳定。具体分析如下：", "spo_list": [{"predicate": "应收账款账面余额", "object_type": "金额", "subject_type": "日期", "object": "12,387.78万元", "subject": "2017年6月末", "subject_index": {"begin": 21, "end": 29}, "object_index": {"begin": 78, "end": 89}}, {"predicate": "应收账款账面余额", "object_type": "金额", "subject_type": "日期", "object": "11,686.24万元", "subject": "2016年末", "subject_index": {"begin": 14, "end": 20}, "object_index": {"begin": 66, "end": 77}}, {"predicate": "应收账款账面余额", "object_type": "金额", "subject_type": "日期", "object": "9,760.11万元", "subject": "2015年末", "subject_index": {"begin": 7, "end": 13}, "object_index": {"begin": 55, "end": 65}}, {"predicate": "应收账款账面余额", "object_type": "金额", "subject_type": "日期", "object": "11,777.32万元", "subject": "2014年末", "subject_index": {"begin": 0, "end": 6}, "object_index": {"begin": 43, "end": 54}}]}
{"text": "2014年末、2015年末、2016年末及2017年6月末，公司存货账面余额分别为17,581.35万元、16,991.83万元、20,161.31万元及21,929.59万元，账面价值分别为17,546.97万元、16,919.78万元、20,020.35万元及21,682.59万元。存货账面价值占流动资产总额的比重分别为41.34%、46.81%、46.25%及52.33%。", "spo_list": [{"predicate": "存货余额", "object_type": "金额", "subject_type": "日期", "object": "21,929.59万元", "subject": "2017年6月末", "subject_index": {"begin": 21, "end": 29}, "object_index": {"begin": 77, "end": 88}}, {"predicate": "存货余额", "object_type": "金额", "subject_type": "日期", "object": "20,161.31万元", "subject": "2016年末", "subject_index": {"begin": 14, "end": 20}, "object_index": {"begin": 65, "end": 76}}, {"predicate": "存货余额", "object_type": "金额", "subject_type": "日期", "object": "16,991.83万元", "subject": "2015年末", "subject_index": {"begin": 7, "end": 13}, "object_index": {"begin": 53, "end": 64}}, {"predicate": "存货余额", "object_type": "金额", "subject_type": "日期", "object": "17,581.35万元", "subject": "2014年末", "subject_index": {"begin": 0, "end": 6}, "object_index": {"begin": 41, "end": 52}}]}
{"text": "2014年末、2015年末、2016年末及2017年6月末，公司固定资产账面价值分别为9,435.05万元、9,454.30万元、8,736.92万元及8,430.32万元，占非流动资产的比例分别为67.10%、62.20%、65.77%、64.00%及63.04%。", "spo_list": [{"predicate": "固定资产账面价值", "object_type": "金额", "subject_type": "日期", "object": "8,430.32万元", "subject": "2017年6月末", "subject_index": {"begin": 21, "end": 29}, "object_index": {"begin": 76, "end": 86}}, {"predicate": "固定资产账面价值", "object_type": "金额", "subject_type": "日期", "object": "8,736.92万元", "subject": "2016年末", "subject_index": {"begin": 14, "end": 20}, "object_index": {"begin": 65, "end": 75}}, {"predicate": "固定资产账面价值", "object_type": "金额", "subject_type": "日期", "object": "9,454.30万元", "subject": "2015年末", "subject_index": {"begin": 7, "end": 13}, "object_index": {"begin": 54, "end": 64}}, {"predicate": "固定资产账面价值", "object_type": "金额", "subject_type": "日期", "object": "9,435.05万元", "subject": "2014年末", "subject_index": {"begin": 0, "end": 6}, "object_index": {"begin": 43, "end": 53}}]}
{"text": "2014年末、2015年末、2016年末及2017年6月末，公司预收款项余额分别为10,031.34万元、6,411.66万元、9,689.32万元及7,265.15万元，占各期末流动负债的比例分别为32.04%、23.07%、38.13%及34.01%。公司预收款项主要系客户按照合同约定的付款进度预付的货款，通常在交付产品后，客户一般需支付部分货款。按照合同约定，公司需在产品交付安装并取得客户验收后方可确认收入，由于机房精密空调的安装仅为数据中心机房建设的配套工程，且公司主要客户均为大型企业，验收流程严格，因此从合同签署到客户验收的周期较长，从而造成公司预收款项余额较大。", "spo_list": [{"predicate": "预付款项余额", "object_type": "金额", "subject_type": "日期", "object": "7,265.15万元", "subject": "2017年6月末", "subject_index": {"begin": 21, "end": 29}, "object_index": {"begin": 75, "end": 85}}, {"predicate": "预收账款余额", "object_type": "金额", "subject_type": "日期", "object": "9,689.32万元", "subject": "2016年末", "subject_index": {"begin": 14, "end": 20}, "object_index": {"begin": 64, "end": 74}}, {"predicate": "预收账款余额", "object_type": "金额", "subject_type": "日期", "object": "6,411.66万元", "subject": "2015年末", "subject_index": {"begin": 7, "end": 13}, "object_index": {"begin": 53, "end": 63}}, {"predicate": "预收账款余额", "object_type": "金额", "subject_type": "日期", "object": "10,031.34万元", "subject": "2014年末", "subject_index": {"begin": 0, "end": 6}, "object_index": {"begin": 41, "end": 52}}]}
{"text": "报告期内，随着公司业务规模的扩张，公司期间费用呈现逐年增长的趋势。2014年度、2015年度、2016年度及2017年1-6月，期间费用总金额分别为8,395.97万元、8,783.93万元、9,429.59万元及4,017.53万元，占营业收入比例分别为24.59%、23.44%、22.44%及19.69%。报告期内各年度，随着经营规模的扩大，公司期间费用总金额逐步上升，但由于营业收入亦逐年增长，总体期间费用占营业收入比例变动不大。", "spo_list": [{"predicate": "期间费用", "object_type": "金额", "subject_type": "日期", "object": "4,017.53万元", "subject": "2017年1-6月", "subject_index": {"begin": 54, "end": 63}, "object_index": {"begin": 107, "end": 117}}, {"predicate": "期间费用", "object_type": "金额", "subject_type": "日期", "object": "9,429.59万元", "subject": "2016年度", "subject_index": {"begin": 47, "end": 53}, "object_index": {"begin": 96, "end": 106}}, {"predicate": "期间费用", "object_type": "金额", "subject_type": "日期", "object": "8,783.93万元", "subject": "2015年度", "subject_index": {"begin": 40, "end": 46}, "object_index": {"begin": 85, "end": 95}}, {"predicate": "期间费用", "object_type": "金额", "subject_type": "日期", "object": "8,395.97万元", "subject": "2014年度", "subject_index": {"begin": 33, "end": 39}, "object_index": {"begin": 74, "end": 84}}]}
{"text": "江苏华信资产评估有限公司为公司整体变更事宜出具《资产评估报告》（苏华评报字[2015]第266号），佳力图有限截至2015年8月31日经评估的净资产为21,576.15万元。", "spo_list": [{"predicate": "净资产价值", "object_type": "金额", "subject_type": "日期", "object": "21,576.15万元", "subject": "2015年8月31日", "subject_index": {"begin": 57, "end": 67}, "object_index": {"begin": 75, "end": 86}}]}
{"text": "截至2017年6月30日，公司预收款项余额为7,265.15万元，占负债总额的28.75%，其中一年以内的预收款项占比为95.53%，无预收持有公司5%以上（含5%）表决权股份股东的款项。", "spo_list": [{"predicate": "预付款项余额", "object_type": "金额", "subject_type": "日期", "object": "7,265.15万元", "subject": "截至2017年6月30日", "subject_index": {"begin": 0, "end": 12}, "object_index": {"begin": 22, "end": 32}}]}
{"text": "2015年末应收账款余额较2014年末减少1,886.75万元，降幅14.52%，", "spo_list": [{"predicate": "其他应收款余额", "object_type": "金额", "subject_type": "日期", "object": "1,886.75万元", "subject": "2015年末", "subject_index": {"begin": 0, "end": 6}, "object_index": {"begin": 21, "end": 31}}]}
{"text": "2014年末、2015年末、2016年末及2017年6月末，公司预付款项账面价值分别为168.62万元、181.42万元、111.59万元及256.60万元，分别占流动资产的0.40%、0.50%、0.26%及0.62%。", "spo_list": [{"predicate": "预付账款余额", "object_type": "金额", "subject_type": "日期", "object": "168.62万元", "subject": "2014年末", "subject_index": {"begin": 0, "end": 6}, "object_index": {"begin": 43, "end": 51}}, {"predicate": "预付账款余额", "object_type": "金额", "subject_type": "日期", "object": "181.42万元", "subject": "2015年末", "subject_index": {"begin": 7, "end": 13}, "object_index": {"begin": 52, "end": 60}}, {"predicate": "预付款项余额", "object_type": "金额", "subject_type": "日期", "object": "111.59万元", "subject": "2016年末", "subject_index": {"begin": 14, "end": 20}, "object_index": {"begin": 61, "end": 69}}, {"predicate": "预付款项余额", "object_type": "金额", "subject_type": "日期", "object": "256.60万元", "subject": "2017年6月末", "subject_index": {"begin": 21, "end": 29}, "object_index": {"begin": 70, "end": 78}}]}
{"text": "2014年末、2015年末、2016年末及2017年6月末，公司库存商品的余额分别为2,799.80万元、2,280.75万元、2,505.52万元及1,925.24万元，在存货中的占比分别为15.92%、13.42%、12.43%及8.78%。公司采取以销定产模式，除少数样机外，产品均系根据客户订单安排生产。", "spo_list": [{"predicate": "存货余额", "object_type": "金额", "subject_type": "日期", "object": "2,799.80万元", "subject": "2014年末", "subject_index": {"begin": 0, "end": 6}, "object_index": {"begin": 42, "end": 52}}, {"predicate": "存货余额", "object_type": "金额", "subject_type": "日期", "object": "2,280.75万元", "subject": "2015年末", "subject_index": {"begin": 7, "end": 13}, "object_index": {"begin": 53, "end": 63}}, {"predicate": "存货余额", "object_type": "金额", "subject_type": "日期", "object": "2,505.52万元", "subject": "2016年末", "subject_index": {"begin": 14, "end": 20}, "object_index": {"begin": 64, "end": 74}}, {"predicate": "存货余额", "object_type": "金额", "subject_type": "日期", "object": "1,925.24万元", "subject": "2017年6月末", "subject_index": {"begin": 21, "end": 29}, "object_index": {"begin": 75, "end": 85}}]}
{"text": "2015年末流动负债较2014年末降低3,523.57万元，主要系期末银行短期借款减少1,086.98万元及2015年末客户的预收款降低3,619.68万元所致。", "spo_list": [{"predicate": "流动负债", "object_type": "金额", "subject_type": "日期", "object": "3,523.57万元", "subject": "2015年末", "subject_index": {"begin": 0, "end": 6}, "object_index": {"begin": 19, "end": 29}}]}
{"text": "2014年末、2015年末、2016年末及2017年6月末，公司应付职工薪酬余额分别为933.02万元、1,030.09万元、1,265.23万元及838.98万元，主要为尚未发放的职工工资、奖金以及尚未支付的社保、公积金等。2017年6月末应付职工薪酬下降主要系2017年上半年发放上年度计提的奖金所致。", "spo_list": [{"predicate": "应付职工薪酬余额", "object_type": "金额", "subject_type": "日期", "object": "933.02万元", "subject": "2014年末", "subject_index": {"begin": 0, "end": 6}, "object_index": {"begin": 43, "end": 51}}, {"predicate": "应付职工薪酬余额", "object_type": "金额", "subject_type": "日期", "object": "1,030.09万元", "subject": "2015年末", "subject_index": {"begin": 7, "end": 13}, "object_index": {"begin": 52, "end": 62}}, {"predicate": "应付职工薪酬余额", "object_type": "金额", "subject_type": "日期", "object": "1,265.23万元", "subject": "2016年末", "subject_index": {"begin": 14, "end": 20}, "object_index": {"begin": 63, "end": 73}}, {"predicate": "应付职工薪酬余额", "object_type": "金额", "subject_type": "日期", "object": "838.98万元", "subject": "2017年6月末", "subject_index": {"begin": 21, "end": 29}, "object_index": {"begin": 74, "end": 82}}]}
