{"text": "2015年12月，经公司第二届董事会第三次会议、电魂创投股东决定及勺子网络股东会决议审议通过，电魂创投与公司监事罗扬签订《股权转让协议》，将其持有勺子网络20%（100万元出资）的股权以12元/注册资本的价格转让给罗扬，转让价款为1,200万元；股权转让价格以勺子网络截至2015年10月31日净资产评估值6,011.41万元为依据协商确定，不存在损害公司及股东利益的情形。", "spo_list": [{"predicate": "净资产评估值", "object_type": "金额", "subject_type": "日期", "object": "6,011.41万元", "subject": "2015年10月31日", "subject_index": {"begin": 136, "end": 147}, "object_index": {"begin": 153, "end": 163}}]}
{"text": "1、根据《公司章程》规定，2013年度按公司实现净利润的10%提取法定盈余公积3,039.34万元；2014年度按母公司实现净利润的10%提取法定盈余公积2,758.76万元；2015年度按照2015年度母公司净利润的10%提取法定盈余公积2,382.94万元。", "spo_list": [{"predicate": "盈余公积", "object_type": "金额", "subject_type": "日期", "object": "3,039.34万元", "subject": "2013年度", "subject_index": {"begin": 13, "end": 19}, "object_index": {"begin": 39, "end": 49}}, {"predicate": "盈余公积", "object_type": "金额", "subject_type": "日期", "object": "2,758.76万元", "subject": "2014年度", "subject_index": {"begin": 50, "end": 56}, "object_index": {"begin": 77, "end": 87}}]}
{"text": "5、根据2013年8月15日公司第二次临时股东大会通过的增资方案，以截至2013年6月30日的资本公积和未分配利润向全体股东转增股份总额3,000.00万股，其中：由资本公积转增1,339.34万元，由未分配利润转增1,660.66万元。", "spo_list": [{"predicate": "未分配利润", "object_type": "金额", "subject_type": "日期", "object": "1,660.66万元", "subject": "2013年6月30日", "subject_index": {"begin": 36, "end": 46}, "object_index": {"begin": 108, "end": 118}}]}
{"text": "公司在整体变更为股份有限公司时，由具有证券期货相关业务评估资格的中联资产评估集团有限公司进行了评估，对公司截至2012年6月30日的资产负债表进行了评估。中联资产评估集团有限公司于2012年8月27日出具的中联评报字（2012）第581号《资产评估报告》；本次评估结果中净资产账面价值126,741,794.14元，评估价值为127,057,718.90元，评估增值315,924.76元，增值率为0.25%；本次资产评估结果仅作为折股参考，公司未根据评估结果值调账。", "spo_list": [{"predicate": "净资产评估值", "object_type": "金额", "subject_type": "日期", "object": "126,741,794.14元", "subject": "2012年8月27日", "subject_index": {"begin": 90, "end": 100}, "object_index": {"begin": 142, "end": 157}}]}
{"text": "截至2016年6月30日，其他流动负债递延收益余额为16,212.00万元，在游戏产品持续运营的情况下该递延收益将在未来符合收入确认条件时确认为营业收入。", "spo_list": [{"predicate": "递延所得税资产", "object_type": "金额", "subject_type": "日期", "object": "16,212.00万元", "subject": "2016年6月30日", "subject_index": {"begin": 2, "end": 12}, "object_index": {"begin": 26, "end": 37}}]}
{"text": "报告期各期末，公司流动资产占资产总额的比例高且主要为货币资金；公司负债中主要系其他流动负债，占负债总额比例分别为69.21%、75.87%、76.16%和72.60%，其他流动负债均系递延收益。截至2016年6月30日，其他流动负债递延收益余额为16,212.00万元，在游戏产品持续运营的情况下该递延收益将在未来符合收入确认条件时确认为营业收入。", "spo_list": [{"predicate": "流动负债", "object_type": "金额", "subject_type": "日期", "object": "16,212.00万元", "subject": "2016年6月30日", "subject_index": {"begin": 99, "end": 109}, "object_index": {"begin": 123, "end": 134}}]}
{"text": "2013年度-2015年度，公司服务器租赁费由2013年的260.27万元增加至2015年的411.62万元，增长了58.15%，主要原因为新游戏推广后公司的服务器数量增加，2015年公司租赁的机柜数量较2013年增加了38.69%；2016年1-6月，服务器租赁费为199.85万元，占2015年度的48.44%。", "spo_list": [{"predicate": "其他成本", "object_type": "金额", "subject_type": "日期", "object": "260.27万元", "subject": "2013年", "subject_index": {"begin": 23, "end": 28}, "object_index": {"begin": 29, "end": 37}}, {"predicate": "其他成本", "object_type": "金额", "subject_type": "日期", "object": "411.62万元", "subject": "2015年", "subject_index": {"begin": 40, "end": 45}, "object_index": {"begin": 46, "end": 54}}]}
{"text": "公司拥有自主知识产权的网络游戏开发核心技术，是网络游戏行业内具备较强的自主研发能力和运营能力的优秀企业。2015年度，公司实现营业收入4.68亿元，净利润2.14亿元，净利润率达45.69%；2016年1-6月，公司实现营业收入2.47亿元，净利润1.40亿元。", "spo_list": [{"predicate": "营业收入", "object_type": "金额", "subject_type": "日期", "object": "4.68亿元", "subject": "2015年度", "subject_index": {"begin": 52, "end": 58}, "object_index": {"begin": 67, "end": 73}}]}
{"text": "资产规模方面：报告期各期末，公司资产总额分别为44,227.11万元、56,590.98万元、65,128.78万元和78,206.17万元，增长幅度分别为27.96%、15.09%和20.08%。报告期各期末，公司资产总额持续增长的原因主要是盈利能力保持较高水平，盈余积累所致。", "spo_list": [{"predicate": "非流动资产", "object_type": "金额", "subject_type": "日期", "object": "44,227.11万元", "subject": "报告期各期末", "subject_index": {"begin": 7, "end": 13}, "object_index": {"begin": 23, "end": 34}}, {"predicate": "非流动资产", "object_type": "金额", "subject_type": "日期", "object": "56,590.98万元", "subject": "报告期各期末", "subject_index": {"begin": 7, "end": 13}, "object_index": {"begin": 35, "end": 46}}, {"predicate": "非流动资产", "object_type": "金额", "subject_type": "日期", "object": "65,128.78万元", "subject": "报告期各期末", "subject_index": {"begin": 7, "end": 13}, "object_index": {"begin": 47, "end": 58}}, {"predicate": "非流动资产", "object_type": "金额", "subject_type": "日期", "object": "78,206.17万元", "subject": "报告期各期末", "subject_index": {"begin": 7, "end": 13}, "object_index": {"begin": 59, "end": 70}}]}
{"text": "截至2016年6月30日，公司在建工程账面价值为14,239.47万元，其中：募投项目“网络游戏软件生产基地项目”工程建设投资账面价值13,260.58万元。", "spo_list": [{"predicate": "在建工程账面价值", "object_type": "金额", "subject_type": "日期", "object": "14,239.47万元", "subject": "2016年6月30日", "subject_index": {"begin": 2, "end": 12}, "object_index": {"begin": 24, "end": 35}}, {"predicate": "在建工程账面价值", "object_type": "金额", "subject_type": "日期", "object": "13,260.58万元", "subject": "2016年6月30日", "subject_index": {"begin": 2, "end": 12}, "object_index": {"begin": 67, "end": 78}}]}
{"text": "报告期各期末，公司无形资产账面价值分别为103.63万元、782.59万元、1,929.12万元和1,858.45万元，占同期期末非流动资产的比例分别为5.62%、14.15%、13.89%和8.72%。公司主要无形资产为土地使用权及研发运营所需的软件，包括办公软件和开发工具。", "spo_list": [{"predicate": "无形资产", "object_type": "金额", "subject_type": "日期", "object": "103.63万元", "subject": "报告期各期末", "subject_index": {"begin": 0, "end": 6}, "object_index": {"begin": 20, "end": 28}}, {"predicate": "无形资产", "object_type": "金额", "subject_type": "日期", "object": "782.59万元", "subject": "报告期各期末", "subject_index": {"begin": 0, "end": 6}, "object_index": {"begin": 29, "end": 37}}, {"predicate": "无形资产", "object_type": "金额", "subject_type": "日期", "object": "1,929.12万元", "subject": "报告期各期末", "subject_index": {"begin": 0, "end": 6}, "object_index": {"begin": 38, "end": 48}}, {"predicate": "无形资产", "object_type": "金额", "subject_type": "日期", "object": "1,858.45万元", "subject": "报告期各期末", "subject_index": {"begin": 0, "end": 6}, "object_index": {"begin": 49, "end": 59}}]}
{"text": "报告期各期末，公司应交税费余额分别为1,806.74万元、501.41万元、2,070.12万元和371.26万元，占流动负债的比例分别为11.94%、2.52%、8.89%和1.66%。", "spo_list": [{"predicate": "应交税费", "object_type": "金额", "subject_type": "日期", "object": "1,806.74万元", "subject": "报告期各期末", "subject_index": {"begin": 0, "end": 6}, "object_index": {"begin": 18, "end": 28}}, {"predicate": "应交税费", "object_type": "金额", "subject_type": "日期", "object": "501.41万元", "subject": "报告期各期末", "subject_index": {"begin": 0, "end": 6}, "object_index": {"begin": 29, "end": 37}}, {"predicate": "应交税费", "object_type": "金额", "subject_type": "日期", "object": "2,070.12万元", "subject": "报告期各期末", "subject_index": {"begin": 0, "end": 6}, "object_index": {"begin": 38, "end": 48}}, {"predicate": "应交税费", "object_type": "金额", "subject_type": "日期", "object": "371.26万元", "subject": "报告期各期末", "subject_index": {"begin": 0, "end": 6}, "object_index": {"begin": 49, "end": 57}}]}
{"text": "报告期内，公司现金流较好，经营活动产生的现金流量净额分别为35,304.64万元、34,038.27万元、21,752.57万元和13,883.58万元。报告期内，公司无金融机构借款，现金储备较为充分，偿债风险较小。", "spo_list": [{"predicate": "公司经营活动产生的现金流量净额", "object_type": "金额", "subject_type": "日期", "object": "35,304.64万元", "subject": "报告期内", "subject_index": {"begin": 0, "end": 4}, "object_index": {"begin": 29, "end": 40}}, {"predicate": "公司经营活动产生的现金流量净额", "object_type": "金额", "subject_type": "日期", "object": "34,038.27万元", "subject": "报告期内", "subject_index": {"begin": 0, "end": 4}, "object_index": {"begin": 41, "end": 52}}, {"predicate": "公司经营活动产生的现金流量净额", "object_type": "金额", "subject_type": "日期", "object": "21,752.57万元", "subject": "报告期内", "subject_index": {"begin": 0, "end": 4}, "object_index": {"begin": 53, "end": 64}}, {"predicate": "公司经营活动产生的现金流量净额", "object_type": "金额", "subject_type": "日期", "object": "13,883.58万元", "subject": "报告期内", "subject_index": {"begin": 0, "end": 4}, "object_index": {"begin": 65, "end": 76}}]}
{"text": "报告期内，公司服务器租赁费、带宽租赁费和外包费用合计为640.48万元、640.96万元、1,456.53万元和609.76万元，2013年度和2014年度较为稳定；2015年大幅上升，主要因为2015年3月《梦三国2》上线后《梦三国》新旧版本双端运营增加了服务器，以及子公司新增项目等因素所致；2016年1-6月占2015年度的41.83%。", "spo_list": [{"predicate": "营业外支出", "object_type": "金额", "subject_type": "日期", "object": "640.48万元", "subject": "报告期内", "subject_index": {"begin": 0, "end": 4}, "object_index": {"begin": 27, "end": 35}}, {"predicate": "营业外支出", "object_type": "金额", "subject_type": "日期", "object": "640.96万元", "subject": "报告期内", "subject_index": {"begin": 0, "end": 4}, "object_index": {"begin": 36, "end": 44}}, {"predicate": "营业外支出", "object_type": "金额", "subject_type": "日期", "object": "1,456.53万元", "subject": "报告期内", "subject_index": {"begin": 0, "end": 4}, "object_index": {"begin": 45, "end": 55}}, {"predicate": "营业外支出", "object_type": "金额", "subject_type": "日期", "object": "609.76万元", "subject": "报告期内", "subject_index": {"begin": 0, "end": 4}, "object_index": {"begin": 56, "end": 64}}]}
