{"text": "2016年末、2015年末、2014年末，公司的流动比率分别为1.59、1.42、1.12，速动比率分别0.24、0.30、0.32，总体低于同行业上市公司的平均水平，", "spo_list": [{"predicate": "速动比率", "object_type": "日期", "subject_type": "比率", "object": "2016年末", "subject": "0.24", "subject_index": {"begin": 52, "end": 56}, "object_index": {"begin": 0, "end": 6}}, {"predicate": "速动比率", "object_type": "日期", "subject_type": "比率", "object": "2015年末", "subject": "0.30", "subject_index": {"begin": 57, "end": 61}, "object_index": {"begin": 7, "end": 13}}, {"predicate": "速动比率", "object_type": "日期", "subject_type": "比率", "object": "2014年末", "subject": "0.32", "subject_index": {"begin": 62, "end": 66}, "object_index": {"begin": 14, "end": 20}}]}
{"text": "2014年5月30日，国众联资产出具了《资产评估报告》（国众联评报字（2014）第2-201号），2013年12月31日国际交通经评估的净资产值为36,613.89万元。", "spo_list": [{"predicate": "净资产评估值", "object_type": "金额", "subject_type": "日期", "object": "36,613.89万元", "subject": "2013年12月31日", "subject_index": {"begin": 49, "end": 60}, "object_index": {"begin": 73, "end": 84}}]}
{"text": "2013年12月16日，国众联评估出具《资产评估报告》（国众联评报字（2013）第2-431号），采用资产基础法进行评估，经评估截至2013年6月30日净资产评估值为729.86万美元，资产评估结果汇总如下：", "spo_list": [{"predicate": "净资产评估值", "object_type": "金额", "subject_type": "日期", "object": "729.86万美元", "subject": "2013年6月30日", "subject_index": {"begin": 66, "end": 76}, "object_index": {"begin": 83, "end": 92}}]}
{"text": "2013年12月16日，国众联资产评估出具《资产评估报告》（国众联评报字（2013）第2-432号），采用资产基础法，截至2013年7月31日净资产评估值为259.99万美元，评估增值34.28万美元，", "spo_list": [{"predicate": "净资产评估值", "object_type": "金额", "subject_type": "日期", "object": "259.99万美元", "subject": "2013年7月31日", "subject_index": {"begin": 61, "end": 71}, "object_index": {"begin": 78, "end": 87}}]}
{"text": "2016年公司从境内供应商采购轮胎合计5951.21万元，公司轮胎业务毛利率为16.84%，以此计算公司通过销售采购自境内供应商的轮胎产生的毛利为1205.13万元，占公司轮胎业务毛利的27.72%，占公司总毛利的5.46%。", "spo_list": [{"predicate": "毛利额", "object_type": "金额", "subject_type": "日期", "object": "1205.13万元", "subject": "2016年", "subject_index": {"begin": 0, "end": 5}, "object_index": {"begin": 73, "end": 82}}]}
{"text": "2015年1月21日，美国针对原产于中国的乘用车轮胎的反倾销调查初裁结果出炉，裁定相关企业存在倾销行为，公司即时作出反应调整了轮胎采购政策，缩减了从境内采购轮胎的数量，提高了从境外地区采购轮胎的数量。相较于2014年，2015年境内轮胎采购数量由370,025条缩减至137,843条，下降了62.75%；境外采购数量由241,391条提高至399,551条，上升了65.52%。公司的更换供应商这一应对措施较好的减小了美国反倾销、反补贴政策对公司轮胎贸易业务的影响，2015年轮胎业务毛利提高了1,213.04万元，轮胎业务毛利率上升了5.32%。", "spo_list": [{"predicate": "毛利额", "object_type": "金额", "subject_type": "日期", "object": "1,213.04万元", "subject": "2015年", "subject_index": {"begin": 234, "end": 239}, "object_index": {"begin": 248, "end": 258}}]}
{"text": "2014年-2016年，公司研发费用总额为3,795.81万元，销售收入总额为109,514.58万元，近三年研发费用总额占销售收入总额的比例为3.47%。", "spo_list": [{"predicate": "研发费用", "object_type": "金额", "subject_type": "日期", "object": "3,795.81万元", "subject": "2014年-2016年", "subject_index": {"begin": 0, "end": 11}, "object_index": {"begin": 21, "end": 31}}]}
{"text": "为了收购华鸿集团100%股权，公司委托国众联资产评估公司对华鸿集团的净资产进行了评估。2013年12月16日，国众联评估出具《资产评估报告》（国众联评报字（2013）第2-431号），采用资产基础法进行评估，经评估华鸿集团截至2013年6月30日净资产评估值为729.86万美元，资产评估结果汇总如下", "spo_list": [{"predicate": "净资产评估值", "object_type": "金额", "subject_type": "日期", "object": "729.86万美元", "subject": "2013年6月30日", "subject_index": {"begin": 113, "end": 123}, "object_index": {"begin": 130, "end": 139}}]}
{"text": "2016年末、2015年末、2014年末公司应收账款账面价值分别为5,195.94万元、4,302.61万元、4,761.33万元，占各期末流动资产的比例分别为11.41%、11.14%、10.00%。", "spo_list": [{"predicate": "应收账款净额", "object_type": "金额", "subject_type": "日期", "object": "5,195.94万元", "subject": "2016年末", "subject_index": {"begin": 0, "end": 6}, "object_index": {"begin": 33, "end": 43}}, {"predicate": "应收账款净额", "object_type": "金额", "subject_type": "日期", "object": "4,302.61万元", "subject": "2015年末", "subject_index": {"begin": 7, "end": 13}, "object_index": {"begin": 44, "end": 54}}, {"predicate": "应收账款净额", "object_type": "金额", "subject_type": "日期", "object": "4,761.33万元", "subject": "2014年末", "subject_index": {"begin": 14, "end": 20}, "object_index": {"begin": 55, "end": 65}}]}
{"text": "2016年末、2015年末、2014年末，公司在产品余额分别为3,301.34万元、1,380.72万元、1,087.01万元。2016年末在产品余额较2015年末增加了1,920.62万元，增幅为139.10%，主要是由于2017年春节日期较早，公司为了应对上半年的销售旺季，适当增加了产量。2015年末在产品余额较2014年末增加了293.71万元，增幅为27.02%，主要是2015年末一厂涂装生产线因技术升级暂停使用导致年末在产品增加。", "spo_list": [{"predicate": "在产品余额", "object_type": "金额", "subject_type": "日期", "object": "3,301.34万元", "subject": "2016年末", "subject_index": {"begin": 0, "end": 6}, "object_index": {"begin": 31, "end": 41}}, {"predicate": "在产品余额", "object_type": "金额", "subject_type": "日期", "object": "1,380.72万元", "subject": "2015年末", "subject_index": {"begin": 7, "end": 13}, "object_index": {"begin": 42, "end": 52}}, {"predicate": "在产品余额", "object_type": "金额", "subject_type": "日期", "object": "1,087.01万元", "subject": "2014年末", "subject_index": {"begin": 14, "end": 20}, "object_index": {"begin": 53, "end": 63}}]}
{"text": "2016年末、2015年末、2014年末，公司预付账款余额分别为35.99万元、109.78万元、160.19万元，占流动资产的比例分别为0.31%、0.28%、0.34%。公司预付账款主要用于预付货款、租金、保险费等。", "spo_list": [{"predicate": "预付款项", "object_type": "金额", "subject_type": "日期", "object": "35.99万元", "subject": "2016年末", "subject_index": {"begin": 0, "end": 6}, "object_index": {"begin": 32, "end": 39}}, {"predicate": "预付款项", "object_type": "金额", "subject_type": "日期", "object": "109.78万元", "subject": "2015年末", "subject_index": {"begin": 7, "end": 13}, "object_index": {"begin": 40, "end": 48}}, {"predicate": "预付款项", "object_type": "金额", "subject_type": "日期", "object": "160.19万元", "subject": "2014年末", "subject_index": {"begin": 14, "end": 20}, "object_index": {"begin": 49, "end": 57}}]}
{"text": "2016年末、2015年末、2014年末，公司的其他应收款账面价值分别为151.23万元、87.34万元、220.04万元，占流动资产的比例分别为0.33%、0.23%、0.46%，占流动资产的比例较小。其他应收款主要为公司的出口退税、租赁押金以及子公司股东借款。2015年末其他应收款较2014年末减少132.69万元，主要是由于2015年美国子公司直销公司的小股东偿还了借款，以及美国子公司为员工代扣代缴个人所得税的余额减少。", "spo_list": [{"predicate": "其他应收款净额", "object_type": "金额", "subject_type": "日期", "object": "151.23万元", "subject": "2016年末", "subject_index": {"begin": 0, "end": 6}, "object_index": {"begin": 36, "end": 44}}, {"predicate": "其他应收款净额", "object_type": "金额", "subject_type": "日期", "object": "87.34万元", "subject": "2015年末", "subject_index": {"begin": 7, "end": 13}, "object_index": {"begin": 45, "end": 52}}, {"predicate": "其他应收款净额", "object_type": "金额", "subject_type": "日期", "object": "220.04万元", "subject": "2014年末", "subject_index": {"begin": 14, "end": 20}, "object_index": {"begin": 53, "end": 61}}]}
{"text": "2016年末、2015年末、2014年末，公司在建工程分别为931.32万元、1,034.18万元、3,420.09万元，占非流动资产比例分别为4.39%、4.62%、14.69%。2016年末较2015年同比降低9.95%，变动不大；2015年末较2014年末降低了69.76%，是由于公司二厂涂装厂工程、数控车床安装工程达到预定可使用状态转为固定资产所致。", "spo_list": [{"predicate": "在建工程账面价值", "object_type": "金额", "subject_type": "日期", "object": "931.32万元", "subject": "2016年末", "subject_index": {"begin": 0, "end": 6}, "object_index": {"begin": 30, "end": 38}}, {"predicate": "在建工程账面价值", "object_type": "金额", "subject_type": "日期", "object": "1,034.18万元", "subject": "2015年末", "subject_index": {"begin": 7, "end": 13}, "object_index": {"begin": 39, "end": 49}}, {"predicate": "在建工程账面价值", "object_type": "金额", "subject_type": "日期", "object": "3,420.09万元", "subject": "2014年末", "subject_index": {"begin": 14, "end": 20}, "object_index": {"begin": 50, "end": 60}}]}
{"text": "2016年末递延所得税资产较2015年末增加了1,256.03万元，主要原因为：1、内部未实现利润确认的递延所得税资产增加了1,033.07万元。2016年度工厂环节毛利率29.59%较2015年的27.35%提高2.24%；同时2016年公司新设了加拿大公司和GimaWheelinc2家子公司，新设子公司形成了一部分新增存货，因此子公司期末存货未实现利润增加，相应的确认递延所得税资产余额也增加；2、未弥补亏损确认的递延所得税资产增加了272.68万元，主要原因为2016年汇率（汇率由6.4936提高到了6.937）变动导致该项未确认递延所得税资产余额增加以及2016年新设的2家子公司尚未盈利。", "spo_list": [{"predicate": "递延所得税资产", "object_type": "金额", "subject_type": "日期", "object": "1,256.03万元", "subject": "2016年末", "subject_index": {"begin": 0, "end": 6}, "object_index": {"begin": 23, "end": 33}}]}
{"text": "2015年末递延所得税资产较2014年度增加了387.78万元，主要原因为：1、内部未实现利润确认的递延所得税资产增加了439.46万元，由于2015年度工厂环节毛利率27.35%较2014年度毛利率25.04%提高2.31%，子公司期末存货未实现利润也增加，相应的确认递延所得税资产余额也增加；2、未弥补亏损确认的递延所得税资产减少了327.10万元，主要原因为2014年度亏损的部分子公司2015年度实现了盈利；3、以公允价值计量且其变动计入当期损益的金融负债确认的递延所得税资产增加了127.91万元；4、资产减值准备确认的递延所得税资产增加了108.63万元。", "spo_list": [{"predicate": "递延所得税资产", "object_type": "金额", "subject_type": "日期", "object": "387.78万元", "subject": "2015年末", "subject_index": {"begin": 0, "end": 6}, "object_index": {"begin": 23, "end": 31}}]}
{"text": "2016年末、2015年末、2014年末，公司长期待摊费分别为1,275.76万元、1,419.34万元、2,211.44万元。公司长期待摊费主要由模具费和装修款组成。", "spo_list": [{"predicate": "长期待摊费用", "object_type": "金额", "subject_type": "日期", "object": "1,275.76万元", "subject": "2016年末", "subject_index": {"begin": 0, "end": 6}, "object_index": {"begin": 31, "end": 41}}, {"predicate": "长期待摊费用", "object_type": "金额", "subject_type": "日期", "object": "1,419.34万元", "subject": "2015年末", "subject_index": {"begin": 7, "end": 13}, "object_index": {"begin": 42, "end": 52}}, {"predicate": "长期待摊费用", "object_type": "金额", "subject_type": "日期", "object": "2,211.44万元", "subject": "2014年末", "subject_index": {"begin": 14, "end": 20}, "object_index": {"begin": 53, "end": 63}}]}
{"text": "2016年末、2015年末、2014年末，公司应付账款余额分别为8,197.09万元、7,215.39万元、13,137.37万元，分别占当期负债总额的27.01%、25.36%、30.82%。应付账款余额构成中一年以内的欠款占各期末应付账款比例均在90%以上。公司应付账款余额主要用于购买轮胎、铝锭、石油气、模具及包装物等。", "spo_list": [{"predicate": "应付账款", "object_type": "金额", "subject_type": "日期", "object": "8,197.09万元", "subject": "2016年末", "subject_index": {"begin": 0, "end": 6}, "object_index": {"begin": 32, "end": 42}}, {"predicate": "应付账款", "object_type": "金额", "subject_type": "日期", "object": "7,215.39万元", "subject": "2015年末", "subject_index": {"begin": 7, "end": 13}, "object_index": {"begin": 43, "end": 53}}, {"predicate": "应付账款", "object_type": "金额", "subject_type": "日期", "object": "13,137.37万元", "subject": "2014年末", "subject_index": {"begin": 14, "end": 20}, "object_index": {"begin": 54, "end": 65}}]}
{"text": "2016年末、2015年末、2014年末，公司预收账款余额分别为126.79万元、283.09万元、317.51万元，账龄以1年以内为主，均为预先向客户收取的订金或货款。", "spo_list": [{"predicate": "预收款项", "object_type": "金额", "subject_type": "日期", "object": "126.79万元", "subject": "2016年末", "subject_index": {"begin": 0, "end": 6}, "object_index": {"begin": 32, "end": 40}}, {"predicate": "预收款项", "object_type": "金额", "subject_type": "日期", "object": "283.09万元", "subject": "2015年末", "subject_index": {"begin": 7, "end": 13}, "object_index": {"begin": 41, "end": 49}}, {"predicate": "预收款项", "object_type": "金额", "subject_type": "日期", "object": "317.51万元", "subject": "2014年末", "subject_index": {"begin": 14, "end": 20}, "object_index": {"begin": 50, "end": 58}}]}
{"text": "2016年末、2015年末、2014年末，公司应交税费的金额为1,218.44万元、640.53万元、929.93万元。", "spo_list": [{"predicate": "应交税费", "object_type": "金额", "subject_type": "日期", "object": "1,218.44万元", "subject": "2016年末", "subject_index": {"begin": 0, "end": 6}, "object_index": {"begin": 31, "end": 41}}, {"predicate": "应交税费", "object_type": "金额", "subject_type": "日期", "object": "640.53万元", "subject": "2015年末", "subject_index": {"begin": 7, "end": 13}, "object_index": {"begin": 42, "end": 50}}, {"predicate": "应交税费", "object_type": "金额", "subject_type": "日期", "object": "929.93万元", "subject": "2014年末", "subject_index": {"begin": 14, "end": 20}, "object_index": {"begin": 51, "end": 59}}]}
{"text": "2016年末、2015年末、2014年末，公司其他应付款余额分别为504.54万元、364.92万元、4,201.10万元。报告期内，公司其他应付款主要由应付投资款和往来款组成。", "spo_list": [{"predicate": "其他应付款", "object_type": "金额", "subject_type": "日期", "object": "504.54万元", "subject": "2016年末", "subject_index": {"begin": 0, "end": 6}, "object_index": {"begin": 33, "end": 41}}, {"predicate": "其他应付款", "object_type": "金额", "subject_type": "日期", "object": "364.92万元", "subject": "2015年末", "subject_index": {"begin": 7, "end": 13}, "object_index": {"begin": 42, "end": 50}}, {"predicate": "其他应付款", "object_type": "金额", "subject_type": "日期", "object": "4,201.10万元", "subject": "2014年末", "subject_index": {"begin": 14, "end": 20}, "object_index": {"begin": 51, "end": 61}}]}
{"text": "2016年末，公司其他应付款较上年增加38.26%，主要原因为预提尚未结算的水电费较2015年末多58.01万元以及一些代收代付项目余额较2015年末多了81.6万元；2015年末，公司其他应付款较上年减少3,836.18万元，同比下降91.31%，主要是因为公司归还了向关联方的借款所致。", "spo_list": [{"predicate": "其他应付款", "object_type": "金额", "subject_type": "日期", "object": "3,836.18万元", "subject": "2015年末", "subject_index": {"begin": 84, "end": 90}, "object_index": {"begin": 103, "end": 113}}]}
{"text": "2016年末、2015年末、2014年末，公司的流动比率分别为1.59、1.42、1.12，速动比率分别0.24、0.30、0.32，总体低于同行业上市公司的平均水平，主要是因为报告期内公司主要采取短期借款的方式来筹集资金以满足公司经营规模扩大带来的对资金的需求。", "spo_list": [{"predicate": "速动比率", "object_type": "日期", "subject_type": "比率", "object": "2016年末", "subject": "0.24", "subject_index": {"begin": 52, "end": 56}, "object_index": {"begin": 0, "end": 6}}, {"predicate": "速动比率", "object_type": "日期", "subject_type": "比率", "object": "2015年末", "subject": "0.30", "subject_index": {"begin": 57, "end": 61}, "object_index": {"begin": 7, "end": 13}}, {"predicate": "速动比率", "object_type": "日期", "subject_type": "比率", "object": "2014年末", "subject": "0.32", "subject_index": {"begin": 62, "end": 66}, "object_index": {"begin": 14, "end": 20}}]}
{"text": "2016年、2015年、2014年，公司的存货周转率分别为1.45、1.67、1.73，低于同行业上市公司的平均值，主要原因是公司主要面向国际AM市场，在美国拥有14家销售子公司，拥有1家加拿大子公司。由于AM市场具有小批量、多样化的特征，公司各销售子公司需备足各种型号尺寸的铝合金车轮，以满足市场需求，因此导致公司存货数量较大。", "spo_list": [{"predicate": "存货周转率", "object_type": "日期", "subject_type": "比率", "object": "2016年", "subject": "1.45", "subject_index": {"begin": 29, "end": 33}, "object_index": {"begin": 0, "end": 5}}, {"predicate": "存货周转率", "object_type": "日期", "subject_type": "比率", "object": "2015年", "subject": "1.67", "subject_index": {"begin": 34, "end": 38}, "object_index": {"begin": 6, "end": 11}}, {"predicate": "存货周转率", "object_type": "日期", "subject_type": "比率", "object": "2014年", "subject": "1.73", "subject_index": {"begin": 39, "end": 43}, "object_index": {"begin": 12, "end": 17}}]}
{"text": "2016年、2015年、2014年年主营业务成本分别为47,744.63万元、49,869.00万元、51,758.48万元，与主营业务收入的波动趋势基本一致。", "spo_list": [{"predicate": "主营业务成本", "object_type": "金额", "subject_type": "日期", "object": "47,744.63万元", "subject": "2016年", "subject_index": {"begin": 0, "end": 5}, "object_index": {"begin": 27, "end": 38}}, {"predicate": "主营业务成本", "object_type": "金额", "subject_type": "日期", "object": "49,869.00万元", "subject": "2015年", "subject_index": {"begin": 6, "end": 11}, "object_index": {"begin": 39, "end": 50}}, {"predicate": "主营业务成本", "object_type": "金额", "subject_type": "日期", "object": "51,758.48万元", "subject": "2014年", "subject_index": {"begin": 12, "end": 17}, "object_index": {"begin": 51, "end": 62}}]}
{"text": "2013年-2016年，公司“管理费用-人工支出”金额分别为3,167.13万元、2,062.24万元、2,320.21万元、2,156.01万元，公司2013年人工支出金额较高，主要是由于2013年数据为审阅报告口径，包含华鸿国际、泰峰国际的管理人员工资。", "spo_list": [{"predicate": "管理费用", "object_type": "金额", "subject_type": "日期", "object": "3,167.13万元", "subject": "2013年-2016年", "subject_index": {"begin": 0, "end": 11}, "object_index": {"begin": 30, "end": 40}}, {"predicate": "管理费用", "object_type": "金额", "subject_type": "日期", "object": "2,062.24万元", "subject": "2013年-2016年", "subject_index": {"begin": 0, "end": 11}, "object_index": {"begin": 41, "end": 51}}, {"predicate": "管理费用", "object_type": "金额", "subject_type": "日期", "object": "2,320.21万元", "subject": "2013年-2016年", "subject_index": {"begin": 0, "end": 11}, "object_index": {"begin": 52, "end": 62}}, {"predicate": "管理费用", "object_type": "金额", "subject_type": "日期", "object": "2,156.01万元", "subject": "2013年-2016年", "subject_index": {"begin": 0, "end": 11}, "object_index": {"begin": 63, "end": 73}}]}
{"text": "公司销售方式调整后，2014年-2016年管理费用-人工支出金额分别为2,062.24万元、2,320.21万元、2,156.01万元，保持稳定。", "spo_list": [{"predicate": "管理费用", "object_type": "金额", "subject_type": "日期", "object": "2,062.24万元", "subject": "2014年-2016年", "subject_index": {"begin": 10, "end": 21}, "object_index": {"begin": 35, "end": 45}}, {"predicate": "管理费用", "object_type": "金额", "subject_type": "日期", "object": "2,320.21万元", "subject": "2014年-2016年", "subject_index": {"begin": 10, "end": 21}, "object_index": {"begin": 46, "end": 56}}, {"predicate": "管理费用", "object_type": "金额", "subject_type": "日期", "object": "2,156.01万元", "subject": "2014年-2016年", "subject_index": {"begin": 10, "end": 21}, "object_index": {"begin": 57, "end": 67}}]}
{"text": "2015年度经营活动产生的现金流量净额为6,125.39万元，较2014年度减少了1,685.09万元，主要原因为2015年受全球经济增速放缓，制造业景气度下降的影响，2015年公司营业收入与2014年基本持平，2015年由于主要原材料、能源价格下降，导致购买商品、接受劳务支付的现金较2014年有所减少，但由于2015年公司员工人数及人员薪酬的提高导致2015年支付给职工及为职工支付的现金增加了2,207.94万元。", "spo_list": [{"predicate": "公司经营活动产生的现金流量净额", "object_type": "金额", "subject_type": "日期", "object": "6,125.39万元", "subject": "2015年", "subject_index": {"begin": 0, "end": 5}, "object_index": {"begin": 20, "end": 30}}]}
{"text": "2016年、2015年和2014年公司投资活动产生的现金流量净额分别为-4,036.20万元、-1,562.34万元和-7,891.88。2015年度投资活动产生的现金流量净额为-1,562.34万元，其中收到其他与投资活动有关的现金为2,731.00万元，主要为2014年公司购买的2,300.00万元的银行理财产品在2015年赎回，并收回存放于有关银行的远期外汇保证金431.00万元，支付其他与投资活动有关的现金为1,118.14万元，主要为存放在有关银行的远期外汇保证金939.00万元，以及2015年人民币兑美元汇率贬值导致远期外汇交割损失179.14万元。", "spo_list": [{"predicate": "公司投资活动产生的现金流量净额", "object_type": "金额", "subject_type": "日期", "object": "-4,036.20万元", "subject": "2016年", "subject_index": {"begin": 0, "end": 5}, "object_index": {"begin": 35, "end": 46}}, {"predicate": "公司投资活动产生的现金流量净额", "object_type": "金额", "subject_type": "日期", "object": "-1,562.34万元", "subject": "2015年", "subject_index": {"begin": 6, "end": 11}, "object_index": {"begin": 47, "end": 58}}, {"predicate": "公司投资活动产生的现金流量净额", "object_type": "金额", "subject_type": "日期", "object": "-7,891.88", "subject": "2014年", "subject_index": {"begin": 12, "end": 17}, "object_index": {"begin": 59, "end": 68}}]}
{"text": "报告期内公司筹资活动产生的现金流量净额变动随着公司借款规模、吸收股东投资及分配股利的情况而变动。2015年筹资活动产生的现金流量净额为-7,825.13万元，主要是由于2015年公司偿还了银行贷款22,806.47万元，并归还了向关联方的借款。2016年筹资活动产生的现金流量净额为633.89万元，其中新增银行借款17,124.83万元，偿还银行借款16,252.54万元，吸收投资收到的现金为874.19万元，为2016年1月迪生力轮胎实收资本增加至2,857,142.86美元，新增出资由陆晓彤以存货和现金出资，2016年6月佛罗里达公司新股东FahadJhendar增资10万美元，加拿大公司于2016年8月成立，小股东出资73.50万加元。", "spo_list": [{"predicate": "公司筹资活动产生的现金流量净额", "object_type": "金额", "subject_type": "日期", "object": "-7,825.13万元", "subject": "2015年", "subject_index": {"begin": 48, "end": 53}, "object_index": {"begin": 67, "end": 78}}, {"predicate": "公司筹资活动产生的现金流量净额", "object_type": "金额", "subject_type": "日期", "object": "633.89万元", "subject": "2016年", "subject_index": {"begin": 122, "end": 127}, "object_index": {"begin": 141, "end": 149}}]}
{"text": "2016年度、2015年度和2014年度实现的净利润分别为5,273.12万元、4,004.86万元和3,513.36万元，2016年度、2015年度和2014年公司经营活动产生的现金流量净额分别为1,965.89万元、6,125.39万元和7,810.48万元。报告期内公司经营活动现金净流入金额合计为15,901.76万元，为同期净利润合计金额12,791.34万元的1.24倍，公司经营活动获取现金能力较好", "spo_list": [{"predicate": "公司经营活动产生的现金流量净额", "object_type": "金额", "subject_type": "日期", "object": "1,965.89万元", "subject": "2016年度", "subject_index": {"begin": 62, "end": 68}, "object_index": {"begin": 99, "end": 109}}, {"predicate": "公司经营活动产生的现金流量净额", "object_type": "金额", "subject_type": "日期", "object": "6,125.39万元", "subject": "2015年度", "subject_index": {"begin": 69, "end": 75}, "object_index": {"begin": 110, "end": 120}}, {"predicate": "公司经营活动产生的现金流量净额", "object_type": "金额", "subject_type": "日期", "object": "7,810.48万元", "subject": "2014年", "subject_index": {"begin": 76, "end": 81}, "object_index": {"begin": 121, "end": 131}}]}
{"text": "2013年12月16日，国际交通与华鸿国际签订《股权转让协议书》，以同一控制下企业合并的方式收购华鸿国际持有的华鸿集团100%的股权，以截至2013年6月30日瑞华事务所出具的审计报告中的审计账面净资产为基准，以国众联评估公司出具的评估报告的评估值为参考，确定收购价款为700万美元。华鸿集团自2012年初纳入合并范围", "spo_list": [{"predicate": "预收款项", "object_type": "金额", "subject_type": "日期", "object": "700万美元", "subject": "2013年6月30日", "subject_index": {"begin": 70, "end": 80}, "object_index": {"begin": 135, "end": 141}}]}
{"text": "2013年12月16日，国众联评估出具《资产评估报告》（国众联评报字（2013）第2-432号），采用资产基础法，净资产评估值为259.55万美元，评估增值34.28万美元，", "spo_list": [{"predicate": "净资产评估值", "object_type": "金额", "subject_type": "日期", "object": "259.55万美元", "subject": "2013年12月16日", "subject_index": {"begin": 0, "end": 11}, "object_index": {"begin": 64, "end": 73}}]}
{"text": "国众联评估接受国际交通的委托，对国际交通拟变更设立股份有限公司所涉及的公司报表列示的全部资产及负债在2013年12月31日的市场价值采用资产基础法进行了评估，并出具国众联评报字（2014）第2-201号《评估报告》。截至2013年12月31日，资产账面价值合计为45,823.02万元，评估价值为54,047.78万元，评估增值8,224.76万元，增值率17.95%；负债账面价值合计为17,433.89万元，评估价值为17,433.89万元，无评估增减值；净资产账面价值为28,389.13万元，评估价值为36,613.89万元，评估增值8,224.76万元，增值率为28.97%。", "spo_list": [{"predicate": "净资产评估值", "object_type": "金额", "subject_type": "日期", "object": "54,047.78万元", "subject": "2013年12月31日", "subject_index": {"begin": 110, "end": 121}, "object_index": {"begin": 148, "end": 159}}, {"predicate": "净资产评估值", "object_type": "金额", "subject_type": "日期", "object": "8,224.76万元", "subject": "2013年12月31日", "subject_index": {"begin": 110, "end": 121}, "object_index": {"begin": 164, "end": 174}}, {"predicate": "非流动负债", "object_type": "金额", "subject_type": "日期", "object": "17,433.89万元", "subject": "2013年12月31日", "subject_index": {"begin": 110, "end": 121}, "object_index": {"begin": 211, "end": 222}}, {"predicate": "净资产评估值", "object_type": "金额", "subject_type": "日期", "object": "36,613.89万元", "subject": "2013年12月31日", "subject_index": {"begin": 110, "end": 121}, "object_index": {"begin": 255, "end": 266}}]}
{"text": "截至2016年12月31日，公司应收账款前五名客户的余额总计1,049.57万元，占应收账款账面余额的19.29%，账龄主要为6个月以内的应收账款，具体情况如下：", "spo_list": [{"predicate": "应收账款余额", "object_type": "金额", "subject_type": "日期", "object": "1,049.57万元", "subject": "2016年12月31日", "subject_index": {"begin": 2, "end": 13}, "object_index": {"begin": 30, "end": 40}}]}
{"text": "存货是公司流动资产中主要资产之一，随着公司业务规模的不断扩大，存货的规模也随之增长。2016年末、2015年末、2014年末，存货账面价值分别为38,180.58万元、29,981.20万元、30,991.54万元，占同期流动资产的比例分别为83.84%、77.59%、65.09%。存货中原材料、在产品、库存商品的金额占90%左右。存货的具体构成情况如下：", "spo_list": [{"predicate": "其他成本", "object_type": "金额", "subject_type": "日期", "object": "38,180.58万元", "subject": "2016年末", "subject_index": {"begin": 42, "end": 48}, "object_index": {"begin": 72, "end": 83}}, {"predicate": "其他成本", "object_type": "金额", "subject_type": "日期", "object": "29,981.20万元", "subject": "2015年末", "subject_index": {"begin": 49, "end": 55}, "object_index": {"begin": 84, "end": 95}}, {"predicate": "其他成本", "object_type": "金额", "subject_type": "日期", "object": "30,991.54万元", "subject": "2014年末", "subject_index": {"begin": 56, "end": 62}, "object_index": {"begin": 96, "end": 107}}]}
{"text": "2016年末，公司长期股权投资增加1,085.24万元，主要系2016年上半年公司分别参股了WheelMart(Thailand)CompanyLimited和WESTERNDISTRIBUTORSOFATLANTAINC.，投资额分别为20万美元和135万美元，持股比例分别为40%和25%，采用权益法核算。", "spo_list": [{"predicate": "长期股权投资账面价值", "object_type": "金额", "subject_type": "日期", "object": "1,085.24万元", "subject": "2016年末", "subject_index": {"begin": 0, "end": 6}, "object_index": {"begin": 17, "end": 27}}, {"predicate": "出资额评估值", "object_type": "金额", "subject_type": "日期", "object": "20万美元", "subject": "2016年末", "subject_index": {"begin": 0, "end": 6}, "object_index": {"begin": 119, "end": 124}}, {"predicate": "出资额评估值", "object_type": "金额", "subject_type": "日期", "object": "135万美元", "subject": "2016年末", "subject_index": {"begin": 0, "end": 6}, "object_index": {"begin": 125, "end": 131}}]}
{"text": "2016年末、2015年末、2014年末，公司无形资产账面价值分别为2,921.45万元、2,960.88万元、2,881.71万元。报告期内，公司的无形资产由土地使用权和软件构成。", "spo_list": [{"predicate": "无形资产", "object_type": "金额", "subject_type": "日期", "object": "2,921.45万元", "subject": "2016年末", "subject_index": {"begin": 0, "end": 6}, "object_index": {"begin": 34, "end": 44}}, {"predicate": "无形资产", "object_type": "金额", "subject_type": "日期", "object": "2,960.88万元", "subject": "2015年末", "subject_index": {"begin": 7, "end": 13}, "object_index": {"begin": 45, "end": 55}}, {"predicate": "无形资产", "object_type": "金额", "subject_type": "日期", "object": "2,881.71万元", "subject": "2014年末", "subject_index": {"begin": 14, "end": 20}, "object_index": {"begin": 56, "end": 66}}]}
{"text": "2016年末、2015年末、2014年末，公司递延所得税资产分别为5,274.33万元、4,018.30万元、3,630.51万元。", "spo_list": [{"predicate": "递延所得税资产", "object_type": "金额", "subject_type": "日期", "object": "5,274.33万元", "subject": "2016年末", "subject_index": {"begin": 0, "end": 6}, "object_index": {"begin": 33, "end": 43}}, {"predicate": "递延所得税资产", "object_type": "金额", "subject_type": "日期", "object": "4,018.30万元", "subject": "2015年末", "subject_index": {"begin": 7, "end": 13}, "object_index": {"begin": 44, "end": 54}}, {"predicate": "递延所得税资产", "object_type": "金额", "subject_type": "日期", "object": "3,630.51万元", "subject": "2014年末", "subject_index": {"begin": 14, "end": 20}, "object_index": {"begin": 55, "end": 65}}]}
{"text": "2016年末、2015年末、2014年末，公司借款分别为17,968.50万元、16,845.52万元、23,106.67万元，主要系公司为满足日常生产经营活动、扩大生产规模对资金的需要而发生的筹资活动。", "spo_list": [{"predicate": "长期借款", "object_type": "金额", "subject_type": "日期", "object": "17,968.50万元", "subject": "2016年末", "subject_index": {"begin": 0, "end": 6}, "object_index": {"begin": 28, "end": 39}}, {"predicate": "长期借款", "object_type": "金额", "subject_type": "日期", "object": "16,845.52万元", "subject": "2015年末", "subject_index": {"begin": 7, "end": 13}, "object_index": {"begin": 40, "end": 51}}, {"predicate": "长期借款", "object_type": "金额", "subject_type": "日期", "object": "23,106.67万元", "subject": "2014年末", "subject_index": {"begin": 14, "end": 20}, "object_index": {"begin": 52, "end": 63}}]}
{"text": "2016年末、2015年末、2014年末，公司以公允价值计量且其变动计入当期损益的金融负债分别为0万元、1,242.04万元、389.33万元。2016年末较2015年末减少1,242.04万元，主要系公司2016年下半年决定不再购买远期外汇合约，并将未到期的外汇合约全部进行了交割；2015年末较2014年末增加852.71万元，主要原因为未结算的远期外汇合约因汇率变动产生的预计亏损增加。", "spo_list": [{"predicate": "公允价值变动损益", "object_type": "金额", "subject_type": "日期", "object": "0万元", "subject": "2016年末", "subject_index": {"begin": 0, "end": 6}, "object_index": {"begin": 48, "end": 51}}, {"predicate": "公允价值变动损益", "object_type": "金额", "subject_type": "日期", "object": "1,242.04万元", "subject": "2015年末", "subject_index": {"begin": 7, "end": 13}, "object_index": {"begin": 52, "end": 62}}, {"predicate": "公允价值变动损益", "object_type": "金额", "subject_type": "日期", "object": "389.33万元", "subject": "2014年末", "subject_index": {"begin": 14, "end": 20}, "object_index": {"begin": 63, "end": 71}}]}
{"text": "2016年末、2015年末、2014年末，公司长期借款分别为1,387.40万元、1,298.72万元、0万元。", "spo_list": [{"predicate": "长期借款", "object_type": "金额", "subject_type": "日期", "object": "1,387.40万元", "subject": "2016年末", "subject_index": {"begin": 0, "end": 6}, "object_index": {"begin": 30, "end": 40}}, {"predicate": "长期借款", "object_type": "金额", "subject_type": "日期", "object": "1,298.72万元", "subject": "2015年末", "subject_index": {"begin": 7, "end": 13}, "object_index": {"begin": 41, "end": 51}}, {"predicate": "长期借款", "object_type": "金额", "subject_type": "日期", "object": "0万元", "subject": "2014年末", "subject_index": {"begin": 14, "end": 20}, "object_index": {"begin": 52, "end": 55}}]}
{"text": "2016年、2015年、2014年，公司息税折旧摊销前利润分别为9,678.61万元、9,147.51万元、7,878.06万元，而同期利息保障倍数为12.66、9.98、8.84。公司利息保障倍数远大于1，公司拥有足够的能够偿还利息的资金。公司报告期内未发生逾期偿还本息的情况，与银行保持着良好的合作关系，信誉度高，为公司正常经营提供了良好的债务融资渠道。2016年、2015年、2014年，公司销售商品收到的现金分别为73,697.33万元、74,381.18万元、74,056.92万元，经营活动产生的现金净流量分别为1,965.89万元、6,125.39万元、7,810.48万元，为偿还债务利息提供了现金保障。", "spo_list": [{"predicate": "息税折旧摊销前利润", "object_type": "金额", "subject_type": "日期", "object": "9,678.61万元", "subject": "2016年", "subject_index": {"begin": 0, "end": 5}, "object_index": {"begin": 32, "end": 42}}, {"predicate": "息税折旧摊销前利润", "object_type": "金额", "subject_type": "日期", "object": "9,147.51万元", "subject": "2015年", "subject_index": {"begin": 6, "end": 11}, "object_index": {"begin": 43, "end": 53}}, {"predicate": "息税折旧摊销前利润", "object_type": "金额", "subject_type": "日期", "object": "7,878.06万元", "subject": "2014年", "subject_index": {"begin": 12, "end": 17}, "object_index": {"begin": 54, "end": 64}}, {"predicate": "其他收益", "object_type": "金额", "subject_type": "日期", "object": "73,697.33万元", "subject": "2016年", "subject_index": {"begin": 179, "end": 184}, "object_index": {"begin": 211, "end": 222}}, {"predicate": "其他收益", "object_type": "金额", "subject_type": "日期", "object": "74,381.18万元", "subject": "2015年", "subject_index": {"begin": 185, "end": 190}, "object_index": {"begin": 223, "end": 234}}, {"predicate": "其他收益", "object_type": "金额", "subject_type": "日期", "object": "74,056.92万元", "subject": "2014年", "subject_index": {"begin": 191, "end": 196}, "object_index": {"begin": 235, "end": 246}}, {"predicate": "公司经营活动产生的现金流量净额", "object_type": "金额", "subject_type": "日期", "object": "1,965.89万元", "subject": "2016年", "subject_index": {"begin": 179, "end": 184}, "object_index": {"begin": 262, "end": 272}}, {"predicate": "公司经营活动产生的现金流量净额", "object_type": "金额", "subject_type": "日期", "object": "6,125.39万元", "subject": "2015年", "subject_index": {"begin": 185, "end": 190}, "object_index": {"begin": 273, "end": 283}}, {"predicate": "公司经营活动产生的现金流量净额", "object_type": "金额", "subject_type": "日期", "object": "7,810.48万元", "subject": "2014年", "subject_index": {"begin": 191, "end": 196}, "object_index": {"begin": 284, "end": 294}}]}
{"text": "2016年度经营活动的现金流量净额为1,965.89万元，较2015年度减少4,159.50万元，其中2016年购买商品、接受劳务支付的现金较2015年增加了3,276.10万元，主要原因是2016年购买原材料铝锭的金额较2015年增加了4,450.88万元，一方面2017年春节时间较往年提前，公司在2016年底为备货加快生产导致采购铝锭的金额增加，另一方面公司于2017年进一步改善了工艺，原材料使用中减少了铝屑回收形成的小铝锭的用量，导致铝锭的采购金额较2016年有所增加。", "spo_list": [{"predicate": "公司经营活动产生的现金流量净额", "object_type": "金额", "subject_type": "日期", "object": "1,965.89万元", "subject": "2016年", "subject_index": {"begin": 0, "end": 5}, "object_index": {"begin": 18, "end": 28}}]}
{"text": "2016年公司投资活动产生的现金流量净额为-4,036.20万元，其中购建固定资产、无形资产和其他长期资产支付的现金为2,004.54万元，主要为购买机器设备、运输设备、在建工程支出、新开发模具支出等；投资支付的现金为1,529.44万元，主要为公司收购泰国公司40%股权支付的股权转让款20万美元，2016年上半年华鸿集团收购WesternDistributorsofAtlantaInc.25%股权支付了第二期转让款105万美元，华鸿集团收购丹佛公司49%的股权支付49万美元，收购德克萨斯公司20%股权支付60万美元；支付其他与投资活动有关的现金为1,403.48万元，为2016年人民币对美元继续保持贬值导致的远期外汇交割损失。", "spo_list": [{"predicate": "公司投资活动产生的现金流量净额", "object_type": "金额", "subject_type": "日期", "object": "-4,036.20万元", "subject": "2016年", "subject_index": {"begin": 0, "end": 5}, "object_index": {"begin": 21, "end": 32}}, {"predicate": "营业外支出", "object_type": "金额", "subject_type": "日期", "object": "2,004.54万元", "subject": "2016年", "subject_index": {"begin": 0, "end": 5}, "object_index": {"begin": 59, "end": 69}}, {"predicate": "营业外支出", "object_type": "金额", "subject_type": "日期", "object": "1,529.44万元", "subject": "2016年", "subject_index": {"begin": 0, "end": 5}, "object_index": {"begin": 109, "end": 119}}, {"predicate": "营业外支出", "object_type": "金额", "subject_type": "日期", "object": "20万美元", "subject": "2016年", "subject_index": {"begin": 0, "end": 5}, "object_index": {"begin": 144, "end": 149}}, {"predicate": "营业外支出", "object_type": "金额", "subject_type": "日期", "object": "105万美元", "subject": "2016年", "subject_index": {"begin": 0, "end": 5}, "object_index": {"begin": 210, "end": 216}}, {"predicate": "营业外支出", "object_type": "金额", "subject_type": "日期", "object": "49万美元", "subject": "2016年", "subject_index": {"begin": 0, "end": 5}, "object_index": {"begin": 235, "end": 240}}, {"predicate": "营业外支出", "object_type": "金额", "subject_type": "日期", "object": "60万美元", "subject": "2016年", "subject_index": {"begin": 0, "end": 5}, "object_index": {"begin": 256, "end": 261}}, {"predicate": "公司投资活动产生的现金流量净额", "object_type": "金额", "subject_type": "日期", "object": "1,403.48万元", "subject": "2016年", "subject_index": {"begin": 0, "end": 5}, "object_index": {"begin": 277, "end": 287}}]}
