{"text": "未分配利润转增注册资本：以经青岛振青会计师事务所有限公司审计的截至2011年末未分配利润11,677万元中的5,625万元，扣除个人所得税1,125万元后转增资本4,500万元", "spo_list": [{"predicate": "未分配利润", "object_type": "金额", "subject_type": "日期", "object": "11,677万元", "subject": "2011年末", "subject_index": {"begin": 33, "end": 39}, "object_index": {"begin": 44, "end": 52}}]}
{"text": "2012年5月14日，鼎信有限召开股东会，作出关于同意公司增加注册资本4,900万元之决议；其中，现金增资365万元，由现金增资后的所有股东按出资比例以未分配利润转增资本4,535万元；本次增资后，公司注册资本为10,000万元。", "spo_list": [{"predicate": "未分配利润", "object_type": "金额", "subject_type": "日期", "object": "4,535万元", "subject": "2012年5月14日", "subject_index": {"begin": 0, "end": 10}, "object_index": {"begin": 85, "end": 92}}]}
{"text": "未分配利润转增注册资本：本次未分配利润转增注册资本以经青岛振青会计师事务所有限公司审计的截至2011年末未分配利润11,677万元中的5,668.75万元，扣除个人所得税1,133.75万元后，由本次现金增资后的所有股东按出资比例同比例转增资本4,535万元。", "spo_list": [{"predicate": "未分配利润", "object_type": "金额", "subject_type": "日期", "object": "11,677万元", "subject": "2011年末", "subject_index": {"begin": 46, "end": 52}, "object_index": {"begin": 57, "end": 65}}]}
{"text": "根据安永华明于2013年6月14日出具的《验资报告》（安永华明（2013）验字第60983715_J01号），截至2013年6月14日，鼎信通讯已将资本公积46.26万元，未分配利润8,653.74万元，合计8,700万元转增股本，变更后股本为24,000万元。本次增资过程中以资本公积转增实收资本所涉及的所得税及本次增资过程中以未分配利润转增实收资本所涉及的所得税均已足额缴纳。", "spo_list": [{"predicate": "未分配利润", "object_type": "金额", "subject_type": "日期", "object": "8,653.74万元", "subject": "2013年6月14日", "subject_index": {"begin": 57, "end": 67}, "object_index": {"begin": 91, "end": 101}}]}
{"text": "2014年5月30日，鼎信通讯召开2013年度股东大会，作出关于同意公司增加注册资本15,000万元之决议；以经安永华明审计的截至2013年末未分配利润22,429.38万元中的18,750万元，扣除个人所得税3,750万元后转增注册资本15,000万元。本次增资后，公司注册资本为39,000万元。", "spo_list": [{"predicate": "未分配利润", "object_type": "金额", "subject_type": "日期", "object": "22,429.38万元", "subject": "2013年末", "subject_index": {"begin": 65, "end": 71}, "object_index": {"begin": 76, "end": 87}}]}
{"text": "根据安永华明于2014年5月30日出具的《验资报告》（安永华明（2014）验字第60983715_J01号），截至2014年5月30日，鼎信通讯已将未分配利润15,000万元转增股本，变更后股本为39,000万元。本次增资过程中以未分配利润转增实收资本所涉及的所得税均已足额缴纳。", "spo_list": [{"predicate": "未分配利润", "object_type": "金额", "subject_type": "日期", "object": "15,000万元", "subject": "2014年5月30日", "subject_index": {"begin": 57, "end": 67}, "object_index": {"begin": 79, "end": 87}}]}
{"text": "2013年6月鼎信通讯以资本公积和未分配利润转增股本时，安永华明对增资情况进行了验资。根据安永华明于2013年6月14日出具的《验资报告》（安永华明（2013）验字第60983715_J01号），截至2013年6月14日，鼎信通讯已将资本公积462,605.78元，未分配利润86,537,394.22元，合计87,000,000元转增股本，变更后注册资本为24,000万元。本次增资过程中以资本公积转增实收资本所涉及的所得税、以及以未分配利润转增实收资本所涉及的所得税已足额缴纳。", "spo_list": [{"predicate": "未分配利润", "object_type": "金额", "subject_type": "日期", "object": "86,537,394.22元", "subject": "2013年6月14日", "subject_index": {"begin": 100, "end": 110}, "object_index": {"begin": 138, "end": 152}}]}
{"text": "2014年5月鼎信通讯以未分配利润转增股本时，安永华明对增资情况进行了验资。根据安永华明于2014年5月30日出具的《验资报告》（安永华明（2014）验字第60983715_J01号），截至2014年5月30日，鼎信通讯已将未分配利润15,000万元转增股本，变更后股本为39,000万元。本次增资过程中以未分配利润转增实收资本所涉及的所得税已足额缴纳。", "spo_list": [{"predicate": "未分配利润", "object_type": "金额", "subject_type": "日期", "object": "15,000万元", "subject": "2014年5月30日", "subject_index": {"begin": 95, "end": 105}, "object_index": {"begin": 117, "end": 125}}]}
{"text": "公司主要无形资产及取得方式请见“第六节业务与技术”之“四、公司主要固定资产及无形资产”之“（五）无形资产”。截至2016年6月30日，本公司无形资产账面原值为10,368.52万元，累计摊销为1,019.83万元，无减值准备，账面价值为9,348.69万元。本公司无形资产明细如下：", "spo_list": [{"predicate": "无形资产", "object_type": "金额", "subject_type": "日期", "object": "10,368.52万元", "subject": "2016年6月30日", "subject_index": {"begin": 56, "end": 66}, "object_index": {"begin": 79, "end": 90}}]}
{"text": "截至2016年6月30日，公司负债总额为19,287.47万元，其中流动负债19,287.47万元，无非流动负债", "spo_list": [{"predicate": "流动负债", "object_type": "金额", "subject_type": "日期", "object": "19,287.47万元", "subject": "2016年6月30日", "subject_index": {"begin": 2, "end": 12}, "object_index": {"begin": 38, "end": 49}}]}
{"text": "截至2016年6月30日，本公司应交税费余额为3,389.11万元，", "spo_list": [{"predicate": "应交税费", "object_type": "金额", "subject_type": "日期", "object": "3,389.11万元", "subject": "2016年6月30日", "subject_index": {"begin": 2, "end": 12}, "object_index": {"begin": 23, "end": 33}}]}
{"text": "截至2013年末、2014年末、2015年末和2016年6月末，公司应收票据分别为4,360.47万元、4,811.63万元、6,542.45万元和4,709.26万元，应收账款净额分别为17,952.25万元、31,712.58万元、44,812.59万元和50,048.94万元。公司应收票据为商业承兑汇票和银行承兑汇票，均无质押。", "spo_list": [{"predicate": "应收票据", "object_type": "金额", "subject_type": "日期", "object": "4,360.47万元", "subject": "2013年末", "subject_index": {"begin": 2, "end": 8}, "object_index": {"begin": 41, "end": 51}}, {"predicate": "应收票据", "object_type": "金额", "subject_type": "日期", "object": "4,811.63万元", "subject": "2014年末", "subject_index": {"begin": 9, "end": 15}, "object_index": {"begin": 52, "end": 62}}, {"predicate": "应收票据", "object_type": "金额", "subject_type": "日期", "object": "6,542.45万元", "subject": "2015年末", "subject_index": {"begin": 16, "end": 22}, "object_index": {"begin": 63, "end": 73}}, {"predicate": "应收票据", "object_type": "金额", "subject_type": "日期", "object": "4,709.26万元", "subject": "2016年6月末", "subject_index": {"begin": 23, "end": 31}, "object_index": {"begin": 74, "end": 84}}, {"predicate": "应收账款净额", "object_type": "金额", "subject_type": "日期", "object": "17,952.25万元", "subject": "2013年末", "subject_index": {"begin": 2, "end": 8}, "object_index": {"begin": 94, "end": 105}}, {"predicate": "应收账款净额", "object_type": "金额", "subject_type": "日期", "object": "31,712.58万元", "subject": "2014年末", "subject_index": {"begin": 9, "end": 15}, "object_index": {"begin": 106, "end": 117}}, {"predicate": "应收账款净额", "object_type": "金额", "subject_type": "日期", "object": "44,812.59万元", "subject": "2015年末", "subject_index": {"begin": 16, "end": 22}, "object_index": {"begin": 118, "end": 129}}, {"predicate": "应收账款净额", "object_type": "金额", "subject_type": "日期", "object": "50,048.94万元", "subject": "2016年6月末", "subject_index": {"begin": 23, "end": 31}, "object_index": {"begin": 130, "end": 141}}]}
{"text": "截至2016年6月30日，本公司已累计计提坏账准备1,836.18万元，占应收账款余额的比例为3.54%。", "spo_list": [{"predicate": "坏账准备", "object_type": "金额", "subject_type": "日期", "object": "1,836.18万元", "subject": "2016年6月30日", "subject_index": {"begin": 2, "end": 12}, "object_index": {"begin": 25, "end": 35}}]}
{"text": "截至2013年末、2014年末、2015年末和2016年6月30日，本公司的其他应收款净额分别为4,744.64万元、4,913.16万元、6,316.34万元和3,951.72万元。本公司与青岛软件园发展有限公司拟合作开发、建设青岛软件园发展有限公司拥有的青岛市市南区软件园部分地块用于公司募投项目中的研发中心建设，并根据相关协议于2012年支付了3,000.00万元履约保证金，于2013年支付了剩余1,000.00万元的履约保证金。2014年末其他应收款较2013年末增长3.55%，主要原因是向青岛市城阳区土地储备中心缴纳170.00万元的土地交易保证金。2015年末其他应收账款较上年末增长28.56%的原因主要是：（1）公司之前的核心业务来自国家电网的招投标，招标保证金较低，2013年起公司开始尝试地方电力公司的自主招投标，使得公司缴纳的保证金有所增长。2015年末，投标保证金总额较上年增长655.65万元，增长249.26%；（2）2015年末备用金余额为729.61万元，较上年度增加640.01万元，主要是由于2015年末，公司营销人员共有1,369人，较2014年增加1,004人，备用金随之增加。2016年上半年，公司收回了分别于2012年和2013年向青岛软件园发展有限公司支付的3,000.00万元和1,000.00万元履约保证金，使得其他应收账款较上年末降低37.44%。", "spo_list": [{"predicate": "其他应收款净额", "object_type": "金额", "subject_type": "日期", "object": "4,744.64万元", "subject": "2013年末", "subject_index": {"begin": 2, "end": 8}, "object_index": {"begin": 48, "end": 58}}, {"predicate": "其他应收款净额", "object_type": "金额", "subject_type": "日期", "object": "4,913.16万元", "subject": "2014年末", "subject_index": {"begin": 9, "end": 15}, "object_index": {"begin": 59, "end": 69}}, {"predicate": "其他应收款净额", "object_type": "金额", "subject_type": "日期", "object": "6,316.34万元", "subject": "2015年末", "subject_index": {"begin": 16, "end": 22}, "object_index": {"begin": 70, "end": 80}}, {"predicate": "其他应收款净额", "object_type": "金额", "subject_type": "日期", "object": "3,951.72万元", "subject": "2016年6月30日", "subject_index": {"begin": 23, "end": 33}, "object_index": {"begin": 81, "end": 91}}]}
{"text": "截至2016年6月末，本公司已累计计提坏账准备24.20万元，占其他应收款余额的比例为0.61%。", "spo_list": [{"predicate": "坏账准备", "object_type": "金额", "subject_type": "日期", "object": "24.20万元", "subject": "2016年6月末", "subject_index": {"begin": 2, "end": 10}, "object_index": {"begin": 23, "end": 30}}]}
{"text": "截至2013年末、2014年末、2015年末和2016年6月末，本公司的其他流动资产净额分别为6,500.00万元、31,213.86万元、5,797.34万元和812.59万元。2014年末其他流动资产较上年末增长380.21%，增幅较大，主要是由于公司购入理财产品所致。2015年末和2016年6月末，其他流动资产较上年末分别下降81.43%和85.98%，主要原因是期末公司持有的理财产品的规模有所缩减，进而导致其他流动资产的减少，具体情况详见本节之“一、财务状况分析（五）财务性投资分析”。", "spo_list": [{"predicate": "其他流动资产", "object_type": "金额", "subject_type": "日期", "object": "6,500.00万元", "subject": "2013年末", "subject_index": {"begin": 2, "end": 8}, "object_index": {"begin": 47, "end": 57}}, {"predicate": "其他流动资产", "object_type": "金额", "subject_type": "日期", "object": "31,213.86万元", "subject": "2014年末", "subject_index": {"begin": 9, "end": 15}, "object_index": {"begin": 58, "end": 69}}, {"predicate": "其他流动资产", "object_type": "金额", "subject_type": "日期", "object": "5,797.34万元", "subject": "2015年末", "subject_index": {"begin": 16, "end": 22}, "object_index": {"begin": 70, "end": 80}}, {"predicate": "其他流动资产", "object_type": "金额", "subject_type": "日期", "object": "812.59万元", "subject": "2016年6月末", "subject_index": {"begin": 23, "end": 31}, "object_index": {"begin": 81, "end": 89}}]}
{"text": "截至2016年6月末，本公司的在建工程为3,431.53万元，占非流动资产比例为7.32%，占总资产的比例为2.54%。", "spo_list": [{"predicate": "在建工程账面价值", "object_type": "金额", "subject_type": "日期", "object": "3,431.53万元", "subject": "2016年6月末", "subject_index": {"begin": 2, "end": 10}, "object_index": {"begin": 20, "end": 30}}]}
{"text": "截至2016年6月末，本公司的无形资产为9,348.69万元，占非流动资产的比例为19.94%，占总资产的比例为6.93%。", "spo_list": [{"predicate": "无形资产", "object_type": "金额", "subject_type": "日期", "object": "9,348.69万元", "subject": "2016年6月末", "subject_index": {"begin": 2, "end": 10}, "object_index": {"begin": 20, "end": 30}}]}
{"text": "截至2013年末，公司无形资产账面价值为1,867.36万元，主要增长原因是：（1）2013年12月，公司原开发支出中的标准总线系统主节点芯片XY100B开发项目、标准总线系统从节点芯片XY001B开发项目和高速总线系统芯片XY200开发项目形成的总线芯片均通过公司内部技术测试，确认转入无形资产科目中的软件，金额为657.32万元。（2）新增IP使用许可账面原值222.73万元，系本公司购买后拟用于芯片裸片开发的技术使用许可。根据该技术使用许可协议，本公司有权于合同规定期限内使用该技术开发一种芯片裸片，待芯片裸片开发成功后委托该技术许可协议指定的生产厂商进行生产并按合同要求支付相应的版税。截至2014年末，公司无形资产账面价值为2,707.89万元，增长的主要原因是新增土地使用权账面价值1,020.49万元。截至2015年末，本公司无形资产账面价值为9,606.89万元，增长的主要原因是鼎信科技缴纳土地购买款及相关税金导致公司土地使用权账面价值新增6,746.45万元。截至2016年6月末，本公司无形资产账面价值为9,348.69万元，与上年末相比略有下降，为累计摊销所致。", "spo_list": [{"predicate": "无形资产", "object_type": "金额", "subject_type": "日期", "object": "1,867.36万元", "subject": "2013年末", "subject_index": {"begin": 2, "end": 8}, "object_index": {"begin": 20, "end": 30}}]}
{"text": "截至2016年6月30日，资产减值准备合计2,450.06万元，主要是坏账准备1,860.38万元，占资产减值准备总额的75.93%。", "spo_list": [{"predicate": "坏账准备", "object_type": "金额", "subject_type": "日期", "object": "1,860.38万元", "subject": "2016年6月30日", "subject_index": {"begin": 2, "end": 12}, "object_index": {"begin": 39, "end": 49}}]}
{"text": "本公司的应付账款主要为应付供应商货款。截至2016年6月30日，本公司应付账款净额8,279.70万元，占流动负债的比例为42.93%，占总负债的比例为42.93%。", "spo_list": [{"predicate": "应收账款净额", "object_type": "金额", "subject_type": "日期", "object": "8,279.70万元", "subject": "2016年6月30日", "subject_index": {"begin": 21, "end": 31}, "object_index": {"begin": 41, "end": 51}}]}
{"text": "本公司的预收款项主要为预收模块（含芯片）或采集终端的销售货款。截至2013年末、2014年末、2015年末和2016年6月末，本公司的预收款项分别为661.28万元、1,405.24万元、1,350.46万元和1,781.19万元。2014年末预收款项较2013年末增长112.50%，主要由于电力公司及电表生产企业预付本公司货款增加所致。2015年末预收款项与2014年末基本持平。2016年6月末，预收款项金额较上年末增加31.90%，主要原因在于电力公司和电能表生产企业为应对2016年下半年产品的交付与安装需求，预付本公司的货款规模有所增长。", "spo_list": [{"predicate": "预收款项", "object_type": "金额", "subject_type": "日期", "object": "661.28万元", "subject": "2013年末", "subject_index": {"begin": 33, "end": 39}, "object_index": {"begin": 74, "end": 82}}, {"predicate": "预收款项", "object_type": "金额", "subject_type": "日期", "object": "1,405.24万元", "subject": "2014年末", "subject_index": {"begin": 40, "end": 46}, "object_index": {"begin": 83, "end": 93}}, {"predicate": "预收款项", "object_type": "金额", "subject_type": "日期", "object": "1,350.46万元", "subject": "2015年末", "subject_index": {"begin": 47, "end": 53}, "object_index": {"begin": 94, "end": 104}}, {"predicate": "预收款项", "object_type": "金额", "subject_type": "日期", "object": "1,781.19万元", "subject": "2016年6月末", "subject_index": {"begin": 54, "end": 62}, "object_index": {"begin": 105, "end": 115}}]}
{"text": "截至2013年末、2014年末、2015年末和2016年6月末，本公司应交税费分别为2,142.70万元、4,912.99万元、5,296.28万元和3,389.11万元。2014年末，公司应交税费较2013年末上升129.29%，主要原因是应交增值税和企业所得税合计较2013年增加2,648.47万元。2015年末，公司应交税费与上年末基本持平。2016年6月末，公司应交税费较2015年末下降36.01%，主要是由于（1）应交企业所得税减少761.28万元；", "spo_list": [{"predicate": "应交税费", "object_type": "金额", "subject_type": "日期", "object": "2,142.70万元", "subject": "2013年末", "subject_index": {"begin": 2, "end": 8}, "object_index": {"begin": 42, "end": 52}}, {"predicate": "应交税费", "object_type": "金额", "subject_type": "日期", "object": "4,912.99万元", "subject": "2014年末", "subject_index": {"begin": 9, "end": 15}, "object_index": {"begin": 53, "end": 63}}, {"predicate": "应交税费", "object_type": "金额", "subject_type": "日期", "object": "5,296.28万元", "subject": "2015年末", "subject_index": {"begin": 16, "end": 22}, "object_index": {"begin": 64, "end": 74}}, {"predicate": "应交税费", "object_type": "金额", "subject_type": "日期", "object": "3,389.11万元", "subject": "2016年6月末", "subject_index": {"begin": 23, "end": 31}, "object_index": {"begin": 75, "end": 85}}]}
{"text": "截至2013年末、2014年末、2015年末和2016年6月末，本公司的其他应付款分别为489.61万元、658.48万元、1,783.03万元和2,071.43万元。2014年末和2015年末，本公司其他应付款较上年末分别增长34.49%和170.78%，主要是由于：（1）2014年末员工报销款较2013年末增加了17.92万元，采购办公设备未结算金额增加36.56万元以及税务局返还代扣代缴个人所得税手续费85.13万元等；（2）2015年末公司其他应付款较2014年末增长170.78%，主要是因为员工报销款较上年末增加了579.80万元；（3）因公司购买沈阳科远的部分款项年末尚未支付完成导致2015年新增购买股权款400.00万元。2016年6月末，本公司其他应付款较上年末增长16.17%，主要是因为员工报销款较上年末增加524.73万元。", "spo_list": [{"predicate": "其他应付款", "object_type": "金额", "subject_type": "日期", "object": "489.61万元", "subject": "2013年末", "subject_index": {"begin": 2, "end": 8}, "object_index": {"begin": 44, "end": 52}}, {"predicate": "其他应付款", "object_type": "金额", "subject_type": "日期", "object": "658.48万元", "subject": "2014年末", "subject_index": {"begin": 9, "end": 15}, "object_index": {"begin": 53, "end": 61}}, {"predicate": "其他应付款", "object_type": "金额", "subject_type": "日期", "object": "1,783.03万元", "subject": "2015年末", "subject_index": {"begin": 16, "end": 22}, "object_index": {"begin": 62, "end": 72}}, {"predicate": "其他应付款", "object_type": "金额", "subject_type": "日期", "object": "2,071.43万元", "subject": "2016年6月末", "subject_index": {"begin": 23, "end": 31}, "object_index": {"begin": 73, "end": 83}}]}
{"text": "截至2013年末、2014年末、2015年末和2016年6月末，本公司的流动比率分别为4.64、4.78、3.52和4.57，速动比率分别为4.15、4.37、3.05和3.71。2013年和2014年公司的流动比率和速动比率较为稳定。2015年受流动资产金额有所下降的影响，流动比率和速动比率有所降低，但仍保持在较高水平。2016年1-6月，本公司的流动比率和速动比率均有所回升。", "spo_list": [{"predicate": "速动比率", "object_type": "日期", "subject_type": "比率", "object": "2013年末", "subject": "4.15", "subject_index": {"begin": 70, "end": 74}, "object_index": {"begin": 2, "end": 8}}, {"predicate": "速动比率", "object_type": "日期", "subject_type": "比率", "object": "2014年末、", "subject": "4.37", "subject_index": {"begin": 75, "end": 79}, "object_index": {"begin": 9, "end": 16}}, {"predicate": "速动比率", "object_type": "日期", "subject_type": "比率", "object": "2015年末", "subject": "3.05", "subject_index": {"begin": 80, "end": 84}, "object_index": {"begin": 16, "end": 22}}, {"predicate": "速动比率", "object_type": "日期", "subject_type": "比率", "object": "2016年6月末", "subject": "3.71", "subject_index": {"begin": 85, "end": 89}, "object_index": {"begin": 23, "end": 31}}]}
{"text": "2013年末、2014年末、2015年末和2016年6月末，本公司的应收账款周转率分别为4.39次、4.00次、2.59次和2.16次。2014年应收账款周转率较上年有所下降，主要原因为受部分客户付款时间延长影响，公司应收账款增幅快于营业收入增幅，2014年末应收账款较上年末增长76.65%，2014年营业收入较上年增长51.52%。2015年应收账款周转率较上年下降的原因为：2015年营业收入与上年基本持平，但因国网2015年招标延迟，第二标和第三标均集中在四季度开标，公司年末尚在信用期内的应收账款余额较高，导致2015末应收账款较高。2016年1-6月应收账款周转率较上年下降，主要原因为公司2016年6月末应收账款较上年末增长11.69%，且2015年末的应收账款余额较2014年末增长41.31%，使得公司本期应收账款平均余额较上期平均余额增长23.96%，且高于营业收入的增幅。", "spo_list": [{"predicate": "应收账款周转率", "object_type": "日期", "subject_type": "比率", "object": "2013年末", "subject": "4.39次", "subject_index": {"begin": 44, "end": 49}, "object_index": {"begin": 0, "end": 6}}, {"predicate": "应收账款周转率", "object_type": "日期", "subject_type": "比率", "object": "2014年末", "subject": "4.00次", "subject_index": {"begin": 50, "end": 55}, "object_index": {"begin": 7, "end": 13}}, {"predicate": "应收账款周转率", "object_type": "日期", "subject_type": "比率", "object": "2015年末", "subject": "2.59次", "subject_index": {"begin": 56, "end": 61}, "object_index": {"begin": 14, "end": 20}}, {"predicate": "应收账款周转率", "object_type": "日期", "subject_type": "比率", "object": "2016年6月末", "subject": "2.16次", "subject_index": {"begin": 62, "end": 67}, "object_index": {"begin": 21, "end": 29}}]}
{"text": "2013年度、2014年度、2015年度和2016年1-6月，本公司的主营业务成本分别为21,029.78万元、26,025.75万元、38,592.73万元和20,256.84万元，2013年-2015年的年均复合增长率为21.77%。主要原因是随着业务量的增加与营业收入的增长，本公司的营业成本也逐年上升。本公司主营业务成本主要为载波模块（含芯片）类产品、采集终端设备和其他通信相关产品等的生产成本；其中载波模块（含芯片）类产品成本占报告期内主营业务成本比重较高，报告期内均保持在57%以上。2014年，随着载波芯片产品销售收入大幅增加，载波模块（含芯片）相关营业成本随之上涨。2015年，受国网招标延迟的影响，公司营业收入与上年基本持平，公司整体营业成本亦与上年基本持平。2016年上半年，随着公司营业收入规模较上年同期实现大幅增长，整体营业成本也随之增长。", "spo_list": [{"predicate": "主营业务成本", "object_type": "金额", "subject_type": "日期", "object": "21,029.78万元", "subject": "2013年度", "subject_index": {"begin": 0, "end": 6}, "object_index": {"begin": 44, "end": 55}}, {"predicate": "主营业务成本", "object_type": "金额", "subject_type": "日期", "object": "26,025.75万元", "subject": "2014年度", "subject_index": {"begin": 7, "end": 13}, "object_index": {"begin": 56, "end": 67}}, {"predicate": "主营业务成本", "object_type": "金额", "subject_type": "日期", "object": "38,592.73万元", "subject": "2015年度", "subject_index": {"begin": 14, "end": 20}, "object_index": {"begin": 68, "end": 79}}, {"predicate": "主营业务成本", "object_type": "金额", "subject_type": "日期", "object": "20,256.84万元", "subject": "2016年1-6月", "subject_index": {"begin": 21, "end": 30}, "object_index": {"begin": 80, "end": 91}}]}
{"text": "2013年度、2014年度、2015年度和2016年1-6月，本公司的销售费用分别为7,161.11万元、11,116.61万元、17,040.64万元和13,734.50万元，占营业收入的比例分别为10.93%、11.20%、17.21%和26.81%，占比逐年上升。报告期内，本公司销售费用明细如下：", "spo_list": [{"predicate": "销售费用", "object_type": "金额", "subject_type": "日期", "object": "7,161.11万元", "subject": "2013年度", "subject_index": {"begin": 0, "end": 6}, "object_index": {"begin": 42, "end": 52}}, {"predicate": "销售费用", "object_type": "金额", "subject_type": "日期", "object": "11,116.61万元", "subject": "2014年度", "subject_index": {"begin": 7, "end": 13}, "object_index": {"begin": 53, "end": 64}}, {"predicate": "销售费用", "object_type": "金额", "subject_type": "日期", "object": "17,040.64万元", "subject": "2015年度", "subject_index": {"begin": 14, "end": 20}, "object_index": {"begin": 65, "end": 76}}, {"predicate": "销售费用", "object_type": "金额", "subject_type": "日期", "object": "13,734.50万元", "subject": "2016年1-6月", "subject_index": {"begin": 21, "end": 30}, "object_index": {"begin": 77, "end": 88}}]}
{"text": "本公司的管理费用主要为研发费用、工资薪金、差旅及交通费等。2013年度、2014年度、2015年度和2016年1-6月，本公司的管理费用分别为7,847.15万元、10,864.51万元、15,065.45万元7,824.88万元，占营业收入的比例分别为11.98%、10.95%、15.21%和15.28%。报告期内，本公司管理费用明细如下", "spo_list": [{"predicate": "管理费用", "object_type": "金额", "subject_type": "日期", "object": "7,847.15万元", "subject": "2013年度", "subject_index": {"begin": 29, "end": 35}, "object_index": {"begin": 71, "end": 81}}, {"predicate": "管理费用", "object_type": "金额", "subject_type": "日期", "object": "10,864.51万元", "subject": "2014年度", "subject_index": {"begin": 36, "end": 42}, "object_index": {"begin": 82, "end": 93}}, {"predicate": "管理费用", "object_type": "金额", "subject_type": "日期", "object": "15,065.45万元", "subject": "2015年度", "subject_index": {"begin": 43, "end": 49}, "object_index": {"begin": 94, "end": 105}}, {"predicate": "管理费用", "object_type": "金额", "subject_type": "日期", "object": "7,824.88万元", "subject": "2016年1-6月", "subject_index": {"begin": 50, "end": 59}, "object_index": {"begin": 105, "end": 115}}]}
{"text": "本公司2014年度营业税金及附加较上年度增长51.05%，增长较快，主要原因是：公司销售收入持续增长，相应需缴纳的营业税金亦增加，实际缴纳的流转税增长带动附加税费相应增长。2015年度营业税金及附加较上年增长32.68%，主要是因为公司营业税应税劳务收入较上年增加。2016年1-6月，公司营业税金及附加为624.61万元，较上年同期有所减少。", "spo_list": [{"predicate": "税金及附加", "object_type": "金额", "subject_type": "日期", "object": "624.61万元", "subject": "2016年1-6月", "subject_index": {"begin": 133, "end": 142}, "object_index": {"begin": 153, "end": 161}}]}
{"text": "2013年度、2014年度、2015年度及2016年1-6月，本公司的非经常性损益额分别为320.17万元、509.83万元、610.11万元和-45.14万元。2013年至2014年，本公司扣除非经常性损益后归属于母公司股东的净利润较上年上升，增长幅度高达53.58%。2015年，国网招标延迟使得公司营业收入的增长受到影响，拓展销售网络、增大研发投入等增加了销售费用和管理费用，公司的净利润较2014年下降30.63%，进而导致扣除非经常性损益后的归属于母公司股东的净利润较2014年下降30.03%。2016年1-6月，公司扣除非经常性损益后的归属于母公司股东的净利润较上年同期下降15.09%，主要是因为公司2016年上半年的毛利率较上年同期有所下降，且公司的营销服务团队人数较多，销售费用有所增长", "spo_list": [{"predicate": "非经常性损益", "object_type": "金额", "subject_type": "日期", "object": "320.17万元", "subject": "2013年度", "subject_index": {"begin": 0, "end": 6}, "object_index": {"begin": 45, "end": 53}}, {"predicate": "非经常性损益", "object_type": "金额", "subject_type": "日期", "object": "509.83万元", "subject": "2014年度", "subject_index": {"begin": 7, "end": 13}, "object_index": {"begin": 54, "end": 62}}, {"predicate": "非经常性损益", "object_type": "金额", "subject_type": "日期", "object": "610.11万元", "subject": "2015年度", "subject_index": {"begin": 14, "end": 20}, "object_index": {"begin": 63, "end": 71}}, {"predicate": "非经常性损益", "object_type": "金额", "subject_type": "日期", "object": "-45.14万元", "subject": "2016年1-6月", "subject_index": {"begin": 21, "end": 30}, "object_index": {"begin": 72, "end": 80}}]}
{"text": "2013年度、2014年度、2015年度及2016年1-6月，本公司经营活动现金流量净额为20,420.69万元、30,482.99万元、12,529.31万元和-8,535.65万元。公司经营活动产生的现金流量明细如下：", "spo_list": [{"predicate": "公司经营活动产生的现金流量净额", "object_type": "金额", "subject_type": "日期", "object": "20,420.69万元", "subject": "2013年度", "subject_index": {"begin": 0, "end": 6}, "object_index": {"begin": 45, "end": 56}}, {"predicate": "公司经营活动产生的现金流量净额", "object_type": "金额", "subject_type": "日期", "object": "30,482.99万元", "subject": "2014年度", "subject_index": {"begin": 7, "end": 13}, "object_index": {"begin": 57, "end": 68}}, {"predicate": "公司经营活动产生的现金流量净额", "object_type": "金额", "subject_type": "日期", "object": "12,529.31万元", "subject": "2015年度", "subject_index": {"begin": 14, "end": 20}, "object_index": {"begin": 69, "end": 80}}, {"predicate": "公司经营活动产生的现金流量净额", "object_type": "金额", "subject_type": "日期", "object": "-8,535.65万元", "subject": "2016年1-6月", "subject_index": {"begin": 21, "end": 30}, "object_index": {"begin": 81, "end": 92}}]}
{"text": "2014年度，本公司经营活动现金流量净额较上年度增长49.27%，主要是因为：公司于当年积极扩大生产经营，营业收入提高带动销售商品、提供劳务收到的现金和收到的税费返还均有所提高。2015年，本公司经营活动现金净流量较低，主要是因为（1）2015年，国网招标延迟使得经营性现金流入有所降低，以及（2）2015年集中支付上年度员工奖金，同时营销团队及子公司员工人数增加，使得支付给职工的现金流出有所增加。2016年1-6月，本公司经营活动现金净流量净额较上年同期有所下降，主要原因是：（1）公司需储备部分存货以应对国网公司下半年开标的交付需求，且部分向供电公司供应的产品将集中于第四季度进行验收交付，使得公司截至2016年6月末的存货规模较大，上述两方面因素导致公司期末存货较2015年末增长40.77%；（2）公司经营规模的扩大，使得包括应收款项、预付款项等在内的经营性应收项目较上年同期增长幅度较大；（3）公司于2016年上半年集中支付了上年度已计提但未发放的员工奖金，且在职营销服务人员基数较大，使得支付给职工以及为职工支付的现金有所增加；（4）公司于2016年6月末应交税费较上年末减少1,907.17万元。", "spo_list": [{"predicate": "应交税费", "object_type": "金额", "subject_type": "日期", "object": "1,907.17万元", "subject": "2016年6月末", "subject_index": {"begin": 477, "end": 485}, "object_index": {"begin": 495, "end": 505}}]}
{"text": "2013年度、2014年度、2015年度和2016年1-6月，本公司投资活动现金流量净额为-10,808.34万元、-28,130.13万元、-10,646.43万元和3,495.48万元。公司投资活动产生的现金流量明细如下：", "spo_list": [{"predicate": "公司投资活动产生的现金流量净额", "object_type": "金额", "subject_type": "日期", "object": "-10,808.34万元", "subject": "2013年度", "subject_index": {"begin": 0, "end": 6}, "object_index": {"begin": 45, "end": 57}}, {"predicate": "公司投资活动产生的现金流量净额", "object_type": "金额", "subject_type": "日期", "object": "-28,130.13万元", "subject": "2014年度", "subject_index": {"begin": 7, "end": 13}, "object_index": {"begin": 58, "end": 70}}, {"predicate": "公司投资活动产生的现金流量净额", "object_type": "金额", "subject_type": "日期", "object": "-10,646.43万元", "subject": "2015年度", "subject_index": {"begin": 14, "end": 20}, "object_index": {"begin": 71, "end": 83}}, {"predicate": "公司投资活动产生的现金流量净额", "object_type": "金额", "subject_type": "日期", "object": "3,495.48万元", "subject": "2016年1-6月", "subject_index": {"begin": 21, "end": 30}, "object_index": {"begin": 84, "end": 94}}]}
{"text": "2014年度，本公司投资活动现金流出净额较2013年度增长17,321.79万元，主要是因为：公司2014年度投资支付的现金中，支付理财产品金额较2013年增加162,243.00万元，造成投资支付的现金金额大幅增加；公司2014年度收回投资收到的现金中，理财产品投资收回较2013年增加143,943.00万元，上述理财商品投资活动因素使得公司2014年度投资活动现金净流出较2013年度增加18,300.00万元", "spo_list": [{"predicate": "公司投资活动产生的现金流量净额", "object_type": "金额", "subject_type": "日期", "object": "17,321.79万元", "subject": "2014年度", "subject_index": {"begin": 0, "end": 6}, "object_index": {"begin": 29, "end": 40}}]}
{"text": "2015年度，本公司投资活动现金流出净额较2014年度减少17,480.70万元，主要是因为：公司2015年购买理财产品支付的现金较2014年减少70,371.40万元；公司2015年度收回投资收到的现金中，理财产品投资收回较2014年减少18,943.00万元；公司2015年购建固定资产、无形资产和其他长期资产支付的现金增长32,730.71万元。上述理财商品投资活动和购建长期资产等因素使得公司2015年投资活动现金净流出较2014年度减少17,480.70万元。", "spo_list": [{"predicate": "公司投资活动产生的现金流量净额", "object_type": "金额", "subject_type": "日期", "object": "17,480.70万元", "subject": "2015年度", "subject_index": {"begin": 0, "end": 6}, "object_index": {"begin": 29, "end": 40}}]}
{"text": "2013年度、2014年度、2015年度和2016年1-6月，本公司筹资活动现金流量净额为-3,575.87万元、-5,750.00万元、-4,119.20万元和589.20万元。公司筹资活动产生的现金流量明细如下：", "spo_list": [{"predicate": "公司筹资活动产生的现金流量净额", "object_type": "金额", "subject_type": "日期", "object": "-3,575.87万元", "subject": "2013年度", "subject_index": {"begin": 0, "end": 6}, "object_index": {"begin": 45, "end": 56}}, {"predicate": "公司筹资活动产生的现金流量净额", "object_type": "金额", "subject_type": "日期", "object": "-5,750.00万元", "subject": "2014年度", "subject_index": {"begin": 7, "end": 13}, "object_index": {"begin": 57, "end": 68}}, {"predicate": "公司筹资活动产生的现金流量净额", "object_type": "金额", "subject_type": "日期", "object": "-4,119.20万元", "subject": "2015年度", "subject_index": {"begin": 14, "end": 20}, "object_index": {"begin": 69, "end": 80}}, {"predicate": "公司筹资活动产生的现金流量净额", "object_type": "金额", "subject_type": "日期", "object": "589.20万元", "subject": "2016年1-6月", "subject_index": {"begin": 21, "end": 30}, "object_index": {"begin": 81, "end": 89}}]}
{"text": "2014年度筹资活动产生的现金流量净额较2013年度减少了2,174.13万元，主要原因是：（1）公司在2014年上半年进行现金分红2,000.00万元；（2）公司于2014年5月进行未分配利润转增股本，公司代扣代缴个人所得税3,750.00万元。", "spo_list": [{"predicate": "公司筹资活动产生的现金流量净额", "object_type": "金额", "subject_type": "日期", "object": "2,174.13万元", "subject": "2014年度", "subject_index": {"begin": 0, "end": 6}, "object_index": {"begin": 29, "end": 39}}]}
{"text": "除2016年上半年公司支付给职工以及为职工支付的现金较上年同期增加9,197.33万元使得公司2016年1-6月的经营活动现金流量净额有所减少外，报告期内，公司现金流状况良好，2013年度、2014年度和2015年度，本公司经营活动产生的现金流量净额分别为20,420.69万元、30,482.99万元、12,529.31万元；截至2016年6月末，货币资金为8,106.85万元，且无有息债务。稳健的现金流为公司以现金方式分红提供了基础。", "spo_list": [{"predicate": "公司经营活动产生的现金流量净额", "object_type": "金额", "subject_type": "日期", "object": "20,420.69万元", "subject": "2013年度", "subject_index": {"begin": 88, "end": 94}, "object_index": {"begin": 128, "end": 139}}, {"predicate": "公司经营活动产生的现金流量净额", "object_type": "金额", "subject_type": "日期", "object": "30,482.99万元", "subject": "2014年度", "subject_index": {"begin": 95, "end": 101}, "object_index": {"begin": 140, "end": 151}}, {"predicate": "公司经营活动产生的现金流量净额", "object_type": "金额", "subject_type": "日期", "object": "12,529.31万元", "subject": "2015年度", "subject_index": {"begin": 102, "end": 108}, "object_index": {"begin": 152, "end": 163}}]}
{"text": "根据安永华明出具的《审计报告》（安永华明（2013）审字第60983715_J01号），截至2012年12月31日，鼎信通讯未分配利润12,277万元。经本公司于2013年6月14日召开的2013年第一次临时股东大会决议通过，将上述未分配利润扣除用于增资的10,817.17万元后剩余的1,459.83万元，在扣除个人所得税后，依照公司截至2012年12月31日总股本15,300万股、按各股东持股比例对股东进行现金分红。公司依法代扣代缴了前述股利分配自然人股东应缴纳的个人所得税款。", "spo_list": [{"predicate": "未分配利润", "object_type": "金额", "subject_type": "日期", "object": "12,277万元", "subject": "2012年12月31日", "subject_index": {"begin": 46, "end": 57}, "object_index": {"begin": 67, "end": 75}}]}
{"text": "根据安永华明出具的《审计报告》（安永华明（2013）审字第60983715_J02号），截至2013年6月30日，鼎信通讯未分配利润9,239万元。经本公司于2014年1月20日召开的2014年第一次临时股东大会决议通过，将上述未分配利润中的2,000万元在扣除个人所得税后、依照公司截至2013年6月30日总股本24,000万股、按各股东持股比例，全部向全体股东进行分配。公司依法代扣代缴了前述股利分配自然人股东应缴纳的个人所得税款。", "spo_list": [{"predicate": "未分配利润", "object_type": "金额", "subject_type": "日期", "object": "9,239万元", "subject": "2013年6月30日", "subject_index": {"begin": 46, "end": 56}, "object_index": {"begin": 66, "end": 73}}]}
{"text": "根据安永华明出具的《审计报告》（安永华明（2014）审字第60983715_J02号），截至2014年6月30日，鼎信通讯未分配利润14,901.72万元。经本公司于2015年1月20日召开的2015年第一次临时股东大会决议通过，将上述未分配利润中的5,000万元在扣除个人所得税后，依照公司截至2014年6月30日总股本39,000万股，按各股东持股比例，全部向全体股东进行分配。公司依法代扣代缴了前述股利分配自然人股东应缴纳的个人所得税款。", "spo_list": [{"predicate": "未分配利润", "object_type": "金额", "subject_type": "日期", "object": "14,901.72万元", "subject": "2014年6月30日", "subject_index": {"begin": 46, "end": 56}, "object_index": {"begin": 66, "end": 77}}]}
{"text": "2012年3月20日，鼎信有限召开股东会，作出关于同意公司增加注册资本4,600万元之决议；其中，以未分配利润转增资本4,500万元，以现金增资100万元；本次增资后，公司注册资本为5,100万元。", "spo_list": [{"predicate": "未分配利润", "object_type": "金额", "subject_type": "日期", "object": "4,500万元", "subject": "2012年3月20日", "subject_index": {"begin": 0, "end": 10}, "object_index": {"begin": 59, "end": 66}}]}
{"text": "截至2013年末、2014年末、2015年末和2016年6月末，本公司非流动负债分别为0、110.00万元、40.00万元和0，该等款项全部为专项应付款。2014年款项来自于青岛市市南区财政局拨付的信息产业专项资金。2015年，专项应付款项来自于青岛市科技局拨付的发展专项资金40.00万元。", "spo_list": [{"predicate": "非流动负债", "object_type": "金额", "subject_type": "日期", "object": "0", "subject": "2013年末", "subject_index": {"begin": 2, "end": 8}, "object_index": {"begin": 43, "end": 44}}, {"predicate": "非流动负债", "object_type": "金额", "subject_type": "日期", "object": "110.00万元", "subject": "2014年末", "subject_index": {"begin": 9, "end": 15}, "object_index": {"begin": 45, "end": 53}}, {"predicate": "非流动负债", "object_type": "金额", "subject_type": "日期", "object": "40.00万元", "subject": "2015年末", "subject_index": {"begin": 16, "end": 22}, "object_index": {"begin": 54, "end": 61}}, {"predicate": "非流动负债", "object_type": "金额", "subject_type": "日期", "object": "0", "subject": "2016年6月末", "subject_index": {"begin": 23, "end": 31}, "object_index": {"begin": 62, "end": 63}}, {"predicate": "应付账款", "object_type": "金额", "subject_type": "日期", "object": "40.00万元", "subject": "2015年", "subject_index": {"begin": 108, "end": 113}, "object_index": {"begin": 138, "end": 145}}]}
{"text": "2013年末、2014年末、2015年末和2016年6月末，本公司的存货周转率分别为4.89次、5.40次、3.89次和2.90次。2014年存货周转率较2013年有所上升，主要是由于本公司根据存货价值、营运资金状况、销售规模及市场需求等因素不断提升存货管理水平。2015年存货周转率水平较上年下降，主要是因为：（1）国网2015年招标延迟，第二标和第三标均集中在四季度开标，大部分订单将集中于2016年上半年交付，因此公司于2015年末储备较多存货以应对交付需求；（2）与营业收入相匹配，2015年公司营业成本与上年基本持平。2016年1-6月存货周转率水平较上年下降，主要是由于公司需储备部分存货以应对国网公司将于8月份开始的第二轮招标的交付需求，且供电公司部分产品尚未完成验收，使得公司2016年6月末的存货规模较大。", "spo_list": [{"predicate": "存货周转率", "object_type": "日期", "subject_type": "比率", "object": "2013年末", "subject": "4.89", "subject_index": {"begin": 42, "end": 46}, "object_index": {"begin": 0, "end": 6}}, {"predicate": "存货周转率", "object_type": "日期", "subject_type": "比率", "object": "2014年末", "subject": "5.40", "subject_index": {"begin": 48, "end": 52}, "object_index": {"begin": 7, "end": 13}}, {"predicate": "存货周转率", "object_type": "日期", "subject_type": "比率", "object": "2015年末", "subject": "3.89", "subject_index": {"begin": 54, "end": 58}, "object_index": {"begin": 14, "end": 20}}, {"predicate": "存货周转率", "object_type": "日期", "subject_type": "比率", "object": "2016年6月末", "subject": "2.90", "subject_index": {"begin": 60, "end": 64}, "object_index": {"begin": 21, "end": 29}}]}
{"text": "2013年度、2014年度、2015年度和2016年1-6月，公司营业毛利润分别为39,184.86万元、60,225.50万元、60,011.29万元和30,730.47万元，2013年-2015年的年均复合增长率为23.75%。同期，公司的主营业务毛利润分别为39,087.11万元、59,842.52万元、59,618.83万元和30,630.31万元，2013年-2015年的年均复合增长率为23.50%。2013年度至2014年度，本公司营业毛利润和主营业务毛利润均稳定增长。2015年受国网招标延迟影响公司营业收入、营业毛利润及主营业务毛利润较2014年基本持平。2016年上半年，受营业收入水平较上年同期大幅提升的影响，公司营业毛利润和主营业务毛利润均较上年同期实现大幅增长。", "spo_list": [{"predicate": "毛利额", "object_type": "金额", "subject_type": "日期", "object": "39,184.86万元", "subject": "2013年度", "subject_index": {"begin": 0, "end": 6}, "object_index": {"begin": 41, "end": 52}}, {"predicate": "毛利额", "object_type": "金额", "subject_type": "日期", "object": "60,225.50万元", "subject": "2014年度", "subject_index": {"begin": 7, "end": 13}, "object_index": {"begin": 53, "end": 64}}, {"predicate": "毛利额", "object_type": "金额", "subject_type": "日期", "object": "60,011.29万元", "subject": "2015年度", "subject_index": {"begin": 14, "end": 20}, "object_index": {"begin": 65, "end": 76}}, {"predicate": "毛利额", "object_type": "金额", "subject_type": "日期", "object": "30,730.47万元", "subject": "2016年1-6月", "subject_index": {"begin": 21, "end": 30}, "object_index": {"begin": 77, "end": 88}}]}
