{"text": "2009年支付的各项税费较2008年度增长5,246.96万元，增长42.62%，其中增值税增长1,606.62万元，主要原因为公司2009年销售收入较上年增长导致销项税额相应增长；企业所得税增长3,146.73万元，主要原因为当期公司、鑫瑞纸品、延边长白山开始预缴2009年度前3季度企业所得税所致；预提所得税增长535.38万元，主要原因为按照2008年1月1日开始实施的新企业所得税法，外商投资企业向外方股东分配的2008年1月1日后实现利润需要缴纳预提所得税所致。", "spo_list": [{"predicate": "应交税费", "object_type": "金额", "subject_type": "日期", "object": "5,246.96万元", "subject": "2009年", "subject_index": {"begin": 0, "end": 5}, "object_index": {"begin": 21, "end": 31}}]}
{"text": "应交税费2011年6月30日余额比2010年末增加9,054,210.67元，增加比例为34.40%，增加的主要原因是：随着2011年二季度销售收入的增长，利润总额的增加，以及所得税税率的变化，2011年6月末应交企业所得税相应增加以及子公司利润分配代扣代缴的预提所得税增加所致；应交税费2009年末余额为14,836,210.25元，2010年末余额比2009年末增加11,484,269.89元，增加比例为77.41%，增加的主要原因是：公司及子公司2009年12月份购进原材料增值税进项税额大于销项税额，从而留抵增值税税额较大所致；应交税费2008年末余额为5,518,136.87元，2009年末余额比2008年末增加9,318,073.38元，增加比例为168.86%，增加的主要原因是：公司及子公司汕头市鑫瑞纸品有限公司、延边长白山印务有限公司2008年度免征企业所得税，2009年度起开始征收企业所得税所致。", "spo_list": [{"predicate": "应交税费", "object_type": "金额", "subject_type": "日期", "object": "9,054,210.67元", "subject": "2011年6月30日", "subject_index": {"begin": 4, "end": 14}, "object_index": {"begin": 25, "end": 38}}]}
{"text": "报告期公司交易性金融资产余额投资的中国工商银行发行的理财产品，其预计年化收益率略高于同期活期银行存款利率，因此公司将短期间内闲置营运资金投资于该理财产品以获取略高于同期银行存款利息的收益。公司2008年度、2009年度、2010年度与2011年1～6月投资理财产品收益分别为62,789.03元、359,044.69元、744,639.99元与18,410.96元。", "spo_list": [{"predicate": "其他收益", "object_type": "金额", "subject_type": "日期", "object": "62,789.03元", "subject": "2008年度", "subject_index": {"begin": 96, "end": 102}, "object_index": {"begin": 137, "end": 147}}, {"predicate": "其他收益", "object_type": "金额", "subject_type": "日期", "object": "359,044.69元", "subject": "2009年度", "subject_index": {"begin": 103, "end": 109}, "object_index": {"begin": 148, "end": 159}}, {"predicate": "其他收益", "object_type": "金额", "subject_type": "日期", "object": "744,639.99元", "subject": "2010年度", "subject_index": {"begin": 110, "end": 116}, "object_index": {"begin": 160, "end": 171}}, {"predicate": "其他收益", "object_type": "金额", "subject_type": "日期", "object": "18,410.96元", "subject": "2011年1～6月", "subject_index": {"begin": 117, "end": 126}, "object_index": {"begin": 172, "end": 182}}]}
{"text": "2009年投资活动现金流量净额与2008年度相比产生的较大波动主要源于2009年末余额增加超短期理财产品投资净额9,354.64万元、当期投资汇天小额贷款1,900万元。2010年投资活动现金流量净额与2008年度相比产生较大波动的主要原因是2010年赎回超短期理财产品净额10,554.63万元。", "spo_list": [{"predicate": "公司投资活动产生的现金流量净额", "object_type": "金额", "subject_type": "日期", "object": "9,354.64万元", "subject": "2009年", "subject_index": {"begin": 0, "end": 5}, "object_index": {"begin": 56, "end": 66}}]}
{"text": "1、2010年3月28日，公司与其子公司鑫瑞纸品签订《厂房租赁合同》，鑫瑞纸品向公司承租位于汕头市潮汕路金园工业城13-02片区厂房B、E、F座用作纸品、膜品车间生产厂房和仓库，建筑面积为15,321.62平方米，租赁期自2010年4月1日至2020年3月31日止，月租金人民币18万元。", "spo_list": [{"predicate": "其他成本", "object_type": "金额", "subject_type": "日期", "object": "18万元", "subject": "2010年3月28日", "subject_index": {"begin": 2, "end": 12}, "object_index": {"begin": 139, "end": 143}}]}
{"text": "2010年支付的各项税费较2009年增长2,853.62万元，增长16.25%，其中增值税减少-1,411.33万元，主要原因为2009年末留抵的增值税1,111.51万元当期抵扣所致；企业所得税增加3,434.53万元，主要原因为一方面当期预缴的前3季度所得税税率上升，另一方面当期支付的所得税包含2009年度4季度预缴与2009年度汇算清缴补缴的所得税款；预提所得税增长598.35万元，主要原因为当期公司控股股东股权转让及股份公司设立由公司代扣代缴所致。", "spo_list": [{"predicate": "应交税费", "object_type": "金额", "subject_type": "日期", "object": "2,853.62万元", "subject": "2010年", "subject_index": {"begin": 0, "end": 5}, "object_index": {"begin": 20, "end": 30}}, {"predicate": "应交税费", "object_type": "金额", "subject_type": "日期", "object": "-1,411.33万元", "subject": "2010年", "subject_index": {"begin": 0, "end": 5}, "object_index": {"begin": 47, "end": 58}}, {"predicate": "应交税费", "object_type": "金额", "subject_type": "日期", "object": "1,111.51万元", "subject": "2009年末", "subject_index": {"begin": 64, "end": 70}, "object_index": {"begin": 76, "end": 86}}, {"predicate": "应交税费", "object_type": "金额", "subject_type": "日期", "object": "3,434.53万元", "subject": "2009年末", "subject_index": {"begin": 64, "end": 70}, "object_index": {"begin": 100, "end": 110}}, {"predicate": "应交税费", "object_type": "金额", "subject_type": "日期", "object": "598.35万元", "subject": "2009年度4季", "subject_index": {"begin": 150, "end": 158}, "object_index": {"begin": 187, "end": 195}}]}
{"text": "公司报告期内应交税费余额大幅增长，其中2009年末较2008年末增长168.86%,2010年末较2009年末增长77.41%；2011年6月末较2010年末增长34.40%。2009年末较2008年末应交税费余额增长的主要原因为2008年度是公司及下属子公司鑫瑞纸品、延边长白山享受“两免三减半”的企业所得税优惠的免税期，当期应交所得税为零；2009年为享受企业所得税“减半”的税收优惠年度，应交所得税余额相应大幅增加所致。2010年末较2009年末应交税费余额增长的主要原因为公司2009年12月销售收入低于报告期其他会计年度，在原材料采购策略未变的情况下，当月增值税销项税额小于进项税额，形成2009年末应交增值税期末留抵税额11,115,062.35元所致。2011年6月末较2010年末应缴税费余额增长的主要原因为公司本年度适用的企业所得税率由上年的11%增长为12%增加了应交企业所得税余额，本期子公司鑫瑞纸品、贵州西牛王向境外子公司香港福瑞分配利润计提的预提所得税所致。", "spo_list": [{"predicate": "应交税费", "object_type": "金额", "subject_type": "日期", "object": "11,115,062.35元", "subject": "2010年末", "subject_index": {"begin": 213, "end": 219}, "object_index": {"begin": 316, "end": 330}}]}
{"text": "公司报告期财务费用主要为银行借款的利息支出。2009年度公司财务费用较2008年度维持平稳态势，2010年度利息支出较2009年度增加917.15万元，增长68.80%，主要原因为2010年银行借款增加所致。", "spo_list": [{"predicate": "应付利息", "object_type": "金额", "subject_type": "日期", "object": "917.15万", "subject": "2010年度", "subject_index": {"begin": 48, "end": 54}, "object_index": {"begin": 67, "end": 74}}]}
{"text": "公司无形资产主要是土地使用权。截至2011年6月30日，土地使用权原值9,333.44万元，均为出让方式取得，其中2011年上半年公司下属子公司鑫瑞纸品取得土地使用权增加无形资产原值5,929.71万元；软件为ERP系统与财务系统软件，原值117.21万元。", "spo_list": [{"predicate": "无形资产", "object_type": "金额", "subject_type": "日期", "object": "5,929.71万元", "subject": "2011年", "subject_index": {"begin": 57, "end": 62}, "object_index": {"begin": 91, "end": 101}}]}
