{"text": "2014年5月8日，经公司2014年第二次临时股东大会批准，公司以截至2013年12月31日经立信审计的财务数据为依据，以公司未分配利润14,400万元、资本公积7,700万元（其中资本公积-股本溢价1,869.32万元，资本公积-其他资本公积5,830.68万元）、盈余公积金2,900万元转增股本，注册资本由12,000万元增加至37,000万元。公司发起人按持股比例认缴，增资后，公司股东持股比", "spo_list": [{"predicate": "未分配利润", "object_type": "金额", "subject_type": "日期", "object": "14,400万元", "subject": "2013年12月31日", "subject_index": {"begin": 35, "end": 46}, "object_index": {"begin": 68, "end": 76}}, {"predicate": "盈余公积", "object_type": "金额", "subject_type": "日期", "object": "2,900万元", "subject": "2013年12月31日", "subject_index": {"begin": 35, "end": 46}, "object_index": {"begin": 139, "end": 146}}]}
{"text": "2011年4月29日，投资公司向东方时尚有限支付了本次转让价款，共计4,892.63万元。", "spo_list": [{"predicate": "其他收入", "object_type": "金额", "subject_type": "日期", "object": "4,892.63万元", "subject": "2011年4月29日", "subject_index": {"begin": 0, "end": 10}, "object_index": {"begin": 34, "end": 44}}]}
{"text": "2014年未分配利润因所有者权益内部结转减少144,000,000.00元为公司2014年5月以资本公积、盈余公积和未分配利润转增股本所致。", "spo_list": [{"predicate": "未分配利润", "object_type": "金额", "subject_type": "日期", "object": "144,000,000.00元", "subject": "2014年", "subject_index": {"begin": 0, "end": 5}, "object_index": {"begin": 22, "end": 37}}]}
{"text": "2012-2015年6月末，公司货币资金余额分别为49,712.30万元、43,015.79万元、47,676.28万元和50,667.00万元，占总资产的比例分别为47.91%、30.96%、28.10%和29.02%。由于公司驾培服务和陪练服务均为先收款后提供服务，不存在赊欠情况，故公司货币资金余额较大。", "spo_list": [{"predicate": "货币资金余额", "object_type": "金额", "subject_type": "日期", "object": "49,712.30万元", "subject": "2012-2015年6月末", "subject_index": {"begin": 0, "end": 13}, "object_index": {"begin": 25, "end": 36}}, {"predicate": "货币资金余额", "object_type": "金额", "subject_type": "日期", "object": "43,015.79万元", "subject": "2012-2015年6月末", "subject_index": {"begin": 0, "end": 13}, "object_index": {"begin": 37, "end": 48}}, {"predicate": "货币资金余额", "object_type": "金额", "subject_type": "日期", "object": "47,676.28万元", "subject": "2012-2015年6月末", "subject_index": {"begin": 0, "end": 13}, "object_index": {"begin": 49, "end": 60}}, {"predicate": "货币资金余额", "object_type": "金额", "subject_type": "日期", "object": "50,667.00万元", "subject": "2012-2015年6月末", "subject_index": {"begin": 0, "end": 13}, "object_index": {"begin": 61, "end": 72}}]}
{"text": "2013年末货币资金余额较上年末减少6,696.51万元。", "spo_list": [{"predicate": "货币资金余额", "object_type": "金额", "subject_type": "日期", "object": "6,696.51万元", "subject": "2013年末", "subject_index": {"begin": 0, "end": 6}, "object_index": {"begin": 18, "end": 28}}]}
{"text": "2014年末其他非流动资产较上年末减少24,291.09万元，主要是云南东方时尚和湖北东方时尚分别取得了265亩和112亩土地使用权，以及石家庄东方时尚开工建设所致。2015年6月末其他非流动资产较2014年末增加4,717.34万元，主要是公司预付北京兴创房地产开发有限公司购房款4,080.00万元所致。", "spo_list": [{"predicate": "其他非流动资产", "object_type": "金额", "subject_type": "日期", "object": "24,291.09万元", "subject": "2014年末", "subject_index": {"begin": 0, "end": 6}, "object_index": {"begin": 19, "end": 30}}]}
{"text": "2012-2013年，公司不存在长期应付款。2014年末，公司长期应付款余额为551.21万元，为云南东方时尚按揭购买训练车辆的应付按揭贷款。2015年6月末，公司长期应付款余额为281.17万元。截至2015年6月末，公司长期应付款明细如下：", "spo_list": [{"predicate": "长期应付款", "object_type": "金额", "subject_type": "日期", "object": "551.21万元", "subject": "2014年末", "subject_index": {"begin": 22, "end": 28}, "object_index": {"begin": 39, "end": 47}}]}
{"text": "2012-2015年6月末，公司流动比率和速动比率均分别为1.17、0.82、0.75和0.81。2012-2014年，流动比率和速动比率逐年下降，主要原因是固定资产、土地投资逐年增大。", "spo_list": [{"predicate": "速动比率", "object_type": "日期", "subject_type": "比率", "object": "2012-2015年6月末", "subject": "1.17", "subject_index": {"begin": 29, "end": 33}, "object_index": {"begin": 0, "end": 13}}, {"predicate": "速动比率", "object_type": "日期", "subject_type": "比率", "object": "2012-2015年6月末", "subject": "0.82", "subject_index": {"begin": 34, "end": 38}, "object_index": {"begin": 0, "end": 13}}, {"predicate": "速动比率", "object_type": "日期", "subject_type": "比率", "object": "2012-2015年6月末", "subject": "0.75", "subject_index": {"begin": 39, "end": 43}, "object_index": {"begin": 0, "end": 13}}, {"predicate": "速动比率", "object_type": "日期", "subject_type": "比率", "object": "2012-2015年6月末", "subject": "0.81", "subject_index": {"begin": 44, "end": 48}, "object_index": {"begin": 0, "end": 13}}]}
{"text": "2014年，云南东方时尚招生6,904人，确认销售收入1,352.67万元，石家庄东方时尚招生1,844人，确认销售收入185.37万元。2015年1-6月，云南东方时尚招生8,010人，确认销售收入5,049.78万元。石家庄东方时尚招生3,618人，确认销售收入631.06万元。", "spo_list": [{"predicate": "销售费用", "object_type": "金额", "subject_type": "日期", "object": "1,352.67万元", "subject": "2014年", "subject_index": {"begin": 0, "end": 5}, "object_index": {"begin": 27, "end": 37}}]}
{"text": "如上表所示，2013年和2014年主营业务成本中人工成本较上年增加6,783.96万元和11,818.74万元，其中因员工人数增加使得成本分别增加3,968.84万元和5,468.68万元，因薪资水平变动使得成本分别增加2,815.12万元和6,350.05万元。", "spo_list": [{"predicate": "主营业务成本", "object_type": "金额", "subject_type": "日期", "object": "6,783.96万元", "subject": "2013年", "subject_index": {"begin": 6, "end": 11}, "object_index": {"begin": 33, "end": 43}}, {"predicate": "主营业务成本", "object_type": "金额", "subject_type": "日期", "object": "11,818.74万元", "subject": "2014年", "subject_index": {"begin": 12, "end": 17}, "object_index": {"begin": 44, "end": 55}}]}
{"text": "2012年，公司原计划建设的会馆不再建设，将与会馆相对应部分的递延收益32,800,501.21元结转至资本公积，主要也是基于谨慎性原则，及《企业会计准则解释第3号》规定，符合《企业会计准则》的规定。", "spo_list": [{"predicate": "递延所得税资产", "object_type": "金额", "subject_type": "日期", "object": "32,800,501.21元", "subject": "2012年", "subject_index": {"begin": 0, "end": 5}, "object_index": {"begin": 35, "end": 49}}]}
{"text": "报告期各期，公司营业外支出分别为545.79万元、348.36万元、441.20万元和365.13万元。其中2012年营业外支出主要是公司向北京光彩教育基金会的公益性捐赠500.00万元；2013年、2014年及2015年1-6月营业外支出主要是公司向京安基金的公益性捐赠，各捐赠金额均为300.00万元", "spo_list": [{"predicate": "营业外支出", "object_type": "金额", "subject_type": "日期", "object": "500.00万元", "subject": "2012年", "subject_index": {"begin": 54, "end": 59}, "object_index": {"begin": 85, "end": 93}}, {"predicate": "营业外支出", "object_type": "金额", "subject_type": "日期", "object": "300.00万元", "subject": "2013年、2014年及2015年1-6月", "subject_index": {"begin": 94, "end": 115}, "object_index": {"begin": 144, "end": 152}}]}
{"text": "2012年，筹资活动产生的现金流量净额为-8,280.00万元，主要是：（1）子公司云南东方时尚收到昆明都市车迷汽车服务有限公司出资款3,920.00万元；（2）子公司湖北东方时尚收到股东武汉博儒科技有限公司出资款1,000.00万元；（3）向股东分配股利13,200.00万元。", "spo_list": [{"predicate": "公司筹资活动产生的现金流量净额", "object_type": "金额", "subject_type": "日期", "object": "-8,280.00万元", "subject": "2012年", "subject_index": {"begin": 0, "end": 5}, "object_index": {"begin": 20, "end": 31}}]}
{"text": "2013年，筹资活动产生的现金流量净额为-2,503.86万元，主要是：（1）子公司湖北东方时尚收到股东武汉博儒科技有限公司出资款1,200.00万元；（2）子公司云南东方时尚取得借款8,520.94万元；（3）向股东分配股利13,200.00万元。", "spo_list": [{"predicate": "公司筹资活动产生的现金流量净额", "object_type": "金额", "subject_type": "日期", "object": "-2,503.86万元", "subject": "2013年", "subject_index": {"begin": 0, "end": 5}, "object_index": {"begin": 20, "end": 31}}]}
{"text": "2014年，筹资活动产生的现金流量净额为-11,323.36万元，主要是：（1）子公司云南东方时尚取得借款12,610.89万元；（2）子公司湖北东方时尚收到股东武汉博儒科技出资款4,000.00万元；（3）偿还债务支付了现金5,753.87万元；（4）向股东分配股利21,250.00万元。", "spo_list": [{"predicate": "公司筹资活动产生的现金流量净额", "object_type": "金额", "subject_type": "日期", "object": "-11,323.36万元", "subject": "2014年", "subject_index": {"begin": 0, "end": 5}, "object_index": {"begin": 20, "end": 32}}]}
{"text": "2015年1-6月公司广告宣传费为1,736.49万元。", "spo_list": [{"predicate": "其他成本", "object_type": "金额", "subject_type": "日期", "object": "1,736.49万元", "subject": "2015年1-6月", "subject_index": {"begin": 0, "end": 9}, "object_index": {"begin": 17, "end": 27}}]}
{"text": "2012年-2014年，公司员工介绍费分别为551.09万元、722.03万元和582.93万元。2014年4月之前，员工介绍费是公司为鼓励员工向公司介绍学员，根据介绍学员的数量和学员报名班型计发的介绍费；2014年4月后，为检验员工对公司的认可程度，公司取消了上述标准的员工介绍费，但仍统计每位员工的学员介绍量，年末再根据员工的介绍量给予奖励。员工介绍费涉及的个人所得税已由公司缴纳。", "spo_list": [{"predicate": "其他成本", "object_type": "金额", "subject_type": "日期", "object": "551.09万元", "subject": "2012年-2014年", "subject_index": {"begin": 0, "end": 11}, "object_index": {"begin": 22, "end": 30}}, {"predicate": "其他成本", "object_type": "金额", "subject_type": "日期", "object": "722.03万元", "subject": "2012年-2014年", "subject_index": {"begin": 0, "end": 11}, "object_index": {"begin": 31, "end": 39}}, {"predicate": "其他成本", "object_type": "金额", "subject_type": "日期", "object": "582.93万元", "subject": "2012年-2014年", "subject_index": {"begin": 0, "end": 11}, "object_index": {"begin": 40, "end": 48}}]}
{"text": "2015年1-6月，筹资活动产生的现金流量净额为-9,273.59万元，主要是:（1）分配股利和偿付利息共计支付现金8,951.51万元；（2）偿还债务支付的现金1,322.08万元。", "spo_list": [{"predicate": "应付利息", "object_type": "金额", "subject_type": "日期", "object": "8,951.51万元", "subject": "2015年1-6月", "subject_index": {"begin": 0, "end": 9}, "object_index": {"begin": 58, "end": 68}}]}
{"text": "2014年5月8日，公司以截至2013年12月31日经立信审计的财务数据为依据，以公司未分配利润14,400万元、资本公积7,700万元、盈余公积金2,900万元转增股本，注册资本由12,000万元增加至37,000万元。立信出具信会师报字[2014]第210974号验资报告，对本次转增股本出资进行了验证。", "spo_list": [{"predicate": "未分配利润", "object_type": "金额", "subject_type": "日期", "object": "14,400万元", "subject": "2013年12月31日", "subject_index": {"begin": 15, "end": 26}, "object_index": {"begin": 48, "end": 56}}, {"predicate": "盈余公积", "object_type": "金额", "subject_type": "日期", "object": "2,900万元", "subject": "2013年12月31日", "subject_index": {"begin": 15, "end": 26}, "object_index": {"begin": 74, "end": 81}}]}
{"text": "根据北京北方亚事资产评估有限责任公司2009年11月8日出具的北方亚事评报字【2009】第135号《北京市东方时尚机动车驾驶学校资产评估报告书》，评估范围为京安艺校285辆车，以2009年7月31日为评估基准日，采用重置成本法，本次收购资产的账面价值432.57万元，调整后账面价值432.57万元，评估价值429.04万元，评估增值-3.53万元。", "spo_list": [{"predicate": "净资产评估值", "object_type": "金额", "subject_type": "日期", "object": "429.04万元", "subject": "009年7月31日", "subject_index": {"begin": 90, "end": 99}, "object_index": {"begin": 154, "end": 162}}, {"predicate": "净资产评估值", "object_type": "金额", "subject_type": "日期", "object": "-3.53万元", "subject": "009年7月31日", "subject_index": {"begin": 90, "end": 99}, "object_index": {"begin": 167, "end": 174}}]}
{"text": "2014年5月8日，公司以截至2013年12月31日经立信审计的财务数据为依据，以公司未分配利润14,400万元、资本公积7,700万元、盈余公积金2,900万元转增股本，注册资本由12,000万元增加至37,000万元。立信出具信会师报字[2014]第210974号验资报告，对本次转增股本出资进行了验证。", "spo_list": [{"predicate": "未分配利润", "object_type": "金额", "subject_type": "日期", "object": "14,400万元", "subject": "2014年5月8日", "subject_index": {"begin": 0, "end": 9}, "object_index": {"begin": 48, "end": 56}}, {"predicate": "盈余公积", "object_type": "金额", "subject_type": "日期", "object": "2,900万元", "subject": "2014年5月8日", "subject_index": {"begin": 0, "end": 9}, "object_index": {"begin": 74, "end": 81}}]}
{"text": "2014年末货币资金余额较上年末增加4,660.49万元，主要原因是2014年报名人数大幅增长，业务规模扩大，使得销售收款较2013年有所增加。同时，2014年资本性支出小于2013年，导致期末货币资金余额有所上升。", "spo_list": [{"predicate": "货币资金余额", "object_type": "金额", "subject_type": "日期", "object": "4,660.49万元", "subject": "2014年末", "subject_index": {"begin": 0, "end": 6}, "object_index": {"begin": 18, "end": 28}}]}
{"text": "2014年末，公司一年内到期的非流动负债余额为1,095.74万元，主要为一年内到期的云南东方时尚按揭购买训练车辆的应付按揭贷款。2015年6月末，公司一年内到期的非流动负债余额为880.96万元，主要为一年内到期的云南东方时尚按揭购买训练车辆的应付按揭贷款", "spo_list": [{"predicate": "非流动负债", "object_type": "金额", "subject_type": "日期", "object": "1,095.74万元", "subject": "2014年末", "subject_index": {"begin": 0, "end": 6}, "object_index": {"begin": 23, "end": 33}}, {"predicate": "非流动负债", "object_type": "金额", "subject_type": "日期", "object": "880.96万元", "subject": "2015年6月末，", "subject_index": {"begin": 65, "end": 74}, "object_index": {"begin": 90, "end": 98}}]}
{"text": "2013年度和2014年度，公司驾培服务收入分别较上年增加26,010.02万元和32,710.63万元，增长37.86%和34.53%。2015年1-6月，驾培服务收入已达65,817.74万元，驾培服务收入快速增长的主要原因如下：", "spo_list": [{"predicate": "其他收入", "object_type": "金额", "subject_type": "日期", "object": "32,710.63万元", "subject": "2014年度", "subject_index": {"begin": 7, "end": 13}, "object_index": {"begin": 41, "end": 52}}, {"predicate": "其他收入", "object_type": "金额", "subject_type": "日期", "object": "26,010.02万元", "subject": "2013年度", "subject_index": {"begin": 0, "end": 6}, "object_index": {"begin": 29, "end": 40}}, {"predicate": "其他收入", "object_type": "金额", "subject_type": "日期", "object": "65,817.74万元", "subject": "2015年1-6月", "subject_index": {"begin": 69, "end": 78}, "object_index": {"begin": 87, "end": 98}}]}
{"text": "公司营业毛利主要由主营业务毛利构成，报告期内占比均在99%以上，其他业务毛利占比较小。2012-2014年，主营业务毛利逐年上升，由2012年的43,112.43万元提高到2014年的75,924.95万元，2015年1-6月毛利为38,026.67万元，保持了良好的增长势头。其中，公司主营业务毛利主要来源于驾培服务，报告期内驾培服务毛利占公司主营业务毛利总额的比例均在99%以上。", "spo_list": [{"predicate": "毛利额", "object_type": "金额", "subject_type": "日期", "object": "75,924.95万元", "subject": "2012-2014年", "subject_index": {"begin": 43, "end": 53}, "object_index": {"begin": 92, "end": 103}}, {"predicate": "毛利额", "object_type": "金额", "subject_type": "日期", "object": "38,026.67万元", "subject": "2015年1-6月", "subject_index": {"begin": 104, "end": 113}, "object_index": {"begin": 116, "end": 127}}]}
{"text": "2013年，公司的场地维护费金额较大，主要原因是该年房屋建筑及考试场地维护费用较高。公司一般在下半年对驾校园区进行整体维护，上半年场地维护费一般较低，2013年上半年和2014年上半年公司场地维护费分别为360.76万元及270.50万元。", "spo_list": [{"predicate": "其他成本", "object_type": "金额", "subject_type": "日期", "object": "360.76万元", "subject": "2013年", "subject_index": {"begin": 75, "end": 80}, "object_index": {"begin": 102, "end": 110}}, {"predicate": "其他成本", "object_type": "金额", "subject_type": "日期", "object": "270.50万元", "subject": "2014年", "subject_index": {"begin": 84, "end": 89}, "object_index": {"begin": 111, "end": 119}}]}
{"text": "2013年公司承担北京市科技计划课题——电动教练车示范应用，公司共计取得北京市科学技术委员会发放的电动教练车开发及示范应用补贴款500.00万元，计入递延收益。2015年3月该项目已通过验收，结转至营业外收入。", "spo_list": [{"predicate": "其他成本", "object_type": "金额", "subject_type": "日期", "object": "500.00万元", "subject": "2013年", "subject_index": {"begin": 0, "end": 5}, "object_index": {"begin": 64, "end": 72}}]}
{"text": "2012年收回投资收到的现金48,210.41万元和投资支付的现金34,000.00万元主要是公司当年收回了2011年进行的一期委托理财14,000.00万元，进行了两期委托理财合计34,000万元并全部收回，三期理财的投资收益合计为210.41万元；公司购建固定资产、无形资产和其他长期资产支付的现金12,952.99万元主要是公司购买车辆，新建西区设施和云南东方时尚场地建设所支付的费用。", "spo_list": [{"predicate": "其他收入", "object_type": "金额", "subject_type": "日期", "object": "48,210.41万元", "subject": "2012年", "subject_index": {"begin": 0, "end": 5}, "object_index": {"begin": 14, "end": 25}}, {"predicate": "其他收入", "object_type": "金额", "subject_type": "日期", "object": "34,000.00万元", "subject": "2012年", "subject_index": {"begin": 0, "end": 5}, "object_index": {"begin": 33, "end": 44}}, {"predicate": "其他收入", "object_type": "金额", "subject_type": "日期", "object": "14,000.00万元", "subject": "2011年", "subject_index": {"begin": 54, "end": 59}, "object_index": {"begin": 68, "end": 79}}, {"predicate": "其他收入", "object_type": "金额", "subject_type": "日期", "object": "34,000万元", "subject": "2011年", "subject_index": {"begin": 54, "end": 59}, "object_index": {"begin": 91, "end": 99}}, {"predicate": "其他收入", "object_type": "金额", "subject_type": "日期", "object": "210.41万元", "subject": "2011年", "subject_index": {"begin": 54, "end": 59}, "object_index": {"begin": 117, "end": 125}}, {"predicate": "其他收入", "object_type": "金额", "subject_type": "日期", "object": "12,952.99万元", "subject": "2011年", "subject_index": {"begin": 54, "end": 59}, "object_index": {"begin": 151, "end": 162}}]}
