{"text": "根据发行人与上海普康药业有限公司（池正明曾持有其25.32%的股权并担任其董事，池正明已于2018年9月将其持有的全部股权转让予无关联关系的第三方且不再担任董事，以下简称“普康药业”）于2017年至2019年签订的《购销合同》、《销售合同》，发行人向普康药业销售氧氟沙星等产品。发行人2017年度至2019年度向上海普康药业有限公司销售的产品金额分别为87,179.49元、187,500.00元及165,929.20元。", "spo_list": [{"predicate": "销售费用", "object_type": "金额", "subject_type": "日期", "object": "87,179.49元", "subject": "2017年度至2019年度", "subject_index": {"begin": 142, "end": 155}, "object_index": {"begin": 176, "end": 186}}, {"predicate": "销售费用", "object_type": "金额", "subject_type": "日期", "object": "187,500.00元", "subject": "2017年度至2019年度", "subject_index": {"begin": 142, "end": 155}, "object_index": {"begin": 187, "end": 198}}, {"predicate": "销售费用", "object_type": "金额", "subject_type": "日期", "object": "165,929.20元", "subject": "2017年度至2019年度", "subject_index": {"begin": 142, "end": 155}, "object_index": {"begin": 199, "end": 210}}]}
{"text": "截至2020年6月30日，公司无形资产的账面原值为6,208.95万元，累计摊销金额为1,481.59万元，账面价值为4,727.36万元，具体情况如下表所示：", "spo_list": [{"predicate": "无形资产", "object_type": "金额", "subject_type": "日期", "object": "6,208.95万元", "subject": "2020年6月30日", "subject_index": {"begin": 2, "end": 12}, "object_index": {"begin": 25, "end": 35}}]}
{"text": "截至2020年6月30日，公司的应付票据余额为6,078.41万元，均为银行承兑汇票。", "spo_list": [{"predicate": "应付票据", "object_type": "金额", "subject_type": "日期", "object": "6,078.41万元", "subject": "2020年6月30日", "subject_index": {"begin": 2, "end": 12}, "object_index": {"begin": 23, "end": 33}}]}
{"text": "截至2020年6月30日，公司的应交税费余额为2,550.00万元，具体构成情况如下表所示", "spo_list": [{"predicate": "应交税费", "object_type": "金额", "subject_type": "日期", "object": "2,550.00万元", "subject": "2020年6月30日", "subject_index": {"begin": 2, "end": 12}, "object_index": {"begin": 23, "end": 33}}]}
{"text": "截至2020年6月30日，公司的递延收益余额为1,853.01万元，主要系收到的与资产相关的政府补助，具体情况见本招股说明书“第十一节管理层讨论与分析”之“一、财务状况分析”之“（二）负债构成及变化情况分析”。", "spo_list": [{"predicate": "递延所得税资产", "object_type": "金额", "subject_type": "日期", "object": "1,853.01万元", "subject": "2020年6月30日", "subject_index": {"begin": 2, "end": 12}, "object_index": {"begin": 23, "end": 33}}]}
{"text": "2017年末、2018年末、2019年末和2020年6月末，公司货币资金余额分别为18,946.60万元、11,197.15万元、13,322.71万元和16,813.97万元，占各期末流动资产的比例分别为32.17%、20.99%、25.13%和26.81%。", "spo_list": [{"predicate": "货币资金余额", "object_type": "金额", "subject_type": "日期", "object": "18,946.60万元", "subject": "2017年末", "subject_index": {"begin": 0, "end": 6}, "object_index": {"begin": 41, "end": 52}}, {"predicate": "货币资金余额", "object_type": "金额", "subject_type": "日期", "object": "11,197.15万元", "subject": "2018年末", "subject_index": {"begin": 7, "end": 13}, "object_index": {"begin": 53, "end": 64}}, {"predicate": "货币资金余额", "object_type": "金额", "subject_type": "日期", "object": "13,322.71万元", "subject": "2019年末", "subject_index": {"begin": 14, "end": 20}, "object_index": {"begin": 65, "end": 76}}, {"predicate": "货币资金余额", "object_type": "金额", "subject_type": "日期", "object": "16,813.97万元", "subject": "2020年6月末", "subject_index": {"begin": 21, "end": 29}, "object_index": {"begin": 77, "end": 88}}]}
{"text": "综上所述，截至2020年6月末，公司已按应收款项坏账准备政策足额计提坏账准备966.96万元，坏账准备计提充分。", "spo_list": [{"predicate": "坏账准备", "object_type": "金额", "subject_type": "日期", "object": "966.96万元", "subject": "2020年6月末", "subject_index": {"begin": 7, "end": 15}, "object_index": {"begin": 38, "end": 46}}]}
{"text": "2017年末、2018年末、2019年末和2020年6月末，公司预付款项金额分别为307.02万元、507.07万元、362.93万元和605.73万元，占各期末流动资产的比例分别为0.52%、0.95%、0.68%和0.97%，占流动资产的比例较低。报告期各期末，账龄一年以内的预付款项占全部预付款项的比例均在90.00%以上，账龄结构合理，预付款项形成坏账的风险较小。", "spo_list": [{"predicate": "预付款项", "object_type": "金额", "subject_type": "日期", "object": "307.02万元", "subject": "2017年末", "subject_index": {"begin": 0, "end": 6}, "object_index": {"begin": 41, "end": 49}}, {"predicate": "预付款项", "object_type": "金额", "subject_type": "日期", "object": "507.07万元", "subject": "2018年末", "subject_index": {"begin": 7, "end": 13}, "object_index": {"begin": 50, "end": 58}}, {"predicate": "预付款项", "object_type": "金额", "subject_type": "日期", "object": "362.93万元", "subject": "2019年末", "subject_index": {"begin": 14, "end": 20}, "object_index": {"begin": 59, "end": 67}}, {"predicate": "预付款项", "object_type": "金额", "subject_type": "日期", "object": "605.73万元", "subject": "2020年6月末", "subject_index": {"begin": 21, "end": 29}, "object_index": {"begin": 68, "end": 76}}]}
{"text": "2019年末预付款项账面余额较上年末减少了144.13万元，减少了28.43%，主要材料预付款减少所致。", "spo_list": [{"predicate": "预付款项", "object_type": "金额", "subject_type": "日期", "object": "144.13万元", "subject": "2019年末", "subject_index": {"begin": 0, "end": 6}, "object_index": {"begin": 21, "end": 29}}]}
{"text": "公司其他应收款坏账准备按账龄组合进行计提，单项其他应收账款经减值测试后，未发现减值迹象的，将其划入具有类似信用风险特征的账龄组合计提坏账准备。截至2020年6月末，其他应收款账面余额中账龄一年以内的占比79.65%，质量良好，坏账准备余额为29.04万元，不存在重大回收性问题。", "spo_list": [{"predicate": "坏账准备", "object_type": "金额", "subject_type": "日期", "object": "29.04万元", "subject": "2020年6月末", "subject_index": {"begin": 73, "end": 81}, "object_index": {"begin": 120, "end": 127}}]}
{"text": "2017年末、2018年末、2019年末和2020年6月末，公司其他流动资产的金额分别为1,032.33万元、115.84万元、21.53万元和0.00万元，占各期末流动资产的比例分别为1.75%、0.22%、0.04%和0.00%，", "spo_list": [{"predicate": "其他流动资产", "object_type": "金额", "subject_type": "日期", "object": "1,032.33万元", "subject": "2017年末", "subject_index": {"begin": 0, "end": 6}, "object_index": {"begin": 44, "end": 54}}, {"predicate": "其他流动资产", "object_type": "金额", "subject_type": "日期", "object": "115.84万元", "subject": "2018年末", "subject_index": {"begin": 7, "end": 13}, "object_index": {"begin": 55, "end": 63}}, {"predicate": "其他流动资产", "object_type": "金额", "subject_type": "日期", "object": "21.53万元", "subject": "2019年末", "subject_index": {"begin": 14, "end": 20}, "object_index": {"begin": 64, "end": 71}}, {"predicate": "其他流动资产", "object_type": "金额", "subject_type": "日期", "object": "0.00万元", "subject": "2020年6月末", "subject_index": {"begin": 21, "end": 29}, "object_index": {"begin": 72, "end": 78}}]}
{"text": "2019年末在建工程余额较上年末增加105.85万元，较上年末增加7.03%，主要是子公司东邦药业投入建设募投项目以及工程物资有所增加所致。", "spo_list": [{"predicate": "在建工程账面价值", "object_type": "金额", "subject_type": "日期", "object": "105.85万元", "subject": "2019年末", "subject_index": {"begin": 0, "end": 6}, "object_index": {"begin": 18, "end": 26}}]}
{"text": "2020年6月末在建工程余额较上年末增加856.97万元，较上年末增加53.16%，主要是子公司东邦药业投入建设募投项目及车间提升改造工程所致。", "spo_list": [{"predicate": "在建工程账面价值", "object_type": "金额", "subject_type": "日期", "object": "856.97万元", "subject": "2020年6月末", "subject_index": {"begin": 0, "end": 8}, "object_index": {"begin": 20, "end": 28}}]}
{"text": "2017年末、2018年末、2019年末和2020年6月末，公司长期待摊费用分别为137.43万元、170.19万元、207.81万元和176.89万元，占同期总资产的比重分别为0.12%、0.16%、0.19%和0.15%。公司长期待摊费用主要为排污权有偿使用费，按照排污许可证日期在期限内摊销，截至2020年6月末排污权有偿使用费余额为110.31万元，占长期待摊费用的比例为62.36%；其余长期待摊费用主要为软件服务费、数据库使用费等，按合同约定在合同期限内摊销。", "spo_list": [{"predicate": "长期待摊费用", "object_type": "金额", "subject_type": "日期", "object": "137.43万元", "subject": "2017年末", "subject_index": {"begin": 0, "end": 6}, "object_index": {"begin": 41, "end": 49}}, {"predicate": "长期待摊费用", "object_type": "金额", "subject_type": "日期", "object": "170.19万元", "subject": "2018年末", "subject_index": {"begin": 7, "end": 13}, "object_index": {"begin": 50, "end": 58}}, {"predicate": "长期待摊费用", "object_type": "金额", "subject_type": "日期", "object": "207.81万元", "subject": "2019年末", "subject_index": {"begin": 14, "end": 20}, "object_index": {"begin": 59, "end": 67}}, {"predicate": "长期待摊费用", "object_type": "金额", "subject_type": "日期", "object": "176.89万元", "subject": "2020年6月末", "subject_index": {"begin": 21, "end": 29}, "object_index": {"begin": 68, "end": 76}}]}
{"text": "报告期各期末，公司负债结构相对稳定，以流动负债为主，2017年末、2018年末、2019年末和2020年6月末，公司流动负债金额分别为50,004.12万元、35,644.05万元、22,579.35万元和25,875.11万元，占负债总额的比例分别为93.71%、93.10%、87.33%和89.69%。2017-2019年，流动负债金额呈逐年下降趋势，2018年末和2019年末分别较上年末同期减少14,360.07万元和13,064.70万元，主要系2017年10月增资扩股引入股权融资资金后偿还了银行借款，各期末公司有息负债规模呈下降趋势；2020年6月末，受疫情影响2020年二季度生产任务较为集中，原材料采购较多，期末应付票据较2019年末增加3,023.41万元，导致流动负债规模有所上升。", "spo_list": [{"predicate": "流动负债", "object_type": "金额", "subject_type": "日期", "object": "50,004.12万元", "subject": "2017年末", "subject_index": {"begin": 26, "end": 32}, "object_index": {"begin": 67, "end": 78}}, {"predicate": "流动负债", "object_type": "金额", "subject_type": "日期", "object": "35,644.05万元", "subject": "2018年末", "subject_index": {"begin": 33, "end": 39}, "object_index": {"begin": 79, "end": 90}}, {"predicate": "流动负债", "object_type": "金额", "subject_type": "日期", "object": "22,579.35万元", "subject": "2019年末", "subject_index": {"begin": 40, "end": 46}, "object_index": {"begin": 91, "end": 102}}, {"predicate": "流动负债", "object_type": "金额", "subject_type": "日期", "object": "25,875.11万元", "subject": "2020年6月末", "subject_index": {"begin": 47, "end": 55}, "object_index": {"begin": 103, "end": 114}}]}
{"text": "报告期内，公司应付账款主要为应付供应商材料款、燃料动力款或工程建设款，2017年末、2018年末、2019年末和2020年6月末，公司应付账款余额分别为15,204.09万元、14,953.57万元、14,325.66万元和13,663.63万元，占同期流动负债的比例分别为30.41%、41.95%、63.45%和52.81%。报告期各期末应付账款余额及账龄情况如下表所示：", "spo_list": [{"predicate": "应付账款", "object_type": "金额", "subject_type": "日期", "object": "15,204.09万元", "subject": "2017年末", "subject_index": {"begin": 35, "end": 41}, "object_index": {"begin": 76, "end": 87}}, {"predicate": "应付账款", "object_type": "金额", "subject_type": "日期", "object": "14,953.57万元", "subject": "2018年末", "subject_index": {"begin": 42, "end": 48}, "object_index": {"begin": 88, "end": 99}}, {"predicate": "应付账款", "object_type": "金额", "subject_type": "日期", "object": "14,325.66万元", "subject": "2019年末", "subject_index": {"begin": 49, "end": 55}, "object_index": {"begin": 100, "end": 111}}, {"predicate": "应付账款", "object_type": "金额", "subject_type": "日期", "object": "13,663.63万元", "subject": "2020年6月末", "subject_index": {"begin": 56, "end": 64}, "object_index": {"begin": 112, "end": 123}}]}
{"text": "公司严格按照税法规定计提缴纳各项税费，应缴税费主要包括增值税、所得税、城市维护建设税和土地使用税等。2017年末、2018年末、2019年末和2020年6月末，公司应交税费金额分别为1,041.08万元、795.79万元、376.62万元和2,550.00万元，占各期末流动负债的比例分别为2.08%、2.23%、1.67%和9.86%。", "spo_list": [{"predicate": "应交税费", "object_type": "金额", "subject_type": "日期", "object": "1,041.08万元", "subject": "2017年末", "subject_index": {"begin": 50, "end": 56}, "object_index": {"begin": 91, "end": 101}}, {"predicate": "应交税费", "object_type": "金额", "subject_type": "日期", "object": "795.79万元", "subject": "2018年末", "subject_index": {"begin": 57, "end": 63}, "object_index": {"begin": 102, "end": 110}}, {"predicate": "应交税费", "object_type": "金额", "subject_type": "日期", "object": "376.62万元", "subject": "2019年末", "subject_index": {"begin": 64, "end": 70}, "object_index": {"begin": 111, "end": 119}}, {"predicate": "应交税费", "object_type": "金额", "subject_type": "日期", "object": "2,550.00万元", "subject": "2020年6月末", "subject_index": {"begin": 71, "end": 79}, "object_index": {"begin": 120, "end": 130}}]}
{"text": "2017年末、2018年末、2019年末和2020年6月末，公司非流动负债分别为3,359.04万元、2,643.54万元、3,275.93万元和2,973.97万元，占同期负债总额的比重分别为6.29%、6.90%、12.67%和10.31%。", "spo_list": [{"predicate": "非流动负债", "object_type": "金额", "subject_type": "日期", "object": "3,359.04万元", "subject": "2017年末", "subject_index": {"begin": 0, "end": 6}, "object_index": {"begin": 40, "end": 50}}, {"predicate": "非流动负债", "object_type": "金额", "subject_type": "日期", "object": "2,643.54万元", "subject": "2018年末", "subject_index": {"begin": 7, "end": 13}, "object_index": {"begin": 51, "end": 61}}, {"predicate": "非流动负债", "object_type": "金额", "subject_type": "日期", "object": "3,275.93万元", "subject": "2019年末", "subject_index": {"begin": 14, "end": 20}, "object_index": {"begin": 62, "end": 72}}, {"predicate": "非流动负债", "object_type": "金额", "subject_type": "日期", "object": "2,973.97万元", "subject": "2020年6月末", "subject_index": {"begin": 21, "end": 29}, "object_index": {"begin": 73, "end": 83}}]}
{"text": "截至2020年6月末，公司长期借款为自中国工商银行股份有限公司台州分行借入的募投项目预先投入所需的固定资产专项贷款1,000万元和相应的未到期应付利息1.45万元。该项固定资产专项贷款的借款额度为5,000万元，可根据实际用款需求多次提款。截至2020年6月末，公司使用额度为1,000万元，具体如下：", "spo_list": [{"predicate": "应付利息", "object_type": "金额", "subject_type": "日期", "object": "1.45万元", "subject": "2020年6月末", "subject_index": {"begin": 2, "end": 10}, "object_index": {"begin": 75, "end": 81}}]}
{"text": "从长期偿债指标来看，报告期内公司不断改善资产负债结构，资产负债率呈逐年下降趋势。2017年末、2018年末、2019年末和2020年6月末，公司息税折旧摊销前利润分别为14,395.76万元、19,392.57万元、25,867.90万元和13,094.02万元，利息保障倍数分别为4.89倍、17.81倍、56.06倍和162.44倍，总体处于较高水平且逐年增加，可以足额偿还贷款利息，对到期债务具有较强的保障程度。", "spo_list": [{"predicate": "息税折旧摊销前利润", "object_type": "金额", "subject_type": "日期", "object": "14,395.76万元", "subject": "2017年末", "subject_index": {"begin": 40, "end": 46}, "object_index": {"begin": 84, "end": 95}}, {"predicate": "息税折旧摊销前利润", "object_type": "金额", "subject_type": "日期", "object": "19,392.57万元", "subject": "2018年末", "subject_index": {"begin": 47, "end": 53}, "object_index": {"begin": 96, "end": 107}}, {"predicate": "息税折旧摊销前利润", "object_type": "金额", "subject_type": "日期", "object": "25,867.90万元", "subject": "2019年末", "subject_index": {"begin": 54, "end": 60}, "object_index": {"begin": 108, "end": 119}}, {"predicate": "息税折旧摊销前利润", "object_type": "金额", "subject_type": "日期", "object": "13,094.02万元", "subject": "2020年6月末", "subject_index": {"begin": 61, "end": 69}, "object_index": {"begin": 120, "end": 131}}]}
{"text": "2017年度、2018年度、2019年度和2020年1-6月，公司四项费用合计金额分别为14,168.22万元、14,043.69万元、15,199.97万元和8,281.46万元，占同期营业收入的比例分别为19.44%、16.39%、15.38%和16.34%。随着收入增长和财务费用降低，2018年度、2019年度、2020年1-6月公司期间费用率较2017年度有所下降。", "spo_list": [{"predicate": "其他收益", "object_type": "金额", "subject_type": "日期", "object": "14,168.22万元", "subject": "2017年度", "subject_index": {"begin": 0, "end": 6}, "object_index": {"begin": 44, "end": 55}}, {"predicate": "其他收益", "object_type": "金额", "subject_type": "日期", "object": "14,043.69万元", "subject": "2018年度", "subject_index": {"begin": 7, "end": 13}, "object_index": {"begin": 56, "end": 67}}, {"predicate": "其他收益", "object_type": "金额", "subject_type": "日期", "object": "15,199.97万元", "subject": "2019年度", "subject_index": {"begin": 14, "end": 20}, "object_index": {"begin": 68, "end": 79}}, {"predicate": "其他收益", "object_type": "金额", "subject_type": "日期", "object": "8,281.46万元", "subject": "2020年1-6月", "subject_index": {"begin": 21, "end": 30}, "object_index": {"begin": 80, "end": 90}}]}
{"text": "2017年度、2018年度、2019年度和2020年1-6月，公司管理费用的金额分别为8,300.04万元、8,809.46万元、10,096.91万元和5,818.29万元，占营业收入的比例分别为11.39%、10.28%、10.22%和11.48%。公司管理费用主要包括职工薪酬、折旧及摊销、办公费和停工损失，上述项目合计金额占管理费用的比例分别为84.37%、80.28%、80.13%和85.14%。", "spo_list": [{"predicate": "管理费用", "object_type": "金额", "subject_type": "日期", "object": "8,300.04万元", "subject": "2017年度", "subject_index": {"begin": 0, "end": 6}, "object_index": {"begin": 43, "end": 53}}, {"predicate": "管理费用", "object_type": "金额", "subject_type": "日期", "object": "8,809.46万元", "subject": "2018年度", "subject_index": {"begin": 7, "end": 13}, "object_index": {"begin": 54, "end": 64}}, {"predicate": "管理费用", "object_type": "金额", "subject_type": "日期", "object": "10,096.91万元", "subject": "2019年度", "subject_index": {"begin": 14, "end": 20}, "object_index": {"begin": 65, "end": 76}}, {"predicate": "管理费用", "object_type": "金额", "subject_type": "日期", "object": "5,818.29万元", "subject": "2020年1-6月", "subject_index": {"begin": 21, "end": 30}, "object_index": {"begin": 77, "end": 87}}]}
{"text": "2020年1-6月，公司处置资产收益为85.47万元，其中处置无形资产收益为95.25万元，主要是公司对外转让位于三门县浦坝港镇沿海工业城E-03-3-C地块的土地使用权（面积为8,534m2）及其上的房屋建筑物（面积为5,217.61m2）所产生的处置收益。", "spo_list": [{"predicate": "无形资产", "object_type": "金额", "subject_type": "日期", "object": "95.25万元", "subject": "2020年1-6月", "subject_index": {"begin": 0, "end": 9}, "object_index": {"begin": 38, "end": 45}}]}
{"text": "2017年度、2018年度、2019年度和2020年1-6月，归属于公司普通股股东的非经常性损益金额分别为510.29万元、298.11万元、1,453.06万元和-8.20万元，其中，各期“计入当期损益的政府补助”金额分别为636.49万元、722.63万元、1,781.49万元和357.68万元，全部为当期收到的政府补助或以前期间收到的计入递延收益的政府补助按规定计入报告当期的金额。", "spo_list": [{"predicate": "非经常性损益", "object_type": "金额", "subject_type": "日期", "object": "510.29万元", "subject": "2017年度", "subject_index": {"begin": 0, "end": 6}, "object_index": {"begin": 53, "end": 61}}, {"predicate": "非经常性损益", "object_type": "金额", "subject_type": "日期", "object": "298.11万元、", "subject": "2018年度", "subject_index": {"begin": 7, "end": 13}, "object_index": {"begin": 62, "end": 71}}, {"predicate": "非经常性损益", "object_type": "金额", "subject_type": "日期", "object": "1,453.06万元", "subject": "2019年度", "subject_index": {"begin": 14, "end": 20}, "object_index": {"begin": 71, "end": 81}}, {"predicate": "非经常性损益", "object_type": "金额", "subject_type": "日期", "object": "-8.20万元", "subject": "2020年1-6月", "subject_index": {"begin": 21, "end": 30}, "object_index": {"begin": 82, "end": 89}}]}
{"text": "2018年度，公司筹资活动产生的现金流量净额为-18,929.06万元，主要原因系：公司偿还债务支付的现金金额为28,900.00万元。", "spo_list": [{"predicate": "公司筹资活动产生的现金流量净额", "object_type": "金额", "subject_type": "日期", "object": "-18,929.06万元", "subject": "2018年度", "subject_index": {"begin": 0, "end": 6}, "object_index": {"begin": 23, "end": 35}}]}
{"text": "2020年1-6月，公司筹资活动产生的现金流量净额为-1,593.55万元，主要原因系当期公司支付股利及偿还利息支付了现金1,592.98万元。", "spo_list": [{"predicate": "公司筹资活动产生的现金流量净额", "object_type": "金额", "subject_type": "日期", "object": "-1,593.55万元", "subject": "2020年1-6月", "subject_index": {"begin": 0, "end": 9}, "object_index": {"begin": 26, "end": 37}}]}
{"text": "报告期内，公司环保设施运行情况良好，环保设施的处理能力足以应对公司生产活动产生的主要污染物。报告期内，公司环保费用主要包括环保设施运行及处理三废的费用、机物料消耗以及环保人员的工资等费用，与管理费用中的“环保费用”科目有所不同；2017年、2018年、2019年和2020年1-6月，公司的环保费用支出分别为2,776.19万元、3,686.58万元、3,415.41万元和1,684.93万元。", "spo_list": [{"predicate": "其他成本", "object_type": "金额", "subject_type": "日期", "object": "2,776.19万元", "subject": "2017年", "subject_index": {"begin": 114, "end": 119}, "object_index": {"begin": 154, "end": 164}}, {"predicate": "其他成本", "object_type": "金额", "subject_type": "日期", "object": "3,686.58万元", "subject": "2018年", "subject_index": {"begin": 120, "end": 125}, "object_index": {"begin": 165, "end": 175}}, {"predicate": "其他成本", "object_type": "金额", "subject_type": "日期", "object": "3,415.41万元", "subject": "2019年", "subject_index": {"begin": 126, "end": 131}, "object_index": {"begin": 176, "end": 186}}, {"predicate": "其他成本", "object_type": "金额", "subject_type": "日期", "object": "1,684.93万元", "subject": "2020年1-6月", "subject_index": {"begin": 132, "end": 141}, "object_index": {"begin": 187, "end": 197}}]}
{"text": "普康药业主要经营范围为：胶囊剂（含头孢菌素类）、片剂、颗粒剂、散剂。报告期内，公司向普康药业销售的产品为喹诺酮类原料药及中间体，2017年度、2018年度、2019年度和2020年1-6月，公司向普康药业关联销售的金额分别为8.72万元、18.75万元、16.59万元和0万元，交易金额占公司主营业务收入的比例较小，且交易价格均按市场公允价格进行结算，不存在损害公司及其他非关联股东利益的情况。", "spo_list": [{"predicate": "销售费用", "object_type": "金额", "subject_type": "日期", "object": "8.72万元", "subject": "2017年度", "subject_index": {"begin": 64, "end": 70}, "object_index": {"begin": 112, "end": 118}}, {"predicate": "销售费用", "object_type": "金额", "subject_type": "日期", "object": "18.75万元", "subject": "2018年度", "subject_index": {"begin": 71, "end": 77}, "object_index": {"begin": 119, "end": 126}}, {"predicate": "销售费用", "object_type": "金额", "subject_type": "日期", "object": "16.59万元", "subject": "2019年度", "subject_index": {"begin": 78, "end": 84}, "object_index": {"begin": 127, "end": 134}}, {"predicate": "销售费用", "object_type": "金额", "subject_type": "日期", "object": "0万元", "subject": "2020年1-6月", "subject_index": {"begin": 85, "end": 94}, "object_index": {"begin": 135, "end": 138}}]}
{"text": "发行人独立董事胡永洲自2019年7月起任杭州百诚医药科技股份有限公司独立董事。发行人与杭州百诚发生交易的情况如下：（1）根据发行人与杭州百诚于2019年10月、2020年4月、2020年6月签订的《销售合同》，发行人向杭州百诚销售非布司他、盐酸特比奈芬等相关物料。2019年7-12月、2020年1-6月发行人向杭州百城销售的产品金额分别为116,516.34元、14,867.25元。（2）根据发行人与杭州百诚于2019年6月11日、2019年11月26日签订的《技术开发（委托）合同》，发行人委托杭州百诚进行依帕司他制剂的相关研究。2019年7-12月、2020年1-6月发行人根据该研发项目进度确认的委托研发费分别为36万元、28万元。", "spo_list": [{"predicate": "销售费用", "object_type": "金额", "subject_type": "日期", "object": "116,516.34元", "subject": "2019年7-12月", "subject_index": {"begin": 132, "end": 142}, "object_index": {"begin": 170, "end": 181}}, {"predicate": "销售费用", "object_type": "金额", "subject_type": "日期", "object": "14,867.25元", "subject": "2020年1-6月", "subject_index": {"begin": 143, "end": 152}, "object_index": {"begin": 182, "end": 192}}]}
{"text": "（3）2017年度收到土地使用税减免739,447.38元。", "spo_list": [{"predicate": "其他成本", "object_type": "金额", "subject_type": "日期", "object": "739,447.38元。", "subject": "2017年度", "subject_index": {"begin": 3, "end": 9}, "object_index": {"begin": 18, "end": 30}}]}
{"text": "截至2020年6月30日，公司对关联方的负债包括：对杭州百诚的应付账款14万元和对池骋的其他应付款74.53万元，详见招股说明书“第七节同业竞争与关联交易”之“四、关联交易情况”之“（三）关联方应收应付款项”。", "spo_list": [{"predicate": "应付账款", "object_type": "金额", "subject_type": "日期", "object": "14万元", "subject": "2020年6月30日", "subject_index": {"begin": 2, "end": 12}, "object_index": {"begin": 35, "end": 39}}, {"predicate": "应付账款", "object_type": "金额", "subject_type": "日期", "object": "74.53万元", "subject": "2020年6月30日", "subject_index": {"begin": 2, "end": 12}, "object_index": {"begin": 49, "end": 56}}]}
{"text": "2019年末货币资金较2018年末增加金额为2,125.56万元，增加比例为18.98%，主要原因为：2019年度公司经营业绩增长较快，同时销售回款状况良好，当期经营活动现金流量净额达到21,662.94万元，经营积累增加，导致货币资金有所增长。", "spo_list": [{"predicate": "货币资金余额", "object_type": "金额", "subject_type": "日期", "object": "2,125.56万元", "subject": "2019年末", "subject_index": {"begin": 0, "end": 6}, "object_index": {"begin": 22, "end": 32}}]}
{"text": "2020年6月末货币资金较2019年末增加金额为3,491.27万元，增加比例为26.21%，主要原因为公司期末销售回款较多，导致货币资金有所增长。", "spo_list": [{"predicate": "货币资金余额", "object_type": "金额", "subject_type": "日期", "object": "3,491.27万元", "subject": "2020年6月末", "subject_index": {"begin": 0, "end": 8}, "object_index": {"begin": 24, "end": 34}}]}
{"text": "截至2020年6月末，公司已背书但尚未到期的票据合计14,012.79万元，除了前述由信用等级较低的银行承兑的票据30万元之外，其余银行承兑汇票均已于期末终止确认。", "spo_list": [{"predicate": "应付票据", "object_type": "金额", "subject_type": "日期", "object": "14,012.79万元", "subject": "2020年6月末", "subject_index": {"begin": 2, "end": 10}, "object_index": {"begin": 26, "end": 37}}]}
{"text": "2017年末、2018年末、2019年末和2020年6月末，公司应收账款期末余额占当期营业收入的比重分别为19.55%、10.55%、8.60%和15.33%(其中2020年6月末比重已经年化处理），除2017年末及受疫情影响的2020年6月末以外，均保持了较低的水平。2017年度、2018年度、2019年度和2020年1-6月，公司销售商品、提供劳务收到的现金分别为41,473.80万元、52,117.64万元、60,836.31万元和26,849.42万元，销售收现率分别为56.90%、60.83%、61.57%和52.98%，不论是应收账款期末余额占当期营业收入的比例，还是销售收现率，均体现了公司较强的销售收入收现水平。良好的销售收入收现水平是公司增加投资扩大产能的有力保障。", "spo_list": [{"predicate": "其他收益", "object_type": "金额", "subject_type": "日期", "object": "41,473.80万元", "subject": "2017年度", "subject_index": {"begin": 135, "end": 141}, "object_index": {"begin": 185, "end": 196}}, {"predicate": "其他收益", "object_type": "金额", "subject_type": "日期", "object": "52,117.64万元", "subject": "2018年度、", "subject_index": {"begin": 142, "end": 149}, "object_index": {"begin": 197, "end": 208}}, {"predicate": "其他收益", "object_type": "金额", "subject_type": "日期", "object": "60,836.31万元", "subject": "2019年度", "subject_index": {"begin": 149, "end": 155}, "object_index": {"begin": 209, "end": 220}}, {"predicate": "其他收益", "object_type": "金额", "subject_type": "日期", "object": "26,849.42万元", "subject": "2020年1-6月", "subject_index": {"begin": 156, "end": 165}, "object_index": {"begin": 221, "end": 232}}]}
{"text": "2018年末预付款项账面余额较上年末增加了200.05万元，同比增加了65.16%，主要系材料预付款项增加所致。", "spo_list": [{"predicate": "预付款项", "object_type": "金额", "subject_type": "日期", "object": "200.05万元", "subject": "2018年末", "subject_index": {"begin": 0, "end": 6}, "object_index": {"begin": 21, "end": 29}}]}
{"text": "2017年末、2018年末、2019年末和2020年6月末，公司其他应收款账面价值分别为274.02万元、558.99万元、188.51万元和281.75万元，占各期末流动资产的比例分别为0.47%、1.05%、0.36%和0.45%，比例较低。公司其他应收款余额主要为应收出口退税及押金保证金等。", "spo_list": [{"predicate": "应收账款净额", "object_type": "金额", "subject_type": "日期", "object": "274.02万元", "subject": "2017年末", "subject_index": {"begin": 0, "end": 6}, "object_index": {"begin": 44, "end": 52}}, {"predicate": "应收账款净额", "object_type": "金额", "subject_type": "日期", "object": "558.99万元", "subject": "2018年末", "subject_index": {"begin": 7, "end": 13}, "object_index": {"begin": 53, "end": 61}}, {"predicate": "应收账款净额", "object_type": "金额", "subject_type": "日期", "object": "188.51万元", "subject": "2019年末", "subject_index": {"begin": 14, "end": 20}, "object_index": {"begin": 62, "end": 70}}, {"predicate": "应收账款净额", "object_type": "金额", "subject_type": "日期", "object": "281.75万元", "subject": "2020年6月末", "subject_index": {"begin": 21, "end": 29}, "object_index": {"begin": 71, "end": 79}}]}
{"text": "2018年末在建工程余额较上年末减少703.94万元，同比下降31.85%，主要系上年末的三期厂房建造工程、制剂车间改造项目完工转入固定资产所致。", "spo_list": [{"predicate": "在建工程净额", "object_type": "金额", "subject_type": "日期", "object": "703.94万元", "subject": "2018年末", "subject_index": {"begin": 0, "end": 6}, "object_index": {"begin": 18, "end": 26}}]}
{"text": "报告期内，公司无形资产主要是土地使用权，2017年末、2018年末、2019年末和2020年6月末，公司无形资产账面价值分别为5,170.69万元、5,065.77万元、5,082.34万元和4,727.36万元，占同期总资产的比例分别为4.44%、4.63%、4.59%和3.91%。", "spo_list": [{"predicate": "无形资产", "object_type": "金额", "subject_type": "日期", "object": "5,170.69万元", "subject": "2017年末", "subject_index": {"begin": 20, "end": 26}, "object_index": {"begin": 63, "end": 73}}, {"predicate": "无形资产", "object_type": "金额", "subject_type": "日期", "object": "5,065.77万元", "subject": "2018年末", "subject_index": {"begin": 27, "end": 33}, "object_index": {"begin": 74, "end": 84}}, {"predicate": "无形资产", "object_type": "金额", "subject_type": "日期", "object": "5,082.34万元", "subject": "2019年末", "subject_index": {"begin": 34, "end": 40}, "object_index": {"begin": 85, "end": 95}}, {"predicate": "无形资产", "object_type": "金额", "subject_type": "日期", "object": "4,727.36万元", "subject": "2020年6月末", "subject_index": {"begin": 41, "end": 49}, "object_index": {"begin": 96, "end": 106}}]}
{"text": "报告期内，公司其他非流动资产主要内容为设备预付款。2017年末、2018年末、2019年末和2020年6月末，公司其他非流动资产分别为126.31万元、137.93万元、337.26万元和910.08万元，占同期总资产的比例分别为0.11%、0.13%、0.30%和0.75%。", "spo_list": [{"predicate": "非流动资产", "object_type": "金额", "subject_type": "日期", "object": "126.31万元", "subject": "2017年末", "subject_index": {"begin": 25, "end": 31}, "object_index": {"begin": 67, "end": 75}}, {"predicate": "非流动资产", "object_type": "金额", "subject_type": "日期", "object": "137.93万元", "subject": "2018年末", "subject_index": {"begin": 32, "end": 38}, "object_index": {"begin": 76, "end": 84}}, {"predicate": "非流动资产", "object_type": "金额", "subject_type": "日期", "object": "337.26万元", "subject": "2019年末", "subject_index": {"begin": 39, "end": 45}, "object_index": {"begin": 85, "end": 93}}, {"predicate": "非流动资产", "object_type": "金额", "subject_type": "日期", "object": "910.08万元，", "subject": "2020年6月末", "subject_index": {"begin": 46, "end": 54}, "object_index": {"begin": 94, "end": 103}}]}
{"text": "2017年末、2018年末、2019年末和2020年6月末，公司应付票据分别为3,600万元、3,000万元、3,055.00万元和6,078.41万元，占同期流动负债的比例分别为7.20%、8.42%、13.53%和23.49%。报告期内，公司应付票据全部为向供应商开具的银行承兑汇票。2018年末应付票据较上年末减少600.00万元，降幅为16.67%，主要原因是公司当期销售回款中收到的银行承兑汇票的比例较高，公司对供应商的采购款更多通过应收票据背书转让来满足支付，导致公司自行开立银行承兑汇票进行结算的金额有所下降。2019年末，应付票据余额为3,055.00万元，与上年末基本持平。2020年6月末，应付票据余额为6,078.41万元，较2019年末增长较多，主要是由于公司开立银行承兑汇票的规模增加。", "spo_list": [{"predicate": "应付票据", "object_type": "金额", "subject_type": "日期", "object": "3,600万元", "subject": "2017年末", "subject_index": {"begin": 0, "end": 6}, "object_index": {"begin": 39, "end": 46}}, {"predicate": "应付票据", "object_type": "金额", "subject_type": "日期", "object": "3,000万元", "subject": "2018年末", "subject_index": {"begin": 7, "end": 13}, "object_index": {"begin": 47, "end": 54}}, {"predicate": "应付票据", "object_type": "金额", "subject_type": "日期", "object": "3,055.00万元", "subject": "2019年末", "subject_index": {"begin": 14, "end": 20}, "object_index": {"begin": 55, "end": 65}}, {"predicate": "应付票据", "object_type": "金额", "subject_type": "日期", "object": "6,078.41万元", "subject": "2020年6月末", "subject_index": {"begin": 21, "end": 29}, "object_index": {"begin": 66, "end": 76}}]}
{"text": "2017年末、2018年末、2019年末和2020年6月末，公司其他应付款分别为500.34万元、477.29万元、418.81万元和676.70万元，占同期流动负债总额的比重分别为1.00%、1.34%、1.85%和2.62%。该部分其他应付款主要是收取客户的押金保证金、应付暂收款及其他往来款项，", "spo_list": [{"predicate": "其他应付款", "object_type": "金额", "subject_type": "日期", "object": "500.34万元", "subject": "2017年末", "subject_index": {"begin": 0, "end": 6}, "object_index": {"begin": 40, "end": 48}}, {"predicate": "其他应付款", "object_type": "金额", "subject_type": "日期", "object": "477.29万元", "subject": "2018年末", "subject_index": {"begin": 7, "end": 13}, "object_index": {"begin": 49, "end": 57}}, {"predicate": "其他应付款", "object_type": "金额", "subject_type": "日期", "object": "418.81万元", "subject": "2019年末", "subject_index": {"begin": 14, "end": 20}, "object_index": {"begin": 58, "end": 66}}, {"predicate": "其他应付款", "object_type": "金额", "subject_type": "日期", "object": "676.70万元", "subject": "2020年6月末，", "subject_index": {"begin": 21, "end": 30}, "object_index": {"begin": 67, "end": 75}}]}
{"text": "报告期内，公司长期应付款为应付融资租赁款。2017年末，公司长期应付款金额为323.36万元，占期末非流动负债的比例为9.63%。截至2018年末，该笔融资租赁业务已结束，相应的长期应付款已结清。根据协议，融资租赁业务结束后租赁资产的所有权归公司所有，因此公司期末不再存在融资租入固定资产。", "spo_list": [{"predicate": "长期应付款", "object_type": "金额", "subject_type": "日期", "object": "323.36万元，", "subject": "2017年末", "subject_index": {"begin": 21, "end": 27}, "object_index": {"begin": 38, "end": 47}}]}
{"text": "报告期各期末，公司递延收益主要系收到的与资产相关的政府补助款项所形成的摊余金额。2017年末、2018年末、2019年末和2020年6月末，公司递延收益金额分别为1,685.76万元、1,911.90万元、2,001.48万元和1,853.01万元，占各期末非流动负债的比例分别为50.19%、72.32%、61.10%和62.31%。", "spo_list": [{"predicate": "递延所得税资产", "object_type": "金额", "subject_type": "日期", "object": "1,685.76万元", "subject": "2017年末", "subject_index": {"begin": 40, "end": 46}, "object_index": {"begin": 81, "end": 91}}, {"predicate": "递延所得税资产", "object_type": "金额", "subject_type": "日期", "object": "1,911.90万元", "subject": "2018年末", "subject_index": {"begin": 47, "end": 53}, "object_index": {"begin": 92, "end": 102}}, {"predicate": "递延所得税资产", "object_type": "金额", "subject_type": "日期", "object": "2,001.48万元", "subject": "2019年末", "subject_index": {"begin": 54, "end": 60}, "object_index": {"begin": 103, "end": 113}}, {"predicate": "递延所得税资产", "object_type": "金额", "subject_type": "日期", "object": "1,853.01万元", "subject": "2020年6月末", "subject_index": {"begin": 61, "end": 69}, "object_index": {"begin": 114, "end": 124}}]}
{"text": "2017年末、2018年末、2019年末和2020年6月末，公司存货周转率分别为1.99、2.02、2.08和2.28，随着报告期内公司销售规模扩大，各年末存货平均余额随之不断增长，且增长幅度接近同期营业成本的增长幅度，导致公司各年存货周转率呈现平稳趋势。", "spo_list": [{"predicate": "存货周转率", "object_type": "日期", "subject_type": "比率", "object": "2017年末", "subject": "1.99", "subject_index": {"begin": 40, "end": 44}, "object_index": {"begin": 0, "end": 6}}, {"predicate": "存货周转率", "object_type": "日期", "subject_type": "比率", "object": "2018年末", "subject": "2.02", "subject_index": {"begin": 45, "end": 49}, "object_index": {"begin": 7, "end": 13}}, {"predicate": "存货周转率", "object_type": "日期", "subject_type": "比率", "object": "2019年末", "subject": "2.08", "subject_index": {"begin": 50, "end": 54}, "object_index": {"begin": 14, "end": 20}}, {"predicate": "存货周转率", "object_type": "日期", "subject_type": "比率", "object": "2020年6月末", "subject": "2.28", "subject_index": {"begin": 55, "end": 59}, "object_index": {"begin": 21, "end": 29}}]}
{"text": "头孢唑肟钠是一种主要适用于下呼吸道感染、尿路感染、腹腔感染、盆腔感染、败血症、皮肤软组织感染、骨和关节感染、肺炎链球菌或流感嗜血杆菌所致脑膜炎和单纯性淋病的三代头孢类抗菌素。2017年度、2018年度、2019年度和2020年1-6月，公司头孢唑肟钠中间体销售收入分别为4,659.44万元、8,164.69万元、13,884.30万元和5,371.95万元，占同期主营业务收入的比例分别为6.47%、9.63%、14.12%和10.62%。", "spo_list": [{"predicate": "其他收益", "object_type": "金额", "subject_type": "日期", "object": "4,659.44万元、", "subject": "2017年度", "subject_index": {"begin": 87, "end": 93}, "object_index": {"begin": 135, "end": 146}}, {"predicate": "其他收益", "object_type": "金额", "subject_type": "日期", "object": "8,164.69万元", "subject": "2018年度", "subject_index": {"begin": 94, "end": 100}, "object_index": {"begin": 146, "end": 156}}, {"predicate": "其他收益", "object_type": "金额", "subject_type": "日期", "object": "13,884.30万元", "subject": "2019年度", "subject_index": {"begin": 101, "end": 107}, "object_index": {"begin": 157, "end": 168}}, {"predicate": "其他收益", "object_type": "金额", "subject_type": "日期", "object": "5,371.95万元", "subject": "2020年1-6月", "subject_index": {"begin": 108, "end": 117}, "object_index": {"begin": 169, "end": 179}}]}
{"text": "2018年，华北地区主营业务收入为2,396.73万元，同比减少1,316.79万元；占主营业务收入的比例为3.43%，同比减少2.57个百分点。主要原因是华北地区主要客户华北制药河北华民药业有限公司和中国医药保健品有限公司2018年的销售额分别较2017年减少921.41万元和621.42万元所致。", "spo_list": [{"predicate": "主营业务收入", "object_type": "金额", "subject_type": "日期", "object": "2,396.73万元", "subject": "2018年", "subject_index": {"begin": 0, "end": 5}, "object_index": {"begin": 17, "end": 27}}]}
{"text": "2017年度、2018年度、2019年度和2020年1-6月，公司销售费用金额分别为890.22万元、1,235.45万元、1,335.92万元和521.46万元。报告期内，随着公司销售规模扩大，公司销售费用逐年增长。公司销售费用主要包括职工薪酬、业务招待费、外销佣金、运输费和业务宣传费等，上述项目合计占销售费用的比例分别为88.27%、86.21%、86.74%和83.38%。", "spo_list": [{"predicate": "销售费用", "object_type": "金额", "subject_type": "日期", "object": "890.22万元", "subject": "2017年度", "subject_index": {"begin": 0, "end": 6}, "object_index": {"begin": 42, "end": 50}}, {"predicate": "销售费用", "object_type": "金额", "subject_type": "日期", "object": "1,235.45万元", "subject": "2018年度", "subject_index": {"begin": 7, "end": 13}, "object_index": {"begin": 51, "end": 61}}, {"predicate": "销售费用", "object_type": "金额", "subject_type": "日期", "object": "1,335.92万元", "subject": "2019年度", "subject_index": {"begin": 14, "end": 20}, "object_index": {"begin": 62, "end": 72}}, {"predicate": "销售费用", "object_type": "金额", "subject_type": "日期", "object": "521.46万元", "subject": "2020年1-6月", "subject_index": {"begin": 21, "end": 30}, "object_index": {"begin": 73, "end": 81}}]}
{"text": "2018年度公司管理费用较2017年度增加金额为509.41万元，增长比例为6.14%，主要原因为：①随着公司2018年度销售规模进一步扩大，公司的职工薪酬、办公费有所增加；②本期支付与上市相关的中介机构费用有所增加。", "spo_list": [{"predicate": "管理费用", "object_type": "金额", "subject_type": "日期", "object": "509.41万", "subject": "2018年度", "subject_index": {"begin": 0, "end": 6}, "object_index": {"begin": 24, "end": 31}}]}
{"text": "2020年1-6月公司管理费用构成中，停工损失金额达到2,008.27万元，占管理费用的比例达到34.52%，主要是由于2020年初爆发的新型冠状病毒肺炎疫情导致公司春节后复工时间延迟，2020年一季度停产时间同比增加较多，导致停工损失大幅增加。", "spo_list": [{"predicate": "其他成本", "object_type": "金额", "subject_type": "日期", "object": "2,008.27万元", "subject": "2020年1-6月", "subject_index": {"begin": 0, "end": 9}, "object_index": {"begin": 27, "end": 37}}]}
{"text": "2017年度、2018年度、2019年度和2020年1-6月，公司研发费用金额分别为3,105.18万元、3,269.67万元、3,719.40万元和2,004.20万元，占营业收入的比例分别为4.26%、3.82%、3.76%和3.96%。公司研发费用主要由职工薪酬、直接材料和委托开发费用组成，上述项目合计金额占研发费用的比例分别为85.54%、89.81%、92.03%和88.86%。报告期内，随着业务规模逐步扩大，公司对于新产品与新工艺的研发需求不断增加，从而导致研发费用呈增长趋势。", "spo_list": [{"predicate": "研发费用", "object_type": "金额", "subject_type": "日期", "object": "3,105.18万元", "subject": "2017年度", "subject_index": {"begin": 0, "end": 6}, "object_index": {"begin": 42, "end": 52}}, {"predicate": "研发费用", "object_type": "金额", "subject_type": "日期", "object": "3,269.67万元", "subject": "2018年度", "subject_index": {"begin": 7, "end": 13}, "object_index": {"begin": 53, "end": 63}}, {"predicate": "研发费用", "object_type": "金额", "subject_type": "日期", "object": "3,719.40万元", "subject": "2019年度", "subject_index": {"begin": 14, "end": 20}, "object_index": {"begin": 64, "end": 74}}, {"predicate": "研发费用", "object_type": "金额", "subject_type": "日期", "object": "2,004.20万元", "subject": "2020年1-6月", "subject_index": {"begin": 21, "end": 30}, "object_index": {"begin": 75, "end": 85}}]}
{"text": "2017年度、2018年度、2019年度和2020年1-6月，公司投资活动产生的现金流量净额分别为-2,752.90万元、-2,862.26万元、-5,699.60万元和-552.50万元，主要系购建在建工程、固定资产等支付的现金，包括新厂房的建造、车间技改等，公司的投资围绕主营业务进行，着重于公司整体技术水平的提高，为未来的持续性发展奠定了基础。", "spo_list": [{"predicate": "公司投资活动产生的现金流量净额", "object_type": "金额", "subject_type": "日期", "object": "-2,752.90万元", "subject": "2017年度", "subject_index": {"begin": 0, "end": 6}, "object_index": {"begin": 49, "end": 60}}, {"predicate": "公司投资活动产生的现金流量净额", "object_type": "金额", "subject_type": "日期", "object": "-2,862.26万元", "subject": "2018年度", "subject_index": {"begin": 7, "end": 13}, "object_index": {"begin": 61, "end": 72}}, {"predicate": "公司投资活动产生的现金流量净额", "object_type": "金额", "subject_type": "日期", "object": "-5,699.60万元", "subject": "2019年度", "subject_index": {"begin": 14, "end": 20}, "object_index": {"begin": 73, "end": 84}}, {"predicate": "公司投资活动产生的现金流量净额", "object_type": "金额", "subject_type": "日期", "object": "-552.50万元", "subject": "2020年1-6月", "subject_index": {"begin": 21, "end": 30}, "object_index": {"begin": 85, "end": 94}}]}
{"text": "2017年度，公司筹资活动产生的现金流量净额为7,031.08万元，主要原因系：1、公司取得外部投资者投入金额为15,002.97万元，取得借款收到的现金为38,350.00万元；2、偿还债务支付的现金为43,450.00万元。", "spo_list": [{"predicate": "公司筹资活动产生的现金流量净额", "object_type": "金额", "subject_type": "日期", "object": "7,031.08万元", "subject": "2017年度", "subject_index": {"begin": 0, "end": 6}, "object_index": {"begin": 23, "end": 33}}]}
{"text": "2019年度，公司筹资活动产生的现金流量净额为-13,837.74万元，主要原因：1、公司偿还债务支付的现金为11,850.00万元，公司支付股利及偿还利息支付的现金为6,487.74万元；2、公司取得借款收到的现金4,000.00万元。", "spo_list": [{"predicate": "公司筹资活动产生的现金流量净额", "object_type": "金额", "subject_type": "日期", "object": "-13,837.74万元", "subject": "2019年度", "subject_index": {"begin": 0, "end": 6}, "object_index": {"begin": 23, "end": 35}}]}
{"text": "根据公司经审阅的2020年1-9月财务报表及目前的经营情况，如未来公司经营及外部环境未发生重大不利变化，公司预计2020年度整体经营情况较为良好，公司整体经营业绩预计与2019年度相比略有降低。公司预计2020年度营业收入为9.2亿元至9.5亿元，同比变动-6.89%至-3.85%；归属于母公司股东的净利润为13,500万元至14,500万元，同比变动-19.80%至-13.86%；扣除非经常性损益后的归属于母公司股东的净利润为13,000万元至14,000万元，同比变动-15.47%至-8.97%。（前述2020年度财务数据的预计数不代表公司最终可实现业绩，亦不构成公司盈利预测）", "spo_list": []}
{"text": "2020年1-6月，发行人氧头孢烯母核实现销售收入为114.92万元。", "spo_list": [{"predicate": "其他收入", "object_type": "金额", "subject_type": "日期", "object": "114.92万元", "subject": "2020年1-6月", "subject_index": {"begin": 0, "end": 9}, "object_index": {"begin": 26, "end": 34}}]}
{"text": "九江安达主要经营范围为：工业取水、工业供水、固废处理、工业污水设施建设、运营；市政工程建设。江西善渊于2017年度、2018年度、2019年度和2020年1-6月向其支付污水处理费的金额为40.85万元、15.75万元、8.71万元和0万元。江西善渊所属地为彭泽县矶山化工园区，九江安达主要系该园区内企业共同出资设立，为园区内企业进行污水处理、提供工业用水服务。彭泽县矶山化工园区距离长江较近，园区内主要为化工企业，为避免对环境污染，江西善渊按照环保监管部门及当地政府的要求，将生产过程中产生的污水由九江安达统一处理，因此该关联交易具有其必要性。江西善渊与园区内其他公司的污水处理费价格一致，不存在关联方为公司分摊成本、费用的情况，因此关联交易具有公允性。截至报告期末，由于九江安达的污水处理特许经营权已由园区管委会收回，园区污水处理工作已改由彭泽县第二自来水有限责任公司负责，因此江西善渊自2019年5月起已不再委托关联方九江安达处理污水。", "spo_list": []}
{"text": "发行人分别于2019年6月11日、2019年11月26日与杭州百诚签署了《技术开发（委托）合同》，委托杭州百诚开展依帕司他制剂的相关研究，公司根据研发项目开展进度，分别于2019年7-12月、2020年1-6月确认相应研发费36.00万元、28.00万元。", "spo_list": [{"predicate": "研发费用", "object_type": "金额", "subject_type": "日期", "object": "36.00万元", "subject": "2019年7-12月", "subject_index": {"begin": 85, "end": 95}, "object_index": {"begin": 112, "end": 119}}, {"predicate": "研发费用", "object_type": "金额", "subject_type": "日期", "object": "28.00万元", "subject": "2020年1-6月", "subject_index": {"begin": 96, "end": 105}, "object_index": {"begin": 120, "end": 127}}]}
{"text": "（1）子公司上海右手与池骋于2016年12月31日、2017年12月31日签订《上海房屋租赁合同》，约定池骋将其持有的坐落在上海市周浦镇天雄路588弄1-28号、面积为1,217.79平方米的房屋出租予上海右手，房屋租赁期自2017年1月1日至2018年12月31日，年租金为745,287.48元。2019年7月1日，上海右手与池骋签订《上海市房屋租赁合同》，约定池骋继续将前述房屋出租予上海右手，租赁期自2019年7月1日起至2020年12月31日止，年租金为745,287.50元。前述租金系参考当地相同地段房屋中介挂牌的租金确定，价格公允。", "spo_list": [{"predicate": "其他成本", "object_type": "金额", "subject_type": "日期", "object": "745,287.48元", "subject": "2017年1月1日", "subject_index": {"begin": 112, "end": 121}, "object_index": {"begin": 138, "end": 149}}, {"predicate": "其他成本", "object_type": "金额", "subject_type": "日期", "object": "745,287.50元", "subject": "2019年7月1日", "subject_index": {"begin": 204, "end": 213}, "object_index": {"begin": 232, "end": 243}}]}
{"text": "截至2018年12月末，公司存在对三门邦亚的其他应收款13.00万元，主要系公司转让三门置业12.50%股权涉及的应收股权转让款。截至报告期末，该等款项已付清，公司无应收关联方款项。", "spo_list": [{"predicate": "长期应付款", "object_type": "金额", "subject_type": "日期", "object": "13.00万元", "subject": "2018年12月末", "subject_index": {"begin": 2, "end": 11}, "object_index": {"begin": 27, "end": 34}}]}
{"text": "截至2020年6月30日，公司的应付账款余额为13,663.63万元，账龄情况如下表所示：", "spo_list": [{"predicate": "应收账款余额", "object_type": "金额", "subject_type": "日期", "object": "13,663.63万元", "subject": "2020年6月30日", "subject_index": {"begin": 2, "end": 12}, "object_index": {"begin": 23, "end": 34}}]}
{"text": "截至2020年6月30日，公司的其他应付款余额为676.70万元，具体构成情况如下所示：", "spo_list": [{"predicate": "应收账款余额", "object_type": "金额", "subject_type": "日期", "object": "676.70万元", "subject": "2020年6月30日", "subject_index": {"begin": 2, "end": 12}, "object_index": {"begin": 24, "end": 32}}]}
{"text": "2018年末货币资金较2017年末减少金额为7,749.45万元，减少比例为40.90%，主要原因为：①2018年度公司经营业绩增长较快，当期经营活动现金流量净额达到14,364.46万元；②2018年度公司净偿还银行借款18,050.00万元，并支付利息支出801.30万元；③2018年度公司购建固定资产等支出2,947.04万元。前述主要事项合计导致当期货币资金减少7,433.87万元。", "spo_list": [{"predicate": "货币资金余额", "object_type": "金额", "subject_type": "日期", "object": "7,749.45万元", "subject": "2018年", "subject_index": {"begin": 0, "end": 5}, "object_index": {"begin": 22, "end": 32}}, {"predicate": "货币资金余额", "object_type": "金额", "subject_type": "日期", "object": "7,433.87万元", "subject": "2018年度", "subject_index": {"begin": 140, "end": 146}, "object_index": {"begin": 186, "end": 196}}]}
{"text": "报告期内，公司持续加强应收账款的回收管理，防止坏账发生，并严格按照公司的坏账准备计提政策计提坏账准备。2017年末、2018年末、2019年末和2020年6月末，公司计提坏账准备的金额分别为890.48万元、565.56万元、543.03万元和966.96万元，占应收账款账面余额的比例分别为6.25%、6.26%、6.39%和6.22%。", "spo_list": [{"predicate": "坏账准备", "object_type": "金额", "subject_type": "日期", "object": "966.96万元", "subject": "2020年6月末", "subject_index": {"begin": 72, "end": 80}, "object_index": {"begin": 122, "end": 130}}, {"predicate": "坏账准备", "object_type": "金额", "subject_type": "日期", "object": "543.03万元", "subject": "2019年末", "subject_index": {"begin": 65, "end": 71}, "object_index": {"begin": 113, "end": 121}}, {"predicate": "坏账准备", "object_type": "金额", "subject_type": "日期", "object": "565.56万元", "subject": "2018年末", "subject_index": {"begin": 58, "end": 64}, "object_index": {"begin": 104, "end": 112}}, {"predicate": "坏账准备", "object_type": "金额", "subject_type": "日期", "object": "890.48万元", "subject": "2017年末", "subject_index": {"begin": 51, "end": 57}, "object_index": {"begin": 95, "end": 103}}]}
{"text": "2020年6月末预付款项账面余额较上年末增加了242.80万元，增加了66.90%，主要系材料预付款增加所致。", "spo_list": [{"predicate": "预付款项", "object_type": "金额", "subject_type": "日期", "object": "242.80万元", "subject": "2020年6月", "subject_index": {"begin": 0, "end": 7}, "object_index": {"begin": 23, "end": 31}}]}
{"text": "截至2020年6月末，公司已计提存货跌价准备763.35万元，主要原因为：", "spo_list": [{"predicate": "存货跌价准备", "object_type": "金额", "subject_type": "日期", "object": "763.35万元", "subject": "2020年6月末", "subject_index": {"begin": 2, "end": 10}, "object_index": {"begin": 22, "end": 30}}]}
{"text": "报告期内，公司非流动资产由可供出售金融资产、投资性房地产、固定资产、在建工程、无形资产、长期待摊费用、递延所得税资产及其他非流动资产构成。2017年末、2018年末、2019年末和2020年6月末，非流动资产金额分别为57,684.73万元、56,040.75万元、57,647.12万元和58,042.86万元，占同期资产总额的比重分别为49.48%、51.23%、52.09%和48.06%。报告期内，公司非流动资产的构成及变化情况如下表所示：", "spo_list": [{"predicate": "非流动资产", "object_type": "金额", "subject_type": "日期", "object": "57,684.73万元", "subject": "2017年末", "subject_index": {"begin": 69, "end": 75}, "object_index": {"begin": 109, "end": 120}}, {"predicate": "非流动资产", "object_type": "金额", "subject_type": "日期", "object": "56,040.75万元", "subject": "2018年末", "subject_index": {"begin": 76, "end": 82}, "object_index": {"begin": 121, "end": 132}}, {"predicate": "非流动资产", "object_type": "金额", "subject_type": "日期", "object": "57,647.12万元", "subject": "2019年末", "subject_index": {"begin": 83, "end": 89}, "object_index": {"begin": 133, "end": 144}}, {"predicate": "非流动资产", "object_type": "金额", "subject_type": "日期", "object": "58,042.86万元", "subject": "2020年6月末", "subject_index": {"begin": 90, "end": 98}, "object_index": {"begin": 145, "end": 156}}]}
{"text": "公司递延所得税资产形成的原因是应收账款及其他应收款、存货存在资产减值准备，以及因预提费用、未抵扣亏损、递延收益和内部交易未实现利润等导致应纳税所得额存在可抵扣暂时性差异，公司按《企业所得税法》规定确认了递延所得税资产。2017年末、2018年末、2019年末和2020年6月末，公司递延所得税资产分别为465.45万元、486.80万元、523.52万元和601.01万元，占同期总资产的比重分别为0.40%、0.45%、0.47%和0.50%", "spo_list": [{"predicate": "递延所得税资产", "object_type": "金额", "subject_type": "日期", "object": "465.45万元", "subject": "2017年末", "subject_index": {"begin": 109, "end": 115}, "object_index": {"begin": 151, "end": 159}}, {"predicate": "递延所得税资产", "object_type": "金额", "subject_type": "日期", "object": "486.80万元", "subject": "2018年末", "subject_index": {"begin": 116, "end": 122}, "object_index": {"begin": 160, "end": 168}}, {"predicate": "递延所得税资产", "object_type": "金额", "subject_type": "日期", "object": "523.52万元", "subject": "2019年末", "subject_index": {"begin": 123, "end": 129}, "object_index": {"begin": 169, "end": 177}}, {"predicate": "递延所得税资产", "object_type": "金额", "subject_type": "日期", "object": "601.01万元", "subject": "2020年6月末", "subject_index": {"begin": 130, "end": 138}, "object_index": {"begin": 178, "end": 186}}]}
{"text": "非流动负债主要是长期借款、长期应付款（融资租赁款）、预计负债和与资产相关的政府补助的摊余金额。2017年末、2018年末、2019年末和2020年6月末，公司非流动负债金额分别为3,359.04万元、2,643.54万元、3,275.93万元和2,973.97万元，占负债总额的比例分别为6.29%、6.90%、12.67%和10.31%。报告期各期末，公司非流动负债的规模较小，随各期末长期借款或应付款、预计负债等项目的变动而呈现波动趋势。", "spo_list": [{"predicate": "非流动负债", "object_type": "金额", "subject_type": "日期", "object": "2,973.97万元", "subject": "2020年6月", "subject_index": {"begin": 68, "end": 75}, "object_index": {"begin": 122, "end": 132}}, {"predicate": "非流动负债", "object_type": "金额", "subject_type": "日期", "object": "3,275.93万元", "subject": "2019年末", "subject_index": {"begin": 61, "end": 67}, "object_index": {"begin": 111, "end": 121}}, {"predicate": "非流动负债", "object_type": "金额", "subject_type": "日期", "object": "2,643.54万元", "subject": "2018年末", "subject_index": {"begin": 54, "end": 60}, "object_index": {"begin": 100, "end": 110}}, {"predicate": "非流动负债", "object_type": "金额", "subject_type": "日期", "object": "3,359.04万元", "subject": "2017年末", "subject_index": {"begin": 47, "end": 53}, "object_index": {"begin": 89, "end": 99}}]}
{"text": "公司目前对部分外销客户以及市场销售较为紧张的产品采用预收款项销售方式。2017年末、2018年末、2019年末和2020年6月末，公司预收款项（合同负债）分别为305.81万元、1,742.56万元、974.01万元和441.96万元，占同期流动负债的比例分别为0.61%、4.89%、4.31%和1.71%。2018年末公司预收款项余额较上年同期末增长较快，主要系客户预付采购款较多所致。", "spo_list": [{"predicate": "预收款项", "object_type": "金额", "subject_type": "日期", "object": "441.96万元", "subject": "2020年6月末", "subject_index": {"begin": 56, "end": 64}, "object_index": {"begin": 109, "end": 117}}, {"predicate": "预收款项", "object_type": "金额", "subject_type": "日期", "object": "974.01万元", "subject": "2019年末", "subject_index": {"begin": 49, "end": 55}, "object_index": {"begin": 100, "end": 108}}, {"predicate": "预收款项", "object_type": "金额", "subject_type": "日期", "object": "1,742.56万元", "subject": "2018年末", "subject_index": {"begin": 42, "end": 48}, "object_index": {"begin": 89, "end": 99}}, {"predicate": "预收款项", "object_type": "金额", "subject_type": "日期", "object": "305.81万元", "subject": "2017年末", "subject_index": {"begin": 35, "end": 41}, "object_index": {"begin": 80, "end": 88}}]}
{"text": "2017年末、2018年末、2019年末和2020年6月末，公司一年内到期的非流动负债金额分别为1,000.00万元、0.00万元、0.00万元和0.00万元，占各期末流动负债的比例分别为2.00%、0.00%、0.00%和0.00%。公司一年内到期的非流动负债均为一年内到期的长期借款。", "spo_list": [{"predicate": "非流动负债", "object_type": "金额", "subject_type": "日期", "object": "1,000.00万元", "subject": "2017年末", "subject_index": {"begin": 0, "end": 6}, "object_index": {"begin": 48, "end": 58}}, {"predicate": "非流动负债", "object_type": "金额", "subject_type": "日期", "object": "0.00万元", "subject": "2020年6月末", "subject_index": {"begin": 21, "end": 29}, "object_index": {"begin": 73, "end": 79}}, {"predicate": "非流动负债", "object_type": "金额", "subject_type": "日期", "object": "0.00万元", "subject": "2019年末", "subject_index": {"begin": 14, "end": 20}, "object_index": {"begin": 66, "end": 72}}, {"predicate": "非流动负债", "object_type": "金额", "subject_type": "日期", "object": "0.00万元", "subject": "2018年末", "subject_index": {"begin": 7, "end": 13}, "object_index": {"begin": 59, "end": 65}}]}
{"text": "报告期内，公司预计负债为计提的危险废弃物处置费，按照各期末危险固体废弃物结存量以及处置单价进行预提。2017年末、2018年末、2019年末和2020年6月末，公司预计负债金额分别为1,349.92万元、731.64万元、274.45万元和119.51万元，占各期末非流动负债的比例分别为40.19%、27.68%、8.38%和4.02%。", "spo_list": [{"predicate": "预计负债", "object_type": "金额", "subject_type": "日期", "object": "119.51万元", "subject": "2020年6月末", "subject_index": {"begin": 71, "end": 79}, "object_index": {"begin": 120, "end": 128}}, {"predicate": "预计负债", "object_type": "金额", "subject_type": "日期", "object": "274.45万元", "subject": "2019年末", "subject_index": {"begin": 64, "end": 70}, "object_index": {"begin": 111, "end": 119}}, {"predicate": "预计负债", "object_type": "金额", "subject_type": "日期", "object": "731.64万元", "subject": "2018年末", "subject_index": {"begin": 57, "end": 63}, "object_index": {"begin": 102, "end": 110}}, {"predicate": "预计负债", "object_type": "金额", "subject_type": "日期", "object": "1,349.92万元", "subject": "2017年末", "subject_index": {"begin": 50, "end": 56}, "object_index": {"begin": 91, "end": 101}}]}
{"text": "马来酸曲美布汀是一种双向胃肠动力药物，临床上主要用于治疗慢性胃炎引起的胃肠道症状（腹胀、腹痛、恶心、嗳气）和肠易激综合征。马来酸曲美布汀原料药是我国主要的原料药出口品种之一，公司马来酸曲美布汀原料药产品已取得中国GMP证书、药品注册批件；已通过日本（PMDA）的GMP检查，并获得日本的药品国际注册证书；已取得韩国、俄罗斯、欧盟的药品国际注册证书，公司产品以最终销往境外市场为主。2017年度、2018年度、2019年度和2020年1-6月，公司马来酸曲美布汀原料药销售收入分别为8,385.30万元、8,842.65万元、10,892.73万元和6,140.34万元，占同期主营业务收入的比例分别为11.64%、10.43%、11.07%和12.13%。", "spo_list": [{"predicate": "其他收益", "object_type": "金额", "subject_type": "日期", "object": "8,385.30万元", "subject": "2017年度", "subject_index": {"begin": 190, "end": 196}, "object_index": {"begin": 240, "end": 250}}, {"predicate": "其他收益", "object_type": "金额", "subject_type": "日期", "object": "8,842.65万元", "subject": "2018年度", "subject_index": {"begin": 197, "end": 203}, "object_index": {"begin": 251, "end": 261}}, {"predicate": "其他收益", "object_type": "金额", "subject_type": "日期", "object": "6,140.34万元", "subject": "2020年1-6月", "subject_index": {"begin": 211, "end": 220}, "object_index": {"begin": 274, "end": 284}}, {"predicate": "其他收益", "object_type": "金额", "subject_type": "日期", "object": "10,892.73万元", "subject": "2019年度", "subject_index": {"begin": 204, "end": 210}, "object_index": {"begin": 262, "end": 273}}]}
{"text": "为保持可比口径，2020年1-6月的销售费用及比率均为包含运输费的口径，下同。其中，公司2020年1-6月计入主营业务成本的运输费为119.62万元。", "spo_list": [{"predicate": "其他成本", "object_type": "金额", "subject_type": "日期", "object": "119.62万元", "subject": "2020年1-6月", "subject_index": {"begin": 8, "end": 17}, "object_index": {"begin": 66, "end": 74}}]}
{"text": "为保持可比口径，2020年1-6月的销售费用为包含运输费的口径。其中，公司2020年1-6月计入主营业务成本的运输费为119.62万元。", "spo_list": [{"predicate": "其他成本", "object_type": "金额", "subject_type": "日期", "object": "119.62万元", "subject": "2020年1-6月", "subject_index": {"begin": 8, "end": 17}, "object_index": {"begin": 59, "end": 67}}]}
{"text": "2019年度公司管理费用较2018年度增加金额为1,287.45万元，增长比例为14.61%，主要原因为：①2019年公司头孢克洛中间体等车间停产进行设备更新维护、设备检修、环保设施检修，产生停工损失1,864.92万元，较上年同期增加835.46万元；②随着公司2019年度销售规模进一步扩大，公司办公费、业务招待费规模有所增加。", "spo_list": [{"predicate": "管理费用", "object_type": "金额", "subject_type": "日期", "object": "1,287.45万元", "subject": "2019年度", "subject_index": {"begin": 0, "end": 6}, "object_index": {"begin": 24, "end": 34}}, {"predicate": "资产减值损失", "object_type": "金额", "subject_type": "日期", "object": "1,864.92万元", "subject": "2019年", "subject_index": {"begin": 54, "end": 59}, "object_index": {"begin": 100, "end": 110}}, {"predicate": "资产减值损失", "object_type": "金额", "subject_type": "日期", "object": "835.46万元", "subject": "2019年", "subject_index": {"begin": 54, "end": 59}, "object_index": {"begin": 118, "end": 126}}]}
{"text": "2017年度、2018年度、2019年度和2020年1-6月，公司筹资活动产生的现金流量净额分别为7,031.08万元、-18,929.06万元、-13,837.74万元和-1,593.55万元。", "spo_list": [{"predicate": "公司筹资活动产生的现金流量净额", "object_type": "金额", "subject_type": "日期", "object": "-1,593.55万元", "subject": "2020年1-6月", "subject_index": {"begin": 21, "end": 30}, "object_index": {"begin": 86, "end": 97}}, {"predicate": "公司筹资活动产生的现金流量净额", "object_type": "金额", "subject_type": "日期", "object": "-13,837.74万元", "subject": "2019年度", "subject_index": {"begin": 14, "end": 20}, "object_index": {"begin": 73, "end": 85}}, {"predicate": "公司筹资活动产生的现金流量净额", "object_type": "金额", "subject_type": "日期", "object": "-18,929.06万元", "subject": "2018年度", "subject_index": {"begin": 7, "end": 13}, "object_index": {"begin": 60, "end": 72}}, {"predicate": "公司筹资活动产生的现金流量净额", "object_type": "金额", "subject_type": "日期", "object": "7,031.08万元", "subject": "2017年度", "subject_index": {"begin": 0, "end": 6}, "object_index": {"begin": 49, "end": 59}}]}
{"text": "2017年度、2018年度、2019年度和2020年1-6月，公司“购建固定资产、无形资产和其他长期资产支付的现金”分别为2,818.02万元、2,947.04万元、5,778.44万元和1,433.27万元。", "spo_list": [{"predicate": "无形资产", "object_type": "金额", "subject_type": "日期", "object": "2,947.04万元", "subject": "2019年度", "subject_index": {"begin": 14, "end": 20}, "object_index": {"begin": 72, "end": 82}}]}
