{"text": "上述会计政策变更调减了2000年年初未分配利润3,792,781.15元。", "spo_list": [{"predicate": "未分配利润", "object_type": "金额", "subject_type": "日期", "object": "3,792,781.15元", "subject": "2000年年初", "subject_index": {"begin": 11, "end": 18}, "object_index": {"begin": 23, "end": 36}}]}
{"text": "本公司2003年6月30日未分配利润余额为88,739,158.94元。", "spo_list": [{"predicate": "未分配利润", "object_type": "金额", "subject_type": "日期", "object": "88,739,158.94元", "subject": "2003年6月30日", "subject_index": {"begin": 3, "end": 13}, "object_index": {"begin": 21, "end": 35}}]}
{"text": "2002年度本公司筹资活动产生的净现金流量为-11,248.39万元，主要是由于归还银行贷款形成的：", "spo_list": [{"predicate": "公司筹资活动产生的现金流量净额", "object_type": "金额", "subject_type": "日期", "object": "-11,248.39万元", "subject": "2002年度", "subject_index": {"begin": 0, "end": 6}, "object_index": {"begin": 22, "end": 34}}]}
{"text": "2002年上半年本公司筹资活动产生的现金流量净额为-17,703万元。", "spo_list": [{"predicate": "公司筹资活动产生的现金流量净额", "object_type": "金额", "subject_type": "日期", "object": "-17,703万元", "subject": "2002年上半年", "subject_index": {"begin": 0, "end": 8}, "object_index": {"begin": 25, "end": 34}}]}
{"text": "2003年上半年本公司筹资活动产生的净现金流量为-9,026万元，主要是由于偿还银行收购贷款形成的。", "spo_list": [{"predicate": "公司筹资活动产生的现金流量净额", "object_type": "金额", "subject_type": "日期", "object": "-9,026万元", "subject": "2003年上半年", "subject_index": {"begin": 0, "end": 8}, "object_index": {"begin": 24, "end": 32}}]}
{"text": "本公司2002年、2003年上半年投资活动产生的现金流量净额分别为-4,149万元与-1,282万元，主要是公司为了提高种子产品整体的生产加工能力和质量，进行了较大规模的固定资产投资形成的。", "spo_list": [{"predicate": "公司投资活动产生的现金流量净额", "object_type": "金额", "subject_type": "日期", "object": "-4,149万元", "subject": "2002年", "subject_index": {"begin": 3, "end": 8}, "object_index": {"begin": 33, "end": 41}}, {"predicate": "公司投资活动产生的现金流量净额", "object_type": "金额", "subject_type": "日期", "object": "-1,282万元", "subject": "2003年", "subject_index": {"begin": 9, "end": 14}, "object_index": {"begin": 42, "end": 50}}]}
{"text": "敦煌市供销联合社为本公司垫付款，1999年度前为492,747.51元。2002年度新增欠付其场地租赁费322,783.73元,2003年1-6月本公司偿还20,118.70元，2003年6月30日余额795,412.54元", "spo_list": [{"predicate": "其他成本", "object_type": "金额", "subject_type": "日期", "object": "322,783.73元", "subject": "2002年度", "subject_index": {"begin": 36, "end": 42}, "object_index": {"begin": 52, "end": 63}}, {"predicate": "其他成本", "object_type": "金额", "subject_type": "日期", "object": "492,747.51元", "subject": "1999年", "subject_index": {"begin": 16, "end": 21}, "object_index": {"begin": 24, "end": 35}}]}
{"text": "2002年下半年由于本年度棉花产品的收购量与去年同期相比有所下降，加之棉花产品销售畅通，货款回收及时，因此本年度产品收购贷款占用时间短，大部分在本年度归还。2002年下半年公司借款收到的现金为43,789万元，偿还债务支付的现金为36,716万元，筹资活动产生的现金流量净额为6,455万元。", "spo_list": [{"predicate": "公司筹资活动产生的现金流量净额", "object_type": "金额", "subject_type": "日期", "object": "6,455万元", "subject": "2002年", "subject_index": {"begin": 78, "end": 83}, "object_index": {"begin": 138, "end": 145}}]}
