{"text": "预计2001营业税金及附加844.15万元，较2000年786.93万元增加57.22万元，是按预测收入计算的应纳增值税附加税费和营业税金及附加。", "spo_list": [{"predicate": "税金及附加", "object_type": "金额", "subject_type": "日期", "object": "844.15万元", "subject": "2001", "subject_index": {"begin": 2, "end": 6}, "object_index": {"begin": 13, "end": 21}}]}
{"text": "本公司截至2000年12月31日止，本公司总资产283,172,030.27元，净资产145,997,475.89元，固定资产原值160,201,267.85元，固定资产净值111,852,695.16元。", "spo_list": [{"predicate": "净资产价值", "object_type": "金额", "subject_type": "日期", "object": "145,997,475.89元", "subject": "2000年12月31日止", "subject_index": {"begin": 5, "end": 17}, "object_index": {"begin": 43, "end": 58}}, {"predicate": "固定资产账面价值", "object_type": "金额", "subject_type": "日期", "object": "160,201,267.85元", "subject": "2000年12月31日止", "subject_index": {"begin": 5, "end": 17}, "object_index": {"begin": 65, "end": 80}}]}
{"text": "截至1996年12月31日止，四川国栋建设股份有限公司增加投入资本42,398,000.00元，变更后的投入资本总数为112,328,053.66，其中实收资本105,200,000.00元，盈余公积4,744,935.65元，未分配利润2,383,118.01元。与上述变更后投入资本总数相关的资产总额为283,755,602.44元，负债总数为171,427,548.78元。", "spo_list": [{"predicate": "盈余公积", "object_type": "金额", "subject_type": "日期", "object": "4,744,935.65元", "subject": "1996年12月31日", "subject_index": {"begin": 2, "end": 13}, "object_index": {"begin": 100, "end": 113}}, {"predicate": "未分配利润", "object_type": "金额", "subject_type": "日期", "object": "2,383,118.01元", "subject": "1996年12月31日", "subject_index": {"begin": 2, "end": 13}, "object_index": {"begin": 119, "end": 132}}]}
{"text": "公司预测2001年应交所得税1,166.02万元。", "spo_list": []}
{"text": "预计2001年主营业务成本24,408.55万元，较2000年22,439.37万元增加1,969.18万元，上升8.78%。", "spo_list": [{"predicate": "主营业务成本", "object_type": "金额", "subject_type": "日期", "object": "24,408.55万元", "subject": "2001年", "subject_index": {"begin": 2, "end": 7}, "object_index": {"begin": 13, "end": 24}}, {"predicate": "主营业务成本", "object_type": "金额", "subject_type": "日期", "object": "1,969.18万元", "subject": "2001年", "subject_index": {"begin": 2, "end": 7}, "object_index": {"begin": 44, "end": 54}}]}
{"text": "1999年5月31日所表现的市场价值反映如下：四川国栋建设股份有限公司的申报评估的资产账面价值为234427955.29元，评估值为259976223.45元，评估增值25548268.16元，增值率为10.90%；申报评估的总负债账面价值为89321176.81元，评估值为89321176.81元；净资产账面价值为145106778.48元，评估值170655046.64元，增值25548268.16元，增值率17.61%。", "spo_list": [{"predicate": "总资产", "object_type": "金额", "subject_type": "日期", "object": "234427955.29元", "subject": "1999年5月31日", "subject_index": {"begin": 0, "end": 10}, "object_index": {"begin": 48, "end": 61}}, {"predicate": "总负债", "object_type": "金额", "subject_type": "日期", "object": "89321176.81元", "subject": "1999年5月31日", "subject_index": {"begin": 0, "end": 10}, "object_index": {"begin": 121, "end": 133}}, {"predicate": "净资产账面价值", "object_type": "金额", "subject_type": "日期", "object": "145106778.48", "subject": "1999年5月31日", "subject_index": {"begin": 0, "end": 10}, "object_index": {"begin": 159, "end": 171}}]}
