{"text": "鲁菱公司1998年度产量为3,321吨，销售收入为2,757万元，净利润163万元；1999年度产量为15,919吨，销售收入为5,916万元，净利润1,580万元，产、销量及净利润均有大幅度提高。对于股份公司整体而言，虽然该合并事项并未增加公司合并后的资产，但由于股份公司在鲁菱公司和东进公司所占的股份比例不同（分别为70%和60%），故该合并事项会使公司投资收益及净利润有所增加。", "spo_list": [{"predicate": "其他收益", "object_type": "金额", "subject_type": "日期", "object": "2,757万元", "subject": "1998年度", "subject_index": {"begin": 4, "end": 10}, "object_index": {"begin": 25, "end": 32}}]}
{"text": "其他应收款：截至2003年12月31日，发行人其他应收款净额为9,360,044.72元，占当期期末流动资产的2.51%，其中未逾期和账龄在一年以内的其他应收款占其他应收款总额的77.22%（单位：元）：", "spo_list": [{"predicate": "其他应收款净额", "object_type": "金额", "subject_type": "日期", "object": "9,360,044.72元", "subject": "2003年12月31日", "subject_index": {"begin": 8, "end": 19}, "object_index": {"begin": 31, "end": 44}}]}
{"text": "截至2003年12月31日，发行人无形资产期末余额为84,378.85元，", "spo_list": [{"predicate": "无形资产余额", "object_type": "金额", "subject_type": "日期", "object": "84,378.85元", "subject": "2003年12月31日", "subject_index": {"begin": 2, "end": 13}, "object_index": {"begin": 26, "end": 36}}]}
{"text": "截至2003年12月31日，发行人预收账款余额313,005.24元，", "spo_list": [{"predicate": "预收账款余额", "object_type": "金额", "subject_type": "日期", "object": "313,005.24元", "subject": "2003年12月31日", "subject_index": {"begin": 2, "end": 13}, "object_index": {"begin": 23, "end": 34}}]}
{"text": "截至2003年12月31日，发行人其他应付款余额为11,181,166.68元，其中一年以内的其他应付款为5,281,153.67元，", "spo_list": [{"predicate": "其他应付款余额", "object_type": "金额", "subject_type": "日期", "object": "11,181,166.68元", "subject": "2003年12月31日", "subject_index": {"begin": 2, "end": 13}, "object_index": {"begin": 25, "end": 39}}, {"predicate": "其他应付款", "object_type": "金额", "subject_type": "日期", "object": "5,281,153.67元", "subject": "2003年12月31日", "subject_index": {"begin": 2, "end": 13}, "object_index": {"begin": 53, "end": 66}}]}
{"text": "由于该项固定资产的减值原因是购置的附加费过高，不涉及使用磨损及技术进步的原因，根据《企业会计制度》的规定，2001年末报表将评估减值的固定资产计提减值准备，并进行追溯调整，影响2001、2000、1999、1998年度未分配利润减少625万元，导致2000及1999年年初未分配利润为负数。", "spo_list": [{"predicate": "未分配利润", "object_type": "金额", "subject_type": "日期", "object": "625万元", "subject": "2000、1999、1998年度", "subject_index": {"begin": 93, "end": 109}, "object_index": {"begin": 116, "end": 121}}]}
{"text": "截至2003年12月31日，公司的固定资产净额为2.98亿元，占总资产的比例为44.23%。固定资产和无形资产均为公司正常生产经营所必须的资产，不存在重大不良资产。", "spo_list": [{"predicate": "固定资产净额", "object_type": "金额", "subject_type": "日期", "object": "2.98亿元", "subject": "2003年12月31日", "subject_index": {"begin": 2, "end": 13}, "object_index": {"begin": 24, "end": 30}}]}
{"text": "截至2003年12月31日，公司负债总额4.52亿元，其中流动负债4.38亿元，占总负债的97.02%。公司无重大已到期仍未偿还的债务。", "spo_list": [{"predicate": "流动负债", "object_type": "金额", "subject_type": "日期", "object": "4.38亿元", "subject": "2003年12月31日", "subject_index": {"begin": 2, "end": 13}, "object_index": {"begin": 33, "end": 39}}]}
{"text": "根据发行人2001年度股东大会批准的利润分配方案，2001年1-3月的利润及上年末未分配利润向老股东进行分配，总额为8,587,985.84元；2001年4-12月实现的利润未分配。", "spo_list": [{"predicate": "未分配利润", "object_type": "金额", "subject_type": "日期", "object": "8,587,985.84元", "subject": "2001年1-3月", "subject_index": {"begin": 25, "end": 34}, "object_index": {"begin": 58, "end": 71}}]}
{"text": "截至2003年12月31日，发行人固定资产原值为401,040,759.46元，累计折旧为96,268,201.27元，固定资产净值为304,774,558.19元，固定资产减值准备为6,480,921.66元，固定资产净额为298,291,636.53元。", "spo_list": [{"predicate": "固定资产净额", "object_type": "金额", "subject_type": "日期", "object": "401,040,759.46元", "subject": "2003年12月31日", "subject_index": {"begin": 2, "end": 13}, "object_index": {"begin": 24, "end": 39}}, {"predicate": "固定资产净额", "object_type": "金额", "subject_type": "日期", "object": "304,774,558.19元", "subject": "2003年12月31日", "subject_index": {"begin": 2, "end": 13}, "object_index": {"begin": 67, "end": 82}}, {"predicate": "固定资产净额", "object_type": "金额", "subject_type": "日期", "object": "6,480,921.66元", "subject": "2003年12月31日", "subject_index": {"begin": 2, "end": 13}, "object_index": {"begin": 92, "end": 105}}, {"predicate": "固定资产净额", "object_type": "金额", "subject_type": "日期", "object": "298,291,636.53元", "subject": "2003年12月31日", "subject_index": {"begin": 2, "end": 13}, "object_index": {"begin": 113, "end": 128}}]}
{"text": "公司存货主要是库存果汁，存货周转率较高。2003年、2002年和2001年的存货周转率分别为2.00、1.70和1.32，公司虽然存货余额逐年上升，但存货周转率也逐年上升，存货发生跌价损失的可能性较低。每年年底正处于生产榨季刚结束的时期，属于存货量最大的时点。", "spo_list": [{"predicate": "存货周转率", "object_type": "日期", "subject_type": "比率", "object": "2003年", "subject": "2.00", "subject_index": {"begin": 46, "end": 50}, "object_index": {"begin": 20, "end": 25}}, {"predicate": "存货周转率", "object_type": "日期", "subject_type": "比率", "object": "2002年", "subject": "1.70", "subject_index": {"begin": 51, "end": 55}, "object_index": {"begin": 26, "end": 31}}, {"predicate": "存货周转率", "object_type": "日期", "subject_type": "比率", "object": "2001年", "subject": "1.32", "subject_index": {"begin": 56, "end": 60}, "object_index": {"begin": 32, "end": 37}}]}
{"text": "若按销售对象分，公司2003年、2002年和2001年的出口销售收入分别为416,695,244.56元、291,949,200.61元和240,024,664.58元，分别占主营业务收入的89.77%、90.04%和89.87%；若按产品品种分，2002年主营业务收入中浓缩苹果汁占93.78%，浓缩梨汁占5.68%，其余的为山楂汁、枣汁和梅汁等。", "spo_list": [{"predicate": "其他收益", "object_type": "金额", "subject_type": "日期", "object": "416,695,244.56元", "subject": "2003年", "subject_index": {"begin": 10, "end": 15}, "object_index": {"begin": 37, "end": 52}}, {"predicate": "其他收益", "object_type": "金额", "subject_type": "日期", "object": "291,949,200.61元", "subject": "2002年", "subject_index": {"begin": 16, "end": 21}, "object_index": {"begin": 53, "end": 68}}, {"predicate": "其他收益", "object_type": "金额", "subject_type": "日期", "object": "240,024,664.58元", "subject": "2001年", "subject_index": {"begin": 22, "end": 27}, "object_index": {"begin": 69, "end": 84}}]}
{"text": "截至2003年12月31日，发行人应付账款余额50,773,581.72元，其中一年以内的应付账款为47,102,217.47元，占应付账款余额的92.77%（单位：元）：", "spo_list": [{"predicate": "应付账款余额", "object_type": "金额", "subject_type": "日期", "object": "50,773,581.72元", "subject": "2003年12月31日", "subject_index": {"begin": 2, "end": 13}, "object_index": {"begin": 23, "end": 37}}, {"predicate": "应付账款余额", "object_type": "金额", "subject_type": "日期", "object": "47,102,217.47元", "subject": "2003年12月31日", "subject_index": {"begin": 2, "end": 13}, "object_index": {"begin": 50, "end": 64}}]}
{"text": "公司2003年、2002年和2001年的应收账款周转率分别为4.96、4.82和7.25，处于较高的水平，说明公司具有良好的货款回收能力。", "spo_list": [{"predicate": "应收账款周转率", "object_type": "日期", "subject_type": "比率", "object": "2001年", "subject": "7.25", "subject_index": {"begin": 40, "end": 44}, "object_index": {"begin": 14, "end": 19}}, {"predicate": "应收账款周转率", "object_type": "日期", "subject_type": "比率", "object": "2002年", "subject": "4.82", "subject_index": {"begin": 35, "end": 39}, "object_index": {"begin": 8, "end": 13}}, {"predicate": "应收账款周转率", "object_type": "日期", "subject_type": "比率", "object": "2003年", "subject": "4.96", "subject_index": {"begin": 30, "end": 34}, "object_index": {"begin": 2, "end": 7}}]}
{"text": "公司2001、2002和2003年末货币资金余额分别为5,388.39万元、3,107.77万元和4,823.52万元。公司2003年经营活动产生的现金流量净额为23,391,669.41元，投资活动产生的现金流量净额为-61,026,865.45元，筹资活动产生的现金流量净额为54,837,083.10元，汇率变动对现金的影响额为-44,278.39元，现金及现金等价物净增加额为17,157,608.67元。公司在客户资信管理与应收账款的回收方面采取了有效的措施，既加速了资金的回笼，又避免了重大呆坏账的发生。公司的经营性资金周转及时、应收账款周转率高、坏账比例低，具有充足的营运资金清偿到期债务。", "spo_list": [{"predicate": "货币资金余额", "object_type": "金额", "subject_type": "日期", "object": "4,823.52万元", "subject": "2003年", "subject_index": {"begin": 12, "end": 17}, "object_index": {"begin": 49, "end": 59}}, {"predicate": "货币资金余额", "object_type": "金额", "subject_type": "日期", "object": "3,107.77万元", "subject": "2002", "subject_index": {"begin": 7, "end": 11}, "object_index": {"begin": 38, "end": 48}}, {"predicate": "货币资金余额", "object_type": "金额", "subject_type": "日期", "object": "5,388.39万元", "subject": "2001", "subject_index": {"begin": 2, "end": 6}, "object_index": {"begin": 27, "end": 37}}, {"predicate": "公司投资活动产生的现金流量净额", "object_type": "金额", "subject_type": "日期", "object": "-61,026,865.45元", "subject": "2003年", "subject_index": {"begin": 62, "end": 67}, "object_index": {"begin": 110, "end": 125}}, {"predicate": "公司筹资活动产生的现金流量净额", "object_type": "金额", "subject_type": "日期", "object": "54,837,083.10元", "subject": "2003年", "subject_index": {"begin": 62, "end": 67}, "object_index": {"begin": 140, "end": 154}}]}
