{"text": "应收款项2008年末比2007年末减少17,163万元，下降幅度为31.72%，主要原因是：公司于2008年对判决已经生效、已无财产可供执行的不良债权以帐销案存方式进行核销处理，本次核销的不良债权合计为11,718万元。", "spo_list": [{"predicate": "应收账款净额", "object_type": "金额", "subject_type": "日期", "object": "17,163万元", "subject": "2008年末", "subject_index": {"begin": 4, "end": 10}, "object_index": {"begin": 19, "end": 27}}]}
{"text": "海南赛格特种金融债券款项情况为：公司于1997年代销海南赛格国际信托投资公司发行的特种金融债券本金1,500万元人民币，后因海南赛格无力兑付，政府要求公司代为兑付，累计支付本息1,872.60万元人民币，形成公司对海南赛格的债权。海南赛格依法宣告破产后，该债权已进行了登记。公司于2007年5月12日收到海南赛格破产清算组的债权确认书，确认债权本息为2,112.25万元。公司判断该债权基本上无法清偿，故2005年对账面债权1,872.60万元全额计提了坏账准备。2008年上半年，公司以案存帐销的方式对该笔应收债权进行了核销处理。", "spo_list": [{"predicate": "坏账准备", "object_type": "金额", "subject_type": "日期", "object": "1,872.60万元", "subject": "2005年", "subject_index": {"begin": 202, "end": 207}, "object_index": {"begin": 212, "end": 222}}]}
{"text": "2008年末其他应付款项较2007年末减少了14,024万元，减少幅度为41.14%，主要原因为公司期末应上缴的投资者保护基金减少，以及公司支付了购置静安广场房产尾款所致。", "spo_list": [{"predicate": "其他应付款", "object_type": "金额", "subject_type": "日期", "object": "14,024万元", "subject": "2008年末", "subject_index": {"begin": 0, "end": 6}, "object_index": {"begin": 22, "end": 30}}]}
{"text": "2007年末其他应付款项较2006年末减少了87,098万元，减少幅度为71.87%，主要原因为2006年末收到的增资扩股意向款99,188万元本年度全部转为股本和资本公积，同时应交未交的投资者保护基金增加9,486万元。", "spo_list": [{"predicate": "其他应付款", "object_type": "金额", "subject_type": "日期", "object": "87,098万元", "subject": "2007年末", "subject_index": {"begin": 0, "end": 6}, "object_index": {"begin": 22, "end": 30}}]}
{"text": "2008年度，公司投资活动现金流入金额较大，为35,319万元，主要原因为公司收回投资收到的现金29,133万元，取得投资收益收到的现金5,700万元，收到其他与投资活动有关的现金486万元。收回投资收到的现金主要是光大保德信收回投资收到现金29,053万元，其中国债回购24,000万元、央行票据4,966万元。取得投资收益收到的现金为公司收到大成基金的现金红利5,700万元，收到的其他与投资活动有关的现金486万元为处置固定资产收回的现金。", "spo_list": [{"predicate": "公司投资活动产生的现金流量净额", "object_type": "金额", "subject_type": "日期", "object": "35,319万元", "subject": "2008年度", "subject_index": {"begin": 0, "end": 6}, "object_index": {"begin": 23, "end": 31}}]}
{"text": "2008年年末递延所得税资产变动的主要原因：（1）2008年股市大幅下跌，公司持有的可供出售金融资产公允价值较2007年末大幅减少，已低于其初始成本，使得2008年末递延所得税资产较2007年末增加19,871万元。（2）2008年经主管税务机关核准公司核销坏帐11,718万元，减少递延所得税资产2,930万元。（3）已计提尚未支付的奖金按原所得税清算政策预计纳税调整增加递延所得税资产6,171万元。", "spo_list": [{"predicate": "递延所得税资产", "object_type": "金额", "subject_type": "日期", "object": "19,871万元", "subject": "2007年末", "subject_index": {"begin": 91, "end": 97}, "object_index": {"begin": 99, "end": 107}}, {"predicate": "递延所得税资产", "object_type": "金额", "subject_type": "日期", "object": "2,930万元", "subject": "2008年", "subject_index": {"begin": 111, "end": 116}, "object_index": {"begin": 149, "end": 156}}]}
{"text": "报告期内，2008年末应交税费较2007年末减少了54,356万元，减少幅度为51.98%，主要原因为公司缴纳了2007年度汇算清缴所得税，同时公司2008年利润以及营业收入下降，计提未缴的所得税以及营业税费用减少。", "spo_list": [{"predicate": "应交税费", "object_type": "金额", "subject_type": "日期", "object": "54,356万元", "subject": "2008年", "subject_index": {"begin": 5, "end": 10}, "object_index": {"begin": 25, "end": 33}}]}
{"text": "）2008年12月31日公司应收款项账面金额为36,949万元，已计提坏账准备19,346万元，净额17,603万元。各报告期末账面金额如下表所示", "spo_list": [{"predicate": "应收账款净额", "object_type": "金额", "subject_type": "日期", "object": "36,949万元", "subject": "2008年12月31日", "subject_index": {"begin": 1, "end": 12}, "object_index": {"begin": 23, "end": 31}}, {"predicate": "坏账准备", "object_type": "金额", "subject_type": "日期", "object": "19,346万元", "subject": "2008年12月31日", "subject_index": {"begin": 1, "end": 12}, "object_index": {"begin": 39, "end": 47}}]}
{"text": "2007年末，应付款项中有1,411万元为应付光大集团、由本公司代收代付的不良资产处置回收款。", "spo_list": [{"predicate": "应付账款", "object_type": "金额", "subject_type": "日期", "object": "1,411万元", "subject": "2007年末", "subject_index": {"begin": 0, "end": 6}, "object_index": {"begin": 13, "end": 20}}]}
{"text": "2008年度，公司投资活动现金流出金额较大，为46,433万元，主要原因为公司投资支付的现金33,667万元，购建固定资产、无形资产和其他长期资产支付的现金12,765万元。投资支付的现金是光大保德信投资支付的现金33,667万元，其中投资光大保德信旗下管理的基金4,700万元、国债回购24,000万元、央行票据4,966万元。购建固定资产、无形资产和其他长期资产支付的现金主要是公司购建固定资产等支付的现金11,121万元，其中公司办公楼工程相关的支出4,701万元、新增固定资产支出5,846万元、其余在建工程支出574万元。", "spo_list": [{"predicate": "公司投资活动产生的现金流量净额", "object_type": "金额", "subject_type": "日期", "object": "46,433万元", "subject": "2008年度", "subject_index": {"begin": 0, "end": 6}, "object_index": {"begin": 23, "end": 31}}, {"predicate": "公司投资活动产生的现金流量净额", "object_type": "金额", "subject_type": "日期", "object": "33,667万元", "subject": "2008年度", "subject_index": {"begin": 0, "end": 6}, "object_index": {"begin": 46, "end": 54}}, {"predicate": "在建工程净额", "object_type": "金额", "subject_type": "日期", "object": "574万元", "subject": "2008年度", "subject_index": {"begin": 0, "end": 6}, "object_index": {"begin": 260, "end": 265}}]}
