{"text": "公司2000年度投资收益为-12,421,430元，其中股权投资差额摊销-4,934,552元，为公司于2000年收购子公司所支付的现金成本与购买日所享有净资产的份额的差额；会计政策差异的调整净额-11,820,211元，是母公司按其会计政策于收购日对子公司净资产所做调整按投资比例所享有的净额部分，会计政策差异包括补提坏帐准备人民币3,312,839元及补提折旧人民币8,507,372元；证券投资收益4,583,333元，为2000年投资国债所取得的收益；出售联营公司损失-250,000元。公司2001年投资收益7,181,507元，其中股权投资差额摊销-1,842,069元，为公司于2001年1月—12月收购子公司所支付的现金成本与购买日所享有净资产的份额的差额；委托资产管理收益9,023,572元，为2001年投资国债所取得的收益。2002年1-6月产生的股权投资差额摊销为收购子公司的现金成本与收购日所享有净资产份额之差额，本期摊销709,914元，委托资产管理收益为本报告期内国债投资收益，之后已不再进行该等业务。", "spo_list": [{"predicate": "投资收益", "object_type": "金额", "subject_type": "日期", "object": "-12,421,430元", "subject": "2000年度", "subject_index": {"begin": 2, "end": 8}, "object_index": {"begin": 13, "end": 25}}, {"predicate": "投资收益", "object_type": "金额", "subject_type": "日期", "object": "4,583,333元", "subject": "2000年度", "subject_index": {"begin": 2, "end": 8}, "object_index": {"begin": 202, "end": 212}}]}
{"text": "2001年12月底长期待摊费用为4,113万元，该部分支出主要是（1）子公司门店装修费2,121万元；（2）在租赁的土地上进行道路房屋建筑物建造和改良支出1,368万元。", "spo_list": [{"predicate": "长期待摊费用", "object_type": "金额", "subject_type": "日期", "object": "4,113万元", "subject": "2001年12月底", "subject_index": {"begin": 0, "end": 9}, "object_index": {"begin": 16, "end": 23}}]}
{"text": "1999年、2000年、2001年及2002年1-6月，应收账款周转率分别为9.70次/年、12.54次/年、15.75次/年、8.14次/年，周转天数分别为37.11天、28.71天、22.86天、22.11天；截止2001年12月31日，公司应收帐款余额2.50亿元，虽占流动资产总额的26.11%，但帐龄在一年以上的仅占2%，并已全额提取了坏账准备，没有三年以上的应收账款，表明公司销售信用良好、货款回收的风险小。", "spo_list": [{"predicate": "应收账款周转率", "object_type": "日期", "subject_type": "比率", "object": "1999年", "subject": "9.70次", "subject_index": {"begin": 38, "end": 43}, "object_index": {"begin": 0, "end": 5}}, {"predicate": "应收账款周转率", "object_type": "日期", "subject_type": "比率", "object": "2000年", "subject": "12.54次", "subject_index": {"begin": 46, "end": 52}, "object_index": {"begin": 6, "end": 11}}, {"predicate": "应收账款周转率", "object_type": "日期", "subject_type": "比率", "object": "2001年", "subject": "15.75次", "subject_index": {"begin": 55, "end": 61}, "object_index": {"begin": 12, "end": 17}}, {"predicate": "应收账款周转率", "object_type": "日期", "subject_type": "比率", "object": "2002年1-6月", "subject": "8.14次", "subject_index": {"begin": 64, "end": 69}, "object_index": {"begin": 18, "end": 27}}]}
{"text": "2001年、2002年上半年投资活动产生的现金流量净额分别为-3.44亿元和1.54亿元。", "spo_list": [{"predicate": "公司投资活动产生的现金流量净额", "object_type": "金额", "subject_type": "日期", "object": "-3.44亿元", "subject": "2001年", "subject_index": {"begin": 0, "end": 5}, "object_index": {"begin": 30, "end": 37}}, {"predicate": "公司投资活动产生的现金流量净额", "object_type": "金额", "subject_type": "日期", "object": "1.54亿元", "subject": "2002年上半年", "subject_index": {"begin": 6, "end": 14}, "object_index": {"begin": 38, "end": 44}}]}
{"text": "截至2002年6月30日，公司的净资产总额为56,572.53万元，资产总额为205,204.63万元，资产负债率(母公司)为65.14%，2002年1-6月实现主营业务收入230,026.66万元，净利润9,554.53万元，以上指标均居于国内同行业先进水平。", "spo_list": [{"predicate": "资产负债率", "object_type": "日期", "subject_type": "比率", "object": "2002年6月30日", "subject": "65.14%", "subject_index": {"begin": 63, "end": 69}, "object_index": {"begin": 2, "end": 12}}]}
{"text": "与可的便利店在1999年、2000年发生销售额为4,657.6万元、2,371.8万元。销售定价类同对上海地区连锁超市的销售政策，交易品种为本公司各种奶制品", "spo_list": [{"predicate": "其他收益", "object_type": "金额", "subject_type": "日期", "object": "4,657.6万元", "subject": "1999年", "subject_index": {"begin": 7, "end": 12}, "object_index": {"begin": 24, "end": 33}}, {"predicate": "其他收益", "object_type": "金额", "subject_type": "日期", "object": "2,371.8万元", "subject": "2000年", "subject_index": {"begin": 13, "end": 18}, "object_index": {"begin": 34, "end": 43}}]}
{"text": "2002年6月30日公司无形资产为7,947万元，包括土地使用权、商标权和专有技术，土地使用权属于股东投入及购买；商标权属于购买，达能专有技术为收购企业时购买。其初始金额分别为5,756万元、6,000万元。摊销年限分别为30-50年、10年。截止2002年6月30日剩余摊销年限分别为24至49年、5年及4年。", "spo_list": [{"predicate": "无形资产", "object_type": "金额", "subject_type": "日期", "object": "7,947万元", "subject": "2002年6月30日", "subject_index": {"begin": 0, "end": 10}, "object_index": {"begin": 17, "end": 24}}]}
{"text": "1999年、2000年、2001年及2002年1-6月，存货周转率分别为11.41次/年、9.97次/年、10.75次/年、6.07%次/年，周转天数分别为31.55天、36.11天、33.49天、29.65天，", "spo_list": [{"predicate": "存货周转率", "object_type": "日期", "subject_type": "比率", "object": "1999年", "subject": "11.41次/年", "subject_index": {"begin": 36, "end": 44}, "object_index": {"begin": 0, "end": 5}}, {"predicate": "存货周转率", "object_type": "日期", "subject_type": "比率", "object": "2000年", "subject": "9.97次/年", "subject_index": {"begin": 45, "end": 52}, "object_index": {"begin": 6, "end": 11}}, {"predicate": "存货周转率", "object_type": "日期", "subject_type": "比率", "object": "2001年", "subject": "10.75次/年", "subject_index": {"begin": 53, "end": 61}, "object_index": {"begin": 12, "end": 17}}, {"predicate": "存货周转率", "object_type": "日期", "subject_type": "比率", "object": "2002年1-6月", "subject": "6.07%次/年", "subject_index": {"begin": 62, "end": 70}, "object_index": {"begin": 18, "end": 27}}]}
{"text": "2000年12月31日比1999年12月31日增加10,210万元。增幅主要原因是2000年经营活动增加净额为26,820万元，对外投资活动投出净额为18,816万元，筹资活动增加净额为2,206万元。", "spo_list": [{"predicate": "公司经营活动产生的现金流量净额", "object_type": "金额", "subject_type": "日期", "object": "26,820万元", "subject": "2000年", "subject_index": {"begin": 41, "end": 46}, "object_index": {"begin": 55, "end": 63}}, {"predicate": "公司投资活动产生的现金流量净额", "object_type": "金额", "subject_type": "日期", "object": "18,816万元", "subject": "2000年", "subject_index": {"begin": 41, "end": 46}, "object_index": {"begin": 75, "end": 83}}]}
{"text": "2000年6月30日公司按如下比列提取坏帐准备，金额为人民币14,079,176元（详见截至日为2000年6月30日的《德师报[审]字[00]第9047号》审计报告）：", "spo_list": [{"predicate": "坏账准备", "object_type": "金额", "subject_type": "日期", "object": "14,079,176元", "subject": "2000年6月30日", "subject_index": {"begin": 0, "end": 10}, "object_index": {"begin": 30, "end": 41}}]}
{"text": "2001年末公司无形资产余额为8,085.47万元，其中土地使用权余额4,785.47万元，扣除土地使用权后无形资产占净资产的比例为6.07%；2002年6月30日公司无形资产扣除土地使用权后占净资产的比例仅为5.42%，符合中国证监会关于首次公开发行股票的发行人“发行前一年末无形资产（不含土地使用权）占净资产的比例不高于20%”的规定。", "spo_list": [{"predicate": "无形资产", "object_type": "金额", "subject_type": "日期", "object": "8,085.47万元", "subject": "2001年末", "subject_index": {"begin": 0, "end": 6}, "object_index": {"begin": 15, "end": 25}}]}
{"text": "公司在研发费用上的投入逐年增长，并且呈现加速增长的趋势。2001年全年研发费用为1,397万元，2000年全年研发费用为1,255万元。同时2002年依据经董事会批准的年度经营预算，2002年计划投入2,646万元，比上年度增长89%。", "spo_list": [{"predicate": "研发费用", "object_type": "金额", "subject_type": "日期", "object": "1,397万元", "subject": "2001年", "subject_index": {"begin": 28, "end": 33}, "object_index": {"begin": 40, "end": 47}}, {"predicate": "研发费用", "object_type": "金额", "subject_type": "日期", "object": "1,255万元", "subject": "2001年", "subject_index": {"begin": 28, "end": 33}, "object_index": {"begin": 60, "end": 67}}]}
