{"text": "公司自设立以来一直非常重视对产品研发的投入，2014-2016年，公司及下属公司研发投入分别为927.34万元、1,113.56万元及1,465.13万元。", "spo_list": [{"predicate": "研发费用", "object_type": "金额", "subject_type": "日期", "object": "927.34万元", "subject": "2014", "subject_index": {"begin": 22, "end": 26}, "object_index": {"begin": 47, "end": 55}}, {"predicate": "研发费用", "object_type": "金额", "subject_type": "日期", "object": "1,465.13万元", "subject": "2016年", "subject_index": {"begin": 27, "end": 32}, "object_index": {"begin": 67, "end": 77}}]}
{"text": "截至2016年12月31日，公司其他应付款余额为10,485.08万元，主要为应付押金及保证金、应付经销商费用、应付工程款等，账龄大部分在一年以内，无应付持有本公司5%（含5%）以上表决权股份的股东和关联方款项情况。", "spo_list": [{"predicate": "应付账款余额", "object_type": "金额", "subject_type": "日期", "object": "10,485.08万元", "subject": "2016年12月31日", "subject_index": {"begin": 2, "end": 13}, "object_index": {"begin": 24, "end": 35}}]}
{"text": "截至2016年12月31日，公司预收款项余额为6,202.01万元，主要为预收货款，账龄基本在一年以内，无预收持有本公司5%（含5%）以上表决权股份的股东和关联方款项情况。", "spo_list": [{"predicate": "预收款项余额", "object_type": "金额", "subject_type": "日期", "object": "6,202.01万元", "subject": "2016年12月31日", "subject_index": {"begin": 2, "end": 13}, "object_index": {"begin": 23, "end": 33}}]}
{"text": "截至2016年12月31日，公司对内部人员的负债余额为4,654.17万元，均为应付职工薪酬。", "spo_list": [{"predicate": "其他非流动负债的余额", "object_type": "金额", "subject_type": "日期", "object": "4,654.17万元", "subject": "2016年12月31日", "subject_index": {"begin": 2, "end": 13}, "object_index": {"begin": 27, "end": 37}}]}
{"text": "截至2016年12月31日，除对广州市弘鼎餐饮管理有限公司公司有应付账款345,692.31元外，无对其他关联方的负债。", "spo_list": [{"predicate": "应付账款", "object_type": "金额", "subject_type": "日期", "object": "345,692.31元", "subject": "2016年12月31日", "subject_index": {"begin": 2, "end": 13}, "object_index": {"begin": 36, "end": 47}}]}
{"text": "2014年-2016年各年末，公司货币资金余额分别为49,789.94万元、61,291.46万元和73,356.41万元，货币资金占流动资产比例分别为79.11%、78.09%及78.48%。2015年末、2016年末，公司货币资金余额较上期末分别增加11,501.52万元、12,064.95万元，同比增长23.10%、19.68%，主要是因为：公司经营保持良好的发展势头，经营活动产生的现金流量充沛，使得各期货币资金持续增加。", "spo_list": [{"predicate": "货币资金余额", "object_type": "金额", "subject_type": "日期", "object": "49,789.94万元", "subject": "2014年", "subject_index": {"begin": 0, "end": 5}, "object_index": {"begin": 26, "end": 37}}, {"predicate": "货币资金余额", "object_type": "金额", "subject_type": "日期", "object": "73,356.41万元", "subject": "2016年", "subject_index": {"begin": 6, "end": 11}, "object_index": {"begin": 50, "end": 61}}]}
{"text": "2015年末，公司存货余额较2014年末增加2,837.76万元，主要是因为：2016年春节在2月8日，销售季节性影响，原材料、产成品等增加所致。", "spo_list": [{"predicate": "存货余额", "object_type": "金额", "subject_type": "日期", "object": "2,837.76万元", "subject": "2015年末", "subject_index": {"begin": 0, "end": 6}, "object_index": {"begin": 22, "end": 32}}]}
{"text": "2014年-2016年各年末，公司应收票据分别为0万元、0万元和40.00万元。2016年末，公司应收票据主要系银行承兑汇票。", "spo_list": [{"predicate": "应收票据", "object_type": "金额", "subject_type": "日期", "object": "0万元", "subject": "2014年", "subject_index": {"begin": 0, "end": 5}, "object_index": {"begin": 24, "end": 27}}, {"predicate": "应收票据", "object_type": "金额", "subject_type": "日期", "object": "40.00万元", "subject": "2016年", "subject_index": {"begin": 6, "end": 11}, "object_index": {"begin": 32, "end": 39}}]}
{"text": "2014年-2016年各年末，公司长期待摊费用分别为4,310.48万元、6,100.82万元和6,242.71万元。报告期内，公司长期待摊费用主要由各餐饮店及饼屋直营店的装修费用及预付租金构成。", "spo_list": [{"predicate": "长期待摊费用", "object_type": "金额", "subject_type": "日期", "object": "4,310.48万元", "subject": "2014年", "subject_index": {"begin": 0, "end": 5}, "object_index": {"begin": 26, "end": 36}}, {"predicate": "长期待摊费用", "object_type": "金额", "subject_type": "日期", "object": "6,242.71万元", "subject": "2016年", "subject_index": {"begin": 6, "end": 11}, "object_index": {"begin": 48, "end": 58}}]}
{"text": "2014年-2016年各年末，公司其他非流动资产分别为535.38万元、774.40万元和353.80万元。2015年末，公司其他非流动资产较上年末增加239.02万元，增长44.64%，主要原因是利口福公司新增工程类支出影响所致。2016年末，公司其他非流动资产较上年末减少420.60万元，下降54.31%，主要原因是预付长期资产款项结转所致。", "spo_list": [{"predicate": "其他非流动资产", "object_type": "金额", "subject_type": "日期", "object": "535.38万元", "subject": "2014年", "subject_index": {"begin": 0, "end": 5}, "object_index": {"begin": 27, "end": 35}}, {"predicate": "其他非流动资产", "object_type": "金额", "subject_type": "日期", "object": "353.80万元", "subject": "2016年", "subject_index": {"begin": 6, "end": 11}, "object_index": {"begin": 45, "end": 53}}, {"predicate": "其他非流动资产", "object_type": "金额", "subject_type": "日期", "object": "239.02万元", "subject": "2015年", "subject_index": {"begin": 54, "end": 59}, "object_index": {"begin": 76, "end": 84}}, {"predicate": "其他非流动资产", "object_type": "金额", "subject_type": "日期", "object": "420.60万元", "subject": "2016年", "subject_index": {"begin": 116, "end": 121}, "object_index": {"begin": 138, "end": 146}}]}
{"text": "2014年-2016年各年末，公司预收款项分别为5,065.79万元、5,667.06万元及6,202.01万元，占负债总额的比重分别为18.59%、18.66%及16.43%。报告期内，公司预收账款主要是预先收取客户的销售货款、预收预付卡款项等。", "spo_list": [{"predicate": "预付款项", "object_type": "金额", "subject_type": "日期", "object": "5,065.79万元", "subject": "2014年", "subject_index": {"begin": 0, "end": 5}, "object_index": {"begin": 24, "end": 34}}, {"predicate": "预收款项", "object_type": "金额", "subject_type": "日期", "object": "6,202.01万元", "subject": "2016年", "subject_index": {"begin": 6, "end": 11}, "object_index": {"begin": 46, "end": 56}}]}
{"text": "2014年-2016年各年末，公司其他应付款的余额分别为5,702.57万元、7,718.83万元及10,485.08万元，占负债总额的比重分别为20.93%、25.41%和27.78%。公司其他应付款主要是由应付租赁押金、保证金、应付经销商费用及应付工程款等构成。2015年末，公司其他应付款较2014年末上升35.36%，主要原因为应付经销商费用等增加影响所致。2016年末，公司其他应付款较2015年末上升35.84%，主要原因是：①应付经销商及商超客户费用增加；②财政部于2016年12月3日发布了《增值税会计处理规定》（财会[2016]22号），会计政策变更调增其他应付款余额。", "spo_list": [{"predicate": "其他应付款余额", "object_type": "金额", "subject_type": "日期", "object": "5,702.57万元", "subject": "2014年", "subject_index": {"begin": 0, "end": 5}, "object_index": {"begin": 28, "end": 38}}, {"predicate": "其他应付款余额", "object_type": "金额", "subject_type": "日期", "object": "10,485.08万元", "subject": "2016年", "subject_index": {"begin": 6, "end": 11}, "object_index": {"begin": 50, "end": 61}}]}
{"text": "2016年，公司销售费用47,488.17万元，销售费用率较上年同期增长0.84个百分点，", "spo_list": [{"predicate": "销售费用", "object_type": "金额", "subject_type": "日期", "object": "47,488.17万元", "subject": "2016年", "subject_index": {"begin": 0, "end": 5}, "object_index": {"begin": 12, "end": 23}}]}
{"text": "2015年，公司营业外收入868.50万元，较2014年增加706.42万元，增长435.86%，主要是由于公司无法支付的应付款210.35万元和当期收到的政府补助增加影响所致。", "spo_list": [{"predicate": "营业外收入", "object_type": "金额", "subject_type": "日期", "object": "868.50万元", "subject": "2015年", "subject_index": {"begin": 0, "end": 5}, "object_index": {"begin": 13, "end": 21}}, {"predicate": "其他应付款", "object_type": "金额", "subject_type": "日期", "object": "210.35万元", "subject": "2015年", "subject_index": {"begin": 0, "end": 5}, "object_index": {"begin": 64, "end": 72}}]}
{"text": "2016年公司投资活动产生的现金流量净额为-8,124.89万元，当期投资支出主要包括：支付黄埔大道店租金1,185.44万元；支付餐饮店及饼屋装修工程款1,986.87万元；支付利口福中央配餐车间建设1,364.95万元；支付利口福厂区东北部单体仓库建设项目644.61万元，支付利口福公司速冻食品生产线及配套502.82万元。", "spo_list": [{"predicate": "公司投资活动产生的现金流量净额", "object_type": "金额", "subject_type": "日期", "object": "-8,124.89万元", "subject": "2016年", "subject_index": {"begin": 0, "end": 5}, "object_index": {"begin": 21, "end": 32}}]}
{"text": "截至2016年12月31日，公司应付账款余额为11,163.71万元，主要为应付原材料采购款，账龄基本在一年以内。2016年12月31日，公司应付广州弘鼎345,692.31元。除此之外，报告期各期末，公司无应付持有本公司5%（含5%）以上表决权股份的股东和关联方款项情况。", "spo_list": [{"predicate": "其他应付款", "object_type": "金额", "subject_type": "日期", "object": "11,163.71万元", "subject": "2016年12月31日", "subject_index": {"begin": 2, "end": 13}, "object_index": {"begin": 23, "end": 34}}, {"predicate": "其他应付款", "object_type": "金额", "subject_type": "日期", "object": "345,692.31元", "subject": "2016年12月31日", "subject_index": {"begin": 57, "end": 68}, "object_index": {"begin": 77, "end": 88}}]}
{"text": "2014年-2016年各年末，公司应收账款余额分别为5,520.46万元、6,485.53万元、7,141.23万元，占当期营业收入的比例分别为3.55%、3.73%、3.69%。总体上，公司应收账款余额较小，应收账款余额占同期营业收入的比例也较小，符合公司的业务特征和不同业务的信用结算政策。伴随主营业务的不断增长，公司应收账款余额呈小幅上升趋势，2015年末、2016年末，公司应收账款余额6,485.53万元、7,141.23万元，分别同比增加17.48%、10.11%，但占营业收入比例基本稳定。", "spo_list": [{"predicate": "应收账款余额", "object_type": "金额", "subject_type": "日期", "object": "5,520.46万元", "subject": "2014年", "subject_index": {"begin": 0, "end": 5}, "object_index": {"begin": 26, "end": 36}}, {"predicate": "应收账款余额", "object_type": "金额", "subject_type": "日期", "object": "7,141.23万元", "subject": "2016年", "subject_index": {"begin": 6, "end": 11}, "object_index": {"begin": 48, "end": 58}}, {"predicate": "应收账款余额", "object_type": "金额", "subject_type": "日期", "object": "6,485.53万元", "subject": "2015年末", "subject_index": {"begin": 175, "end": 181}, "object_index": {"begin": 197, "end": 207}}, {"predicate": "应收账款余额", "object_type": "金额", "subject_type": "日期", "object": "7,141.23万元", "subject": "2016年末", "subject_index": {"begin": 182, "end": 188}, "object_index": {"begin": 208, "end": 218}}]}
{"text": "公司于2014年末对该笔应收账款122.95万元全额计提坏账准备。", "spo_list": [{"predicate": "应收帐款账面价值", "object_type": "金额", "subject_type": "日期", "object": "122.95万元", "subject": "2014年末", "subject_index": {"begin": 3, "end": 9}, "object_index": {"begin": 16, "end": 24}}]}
{"text": "2014年-2016年各年末，公司应付职工薪酬余额分别为3,455.86万元、4,158.14万元及4,654.17万元，占负债总额的比重分别为12.68%、13.69%及12.33%。报告期内，公司应付职工薪酬余额主要为应付未付的工资、奖金、津贴和补贴。随着公司业务的逐年增长，人均薪酬增长，导致应付职工薪酬逐年增长。", "spo_list": [{"predicate": "应付职工薪酬", "object_type": "金额", "subject_type": "日期", "object": "3,455.86万元", "subject": "2014年", "subject_index": {"begin": 0, "end": 5}, "object_index": {"begin": 28, "end": 38}}, {"predicate": "应付职工薪酬余额", "object_type": "金额", "subject_type": "日期", "object": "4,654.17万元", "subject": "2016年", "subject_index": {"begin": 6, "end": 11}, "object_index": {"begin": 50, "end": 60}}]}
{"text": "2015年，公司资产减值损失较2014年减少140.92万元，下降47.69%，是由于根据公司政策需要计提的应收款项坏账准备减少所致。2016年，公司资产减值损失较2015年增加197.04万元，增长127.46%，主要是由于公司计提的应收款项坏账准备增加所致。", "spo_list": [{"predicate": "资产减值损失", "object_type": "金额", "subject_type": "日期", "object": "140.92万元", "subject": "2015年", "subject_index": {"begin": 0, "end": 5}, "object_index": {"begin": 22, "end": 30}}, {"predicate": "资产减值损失", "object_type": "金额", "subject_type": "日期", "object": "197.04万元", "subject": "2016年", "subject_index": {"begin": 67, "end": 72}, "object_index": {"begin": 89, "end": 97}}]}
{"text": "2014年-2016年，公司投资活动产生的现金流量净额分别为-2,766.53万元、-8,040.83万元和-8,124.89万元，主要是公司是对食品制造业务进行的生产线技术改造投资，以及为改善就餐环境对部分餐饮门店进行的新店装修及老店改造投入。", "spo_list": [{"predicate": "公司投资活动产生的现金流量净额", "object_type": "金额", "subject_type": "日期", "object": "-2,766.53万元", "subject": "2014年", "subject_index": {"begin": 0, "end": 5}, "object_index": {"begin": 30, "end": 41}}, {"predicate": "公司投资活动产生的现金流量净额", "object_type": "金额", "subject_type": "日期", "object": "-8,124.89万元", "subject": "2016年", "subject_index": {"begin": 6, "end": 11}, "object_index": {"begin": 54, "end": 65}}]}
{"text": "2017年1-3月，公司投资活动产生的现金流量净额为-1,113.46万元，较上年同期增长57.89%，主要原因是公司购建固定资产、无形资产和其他长期资产支付的现金较上期减少所致。", "spo_list": [{"predicate": "公司投资活动产生的现金流量净额", "object_type": "金额", "subject_type": "日期", "object": "-1,113.46万元", "subject": "2017年1-3月", "subject_index": {"begin": 0, "end": 9}, "object_index": {"begin": 26, "end": 37}}]}
{"text": "截至2016年12月31日，公司应交税费余额为4,962.29万元，以应交增值税、企业所得税为主。", "spo_list": [{"predicate": "应交税费", "object_type": "金额", "subject_type": "日期", "object": "4,962.29万元", "subject": "2016年12月31日", "subject_index": {"begin": 2, "end": 13}, "object_index": {"begin": 23, "end": 33}}]}
{"text": "2017年3月18日，本公司第三届董事会第十三次会议审议通过《广州酒家集团股份有限公司2016年度利润分配的议案》，公司拟定以2016年12月31日总股本353,996,184股为基数，向全体股东按每股0.55元（含税）派发现金股利，共计分配利润为194,697,901.20元。剩余未分配利润67,325,414.53元滚存至2017年度。", "spo_list": [{"predicate": "未分配利润", "object_type": "金额", "subject_type": "日期", "object": "67,325,414.53元", "subject": "2017年3月18日", "subject_index": {"begin": 0, "end": 10}, "object_index": {"begin": 147, "end": 161}}]}
{"text": "2014年-2016年各年末，公司存货账面价值分别为7,566.50万元、10,404.26万元和11,711.92万元，占各期末流动资产比例分别为12.02%、13.26%和12.53%。", "spo_list": [{"predicate": "存货账面价值", "object_type": "金额", "subject_type": "日期", "object": "7,566.50万元", "subject": "2014年", "subject_index": {"begin": 0, "end": 5}, "object_index": {"begin": 26, "end": 36}}, {"predicate": "存货账面价值", "object_type": "金额", "subject_type": "日期", "object": "11,711.92万元", "subject": "2016年", "subject_index": {"begin": 6, "end": 11}, "object_index": {"begin": 49, "end": 60}}]}
{"text": "2014年-2016年各年末，公司其他应收款账面价值分别为678.08万元、971.37万元和1,277.40万元，占各期末流动资产比例分别为1.08%、1.24%和1.37%。公司其他应收款主要为租赁押金、保证金等。报告期内，公司其他应收款金额较小，对流动资产的影响不大。", "spo_list": [{"predicate": "应收账款余额", "object_type": "金额", "subject_type": "日期", "object": "678.08万元", "subject": "2014年", "subject_index": {"begin": 0, "end": 5}, "object_index": {"begin": 29, "end": 37}}, {"predicate": "应收账款余额", "object_type": "金额", "subject_type": "日期", "object": "1,277.40万元", "subject": "2016年", "subject_index": {"begin": 6, "end": 11}, "object_index": {"begin": 47, "end": 57}}]}
{"text": "2015年末，公司长期待摊费用比2014年末增加1,790.34万元，同比增长41.53%，主要是环市东店、珠江国际大厦店等预付租金增加影响所致。", "spo_list": [{"predicate": "长期待摊费用", "object_type": "金额", "subject_type": "日期", "object": "1,790.34万元", "subject": "2015年末", "subject_index": {"begin": 0, "end": 6}, "object_index": {"begin": 24, "end": 34}}]}
{"text": "2014年-2016年各年末，公司递延所得税资产分别为1,218.27万元、686.52万元和846.74万元。2015年末，公司递延所得税资产较2014年末减少531.75万元，下降43.65%，主要原因是根据相关政策的调整，公司应付工资薪酬从按实际发放纳税调整改为纳税申报期前实际发放纳税调整影响所致。", "spo_list": [{"predicate": "递延所得税资产", "object_type": "金额", "subject_type": "日期", "object": "1,218.27万元", "subject": "2014年", "subject_index": {"begin": 0, "end": 5}, "object_index": {"begin": 27, "end": 37}}, {"predicate": "递延所得税资产", "object_type": "金额", "subject_type": "日期", "object": "846.74万", "subject": "2016年", "subject_index": {"begin": 6, "end": 11}, "object_index": {"begin": 47, "end": 54}}, {"predicate": "递延所得税资产", "object_type": "金额", "subject_type": "日期", "object": "531.75万元", "subject": "2015年末", "subject_index": {"begin": 56, "end": 62}, "object_index": {"begin": 81, "end": 89}}]}
{"text": "2015年，公司销售费用41,134.89万元，销售费用率较上年同期增长1.69个百分点，", "spo_list": [{"predicate": "销售费用", "object_type": "金额", "subject_type": "日期", "object": "41,134.89万元", "subject": "2015年", "subject_index": {"begin": 0, "end": 5}, "object_index": {"begin": 12, "end": 23}}]}
{"text": "2014年-2016年，公司投资收益分别为213.44万元、219.40万元和241.93万元，是公司参股公司黄埔公司的投资收益。", "spo_list": [{"predicate": "投资收益", "object_type": "金额", "subject_type": "日期", "object": "213.44万元", "subject": "2014年", "subject_index": {"begin": 0, "end": 5}, "object_index": {"begin": 21, "end": 29}}, {"predicate": "投资收益", "object_type": "金额", "subject_type": "日期", "object": "241.93万元", "subject": "2016年", "subject_index": {"begin": 6, "end": 11}, "object_index": {"begin": 39, "end": 47}}]}
{"text": "2014年公司投资活动产生的现金流量净额为-2,766.53万元，当期投资支出主要包括：支付利口福公司饼屋直营店装修等款项296.66万元；支付利口福公司月饼生产线及设备款474.25万元；支付利口福公司速冻生产线及设备款845.79万元。", "spo_list": [{"predicate": "公司投资活动产生的现金流量净额", "object_type": "金额", "subject_type": "日期", "object": "-2,766.53万元", "subject": "2014年", "subject_index": {"begin": 0, "end": 5}, "object_index": {"begin": 21, "end": 32}}, {"predicate": "应付账款", "object_type": "金额", "subject_type": "日期", "object": "474.25万元", "subject": "2014年", "subject_index": {"begin": 0, "end": 5}, "object_index": {"begin": 86, "end": 94}}, {"predicate": "应付账款", "object_type": "金额", "subject_type": "日期", "object": "296.66万元", "subject": "2014年", "subject_index": {"begin": 0, "end": 5}, "object_index": {"begin": 61, "end": 69}}, {"predicate": "应付账款", "object_type": "金额", "subject_type": "日期", "object": "845.79万元", "subject": "2014年", "subject_index": {"begin": 0, "end": 5}, "object_index": {"begin": 111, "end": 119}}]}
{"text": "截至2016年12月31日，公司固定资产原值501,180,075.06元，累计折旧为237,349,492.08元，固定资产净值为263,830,582.98元，", "spo_list": [{"predicate": "固定资产", "object_type": "金额", "subject_type": "日期", "object": "501,180,075.06元", "subject": "2016年12月31日", "subject_index": {"begin": 2, "end": 13}, "object_index": {"begin": 22, "end": 37}}, {"predicate": "固定资产", "object_type": "金额", "subject_type": "日期", "object": "263,830,582.98元", "subject": "2016年12月31日", "subject_index": {"begin": 2, "end": 13}, "object_index": {"begin": 66, "end": 81}}]}
{"text": "公司对2014年预付账款和其他非流动资产进行了追溯调整。具体为：调减2014年末预付账款5,353,771.64元，调增2014年末其他非流动资产5,353,771.64元。", "spo_list": [{"predicate": "预付款项", "object_type": "金额", "subject_type": "日期", "object": "5,353,771.64元", "subject": "2014年末", "subject_index": {"begin": 34, "end": 40}, "object_index": {"begin": 44, "end": 57}}, {"predicate": "其他非流动资产", "object_type": "金额", "subject_type": "日期", "object": "5,353,771.64元", "subject": "2014年", "subject_index": {"begin": 60, "end": 65}, "object_index": {"begin": 73, "end": 86}}]}
{"text": "2014年-2016年各年末，公司应收账款账面价值分别为4,774.84万元、5,666.89万元和6,346.90万元，占流动资产总额的比例分别为7.59%、7.22%及6.79%。", "spo_list": [{"predicate": "应收账款余额", "object_type": "金额", "subject_type": "日期", "object": "4,774.84万元", "subject": "2014年-2016年", "subject_index": {"begin": 0, "end": 11}, "object_index": {"begin": 28, "end": 38}}, {"predicate": "应收账款余额", "object_type": "金额", "subject_type": "日期", "object": "5,666.89万元", "subject": "2014年-2016年", "subject_index": {"begin": 0, "end": 11}, "object_index": {"begin": 39, "end": 49}}, {"predicate": "应收账款余额", "object_type": "金额", "subject_type": "日期", "object": "6,346.90万元", "subject": "2014年-2016年", "subject_index": {"begin": 0, "end": 11}, "object_index": {"begin": 50, "end": 60}}]}
{"text": "2014年-2016年各年末，公司预付账款分别为130.66万元、154.15万元和164.01万元，占各期末流动资产比例分别为0.21%、0.20%和0.18%。公司预付账款主要为预付供应商的采购款等。报告期内，公司预付账款金额较小，与供应商合作稳定。报告期各期末，预付款项余额的账龄主要在1年以内，账龄结构良好。", "spo_list": [{"predicate": "预付款项", "object_type": "金额", "subject_type": "日期", "object": "130.66万元", "subject": "2014年-2016年各年末", "subject_index": {"begin": 0, "end": 14}, "object_index": {"begin": 24, "end": 32}}, {"predicate": "预付款项", "object_type": "金额", "subject_type": "日期", "object": "154.15万元", "subject": "2014年-2016年各年末", "subject_index": {"begin": 0, "end": 14}, "object_index": {"begin": 33, "end": 41}}, {"predicate": "预付款项", "object_type": "金额", "subject_type": "日期", "object": "164.01万元", "subject": "2014年-2016年各年末", "subject_index": {"begin": 0, "end": 14}, "object_index": {"begin": 42, "end": 50}}]}
{"text": "2014年-2016年各年末，公司其他流动资产分别为0万元、0万元和575.18万元。2016年末，公司其他流动资产大幅增加，主要系会计政策变更影响所致。", "spo_list": [{"predicate": "其他流动资产", "object_type": "金额", "subject_type": "日期", "object": "0万元", "subject": "2014年-2016年各年末", "subject_index": {"begin": 0, "end": 14}, "object_index": {"begin": 26, "end": 29}}, {"predicate": "其他流动资产", "object_type": "金额", "subject_type": "日期", "object": "、0万元", "subject": "2014年-2016年各年末", "subject_index": {"begin": 0, "end": 14}, "object_index": {"begin": 29, "end": 33}}, {"predicate": "其他流动资产", "object_type": "金额", "subject_type": "日期", "object": "575.18万元", "subject": "2014年-2016年各年末", "subject_index": {"begin": 0, "end": 14}, "object_index": {"begin": 34, "end": 42}}]}
{"text": "2014年-2016年各年末，公司应付账款分别为8,128.43万元、8,299.68万元及11,163.71万元，占负债总额的比重分别为29.83%、27.32%及29.58%。2016年末，公司应付账款较上年末增加2,864.03万元，增长34.51%，主要原因是春节前备货新增原材料采购所致。", "spo_list": [{"predicate": "应付账款", "object_type": "金额", "subject_type": "日期", "object": "8,128.43万元", "subject": "2014年-2016年各年末", "subject_index": {"begin": 0, "end": 14}, "object_index": {"begin": 24, "end": 34}}, {"predicate": "应付账款", "object_type": "金额", "subject_type": "日期", "object": "8,299.68万元", "subject": "2014年-2016年各年末", "subject_index": {"begin": 0, "end": 14}, "object_index": {"begin": 35, "end": 45}}, {"predicate": "应付账款", "object_type": "金额", "subject_type": "日期", "object": "11,163.71万元", "subject": "2014年-2016年各年末", "subject_index": {"begin": 0, "end": 14}, "object_index": {"begin": 46, "end": 57}}, {"predicate": "应付账款", "object_type": "金额", "subject_type": "日期", "object": "2,864.03万元", "subject": "。2016年末", "subject_index": {"begin": 89, "end": 96}, "object_index": {"begin": 109, "end": 119}}]}
{"text": "2014年-2016年各年末，公司非流动负债分别为103.27万元、352.67万元和273.50万元，占负债总额的比重分别为0.38%、1.16%和0.72%，非流动负债金额较小，占负债总额的比重较低。报告期内，非流动负债均由递延收益构成，主要为公司收到政府补助，应在以后期间计入当期损益的政府补助金额。", "spo_list": [{"predicate": "非流动负债", "object_type": "金额", "subject_type": "日期", "object": "103.27万元", "subject": "2014年-2016年各年末", "subject_index": {"begin": 0, "end": 14}, "object_index": {"begin": 25, "end": 33}}, {"predicate": "非流动负债", "object_type": "金额", "subject_type": "日期", "object": "352.67万元", "subject": "2014年-2016年各年末", "subject_index": {"begin": 0, "end": 14}, "object_index": {"begin": 34, "end": 42}}, {"predicate": "非流动负债", "object_type": "金额", "subject_type": "日期", "object": "273.50万元", "subject": "2014年-2016年各年末", "subject_index": {"begin": 0, "end": 14}, "object_index": {"begin": 43, "end": 51}}]}
{"text": "2014年-2016年，公司其他业务收入分别为2,108.09万元、2,142.96万元和2,765.06万元。其中，租赁业务收入占其他业务收入总额的比例分别为91.26%、90.39%和91.36%，总体较为稳定。", "spo_list": [{"predicate": "其他收入", "object_type": "金额", "subject_type": "日期", "object": "2,108.09万元", "subject": "2014年-2016年", "subject_index": {"begin": 0, "end": 11}, "object_index": {"begin": 23, "end": 33}}, {"predicate": "其他收入", "object_type": "金额", "subject_type": "日期", "object": "2,142.96万元", "subject": "2014年-2016年", "subject_index": {"begin": 0, "end": 11}, "object_index": {"begin": 34, "end": 44}}, {"predicate": "其他收入", "object_type": "金额", "subject_type": "日期", "object": "2,765.06万元", "subject": "2014年-2016年", "subject_index": {"begin": 0, "end": 11}, "object_index": {"begin": 45, "end": 55}}]}
{"text": "2015年，公司营业外支出较2014年度增加50.43万元，增长62.82%，主要是由于公司缴纳增值税滞纳金65.26万元所致。2016年，公司营业外支出较2015年增加240.31万元，增长183.85%，主要是由于公司对外捐赠大幅增加所致。", "spo_list": [{"predicate": "营业外支出", "object_type": "金额", "subject_type": "日期", "object": "50.43万元", "subject": "2015年", "subject_index": {"begin": 0, "end": 5}, "object_index": {"begin": 22, "end": 29}}, {"predicate": "应交税费", "object_type": "金额", "subject_type": "日期", "object": "65.26万元", "subject": "2015年", "subject_index": {"begin": 0, "end": 5}, "object_index": {"begin": 54, "end": 61}}, {"predicate": "营业外支出", "object_type": "金额", "subject_type": "日期", "object": "240.31万元", "subject": "2016年", "subject_index": {"begin": 64, "end": 69}, "object_index": {"begin": 85, "end": 93}}]}
{"text": "2014年-2016年各年末，公司长期股权投资分别为274.24万元、280.21万元和77.80万元。长期股权投资为公司对黄埔公司进行的投资，公司持有该公司股权的40%，采用权益法核算。2016年末，公司长期股权投资较2015年末减少202.40万元，下降72.24%，主要是因为黄埔公司2016年分红所致。", "spo_list": [{"predicate": "长期股权投资账面价值", "object_type": "金额", "subject_type": "日期", "object": "274.24万元", "subject": "2014年", "subject_index": {"begin": 0, "end": 5}, "object_index": {"begin": 26, "end": 34}}, {"predicate": "长期股权投资账面价值", "object_type": "金额", "subject_type": "日期", "object": "77.80万元", "subject": "2016年", "subject_index": {"begin": 6, "end": 11}, "object_index": {"begin": 44, "end": 51}}]}
{"text": "2014年-2016年各年末，公司应交税费的余额分别为4,790.25万元、4,181.35万元和4,962.29万元，占负债总额的比重分别为17.58%、13.76%和13.15%。报告期内，公司应交税费以增值税、企业所得税为主。", "spo_list": [{"predicate": "资产负债率", "object_type": "日期", "subject_type": "比率", "object": "2014年", "subject": "17.58%", "subject_index": {"begin": 71, "end": 77}, "object_index": {"begin": 0, "end": 5}}, {"predicate": "资产负债率", "object_type": "日期", "subject_type": "比率", "object": "2016年", "subject": "13.15%", "subject_index": {"begin": 85, "end": 91}, "object_index": {"begin": 6, "end": 11}}]}
{"text": "2015年、2016年，公司餐饮业务分别实现销售收入41,228.85万元、46,307.76万元，同比增长分别达5.72%、12.32%。", "spo_list": []}
{"text": "2015年，公司速冻食品销售收入较上年增加1,505.23万元，增长7.88%，主要原因是：受沃尔玛（中国）投资有限公司等商超的速冻食品销售收入大幅增加的影响，代销模式下销售收入较2014年大幅增加。2016年，公司速冻食品销售收入较上年增加5,246.71万元，增长25.46%，主要原因是经销和代销模式下收入大幅增加。", "spo_list": []}
{"text": "2014年-2016年，公司餐饮业务收入分别为38,997.03万元、41,228.85万元和46,307.76万元，收入稳步增长的主要原因是：", "spo_list": []}
{"text": "2015年公司投资活动产生的现金流量净额为-8,040.83万元，当期投资支出主要包括：预付餐饮环市东店租金1,772.48万元、珠江国际大厦店租金1,467.89万元；中央配餐车间建设1,211.10万元；利口福速冻生产线改造618.95万元；支付利口福公司饼屋直营店、餐饮店装修等款项541.51万元等。", "spo_list": [{"predicate": "公司投资活动产生的现金流量净额", "object_type": "金额", "subject_type": "日期", "object": "-8,040.83万元", "subject": "2015年", "subject_index": {"begin": 0, "end": 5}, "object_index": {"begin": 21, "end": 32}}]}
