{"text": "截止2017年6月30日，公司应交税费余额为525.75万元,主要为应交企业所得税346.50万元,应交增值税117.01万元。公司目前无拖欠税款。", "spo_list": [{"predicate": "应交税费余额", "object_type": "金额", "subject_type": "日期", "object": "525.75万元", "subject": "2017年6月30日", "subject_index": {"begin": 2, "end": 12}, "object_index": {"begin": 22, "end": 30}}]}
{"text": "2015年末公司应收账款余额为19,281.40万元，其中逾期的款项为3,221.08万元，逾期款项较往年有所增长，但不是公司应收账款大幅增长的主要原因。", "spo_list": [{"predicate": "应收账款余额", "object_type": "金额", "subject_type": "日期", "object": "19,281.40万元", "subject": "2015年末", "subject_index": {"begin": 0, "end": 6}, "object_index": {"begin": 15, "end": 26}}]}
{"text": "报告期各期末，公司其他应收款账面价值分别为106.14万元、118.64万元、206.73万元、272.68万元，占流动资产比例分别为0.48%、0.33%、0.50%、0.56%，所占比例较小，主要为保证金及押金、代扣代缴款、往来款等。", "spo_list": [{"predicate": "其他应收账款账面价值", "object_type": "金额", "subject_type": "日期", "object": "106.14万元", "subject": "报告期各期末", "subject_index": {"begin": 0, "end": 6}, "object_index": {"begin": 21, "end": 29}}, {"predicate": "其他应收账款账面价值", "object_type": "金额", "subject_type": "日期", "object": "118.64万元", "subject": "报告期各期末", "subject_index": {"begin": 0, "end": 6}, "object_index": {"begin": 30, "end": 38}}, {"predicate": "其他应收账款账面价值", "object_type": "金额", "subject_type": "日期", "object": "206.73万元", "subject": "报告期各期末", "subject_index": {"begin": 0, "end": 6}, "object_index": {"begin": 39, "end": 47}}, {"predicate": "其他应收账款账面价值", "object_type": "金额", "subject_type": "日期", "object": "272.68万元", "subject": "报告期各期末", "subject_index": {"begin": 0, "end": 6}, "object_index": {"begin": 48, "end": 56}}]}
{"text": "截至2017年6月30日，龙南骏亚精密发生利息支出98.69万元，全部计入资本化利息。", "spo_list": [{"predicate": "应付利息", "object_type": "金额", "subject_type": "日期", "object": "98.69万元", "subject": "2017年6月30日", "subject_index": {"begin": 2, "end": 12}, "object_index": {"begin": 25, "end": 32}}]}
{"text": "报告期各期末，公司的递延所得税资产分别为135.91万元、277.74万元、203.88万元、240.87万元，主要是由资产减值准备和可抵扣亏损所形成的递延所得税资产，", "spo_list": [{"predicate": "递延所得税资产", "object_type": "金额", "subject_type": "日期", "object": "135.91万元", "subject": "报告期各期末", "subject_index": {"begin": 0, "end": 6}, "object_index": {"begin": 20, "end": 28}}, {"predicate": "递延所得税资产", "object_type": "金额", "subject_type": "日期", "object": "277.74万元", "subject": "报告期各期末", "subject_index": {"begin": 0, "end": 6}, "object_index": {"begin": 29, "end": 37}}, {"predicate": "递延所得税资产", "object_type": "金额", "subject_type": "日期", "object": "203.88万元", "subject": "报告期各期末", "subject_index": {"begin": 0, "end": 6}, "object_index": {"begin": 38, "end": 46}}, {"predicate": "递延所得税资产", "object_type": "金额", "subject_type": "日期", "object": "240.87万元", "subject": "报告期各期末", "subject_index": {"begin": 0, "end": 6}, "object_index": {"begin": 47, "end": 55}}]}
{"text": "报告期各期末，公司其他应付款余额分别为2,006.73万元、641.59万元、1,234.76万元、3,496.32万元。2014年11月，为满足公司短期资金周转需要，骏亚电子向自然人汤燕借款，截止2014年末借款余额1,500万元，导致2014年末其他应付款余额较大。2016年，为建设募投项目龙南骏亚精密厂房，龙南骏亚精密与龙南经济技术开发区建设投资有限公司（以下简称“龙南建投公司”）签订协议，龙南骏亚精密向龙南建投公司借入资金用于上述厂房建设，并支付龙南建投公司资金和项目管理费，截止2016年末、2017年6月末借款余额分别为857.47万元、3,135.13万元。除此之外，其他应付款余额主要预提的售后服务费、业务费用、员工救助金、工程保证金及押金等。", "spo_list": [{"predicate": "其他应付款余额", "object_type": "金额", "subject_type": "日期", "object": "2,006.73万元", "subject": "报告期各期末", "subject_index": {"begin": 0, "end": 6}, "object_index": {"begin": 19, "end": 29}}, {"predicate": "其他应付款余额", "object_type": "金额", "subject_type": "日期", "object": "641.59万元", "subject": "报告期各期末", "subject_index": {"begin": 0, "end": 6}, "object_index": {"begin": 30, "end": 38}}, {"predicate": "其他应付款余额", "object_type": "金额", "subject_type": "日期", "object": "1,234.76万元", "subject": "报告期各期末", "subject_index": {"begin": 0, "end": 6}, "object_index": {"begin": 39, "end": 49}}, {"predicate": "其他应付款余额", "object_type": "金额", "subject_type": "日期", "object": "3,496.32万元", "subject": "报告期各期末", "subject_index": {"begin": 0, "end": 6}, "object_index": {"begin": 50, "end": 60}}]}
{"text": "报告期，公司的存货周转率分别为6.12、5.62、5.44、2.43，略低于同行业可比公司平均水平，存货周转速度略低于同行业上市公司平均水平。", "spo_list": [{"predicate": "存货周转率", "object_type": "日期", "subject_type": "比率", "object": "报告期", "subject": "6.12", "subject_index": {"begin": 15, "end": 19}, "object_index": {"begin": 0, "end": 3}}, {"predicate": "存货周转率", "object_type": "日期", "subject_type": "比率", "object": "报告期", "subject": "5.62", "subject_index": {"begin": 20, "end": 24}, "object_index": {"begin": 0, "end": 3}}, {"predicate": "存货周转率", "object_type": "日期", "subject_type": "比率", "object": "报告期", "subject": "5.44", "subject_index": {"begin": 25, "end": 29}, "object_index": {"begin": 0, "end": 3}}, {"predicate": "存货周转率", "object_type": "日期", "subject_type": "比率", "object": "报告期", "subject": "2.43", "subject_index": {"begin": 30, "end": 34}, "object_index": {"begin": 0, "end": 3}}]}
{"text": "报告期，公司投资收益分别为21.17万元、-6.62万元、-130.89万元、-16.63万元，2014年投资收益系骏亚国际转让骏亚电路股权产生的投资收益，2015年、2016年、2017年1～6月，发行人投资收益为购买的外汇套期保值产品的损失。", "spo_list": [{"predicate": "投资收益", "object_type": "金额", "subject_type": "日期", "object": "21.17万元", "subject": "报告期", "subject_index": {"begin": 0, "end": 3}, "object_index": {"begin": 13, "end": 20}}, {"predicate": "投资收益", "object_type": "金额", "subject_type": "日期", "object": "-6.62万元", "subject": "报告期", "subject_index": {"begin": 0, "end": 3}, "object_index": {"begin": 21, "end": 28}}, {"predicate": "投资收益", "object_type": "金额", "subject_type": "日期", "object": "-130.89万元", "subject": "报告期", "subject_index": {"begin": 0, "end": 3}, "object_index": {"begin": 29, "end": 38}}, {"predicate": "投资收益", "object_type": "金额", "subject_type": "日期", "object": "-16.63万元", "subject": "报告期", "subject_index": {"begin": 0, "end": 3}, "object_index": {"begin": 39, "end": 47}}]}
{"text": "报告期各期，扣除所得税影响后归属于母公司股东的非经常性损益分别为-1.03万元、379.81万元、576.60万元、497.84万元，占同期净利润的比重分别为-0.02%、6.11%、9.54%、17.81%，对公司净利润的影响较小。", "spo_list": [{"predicate": "非经常性损益", "object_type": "金额", "subject_type": "日期", "object": "-1.03万元", "subject": "报告期各期", "subject_index": {"begin": 0, "end": 5}, "object_index": {"begin": 32, "end": 39}}, {"predicate": "非经常性损益", "object_type": "金额", "subject_type": "日期", "object": "379.81万元", "subject": "报告期各期", "subject_index": {"begin": 0, "end": 5}, "object_index": {"begin": 40, "end": 48}}, {"predicate": "非经常性损益", "object_type": "金额", "subject_type": "日期", "object": "576.60万元", "subject": "报告期各期", "subject_index": {"begin": 0, "end": 5}, "object_index": {"begin": 49, "end": 57}}, {"predicate": "非经常性损益", "object_type": "金额", "subject_type": "日期", "object": "497.84万元", "subject": "报告期各期", "subject_index": {"begin": 0, "end": 5}, "object_index": {"begin": 58, "end": 66}}]}
{"text": "报告期，公司投资活动产生的现金流量净额合计-22,908.18万元，主要是公司为扩大生产规模，不断增加投资所致。", "spo_list": [{"predicate": "公司投资活动产生的现金流量净额", "object_type": "金额", "subject_type": "日期", "object": "-22,908.18万元", "subject": "报告期", "subject_index": {"begin": 0, "end": 3}, "object_index": {"begin": 21, "end": 33}}]}
{"text": "2017年6月30日,公司应收票据较2016年6月30日增加4,597.09万元，增长365.60%，主要是由于公司新增部分客户使用票据结算，导致公司应收票据大幅增加。", "spo_list": [{"predicate": "应收票据", "object_type": "金额", "subject_type": "日期", "object": "4,597.09万元", "subject": "2017年6月30日", "subject_index": {"begin": 0, "end": 10}, "object_index": {"begin": 30, "end": 40}}]}
{"text": "2017年6月30日，公司预付款项较2016年6月30日增加137.94万元，增长91.53%，主要为预付材料款有所增加。", "spo_list": [{"predicate": "预付款项", "object_type": "金额", "subject_type": "日期", "object": "137.94万元", "subject": "2017年6月30日", "subject_index": {"begin": 0, "end": 10}, "object_index": {"begin": 30, "end": 38}}]}
{"text": "2017年6月30日，公司其他流动资产较2016年6月30日增加868.95万元，增长96.32%，主要是因为公司待抵扣增值税增长545.13万元。2017年1～6月，由于发行人采购覆铜板等原材料以及机器设备的金额较大，且龙南骏亚精密在建工程增加，导致待抵扣增值税净额较大；同时，公司预交企业所得税增加230.46万元。", "spo_list": [{"predicate": "流动资产", "object_type": "金额", "subject_type": "日期", "object": "868.95万元", "subject": "2017年6月30日", "subject_index": {"begin": 0, "end": 10}, "object_index": {"begin": 32, "end": 40}}]}
{"text": "2017年6月30日，公司在建工程余额较2016年6月30日增加4,805,03万元，增长707.98%，主要系公司建设龙南骏亚精密厂房工程，增加在建工程4,024.24万元。", "spo_list": [{"predicate": "在建工程余额", "object_type": "金额", "subject_type": "日期", "object": "4,805,03万元", "subject": "2017年6月30日", "subject_index": {"begin": 0, "end": 10}, "object_index": {"begin": 32, "end": 42}}]}
{"text": "2017年6月30日，公司递延所得税资产较2016年6月30日增加63.37万元，增长35.93%，主要系公司内部交易未实现利润有所增加，相应增加递延所得税资产45.03万元，此外，公司存货跌价准备余额增加143.24万元，增加递延所得税资产21.49万元。", "spo_list": [{"predicate": "递延所得税资产", "object_type": "金额", "subject_type": "日期", "object": "63.37万元", "subject": "2017年6月30日", "subject_index": {"begin": 0, "end": 10}, "object_index": {"begin": 33, "end": 40}}]}
{"text": "2017年6月30日，公司其他应付款较2016年6月30日增加2,991.67万元，增长592.82%。2016年，龙南骏亚精密与龙南经济技术开发区建设投资有限公司（以下简称“龙南建投公司”）签订协议，龙南骏亚精密向龙南建投公司借入资金用于上述厂房建设，截止2017年6月末借款余额为3,135.13万元。", "spo_list": [{"predicate": "其他应付款", "object_type": "金额", "subject_type": "日期", "object": "2,991.67万元", "subject": "2017年6月30日", "subject_index": {"begin": 0, "end": 10}, "object_index": {"begin": 31, "end": 41}}]}
{"text": "2017年1～6月，公司销售费用较上年同期减少222.11万元，下降幅度为22.65%，其中，售后服务费下降192.06万元，公司售后服务费主要为发生的客户品质扣款。2017年1～6月，公司售后服务费为-72.30万元，主要是由于公司与大疆创新达成和解，冲回前期计提的售后服务费135.31万元。同时，由于2016年以来，公司与BroadTechnology,Inc.、金像电子的合作金额下降，公司2017年1～6月支付的佣金较上年同期减少21.87万元。", "spo_list": [{"predicate": "销售费用", "object_type": "金额", "subject_type": "日期", "object": "222.11万元", "subject": "2017年1～6月", "subject_index": {"begin": 0, "end": 9}, "object_index": {"begin": 23, "end": 31}}]}
{"text": "龙南骏亚2015年末未分配利润为-398.51万元，2016年上半年龙南骏亚实现净利润622.85万元，使得公司2016年6月底可抵扣亏损低于2015年末，相应导致公司递延所得税资产较2015年末减少84.00万元，增加了2016年1～6月递延所得税费用84.00万元。", "spo_list": [{"predicate": "未分配利润", "object_type": "金额", "subject_type": "日期", "object": "-398.51万元", "subject": "2015年末", "subject_index": {"begin": 4, "end": 10}, "object_index": {"begin": 16, "end": 25}}, {"predicate": "递延所得税资产", "object_type": "金额", "subject_type": "日期", "object": "84.00万元", "subject": "2015年", "subject_index": {"begin": 92, "end": 97}, "object_index": {"begin": 100, "end": 107}}]}
{"text": "2016年营业额为47,813.70万美元。", "spo_list": [{"predicate": "营业利润", "object_type": "金额", "subject_type": "日期", "object": "47,813.70万美元", "subject": "2016年", "subject_index": {"begin": 0, "end": 5}, "object_index": {"begin": 9, "end": 21}}]}
{"text": "2015年、2016年、2017年1～6月，骏亚电子向河源耀联采购钻孔加工服务的金额分别为45.34万元、1,117.84万元、635.78万元。", "spo_list": [{"predicate": "营业外支出", "object_type": "金额", "subject_type": "日期", "object": "45.34万元", "subject": "2015年", "subject_index": {"begin": 0, "end": 5}, "object_index": {"begin": 45, "end": 52}}, {"predicate": "营业外支出", "object_type": "金额", "subject_type": "日期", "object": "1,117.84万元", "subject": "2016年", "subject_index": {"begin": 6, "end": 11}, "object_index": {"begin": 53, "end": 63}}, {"predicate": "营业外支出", "object_type": "金额", "subject_type": "日期", "object": "635.78万元", "subject": "2017年1～6月", "subject_index": {"begin": 12, "end": 21}, "object_index": {"begin": 64, "end": 72}}]}
{"text": "报告期各期末，公司计提的应收账款坏账准备分别为469.02万元、800.46万元、756.49万元、633.09万元。", "spo_list": [{"predicate": "应收帐款坏账准备", "object_type": "金额", "subject_type": "日期", "object": "469.02万元", "subject": "报告期各期末", "subject_index": {"begin": 0, "end": 6}, "object_index": {"begin": 23, "end": 31}}, {"predicate": "应收帐款坏账准备", "object_type": "金额", "subject_type": "日期", "object": "800.46万元", "subject": "报告期各期末", "subject_index": {"begin": 0, "end": 6}, "object_index": {"begin": 32, "end": 40}}, {"predicate": "应收帐款坏账准备", "object_type": "金额", "subject_type": "日期", "object": "756.49万元", "subject": "报告期各期末", "subject_index": {"begin": 0, "end": 6}, "object_index": {"begin": 41, "end": 49}}, {"predicate": "应收帐款坏账准备", "object_type": "金额", "subject_type": "日期", "object": "633.09万元", "subject": "报告期各期末", "subject_index": {"begin": 0, "end": 6}, "object_index": {"begin": 50, "end": 58}}]}
{"text": "报告期各期末，公司其他流动资产的余额分别为119.73万元、1,013.55万元、657.66万元、1,771.12万元，", "spo_list": [{"predicate": "其他流动资产余额", "object_type": "金额", "subject_type": "日期", "object": "119.73万元", "subject": "报告期各期末", "subject_index": {"begin": 0, "end": 6}, "object_index": {"begin": 21, "end": 29}}, {"predicate": "其他流动资产余额", "object_type": "金额", "subject_type": "日期", "object": "1,013.55万元", "subject": "报告期各期末", "subject_index": {"begin": 0, "end": 6}, "object_index": {"begin": 30, "end": 40}}, {"predicate": "其他流动资产余额", "object_type": "金额", "subject_type": "日期", "object": "657.66万元", "subject": "报告期各期末", "subject_index": {"begin": 0, "end": 6}, "object_index": {"begin": 41, "end": 49}}, {"predicate": "其他流动资产余额", "object_type": "金额", "subject_type": "日期", "object": "1,771.12万元", "subject": "报告期各期末", "subject_index": {"begin": 0, "end": 6}, "object_index": {"begin": 50, "end": 60}}]}
{"text": "报告期各期末，公司其他非流动资产余额分别为1,481.68万元、558.39万元、999.07万元、1,018.18万元，主要为预付的工程设备款。2014年末，公司的其他非流动资产余额较高，主要是龙南骏亚预付的机器设备款增加所致，随着设备陆续到位及完成调试安装，预付的长期资产款项结转至固定资产，导致公司2015年末其他非流动资产余额大幅下降。", "spo_list": [{"predicate": "其他非流动资产", "object_type": "金额", "subject_type": "日期", "object": "1,481.68万元", "subject": "报告期各期末", "subject_index": {"begin": 0, "end": 6}, "object_index": {"begin": 21, "end": 31}}, {"predicate": "其他非流动资产", "object_type": "金额", "subject_type": "日期", "object": "558.39万元", "subject": "报告期各期末", "subject_index": {"begin": 0, "end": 6}, "object_index": {"begin": 32, "end": 40}}, {"predicate": "其他非流动资产", "object_type": "金额", "subject_type": "日期", "object": "999.07万元", "subject": "报告期各期末", "subject_index": {"begin": 0, "end": 6}, "object_index": {"begin": 41, "end": 49}}, {"predicate": "其他非流动资产", "object_type": "金额", "subject_type": "日期", "object": "1,018.18万元", "subject": "报告期各期末", "subject_index": {"begin": 0, "end": 6}, "object_index": {"begin": 50, "end": 60}}]}
{"text": "2016年末、2017年6月末，公司长期借款余额分别为2,270.48万元、2,381.25万元，系龙南骏亚向星展银行（中国）有限公司深圳分行的借款及骏亚国际向香港上海汇丰银行有限公司、星展银行(香港)有限公司的借款。", "spo_list": [{"predicate": "长期借款余额", "object_type": "金额", "subject_type": "日期", "object": "2,270.48万元", "subject": "2016年末", "subject_index": {"begin": 0, "end": 6}, "object_index": {"begin": 27, "end": 37}}, {"predicate": "长期借款余额", "object_type": "金额", "subject_type": "日期", "object": "2,381.25万元", "subject": "2017年6月末", "subject_index": {"begin": 7, "end": 15}, "object_index": {"begin": 38, "end": 48}}]}
{"text": "报告期，随着公司盈利能力的增强，各年度产生的息税折旧摊销前利润逐年增加，分别为7,673.33万元、10,811.27万元、11,783.20万元、6,002.25万元，利息保障倍数分别为21.34、31.36、18.40、11.29，公司息税折旧摊销前利润能充分涵盖公司利息支出，不存在重大偿债风险。", "spo_list": [{"predicate": "息税折旧摊销前利润", "object_type": "金额", "subject_type": "日期", "object": "7,673.33万元", "subject": "报告期", "subject_index": {"begin": 0, "end": 3}, "object_index": {"begin": 39, "end": 49}}, {"predicate": "息税折旧摊销前利润", "object_type": "金额", "subject_type": "日期", "object": "10,811.27万元", "subject": "报告期", "subject_index": {"begin": 0, "end": 3}, "object_index": {"begin": 50, "end": 61}}, {"predicate": "息税折旧摊销前利润", "object_type": "金额", "subject_type": "日期", "object": "11,783.20万元", "subject": "报告期", "subject_index": {"begin": 0, "end": 3}, "object_index": {"begin": 62, "end": 73}}, {"predicate": "息税折旧摊销前利润", "object_type": "金额", "subject_type": "日期", "object": "6,002.25万元", "subject": "报告期", "subject_index": {"begin": 0, "end": 3}, "object_index": {"begin": 74, "end": 84}}, {"predicate": "利息保障倍数", "object_type": "日期", "subject_type": "比率", "object": "报告期", "subject": "21.34", "subject_index": {"begin": 94, "end": 99}, "object_index": {"begin": 0, "end": 3}}, {"predicate": "利息保障倍数", "object_type": "日期", "subject_type": "比率", "object": "报告期", "subject": "31.36", "subject_index": {"begin": 100, "end": 105}, "object_index": {"begin": 0, "end": 3}}, {"predicate": "利息保障倍数", "object_type": "日期", "subject_type": "比率", "object": "报告期", "subject": "18.40", "subject_index": {"begin": 106, "end": 111}, "object_index": {"begin": 0, "end": 3}}, {"predicate": "利息保障倍数", "object_type": "日期", "subject_type": "比率", "object": "报告期", "subject": "11.29", "subject_index": {"begin": 112, "end": 117}, "object_index": {"begin": 0, "end": 3}}]}
{"text": "报告期，公司的营业外收入分别为121.02万元、517.61万元、703.87万元、469.87万元。2014年，公司的营业外收入主要为赔偿收入，系骏亚电子2014年遭受水灾导致材料受损，由天安财产保险股份有限公司支付给公司的保险赔款。2015年、2016年、2017年1～6月，公司的营业外收入主要为政府补助收入。", "spo_list": [{"predicate": "营业外收入", "object_type": "金额", "subject_type": "日期", "object": "121.02万元", "subject": "报告期", "subject_index": {"begin": 0, "end": 3}, "object_index": {"begin": 15, "end": 23}}, {"predicate": "营业外收入", "object_type": "金额", "subject_type": "日期", "object": "517.61万元", "subject": "报告期", "subject_index": {"begin": 0, "end": 3}, "object_index": {"begin": 24, "end": 32}}, {"predicate": "营业外收入", "object_type": "金额", "subject_type": "日期", "object": "703.87万元", "subject": "报告期", "subject_index": {"begin": 0, "end": 3}, "object_index": {"begin": 33, "end": 41}}, {"predicate": "营业外收入", "object_type": "金额", "subject_type": "日期", "object": "469.87万元", "subject": "报告期", "subject_index": {"begin": 0, "end": 3}, "object_index": {"begin": 42, "end": 50}}]}
{"text": "报告期，公司各期实现的净利润分别为4,324.82万元、6,215.25万元、6,043.95万元和2,795.64万元；经营活动现金净流量分别为8,553.16万元、4,525.60万元、7,265.06万元和4,048.07万元，变动较大，主要受各期各项经营性资产、负债余额净变动总额波动影响。", "spo_list": [{"predicate": "净利润", "object_type": "金额", "subject_type": "日期", "object": "4,324.82万元", "subject": "报告期", "subject_index": {"begin": 0, "end": 3}, "object_index": {"begin": 17, "end": 27}}, {"predicate": "净利润", "object_type": "金额", "subject_type": "日期", "object": "6,215.25万元", "subject": "报告期", "subject_index": {"begin": 0, "end": 3}, "object_index": {"begin": 28, "end": 38}}, {"predicate": "净利润", "object_type": "金额", "subject_type": "日期", "object": "6,043.95万元", "subject": "报告期", "subject_index": {"begin": 0, "end": 3}, "object_index": {"begin": 39, "end": 49}}, {"predicate": "净利润", "object_type": "金额", "subject_type": "日期", "object": "2,795.64万元", "subject": "报告期", "subject_index": {"begin": 0, "end": 3}, "object_index": {"begin": 50, "end": 60}}, {"predicate": "每股经营活动产生的现金流量净额", "object_type": "金额", "subject_type": "日期", "object": "8,553.16万元", "subject": "报告期", "subject_index": {"begin": 0, "end": 3}, "object_index": {"begin": 73, "end": 83}}, {"predicate": "每股经营活动产生的现金流量净额", "object_type": "金额", "subject_type": "日期", "object": "4,525.60万元", "subject": "报告期", "subject_index": {"begin": 0, "end": 3}, "object_index": {"begin": 84, "end": 94}}, {"predicate": "每股经营活动产生的现金流量净额", "object_type": "金额", "subject_type": "日期", "object": "7,265.06万元", "subject": "报告期", "subject_index": {"begin": 0, "end": 3}, "object_index": {"begin": 95, "end": 105}}, {"predicate": "每股经营活动产生的现金流量净额", "object_type": "金额", "subject_type": "日期", "object": "4,048.07万元", "subject": "报告期", "subject_index": {"begin": 0, "end": 3}, "object_index": {"begin": 106, "end": 116}}]}
{"text": "2017年6月30日，公司长期待摊费用较2016年6月30日增加314.22万元，增长55.67%，公司长期待摊费用主要是厂房改造支出、厂房附属工程及其他。厂房附属工程及其他主要是厂房维修、设备维修、车间装修改造等。", "spo_list": [{"predicate": "长期待摊费用", "object_type": "金额", "subject_type": "日期", "object": "314.22万元", "subject": "2017年6月30日", "subject_index": {"begin": 0, "end": 10}, "object_index": {"begin": 32, "end": 40}}]}
{"text": "2017年6月30日，公司预收款项较2016年6月30日增加62.00万元，增长359.19%，主要系龙南骏亚数字预收客户货款57.31万元。", "spo_list": [{"predicate": "预收款项", "object_type": "金额", "subject_type": "日期", "object": "62.00万元", "subject": "2017年6月30日", "subject_index": {"begin": 0, "end": 10}, "object_index": {"begin": 30, "end": 37}}]}
{"text": "2017年1～6月，公司资产减值损失较上年同期增加68.95万元，增长幅度为188.74%，主要是由于公司计提的存货跌价准备增加。", "spo_list": [{"predicate": "资产减值损失", "object_type": "金额", "subject_type": "日期", "object": "68.95万元", "subject": "2017年1～6月", "subject_index": {"begin": 0, "end": 9}, "object_index": {"begin": 25, "end": 32}}]}
{"text": "2013年～2015年，公司资产总额分别为34,012.57万元、43,090.53万元、70,514.44万元，归属于母公司所有者权益为12,852.54万元、17,189.69万元、20,713.76万元，公司实现营业收入49,885.68万元、43,594.80万元、58,445.86万元，经营活动产生的现金流量净额为-73.68万元、8,553.16万元、4,525.60万元。报告期内，公司财务指标总体良好，具有较强的盈利能力。本次上市募集资金到位有助于满足扩大经营规模对资金的需求，进一步增强公司资本实力。", "spo_list": [{"predicate": "公司经营活动产生的现金流量净额", "object_type": "金额", "subject_type": "日期", "object": "-73.68万元", "subject": "2013年～2015年", "subject_index": {"begin": 0, "end": 11}, "object_index": {"begin": 163, "end": 171}}, {"predicate": "公司经营活动产生的现金流量净额", "object_type": "金额", "subject_type": "日期", "object": "8,553.16万元", "subject": "2013年～2015年", "subject_index": {"begin": 0, "end": 11}, "object_index": {"begin": 172, "end": 182}}, {"predicate": "公司经营活动产生的现金流量净额", "object_type": "金额", "subject_type": "日期", "object": "4,525.60万元", "subject": "2013年～2015年", "subject_index": {"begin": 0, "end": 11}, "object_index": {"begin": 183, "end": 193}}]}
{"text": "2015年7月10日，开元资产评估有限公司出具了开元评报字[2015]217号《骏亚（惠州）电子科技有限公司拟整体变更之公司净资产价值资产评估报告》，以2015年5月31日为基准日，骏亚有限的净资产账面值为15,888.25万元，净资产评估值为19,723.21万元。", "spo_list": [{"predicate": "净资产账面价值", "object_type": "金额", "subject_type": "日期", "object": "15,888.25万元", "subject": "2015年5月31日", "subject_index": {"begin": 76, "end": 86}, "object_index": {"begin": 103, "end": 114}}, {"predicate": "净资产评估值", "object_type": "金额", "subject_type": "日期", "object": "19,723.21万元", "subject": "2015年5月31日", "subject_index": {"begin": 76, "end": 86}, "object_index": {"begin": 122, "end": 133}}]}
{"text": "截止2017年6月30日，公司应付票据余额为11,377.95万元，全部为银行承兑汇票，主要是公司因采购原材料和外协加工而支付予供应商的款项。", "spo_list": [{"predicate": "应付票据", "object_type": "金额", "subject_type": "日期", "object": "11,377.95万元", "subject": "2017年6月30日", "subject_index": {"begin": 2, "end": 12}, "object_index": {"begin": 22, "end": 33}}]}
{"text": "截止2017年6月30日，公司其他应付款余额为3,496.32万元，主要为向非金融机构借款3,135.13万元。", "spo_list": [{"predicate": "其他应付款余额", "object_type": "金额", "subject_type": "日期", "object": "3,496.32万元", "subject": "2017年6月30日", "subject_index": {"begin": 2, "end": 12}, "object_index": {"begin": 23, "end": 33}}]}
{"text": "报告期各期末，公司预付款项余额分别为90.18万元、157.19万、159.11万元、288.65万元，占流动资产比例分别为0.41%、0.44%、0.38%、0.59%，占比较小，主要为预付的材料款、零星采购款等。", "spo_list": [{"predicate": "预付款项余额", "object_type": "金额", "subject_type": "日期", "object": "90.18万元", "subject": "报告期各期末", "subject_index": {"begin": 0, "end": 6}, "object_index": {"begin": 18, "end": 25}}, {"predicate": "预付款项余额", "object_type": "金额", "subject_type": "日期", "object": "157.19万", "subject": "报告期各期末", "subject_index": {"begin": 0, "end": 6}, "object_index": {"begin": 26, "end": 33}}, {"predicate": "预付款项余额", "object_type": "金额", "subject_type": "日期", "object": "159.11万元", "subject": "报告期各期末", "subject_index": {"begin": 0, "end": 6}, "object_index": {"begin": 34, "end": 42}}, {"predicate": "预付款项余额", "object_type": "金额", "subject_type": "日期", "object": "288.65万元", "subject": "报告期各期末", "subject_index": {"begin": 0, "end": 6}, "object_index": {"begin": 43, "end": 51}}]}
{"text": "2017年6月末，公司库龄为1年到2年的库存商品余额为42.31万元，其中包含与客户南通同洲存在纠纷的库存商品金额26.96万元,对该部分存在纠纷的库存商品，公司计提了14.48万元的跌价准备。", "spo_list": [{"predicate": "存货余额", "object_type": "金额", "subject_type": "日期", "object": "42.31万元", "subject": "2017年6月末", "subject_index": {"begin": 0, "end": 8}, "object_index": {"begin": 27, "end": 34}}, {"predicate": "存货余额", "object_type": "金额", "subject_type": "日期", "object": "26.96万元", "subject": "2017年6月末", "subject_index": {"begin": 0, "end": 8}, "object_index": {"begin": 57, "end": 64}}, {"predicate": "存货跌价准备", "object_type": "金额", "subject_type": "日期", "object": "14.48万元", "subject": "2017年6月末", "subject_index": {"begin": 0, "end": 8}, "object_index": {"begin": 84, "end": 91}}]}
{"text": "报告期各期末，公司的无形资产账面价值分别为1,231.87万元、2,773.73万元、2,758.45万元、2,712.00万元，其中，土地使用权账面价值分别为1,110.20万元、2,581.73万元、2,526.50万元、2,498.89万元，占无形资产比例分别为90.12%、93.08%、91.59%、92.14%。其余无形资产为软件。", "spo_list": [{"predicate": "无形资产", "object_type": "金额", "subject_type": "日期", "object": "1,231.87万元", "subject": "报告期各期末", "subject_index": {"begin": 0, "end": 6}, "object_index": {"begin": 21, "end": 31}}, {"predicate": "无形资产", "object_type": "金额", "subject_type": "日期", "object": "2,773.73万元", "subject": "报告期各期末", "subject_index": {"begin": 0, "end": 6}, "object_index": {"begin": 32, "end": 42}}, {"predicate": "无形资产", "object_type": "金额", "subject_type": "日期", "object": "2,758.45万元", "subject": "报告期各期末", "subject_index": {"begin": 0, "end": 6}, "object_index": {"begin": 43, "end": 53}}, {"predicate": "无形资产", "object_type": "金额", "subject_type": "日期", "object": "2,712.00万元", "subject": "报告期各期末", "subject_index": {"begin": 0, "end": 6}, "object_index": {"begin": 54, "end": 64}}]}
{"text": "2017年1～6月，公司计提的应付职工薪酬金额为9,690.37万元，占2016年全年金额的比例为52.86%；当期月均人数为2,567人，较2016年月均人数小幅上升。", "spo_list": [{"predicate": "应付职工薪酬余额", "object_type": "金额", "subject_type": "日期", "object": "9,690.37万元", "subject": "2017年1～6月", "subject_index": {"begin": 0, "end": 9}, "object_index": {"begin": 24, "end": 34}}]}
{"text": "2015年末，公司长期借款余额为608.63万元，系龙南骏亚向星展银行（中国）有限公司深圳分行的借款。", "spo_list": [{"predicate": "长期借款余额", "object_type": "金额", "subject_type": "日期", "object": "608.63万元", "subject": "2015年末", "subject_index": {"begin": 0, "end": 6}, "object_index": {"begin": 16, "end": 24}}]}
{"text": "报告期各期末，公司流动比率分别为0.86、0.74、0.80、0.78，速动比率分别为0.64、0.53、0.54、0.51，流动比率和动比率均低于1，短期偿债能力有待提高。与同行业可比公司相比，报告期各期末，公司流动比率、速动比率处于较低水平，一方面是由于上述公司已通过在境内A股市场公开募集资金补充了权益资本，短期偿债能力得到提升所致，另一方面是由于本公司主要通过短期借款、开具银行承兑汇票的融资方式来解决公司快速发展所带来的资金需求。", "spo_list": [{"predicate": "速动比率", "object_type": "日期", "subject_type": "比率", "object": "报告期各期末", "subject": "0.64", "subject_index": {"begin": 43, "end": 47}, "object_index": {"begin": 0, "end": 6}}, {"predicate": "速动比率", "object_type": "日期", "subject_type": "比率", "object": "报告期各期末", "subject": "0.53", "subject_index": {"begin": 48, "end": 52}, "object_index": {"begin": 0, "end": 6}}, {"predicate": "速动比率", "object_type": "日期", "subject_type": "比率", "object": "报告期各期末", "subject": "0.54", "subject_index": {"begin": 53, "end": 57}, "object_index": {"begin": 0, "end": 6}}, {"predicate": "速动比率", "object_type": "日期", "subject_type": "比率", "object": "报告期各期末", "subject": "0.51", "subject_index": {"begin": 58, "end": 62}, "object_index": {"begin": 0, "end": 6}}]}
{"text": "报告期，公司应收账款周转率分别为3.41、3.35、3.67、1.92，略高于同行业可比公司平均水平，公司客户质量良好，回款较为及时。", "spo_list": [{"predicate": "应收账款周转率", "object_type": "日期", "subject_type": "比率", "object": "报告期", "subject": "3.41", "subject_index": {"begin": 16, "end": 20}, "object_index": {"begin": 0, "end": 3}}, {"predicate": "应收账款周转率", "object_type": "日期", "subject_type": "比率", "object": "报告期", "subject": "3.35", "subject_index": {"begin": 21, "end": 25}, "object_index": {"begin": 0, "end": 3}}, {"predicate": "应收账款周转率", "object_type": "日期", "subject_type": "比率", "object": "报告期", "subject": "3.67", "subject_index": {"begin": 26, "end": 30}, "object_index": {"begin": 0, "end": 3}}, {"predicate": "应收账款周转率", "object_type": "日期", "subject_type": "比率", "object": "报告期", "subject": "1.92", "subject_index": {"begin": 31, "end": 35}, "object_index": {"begin": 0, "end": 3}}]}
{"text": "2016年，公司公允价值变动收益为-16.59万元，为购买的外汇套期保值产品根据财务报表截止日公允价值计算的损失；2017年1～6月，公司公允价值变动收益为16.35万元，为外汇套期保值产品到期，公允价值变动收益转入投资收益。", "spo_list": [{"predicate": "公允价值变动损益", "object_type": "金额", "subject_type": "日期", "object": "16.35万元", "subject": "2017年1～6月", "subject_index": {"begin": 57, "end": 66}, "object_index": {"begin": 78, "end": 85}}, {"predicate": "公允价值变动损益", "object_type": "金额", "subject_type": "日期", "object": "-16.59万元", "subject": "2016年", "subject_index": {"begin": 0, "end": 5}, "object_index": {"begin": 17, "end": 25}}]}
{"text": "2014年，公司经营活动产生的现金流量净额较多，主要是由于公司增加了票据结算的金额，当年应付票据增加4,576.09万元，减少了现金流出。", "spo_list": [{"predicate": "应付票据", "object_type": "金额", "subject_type": "日期", "object": "4,576.09万元", "subject": "2014年", "subject_index": {"begin": 0, "end": 5}, "object_index": {"begin": 50, "end": 60}}]}
{"text": "①2015年5月，龙南骏亚投产，公司销售及生产规模扩大，公司的存货余额也相应增长，公司存货增加4,371.04万元，存货占用资金增多。", "spo_list": [{"predicate": "存货余额", "object_type": "金额", "subject_type": "日期", "object": "4,371.04万元", "subject": "2015年5月", "subject_index": {"begin": 1, "end": 8}, "object_index": {"begin": 47, "end": 57}}]}
{"text": "报告期，公司筹资活动主要为借款以及偿还借款、分配股利、吸收投资等，筹资活动产生的现金流量净额分别为-4,092.63万元、2,296.73万元、758.71万元、1,522.84万元，波动主要受上述筹资活动影响。", "spo_list": [{"predicate": "公司筹资活动产生的现金流量净额", "object_type": "金额", "subject_type": "日期", "object": "-4,092.63万元", "subject": "报告期", "subject_index": {"begin": 0, "end": 3}, "object_index": {"begin": 49, "end": 60}}, {"predicate": "公司筹资活动产生的现金流量净额", "object_type": "金额", "subject_type": "日期", "object": "2,296.73万元", "subject": "报告期", "subject_index": {"begin": 0, "end": 3}, "object_index": {"begin": 61, "end": 71}}, {"predicate": "公司筹资活动产生的现金流量净额", "object_type": "金额", "subject_type": "日期", "object": "758.71万元", "subject": "报告期", "subject_index": {"begin": 0, "end": 3}, "object_index": {"begin": 72, "end": 80}}, {"predicate": "公司筹资活动产生的现金流量净额", "object_type": "金额", "subject_type": "日期", "object": "1,522.84万元", "subject": "报告期", "subject_index": {"begin": 0, "end": 3}, "object_index": {"begin": 81, "end": 91}}]}
{"text": "2017年6月30日，公司其他非流动资产较2016年6月30日增加298.65万元，增长41.51%，主要是因为公司预付设备款增加293.54万元。", "spo_list": [{"predicate": "非流动资产", "object_type": "金额", "subject_type": "日期", "object": "298.65万元", "subject": "2017年6月30日", "subject_index": {"begin": 0, "end": 10}, "object_index": {"begin": 33, "end": 41}}]}
{"text": "2017年1～6月，公司营业成本较上年同期增加6,969.85万元，增长23.27%，公司营业成本增长幅度超过营业收入，毛利率有所降低，", "spo_list": [{"predicate": "总营业成本", "object_type": "金额", "subject_type": "日期", "object": "6,969.85万元", "subject": "2017年1～6月", "subject_index": {"begin": 0, "end": 9}, "object_index": {"begin": 23, "end": 33}}]}
