{"text": "本公司的主营业务收入包括ML复合新材料销售收入和仿瓷制品销售收入。1998、1999和2000年度，ML复合新材料销售收入分别为138,079,750.80元、149,443,009.69元和156,604,563.39元，占主营业务收入比重分别为72.10%、70.94%和68.03%；仿瓷制品销售收入分别为53,420,529.67元、61,221,094.46元和73,588,550.33元，分别占主营业务收入的27.90%、29.06%和31.97%。", "spo_list": [{"predicate": "其他收益", "object_type": "金额", "subject_type": "日期", "object": "138,079,750.80元", "subject": "1998", "subject_index": {"begin": 33, "end": 37}, "object_index": {"begin": 64, "end": 79}}, {"predicate": "其他收益", "object_type": "金额", "subject_type": "日期", "object": "149,443,009.69元", "subject": "1999", "subject_index": {"begin": 38, "end": 42}, "object_index": {"begin": 80, "end": 95}}, {"predicate": "其他收益", "object_type": "金额", "subject_type": "日期", "object": "156,604,563.39元", "subject": "2000年度", "subject_index": {"begin": 43, "end": 49}, "object_index": {"begin": 96, "end": 111}}, {"predicate": "其他收益", "object_type": "金额", "subject_type": "日期", "object": "53,420,529.67元", "subject": "1998", "subject_index": {"begin": 33, "end": 37}, "object_index": {"begin": 156, "end": 170}}, {"predicate": "其他收益", "object_type": "金额", "subject_type": "日期", "object": "61,221,094.46元", "subject": "1999", "subject_index": {"begin": 38, "end": 42}, "object_index": {"begin": 171, "end": 185}}, {"predicate": "其他收益", "object_type": "金额", "subject_type": "日期", "object": "73,588,550.33元", "subject": "2000年度", "subject_index": {"begin": 43, "end": 49}, "object_index": {"begin": 186, "end": 200}}]}
{"text": "1998、1999和2000年末，本公司的货币资金余额分别为3,607,029.45元、2,885,672.79元和25,726,522.25元，分别占当年末流动资产的3%、2.47%和17.2%。", "spo_list": [{"predicate": "货币资金余额", "object_type": "金额", "subject_type": "日期", "object": "3,607,029.45元", "subject": "1998", "subject_index": {"begin": 0, "end": 4}, "object_index": {"begin": 30, "end": 43}}, {"predicate": "货币资金余额", "object_type": "金额", "subject_type": "日期", "object": "2,885,672.79元", "subject": "1999", "subject_index": {"begin": 5, "end": 9}, "object_index": {"begin": 44, "end": 57}}, {"predicate": "货币资金余额", "object_type": "金额", "subject_type": "日期", "object": "25,726,522.25元", "subject": "2000年末", "subject_index": {"begin": 10, "end": 16}, "object_index": {"begin": 58, "end": 72}}]}
{"text": "本公司1998、1999和2000年末的坏帐准备为3,052,026.93元、2,319,966.55元和2,118,856.81元，上述三年末应收款项净额为57,988,511.75元、44,079,364.36元和40,258,279.40元。", "spo_list": [{"predicate": "坏账准备", "object_type": "金额", "subject_type": "日期", "object": "3,052,026.93元", "subject": "1998", "subject_index": {"begin": 3, "end": 7}, "object_index": {"begin": 25, "end": 38}}, {"predicate": "坏账准备", "object_type": "金额", "subject_type": "日期", "object": "2,319,966.55元", "subject": "1999", "subject_index": {"begin": 8, "end": 12}, "object_index": {"begin": 39, "end": 52}}, {"predicate": "坏账准备", "object_type": "金额", "subject_type": "日期", "object": "2,118,856.81元", "subject": "2000年末", "subject_index": {"begin": 13, "end": 19}, "object_index": {"begin": 53, "end": 66}}, {"predicate": "应收账款净额", "object_type": "金额", "subject_type": "日期", "object": "57,988,511.75元", "subject": "1998", "subject_index": {"begin": 3, "end": 7}, "object_index": {"begin": 79, "end": 93}}, {"predicate": "应收账款净额", "object_type": "金额", "subject_type": "日期", "object": "44,079,364.36元", "subject": "1999", "subject_index": {"begin": 8, "end": 12}, "object_index": {"begin": 94, "end": 108}}, {"predicate": "应收账款净额", "object_type": "金额", "subject_type": "日期", "object": "40,258,279.40元", "subject": "2000年末", "subject_index": {"begin": 13, "end": 19}, "object_index": {"begin": 109, "end": 123}}]}
{"text": "本公司1998、1999和2000年末的存货余额分别为57,455,402.62元、43,008,998.12元和50,462,801.47元。原材料按单个品种期末结存成本高于最近采购价格的差额提取跌价准备，2000年计提存货跌价准备680,736.16元，1998、1999年未发生跌价情形；其他存货相关期间的成本均未低于可变现净值", "spo_list": [{"predicate": "存货余额", "object_type": "金额", "subject_type": "日期", "object": "57,455,402.62元", "subject": "1998", "subject_index": {"begin": 3, "end": 7}, "object_index": {"begin": 27, "end": 41}}, {"predicate": "存货余额", "object_type": "金额", "subject_type": "日期", "object": "43,008,998.12元", "subject": "1999", "subject_index": {"begin": 8, "end": 12}, "object_index": {"begin": 42, "end": 56}}, {"predicate": "存货余额", "object_type": "金额", "subject_type": "日期", "object": "50,462,801.47元", "subject": "2000年末", "subject_index": {"begin": 13, "end": 19}, "object_index": {"begin": 57, "end": 71}}]}
{"text": "公司截至2000年12月31日固定资产原值为143,284,841.92元，累计折旧41,720,190.47元，固定资产净值为101,564,651.45元", "spo_list": [{"predicate": "固定资产净额", "object_type": "金额", "subject_type": "日期", "object": "101,564,651.45元", "subject": "2000年12月31日", "subject_index": {"begin": 4, "end": 15}, "object_index": {"begin": 64, "end": 79}}]}
{"text": "本公司截至2000年12月31日无形资产余额为18,387,626.76元", "spo_list": [{"predicate": "无形资产余额", "object_type": "金额", "subject_type": "日期", "object": "18,387,626.76元", "subject": "2000年12月31日", "subject_index": {"begin": 5, "end": 16}, "object_index": {"begin": 23, "end": 37}}]}
{"text": "本公司1998、1999和2000年末的应付帐款余额分别为10,433,388.38元、14,285,817.62元和7,900,505.34元。2000年12月31日，应付帐款余额中不存在应付持本公司5%以上股份的股东款项。", "spo_list": [{"predicate": "应付账款余额", "object_type": "金额", "subject_type": "日期", "object": "10,433,388.38元", "subject": "1998", "subject_index": {"begin": 3, "end": 7}, "object_index": {"begin": 29, "end": 43}}, {"predicate": "应付账款余额", "object_type": "金额", "subject_type": "日期", "object": "14,285,817.62元", "subject": "1999", "subject_index": {"begin": 8, "end": 12}, "object_index": {"begin": 44, "end": 58}}, {"predicate": "应付账款余额", "object_type": "金额", "subject_type": "日期", "object": "7,900,505.34元", "subject": "2000年末", "subject_index": {"begin": 13, "end": 19}, "object_index": {"begin": 59, "end": 72}}]}
{"text": "本公司1998、1999和2000年末的其他应付款分别为4,238,059.44元597,717.82元和2,087,659.95元。2000年12月31日，其他应付款余额主要为应付工程尾款，不存在应付持有本公司5%以上股份的股东款项。", "spo_list": [{"predicate": "其他应付款", "object_type": "金额", "subject_type": "日期", "object": "4,238,059.44元", "subject": "1998", "subject_index": {"begin": 3, "end": 7}, "object_index": {"begin": 28, "end": 41}}, {"predicate": "其他应付款", "object_type": "金额", "subject_type": "日期", "object": "597,717.82元", "subject": "1999", "subject_index": {"begin": 8, "end": 12}, "object_index": {"begin": 41, "end": 52}}, {"predicate": "其他应付款", "object_type": "金额", "subject_type": "日期", "object": "2,087,659.95元", "subject": "2000年末", "subject_index": {"begin": 13, "end": 19}, "object_index": {"begin": 53, "end": 66}}]}
{"text": "本公司2000年度的经营活动产生的现金流量净额为23,554,635.65元，其中，销售商品、提供劳务收到的现金为212,187,961.85元，收到的增值税销项税额和退回的增值税款为37,596,064.10元，购买商品、接受劳务支付的现金为171,536,422.67元，支付给职工以及为职工支付的现金为11,150,977.10元，支付的增值税款为37,531,359.24元；投资活动产生的现金流量净额为-9,921,015.92元，其中，购建固定资产、无形资产和其他长期资产所支付的现金为9,921,015.92元；筹资活动产生的现金流量净额为9,265,265.23元，其中，借款所收到的现金为122,300,000.00元，偿还债务所支付的现金为54,800,000.00元，分配股利或利润所支付的现金为54,000,000.00元；现金及现金等价物净增加额22,840,849.46元。", "spo_list": [{"predicate": "公司投资活动产生的现金流量净额", "object_type": "金额", "subject_type": "日期", "object": "-9,921,015.92元", "subject": "2000年度", "subject_index": {"begin": 3, "end": 9}, "object_index": {"begin": 206, "end": 220}}, {"predicate": "公司筹资活动产生的现金流量净额", "object_type": "金额", "subject_type": "日期", "object": "9,265,265.23元", "subject": "2000年度", "subject_index": {"begin": 3, "end": 9}, "object_index": {"begin": 277, "end": 290}}]}
{"text": "1999年度，本公司实现净利润38,607,552.50元，根据2000年2月26日召开的年度股东大会决议，提取10%法定公积金和5%的法定公益金共5,791,132.88元后，加上上年度结转之未分配利润，可供分配利润为61,827,953.60元，按每股0.45元进行现金分配，共分配现金54,000,000.00元，余下未分配利润7,827,953.60元滚存至下一年度分配。", "spo_list": [{"predicate": "未分配利润", "object_type": "金额", "subject_type": "日期", "object": "7,827,953.60元", "subject": "1999年度", "subject_index": {"begin": 0, "end": 6}, "object_index": {"begin": 167, "end": 180}}]}
{"text": "截至2000年12月31日，本公司的资产总计为269,563,223.43元，包括流动资产、固定资产、无形资产及其他资产。", "spo_list": [{"predicate": "总资产", "object_type": "金额", "subject_type": "日期", "object": "269,563,223.43元", "subject": "2000年12月31日", "subject_index": {"begin": 2, "end": 13}, "object_index": {"begin": 23, "end": 38}}]}
{"text": "本公司的主要产品ML复合新材料由于技术创新，产品质量好，价格低，具有较强的市场竞争力，在国内外受到广大仿瓷制品生产厂家的欢迎。目前，股份公司已累计生产ML复合新材料55,591.59余吨，产销率达98%以上，产品主要销往广东、福建、东南亚和中东地区；ML复合新材料制品的销售也连续三年保持增长，1998年、1999年、2000年的销售收入分别为54,420,529.67元、61,221,094.46元和73,588,550.33元。", "spo_list": [{"predicate": "其他收益", "object_type": "金额", "subject_type": "日期", "object": "73,588,550.33元", "subject": "2000年", "subject_index": {"begin": 159, "end": 164}, "object_index": {"begin": 202, "end": 216}}, {"predicate": "其他收益", "object_type": "金额", "subject_type": "日期", "object": "61,221,094.46元", "subject": "1999年", "subject_index": {"begin": 153, "end": 158}, "object_index": {"begin": 187, "end": 201}}, {"predicate": "其他收益", "object_type": "金额", "subject_type": "日期", "object": "54,420,529.67元", "subject": "1998年", "subject_index": {"begin": 147, "end": 152}, "object_index": {"begin": 172, "end": 186}}]}
{"text": "本公司的管理费用主要为固定资产折旧费、管理人员的工资及福利费、应收款项计提坏帐费用等。1998、1999和2000年度，公司的管理费用分别为8,685,746.08元、4,723,710.49元和6,033,859.89元，1999年较1998年减少45.62%,主要是因为坏帐计提的减少；2000年较1999年增加26.67%,主要是由于新增土地使用权摊销和坏帐计提数额上升所致。", "spo_list": [{"predicate": "管理费用", "object_type": "金额", "subject_type": "日期", "object": "6,033,859.89元", "subject": "2000年度", "subject_index": {"begin": 53, "end": 59}, "object_index": {"begin": 98, "end": 111}}, {"predicate": "管理费用", "object_type": "金额", "subject_type": "日期", "object": "4,723,710.49元", "subject": "1999", "subject_index": {"begin": 48, "end": 52}, "object_index": {"begin": 84, "end": 97}}, {"predicate": "管理费用", "object_type": "金额", "subject_type": "日期", "object": "8,685,746.08元", "subject": "1998", "subject_index": {"begin": 43, "end": 47}, "object_index": {"begin": 70, "end": 83}}]}
{"text": "本公司2000年末的应收票据余额为5,000,000元，是广州科利得投资管理有限公司为偿还广州科创利得发展有限公司对公司的欠款而出具的。", "spo_list": [{"predicate": "应收票据", "object_type": "金额", "subject_type": "日期", "object": "5,000,000元", "subject": "2000年末", "subject_index": {"begin": 3, "end": 9}, "object_index": {"begin": 17, "end": 27}}]}
{"text": "本公司1998、1999和2000年末的其他应收款余额分别为14,777,925.12元、7,861,505.85元和296,643.65元，呈逐年递减趋势。其他应收款主要为应收外单位往来款和备用金。2000年末的其他应收款余额较1999年末大幅减少，主要是由于收回了外单位的欠款。本公司其他应收款中不存在持有公司5%以上股份的股东欠款。", "spo_list": [{"predicate": "应收账款余额", "object_type": "金额", "subject_type": "日期", "object": "296,643.65元", "subject": "2000年", "subject_index": {"begin": 13, "end": 18}, "object_index": {"begin": 59, "end": 70}}, {"predicate": "应收账款余额", "object_type": "金额", "subject_type": "日期", "object": "7,861,505.85元", "subject": "1999", "subject_index": {"begin": 8, "end": 12}, "object_index": {"begin": 45, "end": 58}}, {"predicate": "应收账款余额", "object_type": "金额", "subject_type": "日期", "object": "14,777,925.12元", "subject": "1998", "subject_index": {"begin": 3, "end": 7}, "object_index": {"begin": 30, "end": 44}}]}
{"text": "本公司1998、1999和2000年末预付帐款余额分别为385,015.91元、26,744,060.50元和28,114,952.10元。2000年末的预付帐款余额系公司按照土地出让预约合同预付的部分土地出让金。本公司预付帐款余额中不存在持有公司5%以上股份的股东欠款。", "spo_list": [{"predicate": "预付款项余额", "object_type": "金额", "subject_type": "日期", "object": "28,114,952.10元", "subject": "2000年", "subject_index": {"begin": 13, "end": 18}, "object_index": {"begin": 55, "end": 69}}, {"predicate": "预付款项余额", "object_type": "金额", "subject_type": "日期", "object": "26,744,060.50元", "subject": "1999", "subject_index": {"begin": 8, "end": 12}, "object_index": {"begin": 40, "end": 54}}, {"predicate": "预付账款余额", "object_type": "金额", "subject_type": "日期", "object": "385,015.91元", "subject": "1998", "subject_index": {"begin": 3, "end": 7}, "object_index": {"begin": 28, "end": 39}}]}
{"text": "截至2000年12月31日，本公司短期借款余额为86,420,000元", "spo_list": [{"predicate": "短期借款余额", "object_type": "金额", "subject_type": "日期", "object": "86,420,000元", "subject": "2000年12月31日", "subject_index": {"begin": 2, "end": 13}, "object_index": {"begin": 24, "end": 35}}]}
{"text": "本公司1998、1999和2000年末的预收帐款余额分别为4,446,839.21元7,362,514.37元和0元。", "spo_list": [{"predicate": "预收账款余额", "object_type": "金额", "subject_type": "日期", "object": "0元", "subject": "2000年", "subject_index": {"begin": 13, "end": 18}, "object_index": {"begin": 56, "end": 58}}, {"predicate": "预收账款余额", "object_type": "金额", "subject_type": "日期", "object": "7,362,514.37元", "subject": "1999", "subject_index": {"begin": 8, "end": 12}, "object_index": {"begin": 42, "end": 55}}, {"predicate": "预收账款余额", "object_type": "金额", "subject_type": "日期", "object": "4,446,839.21元", "subject": "1998", "subject_index": {"begin": 3, "end": 7}, "object_index": {"begin": 29, "end": 42}}]}
{"text": "本公司1998、1999和2000年末的应交税金分别为-655,846.11元、1,996,533.43元和10,209,129.62元。2000年12月31日,本公司应交税金中,主要包括应交增值税462,006.89元,应交城建税32,340.48元和应交企业所得税9,714,782.25元。", "spo_list": [{"predicate": "应交税费", "object_type": "金额", "subject_type": "日期", "object": "10,209,129.62元", "subject": "2000年末", "subject_index": {"begin": 13, "end": 19}, "object_index": {"begin": 54, "end": 68}}, {"predicate": "应交税费", "object_type": "金额", "subject_type": "日期", "object": "1,996,533.43元", "subject": "1999", "subject_index": {"begin": 8, "end": 12}, "object_index": {"begin": 40, "end": 53}}, {"predicate": "应交税费", "object_type": "金额", "subject_type": "日期", "object": "-655,846.11元", "subject": "1998", "subject_index": {"begin": 3, "end": 7}, "object_index": {"begin": 27, "end": 39}}, {"predicate": "应交税费", "object_type": "金额", "subject_type": "日期", "object": "462,006.89元", "subject": "2000年12月31日", "subject_index": {"begin": 69, "end": 80}, "object_index": {"begin": 99, "end": 110}}, {"predicate": "应交税费", "object_type": "金额", "subject_type": "日期", "object": "32,340.48元", "subject": "2000年12月31日", "subject_index": {"begin": 69, "end": 80}, "object_index": {"begin": 116, "end": 126}}, {"predicate": "应交税费", "object_type": "金额", "subject_type": "日期", "object": "9,714,782.25元", "subject": "2000年12月31日", "subject_index": {"begin": 69, "end": 80}, "object_index": {"begin": 134, "end": 147}}]}
{"text": "1998年末资产减少了3,833,611.02元，主要是因为追溯计提坏帐准备290多万元（99年帐面已调整）,以及补提折旧、补摊费用90多万元；负债增加了987,843.57元，主要是补计税金及附加、工会和教育经费；上述调整导致费用增加、净利润及所有者权益减少了4,821,454.59元。", "spo_list": [{"predicate": "坏账准备", "object_type": "金额", "subject_type": "日期", "object": "290多万元", "subject": "1998年末", "subject_index": {"begin": 0, "end": 6}, "object_index": {"begin": 38, "end": 44}}]}
{"text": "2000年度，本公司实现净利润26,424,569.23元，根据2001年1月12日召开的第二届董事会第二次会议预案，按10%提取法定盈余公积金2,642,456.92元，按5%提取法定公益金1,321,228.46元后，加上1999年度未分配利润5,153,236.21元，累计可供股东分配利润为27,613,595.27元，按每股0.10元进行现金分配，预计分配现金12,000,000.00元，余下未分配利润15,613,595.27元滚存至下一年度分配。本分配方案有待股东大会表决。", "spo_list": [{"predicate": "盈余公积", "object_type": "金额", "subject_type": "日期", "object": "2,642,456.92元", "subject": "2001年1月12日", "subject_index": {"begin": 32, "end": 42}, "object_index": {"begin": 72, "end": 85}}, {"predicate": "未分配利润", "object_type": "金额", "subject_type": "日期", "object": "5,153,236.21元", "subject": "1999年度", "subject_index": {"begin": 113, "end": 119}, "object_index": {"begin": 124, "end": 137}}, {"predicate": "未分配利润", "object_type": "金额", "subject_type": "日期", "object": "27,613,595.27元", "subject": "1999年度", "subject_index": {"begin": 113, "end": 119}, "object_index": {"begin": 149, "end": 163}}, {"predicate": "未分配利润", "object_type": "金额", "subject_type": "日期", "object": "15,613,595.27元", "subject": "1999年度", "subject_index": {"begin": 113, "end": 119}, "object_index": {"begin": 207, "end": 221}}]}
