{"text": "截止2006年6月30日，账龄在3年以上的应付账款主要系应付工程款，金额计3,837,298.86元。", "spo_list": [{"predicate": "在建工程账面价值", "object_type": "金额", "subject_type": "日期", "object": "3,837,298.86元", "subject": "2006年6月30日", "subject_index": {"begin": 2, "end": 12}, "object_index": {"begin": 37, "end": 50}}]}
{"text": "截止2006年6月30日，账龄在3年以上的其他应付款计73,468,443.00元。", "spo_list": [{"predicate": "其他应付款", "object_type": "金额", "subject_type": "日期", "object": "73,468,443.00元", "subject": "2006年6月30日", "subject_index": {"begin": 2, "end": 12}, "object_index": {"begin": 27, "end": 41}}]}
{"text": "截止2006年6月30日，预收账款为63,159,331.16元，其中账龄一年以上的预收账款为预收工程款，金额为6,401,820.00元，预收工程款主要系本公司的子公司－广铁土木工程公司预收的工程款，因工程尚未完工,故未结转。", "spo_list": [{"predicate": "预收款项", "object_type": "金额", "subject_type": "日期", "object": "63,159,331.16元", "subject": "2006年6月30日", "subject_index": {"begin": 2, "end": 12}, "object_index": {"begin": 18, "end": 32}}]}
{"text": "截至2006年6月30日止，账龄在3年以上的其他应付款为75,704,083.79元。", "spo_list": [{"predicate": "其他应付款", "object_type": "金额", "subject_type": "日期", "object": "75,704,083.79元", "subject": "2006年6月30日止", "subject_index": {"begin": 2, "end": 13}, "object_index": {"begin": 28, "end": 42}}]}
{"text": "截止2006年6月30日，公司固定资产净值为7,863,163,901.14元，计提减值准备15,246,316.69元，固定资产净额为7,847,917,584.45元，占总资产的60.88%。", "spo_list": [{"predicate": "固定资产净额", "object_type": "金额", "subject_type": "日期", "object": "7,847,917,584.45元", "subject": "2006年6月30日", "subject_index": {"begin": 2, "end": 12}, "object_index": {"begin": 68, "end": 85}}, {"predicate": "固定资产净额", "object_type": "金额", "subject_type": "日期", "object": "7,863,163,901.14元", "subject": "2006年6月30日", "subject_index": {"begin": 2, "end": 12}, "object_index": {"begin": 22, "end": 39}}]}
{"text": "截止2006年6月30日，公司在建工程余额为2,301,457,250.65元，计提减值准备1,000,000.00元，净值为2,300,457,250.65元，占公司总资产17.85%。该项减值准备系塘头厦货仓在2001年以前已停工且预计不会重新开工，故公司对已投入的工程成本计1,000,000.00元全额计提在建工程减值准备。", "spo_list": [{"predicate": "在建工程余额", "object_type": "金额", "subject_type": "日期", "object": "2,301,457,250.65元", "subject": "2006年6月30日", "subject_index": {"begin": 2, "end": 12}, "object_index": {"begin": 22, "end": 39}}]}
{"text": "截止2006年6月30日，公司流动负债总额为2,201,428,542.44元，资产负债率为17.71%（合并口径）；流动比率0.69，处于较为合理的水平。总体上，公司财务结构较为稳健。", "spo_list": [{"predicate": "流动负债", "object_type": "金额", "subject_type": "日期", "object": "2,201,428,542.44元", "subject": "2006年6月30日", "subject_index": {"begin": 2, "end": 12}, "object_index": {"begin": 22, "end": 39}}]}
{"text": "公司对下述事项采用追溯调整法，调减2003年年初未分配利润计2,130,122.36人民币元，", "spo_list": [{"predicate": "未分配利润", "object_type": "金额", "subject_type": "日期", "object": "2,130,122.36人民币元", "subject": "2003年", "subject_index": {"begin": 17, "end": 22}, "object_index": {"begin": 30, "end": 46}}]}
{"text": "1995年11月18日中华财务会计咨询公司出具了《广深铁路总公司资产评估报告》，确定本公司于评估基准日经评估后的资产净值为446,555.70万元，本次评估结果业经国家国有资产管理局以国资评[1995]715号文确认，本公司据此进行了账务调整。", "spo_list": [{"predicate": "净资产评估值", "object_type": "金额", "subject_type": "日期", "object": "446,555.70万元", "subject": "1995年11月18日", "subject_index": {"begin": 0, "end": 11}, "object_index": {"begin": 61, "end": 73}}]}
{"text": "截止2006年6月30日，应付账款余额为1,402,494,879.30元，其中本公司账龄在三年以上的应付账款主要系应付工程款，金额计5,462,909.46元。", "spo_list": [{"predicate": "应付账款余额", "object_type": "金额", "subject_type": "日期", "object": "1,402,494,879.30元", "subject": "2006年6月30日", "subject_index": {"begin": 2, "end": 12}, "object_index": {"begin": 20, "end": 37}}, {"predicate": "在建工程余额", "object_type": "金额", "subject_type": "日期", "object": "5,462,909.46元", "subject": "2006年6月30日", "subject_index": {"begin": 2, "end": 12}, "object_index": {"begin": 67, "end": 80}}]}
{"text": "截止2006年6月30日，公司长期股权投资额为168,650,620.75元，计提减值准备41,702,810.43元，净值为126,947,810.32元，仅占公司总资产的0.98%。", "spo_list": [{"predicate": "投资收益", "object_type": "金额", "subject_type": "日期", "object": "168,650,620.75元", "subject": "2006年6月30日", "subject_index": {"begin": 2, "end": 12}, "object_index": {"begin": 23, "end": 38}}, {"predicate": "资产减值损失", "object_type": "金额", "subject_type": "日期", "object": "41,702,810.43元", "subject": "2006年6月30日", "subject_index": {"begin": 2, "end": 12}, "object_index": {"begin": 45, "end": 59}}]}
{"text": "公司2005年、2004年、2003年计提的固定资产减值准备余额分别为15,246,316.69元，15,301,601.03元、15,301,601.03元，该减值准备是由于部分机车车辆、仪器仪表技术陈旧、市价持续下跌所引致。", "spo_list": [{"predicate": "资产减值损失", "object_type": "金额", "subject_type": "日期", "object": "15,301,601.03元", "subject": "2003年", "subject_index": {"begin": 14, "end": 19}, "object_index": {"begin": 65, "end": 79}}, {"predicate": "资产减值损失", "object_type": "金额", "subject_type": "日期", "object": "15,301,601.03元", "subject": "2004年", "subject_index": {"begin": 8, "end": 13}, "object_index": {"begin": 50, "end": 64}}, {"predicate": "资产减值损失", "object_type": "金额", "subject_type": "日期", "object": "15,246,316.69元", "subject": "2005年", "subject_index": {"begin": 2, "end": 7}, "object_index": {"begin": 35, "end": 49}}]}
{"text": "公司2003年实现投资收益304.6万元，2004年损资亏损200.2万元，主要是联营公司---广州铁城实业有限公司经营亏损所至，2005年公司投资亏损为3,059.6万元，较2004年增加2,859.4万元，主要是联营公司---广州铁城实业有限公司对经营场所布局地进行了调整，所发生的费用计入了当期损益，造成本公司投资亏损2237万元，此外按成本法核算的合资子公司---港龙酒店净资产低至零，公司按规定全额计提长期投资减值准备1,004.7万元。2006年公司投资收益水平较2005年将会有较大改观，主要因为：①不再受港龙酒店的影响；②广州铁城实业有限公司2005年发生的生产力布局调整费用，在2006年不再发生，但因固定资产折旧费用较大，2006年预计亏损1,530万元，本公司占49%，投资亏损约为750万元。", "spo_list": [{"predicate": "投资收益", "object_type": "金额", "subject_type": "日期", "object": "304.6万元", "subject": "2003年", "subject_index": {"begin": 2, "end": 7}, "object_index": {"begin": 13, "end": 20}}]}
