{"text": "2003年，公司发生管理费用1974万元，较2002年增加489万元，管理费用增加的原因如下：2002年管理费用中包含坏帐准备计提转回230.22万元；管理人员工资提高、销售增长导致差旅费增加，共计198万元；技术开发费较上年增加68万元；公司在可控费用上严格控制，其他费用较上年减少7万元。", "spo_list": [{"predicate": "管理费用", "object_type": "金额", "subject_type": "日期", "object": "1974万元", "subject": "2003年", "subject_index": {"begin": 0, "end": 5}, "object_index": {"begin": 14, "end": 20}}]}
{"text": "2002年财务费用较2001年下降4.64万元，其中利息支出增加了7.75万元，利息收入减少6.49万元，手续费减少16.47万元", "spo_list": [{"predicate": "应付利息", "object_type": "金额", "subject_type": "日期", "object": "7.75万元", "subject": "2002年", "subject_index": {"begin": 0, "end": 5}, "object_index": {"begin": 33, "end": 39}}]}
{"text": "6、本公司2001年末、2002年末及2003年末的存货分别为10,671.37万元和10,703.96万元和10,563.25万元；存货跌价准备分别为40.70万元、0万元和0万元；存货净额分别为10,630.67万元、10,703.96万元和10,563.25万元。截至2003年12月31日止，不存在存货账面成本低于可变现净值的情况，无需计提存货跌价准备。", "spo_list": [{"predicate": "存货账面价值", "object_type": "金额", "subject_type": "日期", "object": "10,671.37万元", "subject": "2001年末", "subject_index": {"begin": 5, "end": 11}, "object_index": {"begin": 31, "end": 42}}, {"predicate": "存货账面价值", "object_type": "金额", "subject_type": "日期", "object": "10,703.96万元", "subject": "2002年末", "subject_index": {"begin": 12, "end": 18}, "object_index": {"begin": 43, "end": 54}}, {"predicate": "存货账面价值", "object_type": "金额", "subject_type": "日期", "object": "10,563.25万元", "subject": "2003年末", "subject_index": {"begin": 19, "end": 25}, "object_index": {"begin": 55, "end": 66}}, {"predicate": "存货跌价准备", "object_type": "金额", "subject_type": "日期", "object": "40.70万元", "subject": "2001年末", "subject_index": {"begin": 5, "end": 11}, "object_index": {"begin": 76, "end": 83}}, {"predicate": "存货跌价准备", "object_type": "金额", "subject_type": "日期", "object": "0万元", "subject": "2002年末", "subject_index": {"begin": 12, "end": 18}, "object_index": {"begin": 84, "end": 87}}, {"predicate": "存货跌价准备", "object_type": "金额", "subject_type": "日期", "object": "0万元", "subject": "2003年末", "subject_index": {"begin": 19, "end": 25}, "object_index": {"begin": 88, "end": 91}}]}
{"text": "2、本公司2001年末、2002年末及2003年末的应付帐款分别为3,621.38万元、3,687.70万元和2,266.47万元。2003年12月31日，帐龄在一年以内的应付帐款余额为2,243.66万元，占应付帐款余额的98.99%。2003年12月31日，本公司的应付帐款余额中，持本公司5%或以上股份股东和其他关联公司的款项605.05万元，占26.70%。", "spo_list": [{"predicate": "应付账款余额", "object_type": "金额", "subject_type": "日期", "object": "3,621.38万元", "subject": "2001年末", "subject_index": {"begin": 5, "end": 11}, "object_index": {"begin": 33, "end": 43}}, {"predicate": "应付账款余额", "object_type": "金额", "subject_type": "日期", "object": "3,687.70万元", "subject": "2002年末", "subject_index": {"begin": 12, "end": 18}, "object_index": {"begin": 44, "end": 54}}, {"predicate": "应付账款余额", "object_type": "金额", "subject_type": "日期", "object": "2,266.47万元", "subject": "2003年末", "subject_index": {"begin": 19, "end": 25}, "object_index": {"begin": 55, "end": 65}}]}
{"text": "从2001年至2010年期间盈余公积差异额为-603,330.18元，未分配利润差异额为-3,418,870.97元。", "spo_list": [{"predicate": "盈余公积", "object_type": "金额", "subject_type": "日期", "object": "-603,330.18元", "subject": "2001年至2010年", "subject_index": {"begin": 1, "end": 12}, "object_index": {"begin": 22, "end": 34}}, {"predicate": "未分配利润", "object_type": "金额", "subject_type": "日期", "object": "-3,418,870.97元", "subject": "2001年至2010年", "subject_index": {"begin": 1, "end": 12}, "object_index": {"begin": 44, "end": 58}}]}
{"text": "2000年12月31日，本公司应付工资余额为16,262,194.62元，其中包括2000年应发放而未发的工资2,821,349.31元和原集团公司转入的工效挂钩工资节余13,440,845.31元。2001年，本公司补发了2000年欠发工资2,821,349.31元，同时用本公司成立时从集团公司转入的工效挂钩工资节余款227,224.28元单项奖励科技人员及劳动模范等,截止2001年12月31日，本公司应付工资余额为原集团公司转入的工效挂钩工资节余13,213,621.03元。2002年，本公司加大了对营销、科技人员的奖励力度，共计动用集团公司转入的工资节余款2,355,225.65元，2002年10月28日本公司承诺：本公司将继续严格执行企业会计制度的有关规定，不计提工效挂钩工资，对剩余的工效挂钩工资节余款，本公司将不再使用，转作对集团公司的负债。", "spo_list": [{"predicate": "应付职工薪酬余额", "object_type": "金额", "subject_type": "日期", "object": "16,262,194.62元", "subject": "2000年12月31日", "subject_index": {"begin": 0, "end": 11}, "object_index": {"begin": 22, "end": 36}}]}
{"text": "5、本公司2001年末、2002年末及2003年末的预付帐款分别为2,012.11万元、1,999.58万元和3,113.61万元。预付帐款系预付材料款，2003年12月31日，持本公司5%或以上股份的股东无本项欠款。", "spo_list": [{"predicate": "预付账款余额", "object_type": "金额", "subject_type": "日期", "object": "2,012.11万元", "subject": "2001年末", "subject_index": {"begin": 5, "end": 11}, "object_index": {"begin": 33, "end": 43}}, {"predicate": "应付账款余额", "object_type": "金额", "subject_type": "日期", "object": "1,999.58万元", "subject": "2002年末", "subject_index": {"begin": 12, "end": 18}, "object_index": {"begin": 44, "end": 54}}, {"predicate": "预付账款余额", "object_type": "金额", "subject_type": "日期", "object": "3,113.61万元", "subject": "2003年末", "subject_index": {"begin": 19, "end": 25}, "object_index": {"begin": 55, "end": 65}}]}
{"text": "3、本公司2001年末、2002年末及2003年末的预收帐款分别为1,708.54万元、1,190.57万元和1,313.76万元。2003年12月31日，帐龄在一年以内的预收帐款余额为1,310.90万元，占预收帐款余额的99.78%。2003年12月31日，本公司的预收帐款余额中，预收持本公司5%或以上股份股东的款项为25.34万元，占预收帐款总额的1.93%。", "spo_list": [{"predicate": "预收账款余额", "object_type": "金额", "subject_type": "日期", "object": "1,708.54万元", "subject": "2001年末", "subject_index": {"begin": 5, "end": 11}, "object_index": {"begin": 33, "end": 43}}, {"predicate": "预收账款余额", "object_type": "金额", "subject_type": "日期", "object": "1,313.76万元", "subject": "2003年末", "subject_index": {"begin": 19, "end": 25}, "object_index": {"begin": 55, "end": 65}}, {"predicate": "预收账款余额", "object_type": "金额", "subject_type": "日期", "object": "1,190.57万元", "subject": "2002年末", "subject_index": {"begin": 12, "end": 18}, "object_index": {"begin": 44, "end": 54}}]}
{"text": "、本公司2001年末、2002年末及2003年末的其他应收款分别为642.48万元和544.06万元和716.01万元。坏帐准备金分别为74.50万元、36.36万元和35.82万元；其他应收款净额分别为567.98万元、507.70万元和680.19万元。2003年12月31日的其他应收款中，持有本公司5%或以上股份的股东无本项欠款", "spo_list": [{"predicate": "其他应收账款账面价值", "object_type": "金额", "subject_type": "日期", "object": "642.48万元", "subject": "2001年末", "subject_index": {"begin": 4, "end": 10}, "object_index": {"begin": 33, "end": 41}}, {"predicate": "其他应收账款账面价值", "object_type": "金额", "subject_type": "日期", "object": "544.06万元", "subject": "2002年末", "subject_index": {"begin": 11, "end": 17}, "object_index": {"begin": 42, "end": 50}}, {"predicate": "其他应收账款账面价值", "object_type": "金额", "subject_type": "日期", "object": "716.01万元", "subject": "2003年末", "subject_index": {"begin": 18, "end": 24}, "object_index": {"begin": 51, "end": 59}}, {"predicate": "坏账准备", "object_type": "金额", "subject_type": "日期", "object": "74.50万元", "subject": "2001年末", "subject_index": {"begin": 4, "end": 10}, "object_index": {"begin": 68, "end": 75}}, {"predicate": "坏账准备", "object_type": "金额", "subject_type": "日期", "object": "36.36万元", "subject": "2002年末", "subject_index": {"begin": 11, "end": 17}, "object_index": {"begin": 76, "end": 83}}, {"predicate": "坏账准备", "object_type": "金额", "subject_type": "日期", "object": "35.82万元", "subject": "2003年末", "subject_index": {"begin": 18, "end": 24}, "object_index": {"begin": 84, "end": 91}}, {"predicate": "其他应收款净额", "object_type": "金额", "subject_type": "日期", "object": "567.98万元", "subject": "2001年末", "subject_index": {"begin": 4, "end": 10}, "object_index": {"begin": 102, "end": 110}}, {"predicate": "其他应收款净额", "object_type": "金额", "subject_type": "日期", "object": "507.70万元", "subject": "2002年末", "subject_index": {"begin": 11, "end": 17}, "object_index": {"begin": 111, "end": 119}}, {"predicate": "其他应收款净额", "object_type": "金额", "subject_type": "日期", "object": "680.19万元", "subject": "2003年末", "subject_index": {"begin": 18, "end": 24}, "object_index": {"begin": 120, "end": 128}}]}
{"text": "截止2003年12月31日，本公司短期借款为5,470万元，长期借款2,220万元。借款全部由贵州钢绳（集团）有限责任公司提供担保。截止2003年12月31日公司无逾期贷款。", "spo_list": [{"predicate": "短期借款", "object_type": "金额", "subject_type": "日期", "object": "5,470万元", "subject": "2003年12月31日", "subject_index": {"begin": 2, "end": 13}, "object_index": {"begin": 22, "end": 29}}, {"predicate": "长期借款", "object_type": "金额", "subject_type": "日期", "object": "2,220万元", "subject": "2003年12月31日", "subject_index": {"begin": 2, "end": 13}, "object_index": {"begin": 34, "end": 41}}]}
{"text": "1、本公司2001年末、2002年末及2003年末的应付票据分别为9,232.07万元、9,170.00万元和13520万元。应付票据均系银行承兑汇票。2003年12月31日，无应付持本公司5%或以上股份的股东的票据。", "spo_list": [{"predicate": "应付票据", "object_type": "金额", "subject_type": "日期", "object": "9,232.07万元", "subject": "2001年末", "subject_index": {"begin": 5, "end": 11}, "object_index": {"begin": 33, "end": 43}}, {"predicate": "应付票据", "object_type": "金额", "subject_type": "日期", "object": "9,170.00万元", "subject": "2002年末", "subject_index": {"begin": 12, "end": 18}, "object_index": {"begin": 44, "end": 54}}, {"predicate": "应付票据", "object_type": "金额", "subject_type": "日期", "object": "13520万元", "subject": "2003年末", "subject_index": {"begin": 19, "end": 25}, "object_index": {"begin": 55, "end": 62}}]}
{"text": "本公司2001年末、2002年末及2003年末的股东权益合计分别为18,908.20万元、20,409.27万元和21,063.91万元。2003年12月31日，本公司股本9,437.00万元，资本公积金5,058.29万元，盈余公积金1,899.97万元，未分配利润1,144.55万元。", "spo_list": [{"predicate": "盈余公积", "object_type": "金额", "subject_type": "日期", "object": "1,899.97万元", "subject": "2003年12月31日", "subject_index": {"begin": 69, "end": 80}, "object_index": {"begin": 118, "end": 128}}, {"predicate": "资本公积", "object_type": "金额", "subject_type": "日期", "object": "5,058.29万元，", "subject": "2003年12月31日", "subject_index": {"begin": 69, "end": 80}, "object_index": {"begin": 102, "end": 113}}, {"predicate": "未分配利润", "object_type": "金额", "subject_type": "日期", "object": "1,144.55万元", "subject": "2003年12月31日", "subject_index": {"begin": 69, "end": 80}, "object_index": {"begin": 134, "end": 144}}]}
{"text": "公司2001年、2002年、2003年研究开发投入分别为1439.25万元、1500.90万元、1753.17万元，分别占当期销售收入的3.16%、3.20%、3.21%。", "spo_list": [{"predicate": "期间费用", "object_type": "金额", "subject_type": "日期", "object": "1439.25万元", "subject": "2001年", "subject_index": {"begin": 2, "end": 7}, "object_index": {"begin": 28, "end": 37}}, {"predicate": "期间费用", "object_type": "金额", "subject_type": "日期", "object": "1500.90万元", "subject": "2002年", "subject_index": {"begin": 8, "end": 13}, "object_index": {"begin": 38, "end": 47}}, {"predicate": "期间费用", "object_type": "金额", "subject_type": "日期", "object": "1753.17万元", "subject": "2003年", "subject_index": {"begin": 14, "end": 19}, "object_index": {"begin": 48, "end": 57}}]}
{"text": "●2002年实际缴纳增值税款比申报应交税款多99,154.71元，为预缴税款", "spo_list": [{"predicate": "应交税费", "object_type": "金额", "subject_type": "日期", "object": "99,154.71元", "subject": "2002年", "subject_index": {"begin": 1, "end": 6}, "object_index": {"begin": 22, "end": 32}}]}
{"text": "●2002年实际缴纳税款比申报应交税款多8,485.74元，为预缴税款", "spo_list": [{"predicate": "应交税费", "object_type": "金额", "subject_type": "日期", "object": "8,485.74元", "subject": "2002年", "subject_index": {"begin": 1, "end": 6}, "object_index": {"begin": 20, "end": 29}}]}
{"text": "3、本公司2001年末、2002年末及2003年末的应收帐款分别为14,272.59万元、13,656.15万元和13,041.74万元。坏帐准备金分别为1,035.87万元、843.79万元和776.88万元；应收帐款净额分别为13,236.72万元、12,812.36万元和12,264.86万元。应收帐款余额主要是国内厂商的欠款。2003年12月31日，帐龄在一年以内的应收帐款余额占应收帐款余额的91.17%；帐龄在三年以上的应收帐款余额占应收帐款余额的0.44%。2003年12月31日的应收帐款余额中，除对水钢集团应收帐款47.03万元外，其他持本公司5%或以上股份的股东无本项欠款", "spo_list": [{"predicate": "应收账款余额", "object_type": "金额", "subject_type": "日期", "object": "14,272.59万元", "subject": "2001年末", "subject_index": {"begin": 5, "end": 11}, "object_index": {"begin": 33, "end": 44}}, {"predicate": "应收账款余额", "object_type": "金额", "subject_type": "日期", "object": "13,656.15万元", "subject": "、2002年末", "subject_index": {"begin": 11, "end": 18}, "object_index": {"begin": 45, "end": 56}}, {"predicate": "应收账款余额", "object_type": "金额", "subject_type": "日期", "object": "13,041.74万元", "subject": "2003年末", "subject_index": {"begin": 19, "end": 25}, "object_index": {"begin": 57, "end": 68}}, {"predicate": "坏账准备", "object_type": "金额", "subject_type": "日期", "object": "1,035.87万元", "subject": "2001年末", "subject_index": {"begin": 5, "end": 11}, "object_index": {"begin": 77, "end": 87}}, {"predicate": "坏账准备", "object_type": "金额", "subject_type": "日期", "object": "843.79万元", "subject": "2001年末", "subject_index": {"begin": 5, "end": 11}, "object_index": {"begin": 88, "end": 96}}, {"predicate": "坏账准备", "object_type": "金额", "subject_type": "日期", "object": "776.88万元", "subject": "2003年末", "subject_index": {"begin": 19, "end": 25}, "object_index": {"begin": 97, "end": 105}}, {"predicate": "应收账款净额", "object_type": "金额", "subject_type": "日期", "object": "13,236.72万元", "subject": "2001年末", "subject_index": {"begin": 5, "end": 11}, "object_index": {"begin": 115, "end": 126}}, {"predicate": "应收账款净额", "object_type": "金额", "subject_type": "日期", "object": "12,812.36万元", "subject": "、2002年末", "subject_index": {"begin": 11, "end": 18}, "object_index": {"begin": 127, "end": 138}}, {"predicate": "应收账款净额", "object_type": "金额", "subject_type": "日期", "object": "12,264.86万元", "subject": "2003年末", "subject_index": {"begin": 19, "end": 25}, "object_index": {"begin": 139, "end": 150}}, {"predicate": "应收账款余额", "object_type": "金额", "subject_type": "日期", "object": "47.03万元", "subject": "2003年12月31日", "subject_index": {"begin": 237, "end": 248}, "object_index": {"begin": 267, "end": 274}}]}
{"text": "4、本公司2001年末、2002年末及2003年末的应交税金分别为918.39万元、90.22万元和711.07万元。2002年12月31日，本公司的应交税金中应交增值税175.74万元。根据国税发[2002]47号文件和黔地税函[2002]131号文件，", "spo_list": [{"predicate": "应交税费", "object_type": "金额", "subject_type": "日期", "object": "918.39万元", "subject": "2001年末", "subject_index": {"begin": 5, "end": 11}, "object_index": {"begin": 33, "end": 41}}, {"predicate": "应交税费", "object_type": "金额", "subject_type": "日期", "object": "90.22万元", "subject": "2002年末", "subject_index": {"begin": 12, "end": 18}, "object_index": {"begin": 42, "end": 49}}, {"predicate": "应交税费", "object_type": "金额", "subject_type": "日期", "object": "711.07万元", "subject": "2003年末", "subject_index": {"begin": 19, "end": 25}, "object_index": {"begin": 50, "end": 58}}, {"predicate": "应交税费", "object_type": "金额", "subject_type": "日期", "object": "175.74万元", "subject": "2002年12月31日", "subject_index": {"begin": 59, "end": 70}, "object_index": {"begin": 85, "end": 93}}]}
{"text": "本公司2001年度、2002年度和2003年度经营活动产生的现金流量净额分别为7,907.09万元、4,074.46万元和6,977.11万元；投资活动产生的现金流量净额分别为-3,583.98万元、-685.09万元和-1,324.94万元；筹资活动产生的现金流量净额分别为-1,160.88万元、-3,428.40万元和3,216.04万元；现金及现金等价物净增加额分别为3,162.22万元、-39.03万元和2,456.13万元。本公司没有不涉及现金收支的重大投资和筹资活动。", "spo_list": [{"predicate": "公司经营活动产生的现金流量净额", "object_type": "金额", "subject_type": "日期", "object": "7,907.09万元", "subject": "2001年度", "subject_index": {"begin": 3, "end": 9}, "object_index": {"begin": 39, "end": 49}}, {"predicate": "公司经营活动产生的现金流量净额", "object_type": "金额", "subject_type": "日期", "object": "4,074.46万元", "subject": "、2002年度", "subject_index": {"begin": 9, "end": 16}, "object_index": {"begin": 50, "end": 60}}, {"predicate": "公司经营活动产生的现金流量净额", "object_type": "金额", "subject_type": "日期", "object": "6,977.11万元", "subject": "2003年度", "subject_index": {"begin": 17, "end": 23}, "object_index": {"begin": 61, "end": 71}}, {"predicate": "公司投资活动产生的现金流量净额", "object_type": "金额", "subject_type": "日期", "object": "-3,583.98万元", "subject": "2001年度", "subject_index": {"begin": 3, "end": 9}, "object_index": {"begin": 88, "end": 99}}, {"predicate": "公司投资活动产生的现金流量净额", "object_type": "金额", "subject_type": "日期", "object": "-685.09万元", "subject": "、2002年度", "subject_index": {"begin": 9, "end": 16}, "object_index": {"begin": 100, "end": 109}}, {"predicate": "公司投资活动产生的现金流量净额", "object_type": "金额", "subject_type": "日期", "object": "-1,324.94万元", "subject": "2003年度", "subject_index": {"begin": 17, "end": 23}, "object_index": {"begin": 110, "end": 121}}, {"predicate": "公司筹资活动产生的现金流量净额", "object_type": "金额", "subject_type": "日期", "object": "-1,160.88万元", "subject": "2001年度", "subject_index": {"begin": 3, "end": 9}, "object_index": {"begin": 138, "end": 149}}, {"predicate": "公司投资活动产生的现金流量净额", "object_type": "金额", "subject_type": "日期", "object": "-3,428.40万元", "subject": "、2002年度", "subject_index": {"begin": 9, "end": 16}, "object_index": {"begin": 150, "end": 161}}, {"predicate": "公司筹资活动产生的现金流量净额", "object_type": "金额", "subject_type": "日期", "object": "3,216.04万元", "subject": "2003年度", "subject_index": {"begin": 17, "end": 23}, "object_index": {"begin": 162, "end": 172}}, {"predicate": "每股经营活动产生的现金流量净额", "object_type": "金额", "subject_type": "日期", "object": "162.22万元", "subject": "2001年度", "subject_index": {"begin": 3, "end": 9}, "object_index": {"begin": 190, "end": 198}}, {"predicate": "每股经营活动产生的现金流量净额", "object_type": "金额", "subject_type": "日期", "object": "-39.03万元", "subject": "、2002年度", "subject_index": {"begin": 9, "end": 16}, "object_index": {"begin": 199, "end": 207}}, {"predicate": "每股经营活动产生的现金流量净额", "object_type": "金额", "subject_type": "日期", "object": "2,456.13万元", "subject": "2003年度", "subject_index": {"begin": 17, "end": 23}, "object_index": {"begin": 208, "end": 218}}]}
{"text": "2003年12月31日流动资产为38,759.27万元，占总资产的比例79.75%，主要为货币资金、应收帐款和存货，截至2003年12月31日，本公司的货币资金、应收帐款和存货分别占流动资产的30.39%、31.64%和27.25%。", "spo_list": [{"predicate": "流动资产", "object_type": "金额", "subject_type": "日期", "object": "38,759.27万元", "subject": "2003年12月31日", "subject_index": {"begin": 0, "end": 11}, "object_index": {"begin": 16, "end": 27}}]}
{"text": "2000年4月26日待摊费用账面值15.61万元，占总资产账面值35417.36万元的0.04%，评估值11.36万元，占总资产评估值38464.23万元的0.03%。具体内容如下：", "spo_list": [{"predicate": "长期待摊费用", "object_type": "金额", "subject_type": "日期", "object": "15.61万元", "subject": "2000年4月26日", "subject_index": {"begin": 0, "end": 10}, "object_index": {"begin": 17, "end": 24}}, {"predicate": "长期待摊费用", "object_type": "金额", "subject_type": "日期", "object": "35417.36万元", "subject": "2000年4月26日", "subject_index": {"begin": 0, "end": 10}, "object_index": {"begin": 32, "end": 42}}, {"predicate": "长期待摊费用", "object_type": "金额", "subject_type": "日期", "object": "11.36万元", "subject": "2000年4月26日", "subject_index": {"begin": 0, "end": 10}, "object_index": {"begin": 52, "end": 59}}, {"predicate": "长期待摊费用", "object_type": "金额", "subject_type": "日期", "object": "38464.23万元", "subject": "2000年4月26日", "subject_index": {"begin": 0, "end": 10}, "object_index": {"begin": 67, "end": 77}}]}
{"text": "集团公司债转股金额为13215万元，绝大部分为短期借款，其中华融公司8300万元，信达公司2800万元（含长期借款300万元），东方公司2115万元。根据国家经贸委国经贸产业[2000]1085号文件规定以及债转股协议的约定，集团公司实施债权转股权的停息日为2000年4月1日。停息前，短期借款产生的利息计入集团公司财务费用，长期借款利息资本化计入三分厂技改工程项目；停息后，公司将“短期借款”12915万元和“长期借款”300万元分别转入“其它应付款”。并于债转股公司验资调账时将“其它应付款”转入“实收资本”。", "spo_list": []}
{"text": "2002年利润总额较上年增加137.95万元，增长幅度较小，影响2002年利润的主要因素分析如下：2002年公司产品综合平均价格较2001年下降了278元/吨，因产品销售价格下降减少主营业务收入3064.62万元；原材料采购成本进一步下降，公司原材料采购成本降低1,190万元；由于2002年产品销量的增加，营业费用较上年增加742.23万元。因此，虽然原材料采购成本下降，但由于产品销售价格的下降和营业费用的增加，2002年公司利润总额增幅较小。", "spo_list": [{"predicate": "营业利润", "object_type": "金额", "subject_type": "日期", "object": "137.95万元", "subject": "2002年", "subject_index": {"begin": 0, "end": 5}, "object_index": {"begin": 14, "end": 22}}]}
{"text": "●2001年实际缴纳税款比申报应交税款多72,469.32元，为预缴税款。", "spo_list": []}
{"text": "●2003年实际缴纳税款比申报应交税款多282,364.14元，为预缴税款。", "spo_list": []}
{"text": "2、本公司2001年末、2002年末及2003年末的应收票据分别为0万元、0万元和359.21万元。应收票据均系银行承兑汇票或商业承兑汇票，持本公司5%或以上股份的股东无本项欠款。", "spo_list": [{"predicate": "应收票据", "object_type": "金额", "subject_type": "日期", "object": "0万元", "subject": "2001年末", "subject_index": {"begin": 5, "end": 11}, "object_index": {"begin": 33, "end": 36}}, {"predicate": "应收票据", "object_type": "金额", "subject_type": "日期", "object": "0万元", "subject": "2002年末", "subject_index": {"begin": 12, "end": 18}, "object_index": {"begin": 37, "end": 40}}, {"predicate": "应收票据", "object_type": "金额", "subject_type": "日期", "object": "359.21万元", "subject": "2003年末", "subject_index": {"begin": 19, "end": 25}, "object_index": {"begin": 41, "end": 49}}]}
{"text": "截至2003年12月31日，本公司有形资产净值为48,603.75万元。有形资产为总资产扣除无形资产、待摊费用及长期待摊费用后的余额", "spo_list": [{"predicate": "净资产价值", "object_type": "金额", "subject_type": "日期", "object": "48,603.75万元", "subject": "2003年12月31日", "subject_index": {"begin": 2, "end": 13}, "object_index": {"begin": 24, "end": 35}}]}
{"text": "5、本公司2001年末、2002年末及2003年末的其他应交款分别为109.62万元和41.17万元和6.24万元，主要为教育费附加", "spo_list": []}
{"text": "6、本公司2001年末、2002年末及2003年末的其他应付款分别为757.89万元、2240.17万元和1,458.26万元。2003年12月31日，帐龄在一年以内的其他应付款余额为1,457.36万元，占其他应付款余额的99.94%，帐龄二年至三年的其他应付款余额为0.90万元，占其他应付款余额的0.06%。截至2003年12月31日，本帐户余额中欠付持本公司5%或以上股份股东的款项为1,109.89万元，占76.11％。", "spo_list": [{"predicate": "应付账款", "object_type": "金额", "subject_type": "日期", "object": "757.89万元", "subject": "2001年末", "subject_index": {"begin": 5, "end": 11}, "object_index": {"begin": 34, "end": 42}}, {"predicate": "应付账款", "object_type": "金额", "subject_type": "日期", "object": "2240.17万元", "subject": "2002年末", "subject_index": {"begin": 12, "end": 18}, "object_index": {"begin": 43, "end": 52}}, {"predicate": "应付账款", "object_type": "金额", "subject_type": "日期", "object": "1,458.26万元", "subject": "2003年末", "subject_index": {"begin": 19, "end": 25}, "object_index": {"begin": 53, "end": 63}}]}
{"text": "公司评估基准日至公司设立日（2000年3月31日—2000年10月19日）期间已实现的盈利已分配给原发起人。本公司原发起人业经评估确认后的经营性净资产为132,440,000.00元，本公司正式设立时将有关资产评估结果调整入账，其中，评估基准日至公司设立日期间原存货资产已全部耗用，本公司未将存货评估增值调整入帐，与评估价值之间的差异3,026,823.61元已由原发起人用货币资金等弥补；至公司设立日应收款项余额已发生变化，坏帐准备原评估减值9,682,989.58元，本公司按调帐日应收款项余额相应的坏帐准备评估减值6,407,685.27元予以入帐；评估基准日至公司设立日期间原固定资产未有变化，若按评估价值自评估基准日始计提折旧，应补计折旧为505,659.35元，业已由原发起人用货币资金等弥补，公司设立日的净资产数额已大于原评估后净资产，未导致发起人出资不实情形。", "spo_list": []}
