{"text": "报告期各期末，公司存货账面价值分别为3,831.73万元、3,607.51万元及4,334.25万元，占流动资产的比例分别为17.88%、11.03%和15.35%。公司存货主要为原材料、在产品、库存商品构成，报告期内上述三类占存货余额的比重分别为99.24%、98.08%和98.42%，存", "spo_list": [{"predicate": "存货账面价值", "object_type": "金额", "subject_type": "日期", "object": "3,831.73万元", "subject": "报告期各期末", "subject_index": {"begin": 0, "end": 6}, "object_index": {"begin": 18, "end": 28}}, {"predicate": "存货账面价值", "object_type": "金额", "subject_type": "日期", "object": "3,607.51万元", "subject": "报告期各期末", "subject_index": {"begin": 0, "end": 6}, "object_index": {"begin": 29, "end": 39}}, {"predicate": "存货账面价值", "object_type": "金额", "subject_type": "日期", "object": "4,334.25万元", "subject": "报告期各期末", "subject_index": {"begin": 0, "end": 6}, "object_index": {"begin": 40, "end": 50}}]}
{"text": "报告期内，各期末存货余额分别为3,868.24万元、3,664.83万元及4,410.56万元，存货余额变动主要应各期末公司在手订单的情况而相应变化,与在手订单的变动情况相匹配。", "spo_list": [{"predicate": "存货余额", "object_type": "金额", "subject_type": "日期", "object": "3,868.24万元", "subject": "报告期内", "subject_index": {"begin": 0, "end": 4}, "object_index": {"begin": 15, "end": 25}}, {"predicate": "存货余额", "object_type": "金额", "subject_type": "日期", "object": "3,664.83万元", "subject": "报告期内", "subject_index": {"begin": 0, "end": 4}, "object_index": {"begin": 26, "end": 36}}, {"predicate": "存货余额", "object_type": "金额", "subject_type": "日期", "object": "4,410.56万元", "subject": "报告期内", "subject_index": {"begin": 0, "end": 4}, "object_index": {"begin": 37, "end": 47}}]}
{"text": "报告期各期末，公司其他流动资产余额分别为0.02万元、5.10万元及0.00万元，占流动资产的比例分别为0.00%、0.02%和0.00%。报告期各期末，公司其", "spo_list": [{"predicate": "其他流动资产余额", "object_type": "金额", "subject_type": "日期", "object": "0.02万元", "subject": "报告期各期末", "subject_index": {"begin": 0, "end": 6}, "object_index": {"begin": 20, "end": 26}}, {"predicate": "其他流动资产余额", "object_type": "金额", "subject_type": "日期", "object": "5.10万元", "subject": "报告期各期末", "subject_index": {"begin": 0, "end": 6}, "object_index": {"begin": 27, "end": 33}}, {"predicate": "其他流动资产余额", "object_type": "金额", "subject_type": "日期", "object": "0.00万元", "subject": "报告期各期末", "subject_index": {"begin": 0, "end": 6}, "object_index": {"begin": 34, "end": 40}}]}
{"text": "报告期各期末，公司递延所得税资产分别为84.85万元、98.03万元及109.77万元，占非流动资产的比例分别为0.74%、0.71%和0.43%。公司递延所得税资产来源于存货和应收账款的减值准备计提会计处理与税收政策的差异而产生的可抵扣暂时性差异，具体明细如下：", "spo_list": [{"predicate": "递延所得税资产", "object_type": "金额", "subject_type": "日期", "object": "84.85万元", "subject": "报告期各期末", "subject_index": {"begin": 0, "end": 6}, "object_index": {"begin": 19, "end": 26}}, {"predicate": "递延所得税资产", "object_type": "金额", "subject_type": "日期", "object": "98.03万元", "subject": "报告期各期末", "subject_index": {"begin": 0, "end": 6}, "object_index": {"begin": 27, "end": 34}}, {"predicate": "递延所得税资产", "object_type": "金额", "subject_type": "日期", "object": "109.77万元", "subject": "报告期各期末", "subject_index": {"begin": 0, "end": 6}, "object_index": {"begin": 35, "end": 43}}]}
{"text": "报告期各期末，公司短期借款余额分别为1,000.00万元、4,000.00万元及0.00万元，占流动负债的比例分别为13.43%、32.99%和0.00%。公司根据存量资金和营运资金的需求，综合比较银行的借款条件和利率，进行短期借款融资，报告期各期末短期借款的具体类型如下：", "spo_list": [{"predicate": "短期借款余额", "object_type": "金额", "subject_type": "日期", "object": "1,000.00万元", "subject": "报告期各期末", "subject_index": {"begin": 0, "end": 6}, "object_index": {"begin": 18, "end": 28}}, {"predicate": "短期借款余额", "object_type": "金额", "subject_type": "日期", "object": "4,000.00万元", "subject": "报告期各期末", "subject_index": {"begin": 0, "end": 6}, "object_index": {"begin": 29, "end": 39}}, {"predicate": "短期借款余额", "object_type": "金额", "subject_type": "日期", "object": "0.00万元", "subject": "报告期各期末", "subject_index": {"begin": 0, "end": 6}, "object_index": {"begin": 40, "end": 46}}]}
{"text": "报告期各期末，公司应交税费余额分别为408.62万元、433.47万元和558.77万元，占流动负债的比例分别为5.49%、3.58%及4.37%。", "spo_list": [{"predicate": "应交税费余额", "object_type": "金额", "subject_type": "日期", "object": "408.62万元", "subject": "报告期各期末", "subject_index": {"begin": 0, "end": 6}, "object_index": {"begin": 18, "end": 26}}, {"predicate": "应交税费余额", "object_type": "金额", "subject_type": "日期", "object": "433.47万元", "subject": "报告期各期末", "subject_index": {"begin": 0, "end": 6}, "object_index": {"begin": 27, "end": 35}}, {"predicate": "应交税费余额", "object_type": "金额", "subject_type": "日期", "object": "558.77万元", "subject": "报告期各期末", "subject_index": {"begin": 0, "end": 6}, "object_index": {"begin": 36, "end": 44}}]}
{"text": "报告期各期末，公司流动比率分别为2.88、2.70、2.21，速动比率分别为2.36、2.40、1.87。报告期内，公司流动比率、速动比率皆大于1。总体来看，报告期内公司流动比率和速动比率均保持在较高水平，流动性较高，短期偿债能力较强。", "spo_list": [{"predicate": "速动比率", "object_type": "日期", "subject_type": "比率", "object": "报告期各期末", "subject": "2.36", "subject_index": {"begin": 38, "end": 42}, "object_index": {"begin": 0, "end": 6}}, {"predicate": "速动比率", "object_type": "日期", "subject_type": "比率", "object": "报告期各期末", "subject": "2.40", "subject_index": {"begin": 43, "end": 47}, "object_index": {"begin": 0, "end": 6}}, {"predicate": "速动比率", "object_type": "日期", "subject_type": "比率", "object": "报告期各期末", "subject": "1.87", "subject_index": {"begin": 48, "end": 52}, "object_index": {"begin": 0, "end": 6}}]}
{"text": "报告期内公司存货周转率分别为7.62和7.67、7.74，整体周转速度较快，且逐年略有加快。", "spo_list": [{"predicate": "存货周转率", "object_type": "日期", "subject_type": "比率", "object": "报告期内", "subject": "7.62", "subject_index": {"begin": 14, "end": 18}, "object_index": {"begin": 0, "end": 4}}, {"predicate": "存货周转率", "object_type": "日期", "subject_type": "比率", "object": "报告期内", "subject": "7.67", "subject_index": {"begin": 19, "end": 23}, "object_index": {"begin": 0, "end": 4}}, {"predicate": "存货周转率", "object_type": "日期", "subject_type": "比率", "object": "报告期内", "subject": "7.74", "subject_index": {"begin": 24, "end": 28}, "object_index": {"begin": 0, "end": 4}}]}
{"text": "由上表可见，2018年末存货账面余额较2017年末减少了203.4万元，降低了5.26%，变动幅度不大，主要系库存商品的期末存货数量较2017年有所下降所致。2019年存货账面余额较2018年末增长了745.72万元，原材料、在产品和库存商品分别增加了326.74万元、156.11万元和263.56万元，主要系期末在手订单有所增长所致。", "spo_list": [{"predicate": "存货账面余额", "object_type": "金额", "subject_type": "日期", "object": "203.4万元", "subject": "2018年末", "subject_index": {"begin": 6, "end": 12}, "object_index": {"begin": 28, "end": 35}}, {"predicate": "存货账面余额", "object_type": "金额", "subject_type": "日期", "object": "745.72万元", "subject": "2019年", "subject_index": {"begin": 79, "end": 84}, "object_index": {"begin": 100, "end": 108}}]}
{"text": "报告期各期末，公司无形资产分别为4,086.27万元、4,020.14万元及8,432.74万元，占非流动资产的比例分别为35.73%、29.30%和33.23%，主要为公司拥有的土地使用权和办公软件。报", "spo_list": [{"predicate": "无形资产", "object_type": "金额", "subject_type": "日期", "object": "4,086.27万元", "subject": "报告期各期末", "subject_index": {"begin": 0, "end": 6}, "object_index": {"begin": 16, "end": 26}}, {"predicate": "无形资产", "object_type": "金额", "subject_type": "日期", "object": "4,020.14万元", "subject": "报告期各期末", "subject_index": {"begin": 0, "end": 6}, "object_index": {"begin": 27, "end": 37}}, {"predicate": "无形资产", "object_type": "金额", "subject_type": "日期", "object": "8,432.74万元", "subject": "报告期各期末", "subject_index": {"begin": 0, "end": 6}, "object_index": {"begin": 38, "end": 48}}]}
{"text": "公司2018年末预收款项余额较2017年末增长了344.43万元，主要是公司2018年积极拓展市场，境外中小客户的销售订单增加。2019年末预收款项余额较2018年末增长了571.07万元，主要系两方面原因：1）客户Richard-AllenScientificCompany的预收账款较上期进一步增加了220.21万元所致", "spo_list": [{"predicate": "预收款项余额", "object_type": "金额", "subject_type": "日期", "object": "344.43万元", "subject": "2018年", "subject_index": {"begin": 2, "end": 7}, "object_index": {"begin": 24, "end": 32}}, {"predicate": "预收款项余额", "object_type": "金额", "subject_type": "日期", "object": "571.07万元", "subject": "2019年", "subject_index": {"begin": 64, "end": 69}, "object_index": {"begin": 86, "end": 94}}]}
{"text": "报告期各期末，公司应付职工薪酬余额分别为1,542.22万元、1,762.30万元和2,085.63万元，占流动负债的比例分别为20.72%、14.54%及16.30%，具体明细如下", "spo_list": [{"predicate": "应付职工薪酬余额", "object_type": "金额", "subject_type": "日期", "object": "1,542.22万元", "subject": "报告期各期末", "subject_index": {"begin": 0, "end": 6}, "object_index": {"begin": 20, "end": 30}}, {"predicate": "应付职工薪酬余额", "object_type": "金额", "subject_type": "日期", "object": "1,762.30万元", "subject": "报告期各期末", "subject_index": {"begin": 0, "end": 6}, "object_index": {"begin": 31, "end": 41}}, {"predicate": "应付职工薪酬余额", "object_type": "金额", "subject_type": "日期", "object": "2,085.63万元", "subject": "报告期各期末", "subject_index": {"begin": 0, "end": 6}, "object_index": {"begin": 42, "end": 52}}]}
{"text": "②2017年末公司资产负债率基本与均值持平但2018年末低于均值，系同行业可比公司随着业务拓展的需要于2018年进行了大额银行借款融资，如维力医疗长期借款余额从2017年末的0元增长至2018年末的2.01亿元，三鑫医疗短期借款余额从2017年末的0元增长至2018年末的8,241.68万元，康德莱短期借款余额从2017年末的0元增长至2018年末的2.02亿元，导致了同行业可比公司的资产负债率2018年末有较大幅度的升高；③2019年公司资产负债率为24.40%，同行业可比公司资产负债率平均值为31.15%，公司的资产负债率低于同行业平均值系2019年度公司资金较为充盈，公司偿还短期借款后未进行借款融资，从而使得资产负债率较低。", "spo_list": [{"predicate": "长期借款余额", "object_type": "金额", "subject_type": "日期", "object": "0元", "subject": "2017年末", "subject_index": {"begin": 80, "end": 86}, "object_index": {"begin": 87, "end": 89}}, {"predicate": "短期借款余额", "object_type": "金额", "subject_type": "日期", "object": "0元", "subject": "2017年", "subject_index": {"begin": 117, "end": 122}, "object_index": {"begin": 124, "end": 126}}, {"predicate": "短期借款余额", "object_type": "金额", "subject_type": "日期", "object": "8,241.68万元", "subject": "2018年末", "subject_index": {"begin": 129, "end": 135}, "object_index": {"begin": 136, "end": 146}}, {"predicate": "短期借款余额", "object_type": "金额", "subject_type": "日期", "object": "0元", "subject": "2017年末", "subject_index": {"begin": 157, "end": 163}, "object_index": {"begin": 164, "end": 166}}, {"predicate": "短期借款余额", "object_type": "金额", "subject_type": "日期", "object": "2.02亿元", "subject": "2018年末", "subject_index": {"begin": 169, "end": 175}, "object_index": {"begin": 176, "end": 182}}, {"predicate": "长期借款余额", "object_type": "金额", "subject_type": "日期", "object": "2.01亿元", "subject": "2018年", "subject_index": {"begin": 92, "end": 97}, "object_index": {"begin": 99, "end": 105}}]}
{"text": "报告期内，公司应收账款账面价值分别为8,513.57万元、9,545.23万元和10,907.76万元，占流动资产的比例分别为39.72%、29.18%及38.64%，具体明细如下：", "spo_list": [{"predicate": "应收帐款账面价值", "object_type": "金额", "subject_type": "日期", "object": "8,513.57万元", "subject": "报告期内", "subject_index": {"begin": 0, "end": 4}, "object_index": {"begin": 18, "end": 28}}, {"predicate": "应收帐款账面价值", "object_type": "金额", "subject_type": "日期", "object": "9,545.23万元", "subject": "报告期内", "subject_index": {"begin": 0, "end": 4}, "object_index": {"begin": 29, "end": 39}}, {"predicate": "应收帐款账面价值", "object_type": "金额", "subject_type": "日期", "object": "10,907.76万元", "subject": "报告期内", "subject_index": {"begin": 0, "end": 4}, "object_index": {"begin": 40, "end": 51}}]}
{"text": "报告期各期末，公司其他应收款账面价值分别为30.82万元、21.26万元及147.89万元，占流动资产的比例分别为0.14%、0.06%和0.52%。公司其他应收款主要由押金保证金、应收暂付款及应收出口退税款构成。报告期内，公司其他应收款分类余额情况如下", "spo_list": [{"predicate": "应收帐款账面价值", "object_type": "金额", "subject_type": "日期", "object": "30.82万元", "subject": "报告期各期末", "subject_index": {"begin": 0, "end": 6}, "object_index": {"begin": 21, "end": 28}}, {"predicate": "应收帐款账面价值", "object_type": "金额", "subject_type": "日期", "object": "21.26万元", "subject": "报告期各期末", "subject_index": {"begin": 0, "end": 6}, "object_index": {"begin": 29, "end": 36}}, {"predicate": "应收帐款账面价值", "object_type": "金额", "subject_type": "日期", "object": "147.89万元", "subject": "报告期各期末", "subject_index": {"begin": 0, "end": 6}, "object_index": {"begin": 37, "end": 45}}]}
{"text": "报告期各期末，公司在建工程账面价值分别为100.06万元、1,228.66万元及5,800.83万元，占非流动资产的比例分别为0.87%、8.95%和22.86%。报告期各期末，公司在建工程转入固定资产原值分别为327.60万元、248.41万元和1,741.02万元", "spo_list": [{"predicate": "在建工程账面价值", "object_type": "金额", "subject_type": "日期", "object": "100.06万元", "subject": "报告期各期末", "subject_index": {"begin": 0, "end": 6}, "object_index": {"begin": 20, "end": 28}}, {"predicate": "在建工程账面价值", "object_type": "金额", "subject_type": "日期", "object": "1,228.66万元", "subject": "报告期各期末", "subject_index": {"begin": 0, "end": 6}, "object_index": {"begin": 29, "end": 39}}, {"predicate": "在建工程账面价值", "object_type": "金额", "subject_type": "日期", "object": "5,800.83万元", "subject": "报告期各期末", "subject_index": {"begin": 0, "end": 6}, "object_index": {"begin": 40, "end": 50}}, {"predicate": "在建工程账面价值", "object_type": "金额", "subject_type": "日期", "object": "327.60万元", "subject": "报告期各期末", "subject_index": {"begin": 82, "end": 88}, "object_index": {"begin": 106, "end": 114}}, {"predicate": "在建工程账面价值", "object_type": "金额", "subject_type": "日期", "object": "248.41万元", "subject": "报告期各期末", "subject_index": {"begin": 82, "end": 88}, "object_index": {"begin": 115, "end": 123}}, {"predicate": "在建工程账面价值", "object_type": "金额", "subject_type": "日期", "object": "1,741.02万", "subject": "报告期各期末", "subject_index": {"begin": 82, "end": 88}, "object_index": {"begin": 124, "end": 133}}]}
{"text": "报告期各期末，公司递延收益的金额分别为0万元、0万元及118.38万元。2019年公司计入递延收益的主要政府补助情况如下：根据台财企发[2018]36号“台州市财政局、台州市发展和改革委员会、台州市经济和信息化委员会关于下达2018年度台州市市级制造业及战略性新兴产业专项资金（战略性新兴产业部分）的通知”，公司获得补贴金额80万元。该补助资金属于与资产相关的政府补助，按照相关会计准则的要求在资产的使用年限里予以分摊。", "spo_list": [{"predicate": "其他收益", "object_type": "金额", "subject_type": "日期", "object": "118.38万元", "subject": "报告期各期末", "subject_index": {"begin": 0, "end": 6}, "object_index": {"begin": 27, "end": 35}}, {"predicate": "其他收益", "object_type": "金额", "subject_type": "日期", "object": "0万元", "subject": "报告期各期末", "subject_index": {"begin": 0, "end": 6}, "object_index": {"begin": 19, "end": 22}}, {"predicate": "其他收益", "object_type": "金额", "subject_type": "日期", "object": "0万元", "subject": "报告期各期末", "subject_index": {"begin": 0, "end": 6}, "object_index": {"begin": 23, "end": 26}}]}
{"text": "报告期内公司应收账款周转率分别为5.25、5.34、5.41，公司应收账款周转率逐年略有加快，整体保持在相对平稳的水平。", "spo_list": [{"predicate": "应收账款周转率", "object_type": "日期", "subject_type": "比率", "object": "报告期内", "subject": "5.25", "subject_index": {"begin": 16, "end": 20}, "object_index": {"begin": 0, "end": 4}}, {"predicate": "应收账款周转率", "object_type": "日期", "subject_type": "比率", "object": "报告期内", "subject": "5.34", "subject_index": {"begin": 21, "end": 25}, "object_index": {"begin": 0, "end": 4}}, {"predicate": "应收账款周转率", "object_type": "日期", "subject_type": "比率", "object": "报告期内", "subject": "5.41", "subject_index": {"begin": 26, "end": 30}, "object_index": {"begin": 0, "end": 4}}]}
