{"text": "截至2019年12月31日，其他应收款前五名余额为887.85万元，占其他应收款余额的比重为98.89%，", "spo_list": [{"predicate": "其他应收款余额", "object_type": "金额", "subject_type": "日期", "object": "887.85万元", "subject": "2019年12月31日", "subject_index": {"begin": 2, "end": 13}, "object_index": {"begin": 25, "end": 33}}]}
{"text": "2017-2019年度，公司存货周转率分别为4.16、5.19和5.68，故库存商品占比有所下降。", "spo_list": [{"predicate": "存货周转率", "object_type": "日期", "subject_type": "比率", "object": "2017", "subject": "4.16", "subject_index": {"begin": 22, "end": 26}, "object_index": {"begin": 0, "end": 4}}, {"predicate": "存货周转率", "object_type": "日期", "subject_type": "比率", "object": "2019", "subject": "5.68", "subject_index": {"begin": 32, "end": 36}, "object_index": {"begin": 5, "end": 9}}]}
{"text": "2017年末及2018年末，公司存货跌价准备分别为4.51万元和1.40万元，主要系藿香正气胶囊等其他零星品种市场价低于成本所致，已足额计提跌价准备；2019年末，公司存货经测试未发生减值。公司主要品种开喉剑喷雾剂（儿童型）、开喉剑喷雾剂报告期各期均未发生减值，", "spo_list": [{"predicate": "存货跌价准备", "object_type": "金额", "subject_type": "日期", "object": "4.51万元", "subject": "2017年", "subject_index": {"begin": 0, "end": 5}, "object_index": {"begin": 25, "end": 31}}, {"predicate": "存货跌价准备", "object_type": "金额", "subject_type": "日期", "object": "1.40万元", "subject": "2018年", "subject_index": {"begin": 7, "end": 12}, "object_index": {"begin": 32, "end": 38}}]}
{"text": "2017年5月8日，公司召开2017年第二次临时股东大会，审议通过了《关于公司2016年年度利润分配预案的议案》，截至2016年12月31日，公司期末未分配利润为50,652,175.12元，公司拟以现有总股本128,175,600股为基数，以未分配利润向全体股东按每10股派发现金红利3.5元人民币（含税）。本次分红金额共4,486.15万元，已完成支付。", "spo_list": [{"predicate": "未分配利润", "object_type": "金额", "subject_type": "日期", "object": "50,652,175.12元", "subject": "2016年12月31日", "subject_index": {"begin": 59, "end": 70}, "object_index": {"begin": 81, "end": 95}}]}
{"text": "2018年度，锦羿天翔的拆迁补偿款形成营业外收入2,000万元。2013年7月5日，公司与锦羿天翔签署了《搬迁补偿协议书》及补充协议书，搬迁补偿金额为5,000万元，公司收到首期拆迁款项2,000万元，但由于锦羿天翔迟延履行《搬迁补偿协议书》及补充协议书约定的付款义务，2016年7月13日公司将锦羿天翔诉至贵州省贵阳市中级人民法院。2017年9月，贵阳市中级人民法院经审理认为上述协议已于2016年7月7日公司解除合同的通知到达对方时解除，锦羿天翔已支付的2,000万不予退还。", "spo_list": [{"predicate": "营业外收入", "object_type": "金额", "subject_type": "日期", "object": "2,000万元", "subject": "2018年度", "subject_index": {"begin": 0, "end": 6}, "object_index": {"begin": 24, "end": 31}}]}
{"text": "截至2019年12月31日、2018年12月31日和2017年12月31日，应收账款余额分别为22,983.90万元、21,156.01万元和19,134.57万元；坏账准备分别为1,183.62万元、1,113.61万元和996.39万元。", "spo_list": [{"predicate": "应收账款余额", "object_type": "金额", "subject_type": "日期", "object": "22,983.90万元", "subject": "2019年12月31日", "subject_index": {"begin": 2, "end": 13}, "object_index": {"begin": 47, "end": 58}}, {"predicate": "应收账款余额", "object_type": "金额", "subject_type": "日期", "object": "21,156.01万元", "subject": "2018年12月31日", "subject_index": {"begin": 14, "end": 25}, "object_index": {"begin": 59, "end": 70}}, {"predicate": "应收账款余额", "object_type": "金额", "subject_type": "日期", "object": "19,134.57万元", "subject": "2017年12月31日", "subject_index": {"begin": 26, "end": 37}, "object_index": {"begin": 71, "end": 82}}, {"predicate": "坏账准备", "object_type": "金额", "subject_type": "日期", "object": "1,183.62万元", "subject": "2019年12月31日", "subject_index": {"begin": 2, "end": 13}, "object_index": {"begin": 90, "end": 100}}, {"predicate": "坏账准备", "object_type": "金额", "subject_type": "日期", "object": "1,113.61万元", "subject": "2018年12月31日", "subject_index": {"begin": 14, "end": 25}, "object_index": {"begin": 101, "end": 111}}, {"predicate": "坏账准备", "object_type": "金额", "subject_type": "日期", "object": "996.39万元", "subject": "2017年12月31日", "subject_index": {"begin": 26, "end": 37}, "object_index": {"begin": 112, "end": 120}}]}
{"text": "报告期内，公司投资活动产生的现金流量净额分别为-919.10万元、-4,759.49万元和-609.31万元。2018年，投资活动产生现金流出较高，主要系公司投资贵州绿太阳所致。", "spo_list": [{"predicate": "公司投资活动产生的现金流量净额", "object_type": "金额", "subject_type": "日期", "object": "-919.10万元", "subject": "2018年", "subject_index": {"begin": 55, "end": 60}, "object_index": {"begin": 23, "end": 32}}, {"predicate": "公司投资活动产生的现金流量净额", "object_type": "金额", "subject_type": "日期", "object": "-4,759.49万元", "subject": "2018年", "subject_index": {"begin": 55, "end": 60}, "object_index": {"begin": 33, "end": 44}}, {"predicate": "公司投资活动产生的现金流量净额", "object_type": "金额", "subject_type": "日期", "object": "-609.31万元", "subject": "2018年", "subject_index": {"begin": 55, "end": 60}, "object_index": {"begin": 45, "end": 54}}]}
{"text": "2016年9月6日，公司召开2016年第三次临时股东大会，审议通过了《关于公司2016年半年度利润分配预案的议案》，截至2016年6月30日，公司期末未分配利润为81,403,160.89元（未经审计），公司拟以现有总股本128,175,600股为基数，以未分配利润向全体股东按每10股派发现金红利5元人民币（含税）。本次分红金额共6,408.78万元，已完成支付。", "spo_list": [{"predicate": "未分配利润", "object_type": "金额", "subject_type": "日期", "object": "81,403,160.89元", "subject": "2016年9月6日", "subject_index": {"begin": 0, "end": 9}, "object_index": {"begin": 81, "end": 95}}]}
{"text": "报告期各期末，公司货币资金余额分别为18,046.20万元、13,142.98万元和23,961.49万元，占流动资产的比例分别为42.39%、33.27%和43.40%。公司目前的货币资金储备合理，可以保证日常生产经营周转需要。", "spo_list": []}
{"text": "报告期各期公司的坏账准备金额需分别多计75.81万元、87.00万元和49.05万元，与各期净利润之比分别为0.87%、0.79%和0.37%，对净利润影响极小。", "spo_list": []}
{"text": "截至2019年12月31日，公司预付账款前五名余额为192.67万元，占预付款项余额的比重为99.20%，", "spo_list": [{"predicate": "预付款项", "object_type": "金额", "subject_type": "日期", "object": "192.67万元", "subject": "2019年12月31日", "subject_index": {"begin": 2, "end": 13}, "object_index": {"begin": 26, "end": 34}}]}
{"text": "报告期各期末，公司应付账款余额分别为2,364.03万元、2,255.24万元和3,699.79万元，占当期流动负债的比例分别为29.48%、48.27%和55.91%。报告期各期末，公司应付账款规模基本稳定，账龄在一年以内的应付账款占比均在90%以上，报告期各期末，应付账款呈现上升趋势的主要原因为随着公司经营规模扩大，应付账款增加。", "spo_list": []}
