{"text": "本公司1999、2000年末及2001年6月30日的其他应付帐款分别为1,823.13万元、2,555.46万元和2,252.84万元。2001年6月30日，帐龄在一年以内的其他应付款余额为1,764.76万元，占其他应付款余额的78.34%。截至2001年6月30日，本帐户余额中无应付持本公司5%或以上股份股东的款项。", "spo_list": [{"predicate": "其他应付款", "object_type": "金额", "subject_type": "日期", "object": "1,823.13万元", "subject": "1999", "subject_index": {"begin": 3, "end": 7}, "object_index": {"begin": 35, "end": 45}}, {"predicate": "其他应付款", "object_type": "金额", "subject_type": "日期", "object": "2,555.46万元", "subject": "2000年", "subject_index": {"begin": 8, "end": 13}, "object_index": {"begin": 46, "end": 56}}, {"predicate": "其他应付款", "object_type": "金额", "subject_type": "日期", "object": "2,252.84万元", "subject": "2001年6月30日", "subject_index": {"begin": 15, "end": 25}, "object_index": {"begin": 57, "end": 67}}]}
{"text": "发行人与财务公司于2000年11月8日签定的合同编号为BZ2000－111的《信用保证借款合同》，发行人向财务公司借款人民币200万元，借款期限为2000月11月8日起至2001年7月8日，月利率为5.3625‰。", "spo_list": [{"predicate": "短期借款余额", "object_type": "金额", "subject_type": "日期", "object": "200万元", "subject": "2000年11月8日", "subject_index": {"begin": 9, "end": 19}, "object_index": {"begin": 62, "end": 67}}]}
{"text": "发行人与财务公司于2001年4月27日签定的合同编号为BZ2001－042的《保证借款合同》，发行人向财务公司借款人民币200万元，借款期限为2001年4月27日起至2001年9月27日，月利率为5.115‰。", "spo_list": [{"predicate": "短期借款", "object_type": "金额", "subject_type": "日期", "object": "200万元", "subject": "2001年4月27日", "subject_index": {"begin": 9, "end": 19}, "object_index": {"begin": 60, "end": 65}}]}
{"text": "本公司1999、2000年末及2001年6月30日的其他应收款分别为1,286.51万元、4,145.67万元和4,022.34万元。坏帐准备分别为64.33万元、193.20万元和178.13万元；其他应收款净额分别为1,222.18万元、3,952.47万元和3,844.21万元。2000年12月31日，本公司的其他应收款余额较1999年末大幅增长，主要系2000年度新增关联交易事项所致。2001年6月30日，本公司的其他应收款中并无持本公司5%或以上股份的股东欠款，但存在其他关联方欠款：申一厂设备租赁欠款529.13万元，永红厂委托加工欠款277.65万元", "spo_list": [{"predicate": "其他应收账款账面价值", "object_type": "金额", "subject_type": "日期", "object": "4,022.34万元", "subject": "2001年6月30日", "subject_index": {"begin": 15, "end": 25}, "object_index": {"begin": 56, "end": 66}}, {"predicate": "其他应收账款账面价值", "object_type": "金额", "subject_type": "日期", "object": "1,286.51万元", "subject": "1999", "subject_index": {"begin": 3, "end": 7}, "object_index": {"begin": 34, "end": 44}}, {"predicate": "其他应收账款账面价值", "object_type": "金额", "subject_type": "日期", "object": "4,145.67万元", "subject": "2000年末", "subject_index": {"begin": 8, "end": 14}, "object_index": {"begin": 45, "end": 55}}]}
{"text": "本公司1999、2000年末及2001年6月30日的存货分别为15,448.25万元、15,022.66万元和15,343.24万元；存货跌价准备分别为79.10万元、106.05万元和116.46万元；存货净额分别为15,369.15万元、14,916.61万元和15,226.78万元。", "spo_list": [{"predicate": "存货", "object_type": "金额", "subject_type": "日期", "object": "15,448.25万元", "subject": "1999", "subject_index": {"begin": 3, "end": 7}, "object_index": {"begin": 31, "end": 42}}, {"predicate": "存货", "object_type": "金额", "subject_type": "日期", "object": "15,022.66万元", "subject": "2000年末", "subject_index": {"begin": 8, "end": 14}, "object_index": {"begin": 43, "end": 54}}, {"predicate": "存货", "object_type": "金额", "subject_type": "日期", "object": "15,343.24万元", "subject": "2001年6月30日", "subject_index": {"begin": 15, "end": 25}, "object_index": {"begin": 55, "end": 66}}, {"predicate": "存货跌价准备", "object_type": "金额", "subject_type": "日期", "object": "79.10万元", "subject": "1999", "subject_index": {"begin": 3, "end": 7}, "object_index": {"begin": 76, "end": 83}}, {"predicate": "存货跌价准备", "object_type": "金额", "subject_type": "日期", "object": "106.05万元", "subject": "2000年末", "subject_index": {"begin": 8, "end": 14}, "object_index": {"begin": 84, "end": 92}}, {"predicate": "存货跌价准备", "object_type": "金额", "subject_type": "日期", "object": "116.46万元", "subject": "2001年6月30日", "subject_index": {"begin": 15, "end": 25}, "object_index": {"begin": 93, "end": 101}}, {"predicate": "存货净值", "object_type": "金额", "subject_type": "日期", "object": "15,369.15万元", "subject": "1999", "subject_index": {"begin": 3, "end": 7}, "object_index": {"begin": 109, "end": 120}}, {"predicate": "存货净值", "object_type": "金额", "subject_type": "日期", "object": "14,916.61万元", "subject": "2000年末", "subject_index": {"begin": 8, "end": 14}, "object_index": {"begin": 121, "end": 132}}, {"predicate": "存货净值", "object_type": "金额", "subject_type": "日期", "object": "15,226.78万元", "subject": "2001年6月30日", "subject_index": {"begin": 15, "end": 25}, "object_index": {"begin": 133, "end": 144}}]}
{"text": "本公司1999、2000年末及2001年6月30日的股东权益合计分别为21,020.71万元、22,634.19万元和23,807.56万元。2001年6月30日，本公司股本15,000.00万元，资本公积金7,372.53万元，盈余公积金473.35万元，未分配利润961.68万元。", "spo_list": [{"predicate": "股东权益评估值", "object_type": "金额", "subject_type": "日期", "object": "21,020.71万元", "subject": "1999", "subject_index": {"begin": 3, "end": 7}, "object_index": {"begin": 35, "end": 46}}, {"predicate": "股东权益评估值", "object_type": "金额", "subject_type": "日期", "object": "22,634.19万元", "subject": "2000年末", "subject_index": {"begin": 8, "end": 14}, "object_index": {"begin": 47, "end": 58}}, {"predicate": "股东权益评估值", "object_type": "金额", "subject_type": "日期", "object": "23,807.56万元", "subject": "2001年6月30日", "subject_index": {"begin": 15, "end": 25}, "object_index": {"begin": 59, "end": 70}}, {"predicate": "未分配利润", "object_type": "金额", "subject_type": "日期", "object": "961.68万元", "subject": "2001年6月30日", "subject_index": {"begin": 71, "end": 81}, "object_index": {"begin": 134, "end": 142}}]}
{"text": "本公司1999、2000年末及2001年6月30日的应收票据分别为896.89万元、570.08万元和1,202.58万元。应收票据均系银行承兑汇票，持本公司5%或以上股份的股东无本项欠款。", "spo_list": [{"predicate": "应收票据", "object_type": "金额", "subject_type": "日期", "object": "896.89万元", "subject": "1999", "subject_index": {"begin": 3, "end": 7}, "object_index": {"begin": 33, "end": 41}}, {"predicate": "应收票据", "object_type": "金额", "subject_type": "日期", "object": "570.08万元", "subject": "2000年末", "subject_index": {"begin": 8, "end": 14}, "object_index": {"begin": 42, "end": 50}}, {"predicate": "应收票据", "object_type": "金额", "subject_type": "日期", "object": "1,202.58万元", "subject": "2001年6月30日", "subject_index": {"begin": 15, "end": 25}, "object_index": {"begin": 51, "end": 61}}]}
{"text": "本公司1999、2000年末及2001年6月30日的应收帐款分别为16,724.56万元、16,885.50万元和16,849.01万元。坏帐准备分别为1,189.92万元、1,197.96万元和1,196.14万元；应收帐款净额分别为15,534.64万元、15,687.54万元和15,652.87万元。应收帐款余额居高不下，主要是国内主要汽车厂商的欠款。2001年6月30日，帐龄在一年以内的应收帐款余额为12,908.17万元，占应收帐款余额的76.61%；帐龄在三年以上的应收帐款余额为1,477.39万元，占应收帐款余额的8.77%。有关股东已作出承诺，改制时投入的应收帐款如发生坏帐损失，则以以后年度的分配股利或现金予以弥补。2001年6月30日，本公司的应收帐款余额中，并无持本公司5%或以上股份的股东欠款。", "spo_list": [{"predicate": "应收帐款账面价值", "object_type": "金额", "subject_type": "日期", "object": "16,724.56万元", "subject": "1999", "subject_index": {"begin": 3, "end": 7}, "object_index": {"begin": 33, "end": 44}}, {"predicate": "应收帐款账面价值", "object_type": "金额", "subject_type": "日期", "object": "16,885.50万元", "subject": "2000年末", "subject_index": {"begin": 8, "end": 14}, "object_index": {"begin": 45, "end": 56}}, {"predicate": "应收帐款账面价值", "object_type": "金额", "subject_type": "日期", "object": "16,849.01万元", "subject": "2001年6月30日", "subject_index": {"begin": 15, "end": 25}, "object_index": {"begin": 57, "end": 68}}, {"predicate": "坏账准备", "object_type": "金额", "subject_type": "日期", "object": "1,189.92万元", "subject": "1999", "subject_index": {"begin": 3, "end": 7}, "object_index": {"begin": 76, "end": 86}}, {"predicate": "坏账准备", "object_type": "金额", "subject_type": "日期", "object": "1,197.96万元", "subject": "2000年末", "subject_index": {"begin": 8, "end": 14}, "object_index": {"begin": 87, "end": 97}}, {"predicate": "坏账准备", "object_type": "金额", "subject_type": "日期", "object": "1,196.14万元", "subject": "2001年6月30日", "subject_index": {"begin": 15, "end": 25}, "object_index": {"begin": 98, "end": 108}}, {"predicate": "应收账款净额", "object_type": "金额", "subject_type": "日期", "object": "15,534.64万元", "subject": "1999", "subject_index": {"begin": 3, "end": 7}, "object_index": {"begin": 118, "end": 129}}, {"predicate": "应收账款净额", "object_type": "金额", "subject_type": "日期", "object": "15,687.54万元", "subject": "2000年末", "subject_index": {"begin": 8, "end": 14}, "object_index": {"begin": 130, "end": 141}}, {"predicate": "应收账款净额", "object_type": "金额", "subject_type": "日期", "object": "15,652.87万", "subject": "2001年6月30日", "subject_index": {"begin": 15, "end": 25}, "object_index": {"begin": 142, "end": 152}}, {"predicate": "应收账款余额", "object_type": "金额", "subject_type": "日期", "object": "12,908.17万元", "subject": "2001年6月30日", "subject_index": {"begin": 180, "end": 190}, "object_index": {"begin": 206, "end": 217}}, {"predicate": "应收账款余额", "object_type": "金额", "subject_type": "日期", "object": "1,477.39万元", "subject": "2001年6月30日", "subject_index": {"begin": 180, "end": 190}, "object_index": {"begin": 248, "end": 258}}]}
{"text": "2001年6月30日，其他应付款余额中含公司欠职工选房保证金239.81万元。", "spo_list": [{"predicate": "其他应付款余额", "object_type": "金额", "subject_type": "日期", "object": "239.81万元", "subject": "2001年6月30日", "subject_index": {"begin": 0, "end": 10}, "object_index": {"begin": 30, "end": 38}}]}
{"text": "本公司1999、2000年末以及2001年6月30日的货币资金余额分别为人民币5283万元、6979万元、6911万元。2000年度现金净流入为人民币2526万元，主要为经营活动产生的现金流入，这使得本公司截至2000年12月31日的货币资金余额与上年末相比增长高达32%，达到人民币6979万元。如此显著的增长主要得益于本公司在业务规模不断扩大的同时，在应收帐款的回收方面采取了有效措施，既避免了重大呆坏帐的发生，又加速了资金的回笼。", "spo_list": [{"predicate": "货币资金余额", "object_type": "金额", "subject_type": "日期", "object": "5283万元", "subject": "1999", "subject_index": {"begin": 3, "end": 7}, "object_index": {"begin": 39, "end": 45}}, {"predicate": "货币资金余额", "object_type": "金额", "subject_type": "日期", "object": "6979万元", "subject": "2000年末", "subject_index": {"begin": 8, "end": 14}, "object_index": {"begin": 46, "end": 52}}, {"predicate": "货币资金余额", "object_type": "金额", "subject_type": "日期", "object": "6911万元", "subject": "2001年6月30日", "subject_index": {"begin": 16, "end": 26}, "object_index": {"begin": 53, "end": 59}}, {"predicate": "货币资金余额", "object_type": "金额", "subject_type": "日期", "object": "6979万元", "subject": "2000年12月31日", "subject_index": {"begin": 105, "end": 116}, "object_index": {"begin": 142, "end": 148}}]}
{"text": "截止2001年6月30日，上述发起人投入的资产中有应收帐款15451.77万元，已收回12028.71万元。有关发起人股东已作出承诺，如果出资的应收帐款不能收回，给本公司造成损失，则有关股东承担相应的责任，用以后年度分配的股利或现金予以弥补，避免出资不实的风险", "spo_list": [{"predicate": "应收账款余额", "object_type": "金额", "subject_type": "日期", "object": "15451.77万元", "subject": "2001年6月30日", "subject_index": {"begin": 2, "end": 12}, "object_index": {"begin": 29, "end": 39}}, {"predicate": "应收账款余额", "object_type": "金额", "subject_type": "日期", "object": "12028.71万元", "subject": "2001年6月30日", "subject_index": {"begin": 2, "end": 12}, "object_index": {"begin": 43, "end": 53}}]}
{"text": "截至2001年6月30日，本公司在建工程1224.45万元，具体如下", "spo_list": [{"predicate": "在建工程账面价值", "object_type": "金额", "subject_type": "日期", "object": "1224.45万元", "subject": "2001年6月30日", "subject_index": {"begin": 2, "end": 12}, "object_index": {"begin": 20, "end": 29}}]}
{"text": "发行人与财务公司于2000年11月8日签定的合同编号为5Z2000－111的《借款合同》，发行人向财务公司贷款人民币200万元，借款期限为2000月11月8日起至2001年7月8日，月利率为5.3625‰。", "spo_list": [{"predicate": "短期借款", "object_type": "金额", "subject_type": "日期", "object": "200万元", "subject": "2000年11月8日", "subject_index": {"begin": 9, "end": 19}, "object_index": {"begin": 58, "end": 63}}]}
{"text": "1999年末未分配利润为-1351.82万元，系四项准备金计提会计政策改变累计影响所致。2000年末未分配利润为-90.84万元，系根据财政部财会[2001]17号文规定，会计政策变更采用追溯调整所致。", "spo_list": [{"predicate": "未分配利润", "object_type": "金额", "subject_type": "日期", "object": "-1351.82万元", "subject": "1999年", "subject_index": {"begin": 0, "end": 5}, "object_index": {"begin": 12, "end": 22}}, {"predicate": "未分配利润", "object_type": "金额", "subject_type": "日期", "object": "-90.84万元", "subject": "2000年", "subject_index": {"begin": 44, "end": 49}, "object_index": {"begin": 56, "end": 64}}]}
{"text": "截至2001年6月30日本公司的母公司会计报表中，长期投资为长期股权投资，期末投资额为5,172.58万元，期末投资额占净资产的比例为21.62%", "spo_list": [{"predicate": "长期股权投资账面价值", "object_type": "金额", "subject_type": "日期", "object": "5,172.58万元", "subject": "2001年6月30日", "subject_index": {"begin": 2, "end": 12}, "object_index": {"begin": 43, "end": 53}}]}
{"text": "截至2001年6月30日，本公司负债总额为55288.19万元，其中流动负债41775.50万元，长期负债13512.69万元。", "spo_list": [{"predicate": "总负债", "object_type": "金额", "subject_type": "日期", "object": "55288.19万元", "subject": "2001年6月30日", "subject_index": {"begin": 2, "end": 12}, "object_index": {"begin": 21, "end": 31}}, {"predicate": "流动负债", "object_type": "金额", "subject_type": "日期", "object": "41775.50万元", "subject": "2001年6月30日", "subject_index": {"begin": 2, "end": 12}, "object_index": {"begin": 38, "end": 48}}, {"predicate": "非流动负债", "object_type": "金额", "subject_type": "日期", "object": "13512.69万", "subject": "2001年6月30日", "subject_index": {"begin": 2, "end": 12}, "object_index": {"begin": 53, "end": 62}}]}
{"text": "本公司1999、2000年末及2001年6月30日的应付帐款分别为5,772.95万元、5,207.78万元和5,598.31万元。2001年6月30日，帐龄在一年以内的应付帐款余额为4,670.49万元，占应付帐款余额的83.43%。2001年6月30日，本公司的应付帐款余额中，没有应付持本公司5%或以上股份股东的款项。", "spo_list": [{"predicate": "应付账款", "object_type": "金额", "subject_type": "日期", "object": "5,772.95万元", "subject": "1999", "subject_index": {"begin": 3, "end": 7}, "object_index": {"begin": 33, "end": 43}}, {"predicate": "应付账款", "object_type": "金额", "subject_type": "日期", "object": "5,207.78万元", "subject": "2000年", "subject_index": {"begin": 8, "end": 13}, "object_index": {"begin": 44, "end": 54}}, {"predicate": "应付账款", "object_type": "金额", "subject_type": "日期", "object": "5,598.31万元", "subject": "2001年6月30日", "subject_index": {"begin": 15, "end": 25}, "object_index": {"begin": 55, "end": 65}}, {"predicate": "应付账款", "object_type": "金额", "subject_type": "日期", "object": "4,670.49万元", "subject": "2001年6月30日", "subject_index": {"begin": 66, "end": 76}, "object_index": {"begin": 92, "end": 102}}]}
{"text": "本公司1999、2000年末及2001年6月30日的应交税金分别为1,470.20万元、1,782.77万元和1,291.44万元。2001年6月30日，本公司的应交税金中主要包括应交增值税1,235.98万元和应交企业所得税60.00万元。", "spo_list": [{"predicate": "应交税费", "object_type": "金额", "subject_type": "日期", "object": "1,470.20万元", "subject": "1999", "subject_index": {"begin": 3, "end": 7}, "object_index": {"begin": 33, "end": 43}}, {"predicate": "应交税费", "object_type": "金额", "subject_type": "日期", "object": "1,782.77万元", "subject": "2000年末", "subject_index": {"begin": 8, "end": 14}, "object_index": {"begin": 44, "end": 54}}, {"predicate": "应交税费", "object_type": "金额", "subject_type": "日期", "object": "1,291.44万元", "subject": "2001年6月30日", "subject_index": {"begin": 15, "end": 25}, "object_index": {"begin": 55, "end": 65}}, {"predicate": "应交税费", "object_type": "金额", "subject_type": "日期", "object": "1,235.98万元", "subject": "2001年6月30日", "subject_index": {"begin": 66, "end": 76}, "object_index": {"begin": 95, "end": 105}}, {"predicate": "应交税费", "object_type": "金额", "subject_type": "日期", "object": "60.00万元", "subject": "2001年6月30日", "subject_index": {"begin": 66, "end": 76}, "object_index": {"begin": 113, "end": 120}}]}
{"text": "2001年、2002年、2003年和2004年的投资总额分别为10212万元、14382万元、6146万元和2859万元。", "spo_list": [{"predicate": "长期股权投资账面价值", "object_type": "金额", "subject_type": "日期", "object": "10212万元", "subject": "2001年", "subject_index": {"begin": 0, "end": 5}, "object_index": {"begin": 31, "end": 38}}, {"predicate": "长期股权投资账面价值", "object_type": "金额", "subject_type": "日期", "object": "14382万元", "subject": "2002年", "subject_index": {"begin": 6, "end": 11}, "object_index": {"begin": 39, "end": 46}}, {"predicate": "长期股权投资账面价值", "object_type": "金额", "subject_type": "日期", "object": "、6146万元", "subject": "2003年", "subject_index": {"begin": 12, "end": 17}, "object_index": {"begin": 46, "end": 53}}, {"predicate": "长期股权投资账面价值", "object_type": "金额", "subject_type": "日期", "object": "2859万元", "subject": "2004年", "subject_index": {"begin": 18, "end": 23}, "object_index": {"begin": 54, "end": 60}}]}
{"text": "本公司1999、2000年末及2001年6月30日的预付帐款分别为1,622.90万元、1,607.02万元和1,249.81万元。预付帐款系预付材料款，持本公司5%或以上股份的股东无本项欠款。2001年6月30日预付帐款余额较2000年末数减少22.23%，主要系原材料陆续到货，预付货款降低所致。", "spo_list": [{"predicate": "预付账款余额", "object_type": "金额", "subject_type": "日期", "object": "1,622.90万元", "subject": "1999", "subject_index": {"begin": 3, "end": 7}, "object_index": {"begin": 33, "end": 43}}, {"predicate": "预付账款余额", "object_type": "金额", "subject_type": "日期", "object": "1,607.02万元", "subject": "2000年", "subject_index": {"begin": 8, "end": 13}, "object_index": {"begin": 44, "end": 54}}, {"predicate": "预付账款余额", "object_type": "金额", "subject_type": "日期", "object": "1,249.81万元", "subject": "2001年6月30日", "subject_index": {"begin": 15, "end": 25}, "object_index": {"begin": 55, "end": 65}}]}
{"text": "本公司1999、2000年末及2001年6月30日的应付票据分别为710.00万元、685.00万元和890万元。应付票据均系银行承兑汇票，没有应付持本公司5%或以上股份的股东的款项。", "spo_list": [{"predicate": "应付票据", "object_type": "金额", "subject_type": "日期", "object": "710.00万元", "subject": "1999", "subject_index": {"begin": 3, "end": 7}, "object_index": {"begin": 33, "end": 41}}, {"predicate": "应付票据", "object_type": "金额", "subject_type": "日期", "object": "685.00万元", "subject": "2000年末", "subject_index": {"begin": 8, "end": 14}, "object_index": {"begin": 42, "end": 50}}, {"predicate": "应付票据", "object_type": "金额", "subject_type": "日期", "object": "890万元", "subject": "2001年6月30日", "subject_index": {"begin": 15, "end": 25}, "object_index": {"begin": 51, "end": 56}}]}
{"text": "本公司1999、2000年末及2001年6月30日的预收帐款分别为301.16万元、219.56万元和257.14万元。2001年6月30日，帐龄在一年以内的预收帐款余额为193.91万元，占预收帐款余额的75.41%。2001年6月30日，本公司的预收帐款余额中，没有预收持本公司5%或以上股份股东的款项", "spo_list": [{"predicate": "预收账款余额", "object_type": "金额", "subject_type": "日期", "object": "301.16万元", "subject": "1999", "subject_index": {"begin": 3, "end": 7}, "object_index": {"begin": 33, "end": 41}}, {"predicate": "预收账款余额", "object_type": "金额", "subject_type": "日期", "object": "219.56万元", "subject": "2000年末", "subject_index": {"begin": 8, "end": 14}, "object_index": {"begin": 42, "end": 50}}, {"predicate": "预付账款余额", "object_type": "金额", "subject_type": "日期", "object": "257.14万元", "subject": "2001年6月30日", "subject_index": {"begin": 15, "end": 25}, "object_index": {"begin": 51, "end": 59}}, {"predicate": "预收账款余额", "object_type": "金额", "subject_type": "日期", "object": "193.91万元", "subject": "2001年6月30日", "subject_index": {"begin": 60, "end": 70}, "object_index": {"begin": 86, "end": 94}}]}
{"text": "本公司1999、2000年末及2001年6月30日的应付工资分别为1,217.05万元、909.90万元和886.31万元。", "spo_list": [{"predicate": "应付职工薪酬余额", "object_type": "金额", "subject_type": "日期", "object": "1,217.05万元", "subject": "1999", "subject_index": {"begin": 3, "end": 7}, "object_index": {"begin": 33, "end": 43}}, {"predicate": "应付职工薪酬余额", "object_type": "金额", "subject_type": "日期", "object": "909.90万元", "subject": "2000年末", "subject_index": {"begin": 8, "end": 14}, "object_index": {"begin": 44, "end": 52}}, {"predicate": "应付职工薪酬余额", "object_type": "金额", "subject_type": "日期", "object": "886.31万元", "subject": "2001年6月30日", "subject_index": {"begin": 15, "end": 25}, "object_index": {"begin": 53, "end": 61}}]}
{"text": "本公司2000年度及2001年1月至6月经营活动产生的现金流量净额分别为6,046.79万元和1,550.99万元，其中：销售商品、提供劳务收到的现金分别为40,193.66万元和18,103.84万元，收到的税费返还分别为270.00万元和0万元，收到的其他与经营活动有关的现金分别为1,762.71万元和376.65万元,购买商品、接收劳务支付的现金分别为21,749.44万元和11,316.55万元，支付给职工以及为职工支付的现金为4,509.80万元和2,288.83万元，支付的各项税费分别为3,767.95万元和1,016.77万元,支付的其他与经营活动有关的现金分别为6,152.39万元和2,307.34万元；投资活动产生的现金流量净额分别为-1,544.41万元和-843.68万元，其中，购建固定资产和其他长期资产所支付的现金分别为1,037.59万元和845.18万元，投资所支付的现金分别为540.00万元和0万元；筹资活动产生的现金流量净额分别为-2,805.43万元和-775.28万元，其中，借款所收到的现金分别为21,765.64万元和9,710.00万元，收到的其他与筹资活动有关的现金分别为7.30万元和7.17万元,偿还债务所支付的现金分别为21,560.70万元和8,220.00万元，分配股利、利润或偿付利息所支付的现金分别为2,791.13万元和1,918.10万元,支付的其他与筹资活动有关的现金分别为226.54万元和354.35万元；现金及现金等价物净增加额分别为1,696.49万元和-67.96万元。本公司没有不涉及现金收支的重大投资和筹资活动。", "spo_list": []}
