{"text": "本公司2013年1-6月无形资产摊销额为1,708,065.57元", "spo_list": [{"predicate": "无形资产", "object_type": "金额", "subject_type": "日期", "object": "1,708,065.57元", "subject": "2013年1-6月", "subject_index": {"begin": 3, "end": 12}, "object_index": {"begin": 20, "end": 33}}]}
{"text": "本公司2011年销售费用较2010年增长22,425.98万元，增幅较大，主要原因系广告费用及品牌推广费大幅度增长。", "spo_list": [{"predicate": "销售费用", "object_type": "金额", "subject_type": "日期", "object": "22,425.98万元", "subject": "2011年", "subject_index": {"begin": 3, "end": 8}, "object_index": {"begin": 20, "end": 31}}]}
{"text": "2012年资产减值损失较2011年增长1,045.75万元，2011年资产减值损失较2010年增长204.90万元，", "spo_list": [{"predicate": "资产减值损失", "object_type": "金额", "subject_type": "日期", "object": "1,045.75万元", "subject": "2012年", "subject_index": {"begin": 0, "end": 5}, "object_index": {"begin": 19, "end": 29}}]}
{"text": "2012年度，本公司投资活动产生的现金流量净额为-5,520.61万元，主要原因为：支付晋江市财政局征土地款1058.00万，支付福建惠一建设工程有限公司工程款234.00万元，支付杭州奥立达电梯有限公司电梯款234.00万元，支付福荣装饰设计工程有限公司装修款581.00万元，支付福建荣欣建设有限公司工程款271.00万元，支付厦门翔发地产有限公司购房款229.00万元。", "spo_list": [{"predicate": "公司投资活动产生的现金流量净额", "object_type": "金额", "subject_type": "日期", "object": "-5,520.61万元", "subject": "2012年度", "subject_index": {"begin": 0, "end": 6}, "object_index": {"begin": 24, "end": 35}}]}
{"text": "2010年度，本公司投资活动产生的现金流量净额为-32,779.37万元主要原因为：①支付福建惠一建设工程有限公司工程款15,828.31万元；②支付贵人鸟福建房产和土地购买款15,050.00万元；③购买机器设备、软件、土地等资产支付3,531.00万元；④收到出售给贵人鸟体育营销（已更名为“泉州市海浩文化用品有限公司”）霞福工业区土地款1,193.64万元。", "spo_list": [{"predicate": "公司投资活动产生的现金流量净额", "object_type": "金额", "subject_type": "日期", "object": "-32,779.37万元", "subject": "2010年度", "subject_index": {"begin": 0, "end": 6}, "object_index": {"begin": 24, "end": 36}}]}
{"text": "2013年上半年，本公司筹资活动产生的现金流量净额为-12,456.42万元，主要系2013年上半年新增加的银行借款16,026万元及分配税后股利26,250万元。", "spo_list": [{"predicate": "短期借款余额", "object_type": "金额", "subject_type": "日期", "object": "16,026万元", "subject": "2013年", "subject_index": {"begin": 42, "end": 47}, "object_index": {"begin": 58, "end": 66}}]}
{"text": "2010年度，本公司筹资活动产生的现金流量净额为28,680.54万元，主要原因系收到亿兴投资、贵人鸟投资、弘智投资的增资款16,940.15万元以及增加短期借款13,060.00万元。", "spo_list": [{"predicate": "公司筹资活动产生的现金流量净额", "object_type": "金额", "subject_type": "日期", "object": "28,680.54万元", "subject": "2010年度", "subject_index": {"begin": 0, "end": 6}, "object_index": {"begin": 24, "end": 35}}]}
{"text": "2013年9月4日，本公司2013年第二次临时股东大会审议通过了利润分配方案，分配2012年末累计未分配利润中13,125万元，此次股利分配已实施完毕。", "spo_list": [{"predicate": "未分配利润", "object_type": "金额", "subject_type": "日期", "object": "13,125万元", "subject": "2013年9月4日", "subject_index": {"begin": 0, "end": 9}, "object_index": {"begin": 55, "end": 63}}]}
{"text": "截至2013年6月30日本公司应收账款较2012年末增加14,203.54万元，增幅16.48%，主要原因系：①2013年受宏观经济增速下滑，消费增速放缓的影响，运动鞋服行业整体业绩下滑，经销商销售下滑，回款速度减慢；②2013年1-11月，经销商关闭407家低效门店，新开534家门店，严格执行了发行人在市场低迷时抢占优势渠道资源的策略。发行人则在控制应收账款风险的基础上，给予在营销渠道上投入大量资金的经销商一定的信用额度支持，因此造成了应收账款金额增长。", "spo_list": [{"predicate": "应收账款余额", "object_type": "金额", "subject_type": "日期", "object": "14,203.54万元", "subject": "2013年6月30日", "subject_index": {"begin": 2, "end": 12}, "object_index": {"begin": 28, "end": 39}}]}
{"text": "本公司截至2013年6月30日在建工程较2012年末增加1,884.15万元，主要系惠南工业区在建厂房", "spo_list": [{"predicate": "在建工程账面价值", "object_type": "金额", "subject_type": "日期", "object": "1,884.15万元", "subject": "2013年6月30日", "subject_index": {"begin": 5, "end": 15}, "object_index": {"begin": 28, "end": 38}}]}
{"text": "②本公司在报告期内新增办公楼和土地等资产导致2011年折旧及摊销费用较2010年增加616.48万元；③本公司在报告期内加大对产品研发的投入，导致2011年研发费较2010年增加767.72万元。", "spo_list": [{"predicate": "研发费用", "object_type": "金额", "subject_type": "日期", "object": "767.72万元", "subject": "2011年", "subject_index": {"begin": 73, "end": 78}, "object_index": {"begin": 89, "end": 97}}]}
{"text": "2011年度，本公司筹资活动产生的现金流量净额为3,282.38万元，主要系年度新增加的银行借款12,160万元及分配税后股利6,300万元。", "spo_list": [{"predicate": "公司筹资活动产生的现金流量净额", "object_type": "金额", "subject_type": "日期", "object": "3,282.38万元", "subject": "2011年度", "subject_index": {"begin": 0, "end": 6}, "object_index": {"begin": 24, "end": 34}}]}
{"text": "2012年末应收账款较2011年末增加27,046.95万元，增幅45.72%；2011年末应收账款较2010年末增加18,500.26万元，增幅45.50%；主要原因系2010年至2012年期间公司销售规模不断扩大，给予经销商的信用额度金额也相应增加。", "spo_list": [{"predicate": "应收账款余额", "object_type": "金额", "subject_type": "日期", "object": "27,046.95万元", "subject": "2012年", "subject_index": {"begin": 0, "end": 5}, "object_index": {"begin": 19, "end": 30}}, {"predicate": "应收账款余额", "object_type": "金额", "subject_type": "日期", "object": "18,500.26万元", "subject": "2011年末", "subject_index": {"begin": 40, "end": 46}, "object_index": {"begin": 59, "end": 70}}]}
{"text": "本公司2012年末在建工程较2011年末减少12,092.74万元，2011年末在建工程较2010年末减少2,308.64万元，主要原因系惠南工业区在建厂房已建成的部分结转为固定资产。", "spo_list": [{"predicate": "在建工程账面价值", "object_type": "金额", "subject_type": "日期", "object": "12,092.74万元", "subject": "2012年", "subject_index": {"begin": 3, "end": 8}, "object_index": {"begin": 22, "end": 33}}, {"predicate": "在建工程账面价值", "object_type": "金额", "subject_type": "日期", "object": "2,308.64万元", "subject": "2011年", "subject_index": {"begin": 34, "end": 39}, "object_index": {"begin": 53, "end": 63}}]}
{"text": "本公司2011年末其他应付款较2010年末减少4,556.29万元，主要原因系2012年春节放假较早，公司将2012年春季货物在2011年12月份提前发出，发货后订货保证金冲抵应收账款，造成其他应付款余额大幅降低", "spo_list": [{"predicate": "其他应付款", "object_type": "金额", "subject_type": "日期", "object": "4,556.29万元", "subject": "2011年末", "subject_index": {"begin": 3, "end": 9}, "object_index": {"begin": 23, "end": 33}}]}
{"text": "2013年上半年，本公司投资活动产生的现金流量净额为-3,844.70万元，主要原因为：购买台商投资区土地支付土地款245.00万元，支付内坑土地保证金214.00万元，预约购买翔安商务大厦第1、2、3层房产支出预付款595.00万元。", "spo_list": [{"predicate": "公司投资活动产生的现金流量净额", "object_type": "金额", "subject_type": "日期", "object": "-3,844.70万元", "subject": "2013年上半年", "subject_index": {"begin": 0, "end": 8}, "object_index": {"begin": 26, "end": 37}}, {"predicate": "应付账款", "object_type": "金额", "subject_type": "日期", "object": "245.00万元", "subject": "2013年上半年", "subject_index": {"begin": 0, "end": 8}, "object_index": {"begin": 58, "end": 66}}, {"predicate": "其他应付款", "object_type": "金额", "subject_type": "日期", "object": "214.00万元", "subject": "2013年上半年", "subject_index": {"begin": 0, "end": 8}, "object_index": {"begin": 76, "end": 84}}, {"predicate": "预付款项", "object_type": "金额", "subject_type": "日期", "object": "595.00万元", "subject": "2013年上半年", "subject_index": {"begin": 0, "end": 8}, "object_index": {"begin": 109, "end": 117}}]}
{"text": "2012年度，本公司筹资活动产生的现金流量净额为-7,338.24万元，主要系年度新增加的银行借款12,287万元及分配税后股利15,750万元。", "spo_list": [{"predicate": "公司筹资活动产生的现金流量净额", "object_type": "金额", "subject_type": "日期", "object": "-7,338.24万元", "subject": "2012年度", "subject_index": {"begin": 0, "end": 6}, "object_index": {"begin": 24, "end": 35}}, {"predicate": "短期借款", "object_type": "金额", "subject_type": "日期", "object": "12,287万元", "subject": "2012年度", "subject_index": {"begin": 0, "end": 6}, "object_index": {"begin": 49, "end": 57}}]}
{"text": "本公司截至2013年6月30日预收款项期末余额为1,487,772.86元。报告期预收款项中无预收持有本公司5%（含5%）以上表决权股份的股东单位或关联方的款项", "spo_list": [{"predicate": "预收款项余额", "object_type": "金额", "subject_type": "日期", "object": "1,487,772.86元", "subject": "2013年6月30日", "subject_index": {"begin": 5, "end": 15}, "object_index": {"begin": 24, "end": 37}}]}
{"text": "2010年度、2011年度、2012年度盈余公积增加，均系按照母公司净利润的10%计提储备基金所致。2011年度盈余公积减少30,737,635.33元，系公司整体改制为股份有限公司以净资产折股所致。", "spo_list": [{"predicate": "盈余公积", "object_type": "金额", "subject_type": "日期", "object": "30,737,635.33元", "subject": "2011年度", "subject_index": {"begin": 50, "end": 56}, "object_index": {"begin": 62, "end": 76}}]}
{"text": "本公司截至2013年6月30日的应收票据较2010年末增加12,025.00万元，2010年12月31日至2013年6月30日期间年复合增长率约为99.80%，主要原因系更多经销商使用银行承兑汇票代替转账付款所致。截至报告期末，本公司无已质押的应收票据，亦无因出票人无力履约而将票据转为应收账款的票据", "spo_list": [{"predicate": "应收票据", "object_type": "金额", "subject_type": "日期", "object": "12,025.00万元", "subject": "2013年6月30日", "subject_index": {"begin": 5, "end": 15}, "object_index": {"begin": 29, "end": 40}}]}
{"text": "本公司截至2012年12月31日待摊装修费21.77万元、截至2011年12月31日待摊装修费65.32万元主要系公司2011年装修位于青阳的直营店；本公司截至2011年12月31日待抵扣进项税为613.09万元，主要原因系公司已经取得进项税发票，但尚未申请认证", "spo_list": []}
{"text": "2013年1-6月资产减值损失较上年同期增长1,517.67万元", "spo_list": []}
{"text": "2011年度，本公司投资活动产生的现金流量净额为-31,109.91万元主要原因为：支付贵人鸟福建（已更名为“泉州市友华管理咨询有限公司”）房产和土地购买款8,570.00万元、购买翔安商务大厦第4、18、19层房产及地下车位支出5,279.84万元、预付土地款3,881.43万元、支付福建惠一建设工程有限公司工程款2,384.34万元等。", "spo_list": [{"predicate": "公司投资活动产生的现金流量净额", "object_type": "金额", "subject_type": "日期", "object": "-31,109.91万元", "subject": "2011年度", "subject_index": {"begin": 0, "end": 6}, "object_index": {"begin": 24, "end": 36}}]}
