{"text": "2014年末，公司存货余额比2013年末增加15,013.71万元，增幅为40.07%，其中：原材料增加10,922.46万元，增幅为55.34%，库存商品增加4,397.05万元，增幅为29.71%。公司存货增加主要原因有：", "spo_list": [{"predicate": "存货余额", "object_type": "金额", "subject_type": "日期", "object": "15,013.71万元", "subject": "2014年末", "subject_index": {"begin": 0, "end": 6}, "object_index": {"begin": 22, "end": 33}}]}
{"text": "2016年6月末，公司应收账款余额比2015年末增加4,522.42万元，增幅为19.60%，具体分项目的增长情况如下：", "spo_list": [{"predicate": "其他应收款余额", "object_type": "金额", "subject_type": "日期", "object": "4,522.42万元", "subject": "2016年6月末", "subject_index": {"begin": 0, "end": 8}, "object_index": {"begin": 26, "end": 36}}]}
{"text": "2013-2015年和2016年1-6月，公司通过购买理财产品实现投资收益143.28万元、237.05万元、138.60万元和62.94万元。", "spo_list": [{"predicate": "投资收益", "object_type": "金额", "subject_type": "日期", "object": "143.28万元", "subject": "2013-2015年和2016年1-6月", "subject_index": {"begin": 0, "end": 20}, "object_index": {"begin": 37, "end": 45}}, {"predicate": "投资收益", "object_type": "金额", "subject_type": "日期", "object": "237.05万元", "subject": "2013-2015年和2016年1-6月", "subject_index": {"begin": 0, "end": 20}, "object_index": {"begin": 46, "end": 54}}, {"predicate": "投资收益", "object_type": "金额", "subject_type": "日期", "object": "138.60万元", "subject": "2013-2015年和2016年1-6月", "subject_index": {"begin": 0, "end": 20}, "object_index": {"begin": 55, "end": 63}}, {"predicate": "投资收益", "object_type": "金额", "subject_type": "日期", "object": "62.94万元", "subject": "2013-2015年和2016年1-6月", "subject_index": {"begin": 0, "end": 20}, "object_index": {"begin": 64, "end": 71}}]}
{"text": "报告期各期末，公司其他应付款余额分别为4,711.53万元、8,331.81万元、10,582.40万元和13,105.27万元。", "spo_list": [{"predicate": "其他应付款余额", "object_type": "金额", "subject_type": "日期", "object": "4,711.53万元", "subject": "报告期各期末", "subject_index": {"begin": 0, "end": 6}, "object_index": {"begin": 19, "end": 29}}, {"predicate": "其他应付款余额", "object_type": "金额", "subject_type": "日期", "object": "8,331.81万元", "subject": "报告期各期末", "subject_index": {"begin": 0, "end": 6}, "object_index": {"begin": 30, "end": 40}}, {"predicate": "其他应付款余额", "object_type": "金额", "subject_type": "日期", "object": "10,582.40万元", "subject": "报告期各期末", "subject_index": {"begin": 0, "end": 6}, "object_index": {"begin": 41, "end": 52}}, {"predicate": "其他应付款余额", "object_type": "金额", "subject_type": "日期", "object": "13,105.27万元", "subject": "报告期各期末", "subject_index": {"begin": 0, "end": 6}, "object_index": {"begin": 53, "end": 64}}]}
{"text": "公司自制床垫于2013年在江东生产基地投入试产并投放市场，当年未规模化量产，仅实现销售1,075标准套，收入367.47万元。2014年以来，公司床垫产品实现了规模化生产并借助公司的营销网络迅速打开了市场空间，2014年、2015年及2016年1-6月销量分别为20,330标准套、48,966标准套及33,809标准套，实现销售额分别为4,841.38万元、13,133.27万元及9,097.42万元。2013年床垫产品平均价格较高主要是由于当期系试生产，产品品类较少，随着2014年床垫产品品类不断丰富，中低端产品占比提升，价格趋于稳定。", "spo_list": [{"predicate": "其他收益", "object_type": "金额", "subject_type": "日期", "object": "4,841.38万元", "subject": "2014年", "subject_index": {"begin": 105, "end": 110}, "object_index": {"begin": 169, "end": 179}}, {"predicate": "其他收益", "object_type": "金额", "subject_type": "日期", "object": "13,133.27万元", "subject": "2015年", "subject_index": {"begin": 111, "end": 116}, "object_index": {"begin": 180, "end": 191}}, {"predicate": "其他收益", "object_type": "金额", "subject_type": "日期", "object": "9,097.42万元", "subject": "2016年1-6月", "subject_index": {"begin": 117, "end": 126}, "object_index": {"begin": 192, "end": 202}}]}
{"text": "2014年末，公司以公允价值计量且其变动计入当期损益的金融资产为1,646.29万元，比2013年末减少4,390.39万元，减", "spo_list": [{"predicate": "公允价值变动损益", "object_type": "金额", "subject_type": "日期", "object": "1,646.29万元", "subject": "2014年末", "subject_index": {"begin": 0, "end": 6}, "object_index": {"begin": 32, "end": 42}}]}
{"text": "。2014年末，公司应交所得税余额比2013年末增加1,532.40万元，主要是2014年销售业绩大幅增长。", "spo_list": [{"predicate": "应交税费余额", "object_type": "金额", "subject_type": "日期", "object": "1,532.40万元", "subject": "2014年末", "subject_index": {"begin": 1, "end": 7}, "object_index": {"begin": 26, "end": 36}}]}
{"text": "。2013年，公司公允价值变动收益为4,633.59万元，主要是2013年全年人民币对美元汇率中间价上升3.09%，中间价累计41次创下汇改以来的新高。2014年以来，美元对人民币持续升值，因此美元远期售汇合约的公允价值变动形成损失", "spo_list": [{"predicate": "公允价值变动损益", "object_type": "金额", "subject_type": "日期", "object": "4,633.59万元", "subject": "2013年", "subject_index": {"begin": 1, "end": 6}, "object_index": {"begin": 18, "end": 28}}]}
{"text": "2、2014年末，公司应收账款比2013年末增加7,450.71万元。", "spo_list": [{"predicate": "应收帐款净额", "object_type": "金额", "subject_type": "日期", "object": "7,450.71万元", "subject": "2014年末", "subject_index": {"begin": 2, "end": 8}, "object_index": {"begin": 24, "end": 34}}]}
{"text": "。2013年末、2014年和2015年末，公司借款余额（长期和短期合计）分别5,487.21万元、35,830.63万元和40,246.80万元。2016年1-6月，公司筹资活动资金净流出为8,411.48万元，主要为2016年3月实施分红13,700.00万元所致。", "spo_list": [{"predicate": "公司筹资活动产生的现金流量净额", "object_type": "金额", "subject_type": "日期", "object": "8,411.48万元", "subject": "2016年1-6月", "subject_index": {"begin": 73, "end": 82}, "object_index": {"begin": 95, "end": 105}}, {"predicate": "长期借款余额", "object_type": "金额", "subject_type": "日期", "object": "5,487.21万元", "subject": "2013年末", "subject_index": {"begin": 1, "end": 7}, "object_index": {"begin": 38, "end": 48}}, {"predicate": "长期借款余额", "object_type": "金额", "subject_type": "日期", "object": "35,830.63万元", "subject": "2014年", "subject_index": {"begin": 8, "end": 13}, "object_index": {"begin": 49, "end": 60}}, {"predicate": "长期借款余额", "object_type": "金额", "subject_type": "日期", "object": "40,246.80万元", "subject": "2015年末", "subject_index": {"begin": 14, "end": 20}, "object_index": {"begin": 61, "end": 72}}]}
{"text": "截至2016年6月末该生产基地在建工程余额9,118.74万元，比2015年末有所减少，主要是当期厂房宿舍结转固定资产所致。2016年初，东站总部大楼装修陆续完成，公司办公场地由下沙经济开发区搬至杭州东站，相应装修费用结转至长期待摊费用。", "spo_list": [{"predicate": "在建工程余额", "object_type": "金额", "subject_type": "日期", "object": "9,118.74万元", "subject": "2016年6月", "subject_index": {"begin": 2, "end": 9}, "object_index": {"begin": 21, "end": 31}}]}
{"text": "2016年6月末，公司长期待摊费用为5,576.48万元，与往年相比大幅增加，主要是新办公场地的装修费。2016年初公司办公场地由下沙经济开发区搬迁至杭州高铁东站枢纽东广场B座，该场地系向杭州市城东新城建设投资有限公司租赁，租赁期限至2030年3月31日止，公司根据本次装修的预计使用年限在10年内摊销。", "spo_list": [{"predicate": "长期待摊费用的余额", "object_type": "金额", "subject_type": "日期", "object": "5,576.48万元", "subject": "2016年6月末", "subject_index": {"begin": 0, "end": 8}, "object_index": {"begin": 18, "end": 28}}]}
{"text": "2016年6月末，公司其他应付款比2015年末增加2,522.87万元，增幅为23.84%，主要是公司本期电商平台暂收款增加所致。", "spo_list": [{"predicate": "其他应付款", "object_type": "金额", "subject_type": "日期", "object": "2,522.87万元", "subject": "2016年6月末", "subject_index": {"begin": 0, "end": 8}, "object_index": {"begin": 25, "end": 35}}]}
{"text": "2014年，公司处置长期股权投资产生的投资收益主要系将其所持喜鹊筑家75%股权转让给顾家集团，实现投资收益1,604.59万元。", "spo_list": [{"predicate": "投资收益", "object_type": "金额", "subject_type": "日期", "object": "1,604.59万元", "subject": "2014年", "subject_index": {"begin": 0, "end": 5}, "object_index": {"begin": 53, "end": 63}}]}
{"text": "1、2014年末，公司存货余额比2013年末增加15,013.71万元。", "spo_list": [{"predicate": "存货余额", "object_type": "金额", "subject_type": "日期", "object": "15,013.71万元", "subject": "2014年末", "subject_index": {"begin": 2, "end": 8}, "object_index": {"begin": 24, "end": 35}}]}
{"text": "2013-2015年及2016年1-6月，公司投资活动现金流量净额均为净流出，分别为26,872.95万元、28,548.22、25,027.75万元和13,833.22万元。", "spo_list": [{"predicate": "公司投资活动产生的现金流量净额", "object_type": "金额", "subject_type": "日期", "object": "26,872.95万元", "subject": "2013-2015年及2016年1-6月", "subject_index": {"begin": 0, "end": 20}, "object_index": {"begin": 42, "end": 53}}, {"predicate": "公司投资活动产生的现金流量净额", "object_type": "金额", "subject_type": "日期", "object": "28,548.22", "subject": "2013-2015年及2016年1-6月", "subject_index": {"begin": 0, "end": 20}, "object_index": {"begin": 54, "end": 63}}, {"predicate": "公司投资活动产生的现金流量净额", "object_type": "金额", "subject_type": "日期", "object": "25,027.75万元", "subject": "2013-2015年及2016年1-6月", "subject_index": {"begin": 0, "end": 20}, "object_index": {"begin": 64, "end": 75}}, {"predicate": "公司投资活动产生的现金流量净额", "object_type": "金额", "subject_type": "日期", "object": "13,833.22万元", "subject": "2013-2015年及2016年1-6月", "subject_index": {"begin": 0, "end": 20}, "object_index": {"begin": 76, "end": 87}}]}
