{"text": "报告期各期末，公司应收关联方账款的余额为437.00万元、81.01万元和0.00万元，占同期期末应收账款余额的比例分别为2.54%、0.34%和0.00%。具体情况参见本招股说明书“第七章同业竞争与关联交易”之“三、关联方及关联交易”之“（二）报告期内关联交易情况”。", "spo_list": [{"predicate": "其他应收款余额", "object_type": "金额", "subject_type": "日期", "object": "437.00万元", "subject": "报告期各期末", "subject_index": {"begin": 0, "end": 6}, "object_index": {"begin": 20, "end": 28}}, {"predicate": "其他应收款余额", "object_type": "金额", "subject_type": "日期", "object": "81.01万元", "subject": "报告期各期末", "subject_index": {"begin": 0, "end": 6}, "object_index": {"begin": 29, "end": 36}}, {"predicate": "其他应收款余额", "object_type": "金额", "subject_type": "日期", "object": "0.00万元", "subject": "报告期各期末", "subject_index": {"begin": 0, "end": 6}, "object_index": {"begin": 37, "end": 43}}]}
{"text": "2020年1-6月，公司投资活动产生的现金流量净额较2019年1-6月同比增加6,427.77万元，主要原因是当期购建固定资产、无形资产和其他长期投资支付的现金同比下降16,560.42万元，同时增加结构性存款10,000万元。", "spo_list": [{"predicate": "公司投资活动产生的现金流量净额", "object_type": "金额", "subject_type": "日期", "object": "6,427.77万元", "subject": "2020年1-6月", "subject_index": {"begin": 0, "end": 9}, "object_index": {"begin": 39, "end": 49}}]}
{"text": "2020年1-6月，公司筹资活动产生的现金流量净额较2019年1-6月减少6,562.63万元，主要原因是同期新增银行借款减少。", "spo_list": [{"predicate": "公司筹资活动产生的现金流量净额", "object_type": "金额", "subject_type": "日期", "object": "6,562.63万元", "subject": "2020年1-6月", "subject_index": {"begin": 0, "end": 9}, "object_index": {"begin": 37, "end": 47}}]}
{"text": "2017年末，公司对关联方其他应付款余额为8.50万元。2018年末和2019年末，公司未有对关联方的其他应付款余额。具体情况参见本招股说明书“第七章同业竞争与关联交易”之“三、关联方及关联交易”之“（二）报告期内关联交易情况”。", "spo_list": [{"predicate": "应付账款余额", "object_type": "金额", "subject_type": "日期", "object": "8.50万元", "subject": "2017年末", "subject_index": {"begin": 0, "end": 6}, "object_index": {"begin": 21, "end": 27}}]}
{"text": "2017至2019年，公司购建固定资产、无形资产和其他长期资产支付的现金分别为3,933.22万元、19,154.77万元和26,081.36万元，主要用于支付土地出让金、建设厂房、购买生产设备等方面。", "spo_list": [{"predicate": "无形资产", "object_type": "金额", "subject_type": "日期", "object": "19,154.77万元", "subject": "2017至2019年", "subject_index": {"begin": 0, "end": 10}, "object_index": {"begin": 50, "end": 61}}]}
{"text": "2017-2019年，公司实际核销坏账金额分别为1.40万元、3.92万元和63.49万元，占各期期末应收账款余额均不足1%，实际发生坏账无法收回的情况极少，且远低于各期计提的坏账准备。", "spo_list": [{"predicate": "坏账准备", "object_type": "金额", "subject_type": "日期", "object": "1.40万元", "subject": "2017-2019年", "subject_index": {"begin": 0, "end": 10}, "object_index": {"begin": 24, "end": 30}}, {"predicate": "坏账准备", "object_type": "金额", "subject_type": "日期", "object": "3.92万元", "subject": "2017-2019年", "subject_index": {"begin": 0, "end": 10}, "object_index": {"begin": 31, "end": 37}}, {"predicate": "坏账准备", "object_type": "金额", "subject_type": "日期", "object": "63.49万元", "subject": "2017-2019年", "subject_index": {"begin": 0, "end": 10}, "object_index": {"begin": 38, "end": 45}}]}
{"text": "2020年1-6月公司实现营业收入80,357.11万元（经审阅，下同），较上年同期增长9.32%，2020年6月末应收账款账面价值25,595.93万元，较上年同期增长1.49%。应收账款增长幅度低于收入，公司客户回款情况良好，新冠疫情未对公司海外市场及客户经营情况产生重大不利影响。", "spo_list": [{"predicate": "营业外收入", "object_type": "金额", "subject_type": "日期", "object": "80,357.11万元", "subject": "2020年1-6月", "subject_index": {"begin": 0, "end": 9}, "object_index": {"begin": 17, "end": 28}}, {"predicate": "应收帐款账面价值", "object_type": "金额", "subject_type": "日期", "object": "25,595.93万元", "subject": "2020年6月", "subject_index": {"begin": 50, "end": 57}, "object_index": {"begin": 66, "end": 77}}]}
{"text": "2017至2019年，公司投资活动产生的流量净额为分别为-5,475.21万元、-20,457.54万元和-25,865.01万元。公司投资活动产生的现金流入主要为理财产品赎回、资金拆借款收回等其他投资活动获得的现金。公司投资活动产生的现金流出主要为购建固定资产、无形资产和其他长期资产支付的现金。", "spo_list": [{"predicate": "公司投资活动产生的现金流量净额", "object_type": "金额", "subject_type": "日期", "object": "-25,865.01万元", "subject": "2017至2019年", "subject_index": {"begin": 0, "end": 10}, "object_index": {"begin": 53, "end": 65}}, {"predicate": "公司投资活动产生的现金流量净额", "object_type": "金额", "subject_type": "日期", "object": "-20,457.54万元", "subject": "2017至2019年", "subject_index": {"begin": 0, "end": 10}, "object_index": {"begin": 40, "end": 52}}, {"predicate": "公司投资活动产生的现金流量净额", "object_type": "金额", "subject_type": "日期", "object": "-5,475.21万元、", "subject": "2017至2019年", "subject_index": {"begin": 0, "end": 10}, "object_index": {"begin": 28, "end": 40}}]}
