{"text": "2013年度GudrunBode向德国Bode提供暂借款50,000.00欧元，2014年度无增减变动，2015年度提供暂借款100,000.00欧元，2015年度累计偿还暂借款11,363.17欧元，2016年累计偿还20,070.50欧元（2016年8月8日，双方签署协议，自2016年8月起按3%的年利率收取利息，每月等额还款本息1,250欧元），截至2016年12月31日止，德国bode欠付GudrunBode暂借款118,566.33欧元。2014、2015和2016年度承担的利息支出金额分别为2,500欧元、4,656.84美元和4,609.50美元。", "spo_list": [{"predicate": "短期借款", "object_type": "金额", "subject_type": "日期", "object": "50,000.00欧元", "subject": "2013年度", "subject_index": {"begin": 0, "end": 6}, "object_index": {"begin": 28, "end": 39}}, {"predicate": "短期借款", "object_type": "金额", "subject_type": "日期", "object": "100,000.00欧元", "subject": "2015年度", "subject_index": {"begin": 52, "end": 58}, "object_index": {"begin": 63, "end": 75}}, {"predicate": "短期借款", "object_type": "金额", "subject_type": "日期", "object": "118,566.33欧元", "subject": "截至2016年12月31日止", "subject_index": {"begin": 177, "end": 191}, "object_index": {"begin": 213, "end": 225}}, {"predicate": "短期借款", "object_type": "金额", "subject_type": "日期", "object": "11,363.17欧元", "subject": "2015年度", "subject_index": {"begin": 76, "end": 82}, "object_index": {"begin": 89, "end": 100}}, {"predicate": "短期借款", "object_type": "金额", "subject_type": "日期", "object": "20,070.50欧元", "subject": "2016年", "subject_index": {"begin": 101, "end": 106}, "object_index": {"begin": 110, "end": 121}}]}
{"text": "德国Bode短期借款系由其股东GudrunBode提供25,000.00欧元及其所有的期货资金账户账号2011002303高达100,000.00欧元抵押进行担保，UweSchwenke提供110,000.00欧元及其所有的位于格林德地区旧教会路1号（邮编21509）的三个项目总价值为235,194.27欧元的优等地产抵押进行担保，RainerSchwenke提供110,000.00欧元进行担保，DorisSchwenke提供110,000.00欧元保单进行担保，德国Bode在上述担保下，可在27万欧元的范围内借款。2013年12月31日借款余额为211,970.64欧元，2014年12月31日借款余额为107,729.61欧元，2015年12月31日借款余额为151,075.74欧元。2016年12月31日借款余额为170,520.99欧元。", "spo_list": [{"predicate": "短期借款", "object_type": "金额", "subject_type": "日期", "object": "211,970.64欧元", "subject": "2013年12月31日", "subject_index": {"begin": 261, "end": 272}, "object_index": {"begin": 277, "end": 289}}, {"predicate": "短期借款", "object_type": "金额", "subject_type": "日期", "object": "107,729.61欧元", "subject": "2014年12月31日", "subject_index": {"begin": 290, "end": 301}, "object_index": {"begin": 306, "end": 318}}, {"predicate": "短期借款", "object_type": "金额", "subject_type": "日期", "object": "151,075.74欧元", "subject": "2015年12月31日", "subject_index": {"begin": 319, "end": 330}, "object_index": {"begin": 335, "end": 347}}, {"predicate": "短期借款", "object_type": "金额", "subject_type": "日期", "object": "170,520.99欧元", "subject": "2016年12月31日", "subject_index": {"begin": 348, "end": 359}, "object_index": {"begin": 364, "end": 376}}]}
{"text": "杨小军先生、董事，中国国籍，无境外永久居留权，1974年11月出生，大专学历。1995年毕业于武汉工程大学化学工程系；1995年9月至2001年6月，任四川省什邡市川西磷化工厂工艺工程师；2001年6月至2002年10月，任职深圳实用金属制品有限公司电镀工程师；2003年3月至2012年10月，先后任职艾艾有限研发品保部经理、输送带生产部经理；2012年10月至2014年11月，任职艾艾精工监事；2012年10月至今，任职艾艾精工生产部经理；2015年1月30日至今，任职艾艾精工董事。", "spo_list": [{"predicate": "大专", "object_type": "学历", "subject_type": "人物", "object": "大专", "subject": "杨小军", "subject_index": {"begin": 0, "end": 3}, "object_index": {"begin": 34, "end": 36}}]}
{"text": "2014年度、2015年度和2016年度，公司非经常性损益对利润总额的影响金额分别为385.61万元、393.27万元和306.78万元，非经常性损益净额占净利润的比重分别为12.75%、11.15%和8.12%。", "spo_list": [{"predicate": "非经常性损益", "object_type": "金额", "subject_type": "日期", "object": "385.61万元", "subject": "2014年度", "subject_index": {"begin": 0, "end": 6}, "object_index": {"begin": 42, "end": 50}}, {"predicate": "非经常性损益", "object_type": "金额", "subject_type": "日期", "object": "393.27万元", "subject": "2015年度", "subject_index": {"begin": 7, "end": 13}, "object_index": {"begin": 51, "end": 59}}, {"predicate": "非经常性损益", "object_type": "金额", "subject_type": "日期", "object": "306.78万元", "subject": "2016年度", "subject_index": {"begin": 14, "end": 20}, "object_index": {"begin": 60, "end": 68}}]}
{"text": "截至2016年12月31日，公司短期借款余额297.10万元，其中124.60万元为保证借款，172.50万元为质押贷款。", "spo_list": [{"predicate": "短期借款", "object_type": "金额", "subject_type": "日期", "object": "297.10万元", "subject": "截至2016年12月31日", "subject_index": {"begin": 0, "end": 13}, "object_index": {"begin": 22, "end": 30}}]}
{"text": "2016年8月8日GudrunBode与德国bode子公司签订借款协议，将其2013年暂借款给德国bode子公司的5万欧元，自2016年8月起按3%的年利率收取利息，每月等额还款1,250欧元，2016年偿还4,516.91欧元，截至2016年12月31日止，德国bode欠付GudrunBode借款45,483.09欧元，其中13,824.56欧元重分类计入一年内到期的非流动负债，长期借款结余31,658.53欧元。", "spo_list": [{"predicate": "短期借款", "object_type": "金额", "subject_type": "日期", "object": "5万欧元", "subject": "2013年", "subject_index": {"begin": 38, "end": 43}, "object_index": {"begin": 57, "end": 61}}, {"predicate": "短期借款", "object_type": "金额", "subject_type": "日期", "object": "45,483.09欧元", "subject": "截至2016年12月31日止", "subject_index": {"begin": 115, "end": 129}, "object_index": {"begin": 150, "end": 161}}, {"predicate": "非流动负债", "object_type": "金额", "subject_type": "日期", "object": "13,824.56欧元", "subject": "截至2016年12月31日止", "subject_index": {"begin": 115, "end": 129}, "object_index": {"begin": 164, "end": 175}}, {"predicate": "长期借款", "object_type": "金额", "subject_type": "日期", "object": "31,658.53欧元", "subject": "截至2016年12月31日止", "subject_index": {"begin": 115, "end": 129}, "object_index": {"begin": 198, "end": 209}}]}
{"text": "报告期内，公司的总资产从2014年末的19,103.91万元增加到2016年末的24,883.99万元，增幅为30.26%，总资产规模有所增长。在资产的构成方面，报告期末，发行人流动资产比期初增加5,788.98万元，增幅为65.14%，增幅较大；非流动资产比期初减少8.90万元，降幅为0.09%，变动较小。总体而言，报告期内发行人的资产规模略有增加，其中主要为流动资产的增长。", "spo_list": [{"predicate": "流动资产", "object_type": "金额", "subject_type": "日期", "object": "5,788.98万元", "subject": "2016年末", "subject_index": {"begin": 33, "end": 39}, "object_index": {"begin": 98, "end": 108}}, {"predicate": "非流动资产", "object_type": "金额", "subject_type": "日期", "object": "8.90万元", "subject": "2016年末", "subject_index": {"begin": 33, "end": 39}, "object_index": {"begin": 134, "end": 140}}]}
{"text": "公司2015年末资产总额为22,197.91万元，较2014年末增加3,094.00万元，其中流动资产增加2,979.06万元，主要由于货币资金增加2,502.69万元、存货增加294.94万元；非流动资产增加114.94万元，变化较小。", "spo_list": [{"predicate": "流动资产", "object_type": "金额", "subject_type": "日期", "object": "2,979.06万元", "subject": "2015年末", "subject_index": {"begin": 2, "end": 8}, "object_index": {"begin": 53, "end": 63}}, {"predicate": "货币资金", "object_type": "金额", "subject_type": "日期", "object": "2,502.69万元", "subject": "2015年末", "subject_index": {"begin": 2, "end": 8}, "object_index": {"begin": 74, "end": 84}}, {"predicate": "存货", "object_type": "金额", "subject_type": "日期", "object": "294.94万元", "subject": "2015年末", "subject_index": {"begin": 2, "end": 8}, "object_index": {"begin": 89, "end": 97}}, {"predicate": "非流动资产", "object_type": "金额", "subject_type": "日期", "object": "114.94万元", "subject": "2015年末", "subject_index": {"begin": 2, "end": 8}, "object_index": {"begin": 105, "end": 113}}]}
{"text": "2014年度、2015年度和2016年度，公司应收账款周转率分别为4.79次、4.54次和4.29次，周转率基本保持稳定，基本符合公司给予客户的3个月左右的信用期。", "spo_list": [{"predicate": "应收账款周转率", "object_type": "日期", "subject_type": "比率", "object": "2014年度", "subject": "4.79次", "subject_index": {"begin": 33, "end": 38}, "object_index": {"begin": 0, "end": 6}}, {"predicate": "应收账款周转率", "object_type": "日期", "subject_type": "比率", "object": "2015年度", "subject": "4.54次", "subject_index": {"begin": 39, "end": 44}, "object_index": {"begin": 7, "end": 13}}, {"predicate": "应收账款周转率", "object_type": "日期", "subject_type": "比率", "object": "2016年度", "subject": "4.29次", "subject_index": {"begin": 45, "end": 50}, "object_index": {"begin": 14, "end": 20}}]}
{"text": "2014年末至2016年末，发行人的其他应收款金额分别为456.48万元、564.30万元和557.90万元，主要为应收上市服务费、应收出口退税等。", "spo_list": [{"predicate": "其他应收款净额", "object_type": "金额", "subject_type": "日期", "object": "456.48万元", "subject": "2014年末至2016年末", "subject_index": {"begin": 0, "end": 13}, "object_index": {"begin": 28, "end": 36}}, {"predicate": "其他应收款净额", "object_type": "金额", "subject_type": "日期", "object": "564.30万元", "subject": "2014年末至2016年末", "subject_index": {"begin": 0, "end": 13}, "object_index": {"begin": 37, "end": 45}}, {"predicate": "其他应收款净额", "object_type": "金额", "subject_type": "日期", "object": "557.90万元", "subject": "2014年末至2016年末", "subject_index": {"begin": 0, "end": 13}, "object_index": {"begin": 46, "end": 54}}]}
{"text": "本公司2014年末、2015年末和2016年末递延所得税资产余额分别为201.35万元、183.16万元和149.86万元，占公司总资产的比重分别为1.05%、0.83%和0.60%。", "spo_list": [{"predicate": "递延所得税资产", "object_type": "金额", "subject_type": "日期", "object": "201.35万元", "subject": "2014年末", "subject_index": {"begin": 3, "end": 9}, "object_index": {"begin": 35, "end": 43}}, {"predicate": "递延所得税资产", "object_type": "金额", "subject_type": "日期", "object": "183.16万元", "subject": "2015年末", "subject_index": {"begin": 10, "end": 16}, "object_index": {"begin": 44, "end": 52}}, {"predicate": "递延所得税资产", "object_type": "金额", "subject_type": "日期", "object": "149.86万元", "subject": "2016年末", "subject_index": {"begin": 17, "end": 23}, "object_index": {"begin": 53, "end": 61}}]}
{"text": "保证借款系子公司德国Bode所借款项，德国Bode短期借款系由其股东GudrunBode提供25,000.00欧元及其所有的期货资金账户2011002303账号高达100,000.00欧元抵押、UweSchwenke提供110,000.00欧元及其所有的位于格林德地区旧教会路1号（邮编21509）的三个项目总价值为235,194.27欧元的优等地产抵押、RainerSchwenke提供110,000.00欧元、DorisSchwenke提供110,000.00欧元保单进行担保，在上述担保下，德国Bode获得了27万欧元的借款额度。2014年12月31日借款余额为10.77万欧元，借款利率为7.5%，2015年末，借款余额为15.11万欧元，借款利率为9.0%。2016年12月31日借款余额为17.05万欧元，借款利率为9.0%。", "spo_list": [{"predicate": "短期借款", "object_type": "金额", "subject_type": "日期", "object": "10.77万欧元", "subject": "2014年12月31日", "subject_index": {"begin": 268, "end": 279}, "object_index": {"begin": 284, "end": 292}}, {"predicate": "短期借款", "object_type": "金额", "subject_type": "日期", "object": "15.11万欧元", "subject": "2015年末", "subject_index": {"begin": 303, "end": 309}, "object_index": {"begin": 315, "end": 323}}, {"predicate": "短期借款", "object_type": "金额", "subject_type": "日期", "object": "17.05万欧元", "subject": "2016年12月31日", "subject_index": {"begin": 334, "end": 345}, "object_index": {"begin": 350, "end": 358}}]}
{"text": "2014年末、2015年末和2016年末，本公司的应交税费余额分别为495.06万元、475.25万元和476.37万元，占负债总额的比例分别为13.79%、12.93%和15.24%，其中应交企业所得税和增值税是期末应交税费余额的主要组成部分。", "spo_list": [{"predicate": "应交税费", "object_type": "金额", "subject_type": "日期", "object": "495.06万元", "subject": "2014年末", "subject_index": {"begin": 0, "end": 6}, "object_index": {"begin": 34, "end": 42}}, {"predicate": "应交税费", "object_type": "金额", "subject_type": "日期", "object": "475.25万元", "subject": "2015年末", "subject_index": {"begin": 7, "end": 13}, "object_index": {"begin": 43, "end": 51}}, {"predicate": "应交税费", "object_type": "金额", "subject_type": "日期", "object": "476.37万元", "subject": "2016年末", "subject_index": {"begin": 14, "end": 20}, "object_index": {"begin": 52, "end": 60}}]}
{"text": "截止2016年12月31日，信用借款系子公司德国Bode欠付蔡瑞美暂借款74万美元。2014年3月19日蔡瑞美与德国Bode子公司签订借款协议，将其2011、2012年暂借款给德国子公司的74万美元，自2014年起按3%的年利率收取利息，该借款自2018年开始归还，具体还款方式于2017年双方进行商定。", "spo_list": [{"predicate": "短期借款", "object_type": "金额", "subject_type": "日期", "object": "74万美元", "subject": "截止2016年12月31日", "subject_index": {"begin": 0, "end": 13}, "object_index": {"begin": 36, "end": 41}}, {"predicate": "短期借款", "object_type": "金额", "subject_type": "日期", "object": "74万美元", "subject": "2011、2012年", "subject_index": {"begin": 74, "end": 84}, "object_index": {"begin": 94, "end": 99}}]}
{"text": "2016年8月8日GudrunBode与德国bode子公司签订借款协议，将其2013年暂借款给德国bode子公司的5万欧元，自2016年8月起按3%的年利率收取利息，每月等额还款1,250欧元，2016年偿还4,516.91欧元，截至2016年12月31日止，德国bode欠付GudrunBode借款45,483.09欧元，其中13,824.56欧元重分类计入一年内到期的非流动负债，长期借款结余31,658.53欧元。", "spo_list": [{"predicate": "短期借款", "object_type": "金额", "subject_type": "日期", "object": "5万欧元", "subject": "2013年", "subject_index": {"begin": 38, "end": 43}, "object_index": {"begin": 57, "end": 61}}, {"predicate": "长期借款", "object_type": "金额", "subject_type": "日期", "object": "45,483.09欧元", "subject": "2016年12月31日止", "subject_index": {"begin": 117, "end": 129}, "object_index": {"begin": 150, "end": 161}}, {"predicate": "非流动负债", "object_type": "金额", "subject_type": "日期", "object": "13,824.56欧元", "subject": "2016年12月31日止", "subject_index": {"begin": 117, "end": 129}, "object_index": {"begin": 164, "end": 175}}, {"predicate": "长期借款", "object_type": "金额", "subject_type": "日期", "object": "31,658.53欧元", "subject": "2016年12月31日止", "subject_index": {"begin": 117, "end": 129}, "object_index": {"begin": 198, "end": 209}}]}
{"text": "2014年至2016年度，发行人营业成本分别为7,740.19万元、7,818.31万元和7,663.68万元；2014年末至2016年末的存货余额分别为3,703.98万元、3,961.64万元和4,158.05万元。公司2014年至2016年度的存货周转率分别为2.08、2.04和1.89，存货周转能力基本保持稳定。", "spo_list": [{"predicate": "总营业成本", "object_type": "金额", "subject_type": "日期", "object": "7,740.19万元", "subject": "2014年至2016年度", "subject_index": {"begin": 0, "end": 12}, "object_index": {"begin": 23, "end": 33}}, {"predicate": "总营业成本", "object_type": "金额", "subject_type": "日期", "object": "7,818.31万元", "subject": "2014年至2016年度", "subject_index": {"begin": 0, "end": 12}, "object_index": {"begin": 34, "end": 44}}, {"predicate": "总营业成本", "object_type": "金额", "subject_type": "日期", "object": "7,663.68万元", "subject": "2014年至2016年度", "subject_index": {"begin": 0, "end": 12}, "object_index": {"begin": 45, "end": 55}}, {"predicate": "存货", "object_type": "金额", "subject_type": "日期", "object": "3,703.98万元", "subject": "2014年末至2016年末", "subject_index": {"begin": 56, "end": 69}, "object_index": {"begin": 77, "end": 87}}, {"predicate": "存货", "object_type": "金额", "subject_type": "日期", "object": "3,961.64万元", "subject": "2014年末至2016年末", "subject_index": {"begin": 56, "end": 69}, "object_index": {"begin": 88, "end": 98}}, {"predicate": "存货", "object_type": "金额", "subject_type": "日期", "object": "4,158.05万元", "subject": "2014年末至2016年末", "subject_index": {"begin": 56, "end": 69}, "object_index": {"begin": 99, "end": 109}}, {"predicate": "存货周转率", "object_type": "日期", "subject_type": "比率", "object": "2014年至2016年度", "subject": "2.08", "subject_index": {"begin": 133, "end": 137}, "object_index": {"begin": 112, "end": 124}}, {"predicate": "存货周转率", "object_type": "日期", "subject_type": "比率", "object": "2014年至2016年度", "subject": "2.04", "subject_index": {"begin": 138, "end": 142}, "object_index": {"begin": 112, "end": 124}}, {"predicate": "存货周转率", "object_type": "日期", "subject_type": "比率", "object": "2014年至2016年度", "subject": "1.89", "subject_index": {"begin": 143, "end": 147}, "object_index": {"begin": 112, "end": 124}}]}
{"text": "2014年、2015年和2016年度，公司资产减值损失分别为186.40万元、19.58万元和130.56万元，主要为计提的应收账款、其他应收款坏账准备和存货跌价准备。2014年，公司资产减值损失增长较多，主要是坏账准备和存货跌价准备金额增加。2015年，公司资产减值损失金额较少。2016年度由于应收账款规模增长，坏账准备增加导致资产减值损失有所增加。", "spo_list": [{"predicate": "资产减值损失", "object_type": "金额", "subject_type": "日期", "object": "186.40万元", "subject": "2014年", "subject_index": {"begin": 0, "end": 5}, "object_index": {"begin": 30, "end": 38}}, {"predicate": "资产减值损失", "object_type": "金额", "subject_type": "日期", "object": "19.58万元", "subject": "2015年", "subject_index": {"begin": 6, "end": 11}, "object_index": {"begin": 39, "end": 46}}, {"predicate": "资产减值损失", "object_type": "金额", "subject_type": "日期", "object": "130.56万元", "subject": "2016年度", "subject_index": {"begin": 12, "end": 18}, "object_index": {"begin": 47, "end": 55}}]}
{"text": "发行人2016年度营业收入比2015年度略有增长，应收账款增加导致资产减值损失增加110.98万元，但同期营业利润增加305.03万元，增幅为9.75%，主要是因为同期营业成本下降导致营业毛利增加382.36万元和期间费用减少109.29万元，期间费用的减少主要是以汇兑损益为主的财务费用减少260.90万元。", "spo_list": [{"predicate": "营业利润", "object_type": "金额", "subject_type": "日期", "object": "305.03万元", "subject": "2016年度", "subject_index": {"begin": 3, "end": 9}, "object_index": {"begin": 59, "end": 67}}, {"predicate": "期间费用", "object_type": "金额", "subject_type": "日期", "object": "109.29万元", "subject": "2016年度", "subject_index": {"begin": 3, "end": 9}, "object_index": {"begin": 113, "end": 121}}, {"predicate": "财务费用", "object_type": "金额", "subject_type": "日期", "object": "260.90万元", "subject": "2016年度", "subject_index": {"begin": 3, "end": 9}, "object_index": {"begin": 146, "end": 154}}]}
{"text": "2014年至2016年度，公司投资活动现金流出金额分别为1,407.26万元、804.53万元和859.45万元。2014年公司资本性支出主要为公司购买机器设备和器具工具等固定资产支出1,407.26万元。2015年，公司资本性支出主要为购买机器设备等固定资产和未到货的设备款。2016年度，公司资本性支出主要为购买机器设备等固定资产支出859.45万元。", "spo_list": [{"predicate": "公司投资活动产生的现金流量净额", "object_type": "金额", "subject_type": "日期", "object": "1,407.26万元", "subject": "2014年至2016年度", "subject_index": {"begin": 0, "end": 12}, "object_index": {"begin": 28, "end": 38}}, {"predicate": "公司投资活动产生的现金流量净额", "object_type": "金额", "subject_type": "日期", "object": "804.53万元", "subject": "2014年至2016年度", "subject_index": {"begin": 0, "end": 12}, "object_index": {"begin": 39, "end": 47}}, {"predicate": "公司投资活动产生的现金流量净额", "object_type": "金额", "subject_type": "日期", "object": "859.45万元", "subject": "2014年至2016年度", "subject_index": {"begin": 0, "end": 12}, "object_index": {"begin": 48, "end": 56}}]}
{"text": "报告期内，公司收入保持稳定增长。由于公司生产规模的扩大和品种系列的不断丰富，存货账面价值与应收账款余额呈逐年增长趋势，2014年末、2015年末和2016年末，公司存货分别为3,623.38万元、3,918.31万元和4,105.36万元，应收账款账面价值分别为2,904.16万元、2,951.31万元和3,311.43万元，存货与应收账款合计占当期流动资产总额的比例分别为73.45%、57.89%和50.54%，存货和应收账款规模在报告期内呈上升趋势，占用了较多的营运资金。", "spo_list": [{"predicate": "存货", "object_type": "金额", "subject_type": "日期", "object": "3,623.38万元", "subject": "2014年末", "subject_index": {"begin": 59, "end": 65}, "object_index": {"begin": 87, "end": 97}}, {"predicate": "存货", "object_type": "金额", "subject_type": "日期", "object": "3,918.31万元", "subject": "2015年末", "subject_index": {"begin": 66, "end": 72}, "object_index": {"begin": 98, "end": 108}}, {"predicate": "存货", "object_type": "金额", "subject_type": "日期", "object": "4,105.36万元", "subject": "2016年末", "subject_index": {"begin": 73, "end": 79}, "object_index": {"begin": 109, "end": 119}}, {"predicate": "应收账款余额", "object_type": "金额", "subject_type": "日期", "object": "2,904.16万元", "subject": "2014年末", "subject_index": {"begin": 59, "end": 65}, "object_index": {"begin": 131, "end": 141}}, {"predicate": "应收账款余额", "object_type": "金额", "subject_type": "日期", "object": "2,951.31万元", "subject": "2015年末", "subject_index": {"begin": 66, "end": 72}, "object_index": {"begin": 142, "end": 152}}, {"predicate": "应收账款余额", "object_type": "金额", "subject_type": "日期", "object": "3,311.43万元", "subject": "2016年末", "subject_index": {"begin": 73, "end": 79}, "object_index": {"begin": 153, "end": 163}}]}
{"text": "2007年1月6日，艾艾有限董事会决议以未分配利润转增资本94.13万美元", "spo_list": [{"predicate": "未分配利润", "object_type": "金额", "subject_type": "日期", "object": "94.13万", "subject": "2007年1月6日", "subject_index": {"begin": 0, "end": 9}, "object_index": {"begin": 29, "end": 35}}]}
{"text": "2013年度WolfgangBode向德国Bode提供暂借款12万欧元，2014年度WolfgangBode提供借款17万欧元，2014年度累积偿还暂借款9,765.92欧元，2015年度提供暂借款10万欧元，2015年度累计偿还暂借款96,455.92欧元，2016年度累计偿还42,012.83欧元（2016年8月8日，双方签署协议，自2016年8月起按3%的年利率收取利息，每月等额还款本息3,000欧元），截至2016年12月31日止，德国bode欠付WolfgangBode暂借款241,775.86欧元。2014、2015和2016年度承担的利息支出金额分别为10,904.10欧元、12,191.56美元和10,467.17美元。", "spo_list": [{"predicate": "短期借款", "object_type": "金额", "subject_type": "日期", "object": "12万欧元", "subject": "2013年", "subject_index": {"begin": 0, "end": 5}, "object_index": {"begin": 30, "end": 35}}, {"predicate": "长期借款", "object_type": "金额", "subject_type": "日期", "object": "17万欧元", "subject": "2014年", "subject_index": {"begin": 36, "end": 41}, "object_index": {"begin": 58, "end": 63}}, {"predicate": "短期借款", "object_type": "金额", "subject_type": "日期", "object": "9,765.92欧元", "subject": "2014年", "subject_index": {"begin": 64, "end": 69}, "object_index": {"begin": 77, "end": 87}}, {"predicate": "短期借款", "object_type": "金额", "subject_type": "日期", "object": "10万欧元", "subject": "2015年", "subject_index": {"begin": 88, "end": 93}, "object_index": {"begin": 99, "end": 104}}, {"predicate": "短期借款", "object_type": "金额", "subject_type": "日期", "object": "96,455.92欧元", "subject": "2015年", "subject_index": {"begin": 105, "end": 110}, "object_index": {"begin": 118, "end": 129}}, {"predicate": "长期借款", "object_type": "金额", "subject_type": "日期", "object": "42,012.83欧元", "subject": "2016年", "subject_index": {"begin": 130, "end": 135}, "object_index": {"begin": 140, "end": 151}}, {"predicate": "短期借款", "object_type": "金额", "subject_type": "日期", "object": "241,775.86欧元", "subject": "2016年12月31日", "subject_index": {"begin": 209, "end": 220}, "object_index": {"begin": 245, "end": 257}}, {"predicate": "应付利息", "object_type": "金额", "subject_type": "日期", "object": "10,904.10欧元", "subject": "2014", "subject_index": {"begin": 258, "end": 262}, "object_index": {"begin": 286, "end": 297}}, {"predicate": "应付利息", "object_type": "金额", "subject_type": "日期", "object": "12,191.56美元", "subject": "2015", "subject_index": {"begin": 263, "end": 267}, "object_index": {"begin": 298, "end": 309}}, {"predicate": "应付利息", "object_type": "金额", "subject_type": "日期", "object": "10,467.17美元", "subject": "2016", "subject_index": {"begin": 268, "end": 272}, "object_index": {"begin": 310, "end": 321}}]}
{"text": "截至2016年12月31日，合并财务报表口径下，本公司长期股权投资合计金额为0元，母公司长期股权投资余额为9,549.49万元", "spo_list": [{"predicate": "长期股权投资账面价值", "object_type": "金额", "subject_type": "日期", "object": "0元", "subject": "2016年12月31日", "subject_index": {"begin": 2, "end": 13}, "object_index": {"begin": 38, "end": 40}}, {"predicate": "长期股权投资账面余额", "object_type": "金额", "subject_type": "日期", "object": "9,549.49万元", "subject": "2016年12月31日", "subject_index": {"begin": 2, "end": 13}, "object_index": {"begin": 53, "end": 63}}]}
{"text": "截至2016年12月31日，本公司期末应付账款余额为575.91万元，应付票据余额为0。应付账款中无欠持本公司5％以上（含5％）表决权股份的股东款项。", "spo_list": [{"predicate": "应付账款", "object_type": "金额", "subject_type": "日期", "object": "575.91万元", "subject": "2016年12月31日", "subject_index": {"begin": 2, "end": 13}, "object_index": {"begin": 26, "end": 34}}]}
{"text": "2016年8月8日WolfgangBode与德国bode子公司签订借款协议，将其2013年暂借款给德国bode子公司的12万欧元，自2016年8月起按3%的年利率收取利息，每月等额还款3,000欧元，2016年偿还10,840.58欧元，截至2016年12月31日止，德国bode欠付WolfgangBode借款109,159.42欧元，其中33,178.95欧元重分类计入一年内到期的非流动负债，长期借款结余75,980.47欧元。", "spo_list": [{"predicate": "短期借款", "object_type": "金额", "subject_type": "日期", "object": "12万欧元", "subject": "2013年", "subject_index": {"begin": 40, "end": 45}, "object_index": {"begin": 59, "end": 64}}, {"predicate": "长期借款", "object_type": "金额", "subject_type": "日期", "object": "109,159.42欧元", "subject": "2016年12月31日", "subject_index": {"begin": 121, "end": 132}, "object_index": {"begin": 156, "end": 168}}]}
{"text": "根据本公司2016年4月22日第二届董事会第四次会议决议，公司董事会审议通过香港意诺拟向境外台资玉山商业银行股份有限公司借款300万美元，贷款利率为3MLIBOR+2%，期限为3年，上述资金将由香港意诺借于DAISLERProzesstechnikGmbH用于日常运营需要。香港意诺已与玉山商业银行股份有限公司签订授信额度协议，以本公司、上海意诺位于上海市青浦区沪青平公路1533号42号全幢、上海市杨浦区翔殷路580号2层的不动产设定抵押提供担保，获取授信期止2018年7月7日、最高额300万美元的借款额度，本公司于2016年12月办理抵押登记，截止本报告日，尚未借款。", "spo_list": [{"predicate": "长期借款", "object_type": "金额", "subject_type": "日期", "object": "300万美元", "subject": "2016年4月22日", "subject_index": {"begin": 5, "end": 15}, "object_index": {"begin": 62, "end": 68}}, {"predicate": "长期借款", "object_type": "金额", "subject_type": "日期", "object": "300万美元", "subject": "2018年7月7日", "subject_index": {"begin": 231, "end": 240}, "object_index": {"begin": 244, "end": 250}}]}
{"text": "2016年末，公司货币资金余额为6,120.80万元，比2015年末增加1,997.98万元，增幅48.46%，主要是由于公司本年度经营活动产生的现金流量较好。", "spo_list": [{"predicate": "货币资金余额", "object_type": "金额", "subject_type": "日期", "object": "6,120.80万元", "subject": "2016年末", "subject_index": {"begin": 0, "end": 6}, "object_index": {"begin": 16, "end": 26}}]}
{"text": "2015年末，公司货币资金余额为4,122.82万元，比2014年末增加2,502.69万元，增幅154.47%，主要是因为本期筹资活动和投资活动产生的现金流量净额比2014年增加较多。本部分的具体内容详见本招股说明书“第十一节、三、（一）、", "spo_list": [{"predicate": "货币资金余额", "object_type": "金额", "subject_type": "日期", "object": "4,122.82万元", "subject": "2015年末", "subject_index": {"begin": 0, "end": 6}, "object_index": {"begin": 16, "end": 26}}]}
{"text": "2014年末、2015年末和2016年末，本公司应收账款净额分别为2,904.16万元、2,951.31万元和3,311.43万元，占流动资产的比例分别为32.68%、24.87%和22.56%。2014年末、2015年末，公司不存在单项金额重大并单项计提坏账准备的应收账款，也不存在单项金额虽不重大但单项计提坏账准备的应收账款，2016年末，公司存在单项金额虽不重大但单项计提坏账准备的应收账款，但金额很小。", "spo_list": [{"predicate": "应收账款净额", "object_type": "金额", "subject_type": "日期", "object": "2,904.16万元", "subject": "2014年末", "subject_index": {"begin": 0, "end": 6}, "object_index": {"begin": 33, "end": 43}}, {"predicate": "应收账款净额", "object_type": "金额", "subject_type": "日期", "object": "2,951.31万元", "subject": "2015年末", "subject_index": {"begin": 7, "end": 13}, "object_index": {"begin": 44, "end": 54}}, {"predicate": "应收账款净额", "object_type": "金额", "subject_type": "日期", "object": "3,311.43万元", "subject": "2016年末", "subject_index": {"begin": 14, "end": 20}, "object_index": {"begin": 55, "end": 65}}]}
{"text": "上述五家单位，辽宁忠旺集团、Payvand伊朗、歆佶机械均位列发行人前五大客户之中，2016年度第四季度收入并无明显增加；深圳市科海系发行人2015年开发并持续跟踪的客户，第四季收入根据订单，销售物流带产品：10月发货验收32.22万元、11月发货验收57.23万元、12月发货验收12.72万元。", "spo_list": []}
{"text": "上述客户中，辽宁忠旺集团公司（国内最大的工业型材供应商）报告期内系发行人第一大境内客户，其知名度很高，该公司属大型企业，结算付款流程较慢，为了维系客户关系，发行人给予该公司实际付款周期有所延长。2016年末应收余额476.31万元，其中超过90天的余额为265.97万元，如上表统计所述，2017年1-3月已累计回款248.00万元。", "spo_list": [{"predicate": "应收账款余额", "object_type": "金额", "subject_type": "日期", "object": "476.31万元", "subject": "2016年", "subject_index": {"begin": 97, "end": 102}, "object_index": {"begin": 107, "end": 115}}]}
{"text": "报告期内，公司存货主要是原材料、半成品和库存商品，其中原材料主要是TPU粉料、PVC粉料、工业纤维以及卷料等。截至2014年末、2015年末和2016年末，本公司存货账面价值分别为3,623.38万元、3,918.31万元和4,105.36万元，占总资产的比例分别为18.97%、17.65%和16.50%，规模及占比总体上较为稳定。", "spo_list": [{"predicate": "存货", "object_type": "金额", "subject_type": "日期", "object": "3,623.38万元", "subject": "2014年末", "subject_index": {"begin": 57, "end": 63}, "object_index": {"begin": 90, "end": 100}}, {"predicate": "存货", "object_type": "金额", "subject_type": "日期", "object": "3,918.31万元", "subject": "2015年末", "subject_index": {"begin": 64, "end": 70}, "object_index": {"begin": 101, "end": 111}}, {"predicate": "存货", "object_type": "金额", "subject_type": "日期", "object": "4,105.36万元", "subject": "2016年末", "subject_index": {"begin": 71, "end": 77}, "object_index": {"begin": 112, "end": 122}}]}
{"text": "公司2016年末负债总额较2015年末减少549.26万元，主要是流动负债减少631.59万元，系公司归还借款，一年内到期的非流动负债减少所致。", "spo_list": [{"predicate": "总负债", "object_type": "金额", "subject_type": "日期", "object": "549.26万元", "subject": "2016年末", "subject_index": {"begin": 2, "end": 8}, "object_index": {"begin": 21, "end": 29}}, {"predicate": "流动负债", "object_type": "金额", "subject_type": "日期", "object": "631.59万元", "subject": "2016年末", "subject_index": {"begin": 2, "end": 8}, "object_index": {"begin": 39, "end": 47}}]}
{"text": "2014年末、2015年末和2016年末，发行人预收账款余额分别为185.31万元、308.47万元和136.08万元，占各年销售收入的比例分别为1.29%、2.10%%和0.91%。发行人预收款项规模相对较小，主要系发行人客户大多数采用先发货后定期结算付款的方式。对于国内、外新客户、小客户一般要求预付部分款项后发货，故发行人各年末预收款项金额较小。2015年预收账款金额较大主要系2015年12月、11月预收新增客户ALAKSAFOROWNERMOHAMEDABDELKADERZAKARIASAMAAN（埃及）973,378.95元与Egyrollforproductionlines（埃及）691,211.25元造成的。这两个客户的预收账款对应的产品销售已于2016年1月报关出口后予以进行结转。", "spo_list": [{"predicate": "预收款项", "object_type": "金额", "subject_type": "日期", "object": "185.31万元", "subject": "2014年末", "subject_index": {"begin": 0, "end": 6}, "object_index": {"begin": 33, "end": 41}}, {"predicate": "预收款项", "object_type": "金额", "subject_type": "日期", "object": "308.47万元", "subject": "2015年末", "subject_index": {"begin": 7, "end": 13}, "object_index": {"begin": 42, "end": 50}}, {"predicate": "预收款项", "object_type": "金额", "subject_type": "日期", "object": "136.08万元", "subject": "2016年末", "subject_index": {"begin": 14, "end": 20}, "object_index": {"begin": 51, "end": 59}}]}
{"text": "2014年末、2015年末和2016年末，公司应交税费中应交增值税分别为210.41万元、118.72万元和134.42万元，其变动是期末应交税费余额变动的主要原因之一。报告期各期末应交增值税为上期销项税额减去可抵扣进项税额后产生，均为正常销售所形成。", "spo_list": [{"predicate": "应交税费", "object_type": "金额", "subject_type": "日期", "object": "210.41万元、", "subject": "2014年末", "subject_index": {"begin": 0, "end": 6}, "object_index": {"begin": 36, "end": 45}}, {"predicate": "应交税费", "object_type": "金额", "subject_type": "日期", "object": "118.72万元", "subject": "2015年末", "subject_index": {"begin": 7, "end": 13}, "object_index": {"begin": 45, "end": 53}}, {"predicate": "应交税费", "object_type": "金额", "subject_type": "日期", "object": "134.42万元", "subject": "2016年末", "subject_index": {"begin": 14, "end": 20}, "object_index": {"begin": 54, "end": 62}}]}
{"text": "2016年末，公司其他应付款比2015年末减少41.76万元，主要是转入“长期借款”112.99万元，同时增加蔡瑞美借款76.31万所致。2015年末，公司其他应付款比2014年末增加56.01万元，主要是公司向关联方借款增加。具体见本招股说明书“第七节三、（二）、4、偶发性关联交易——关联方资金往来”。", "spo_list": [{"predicate": "其他应付款", "object_type": "金额", "subject_type": "日期", "object": "41.76万元", "subject": "2016年末", "subject_index": {"begin": 0, "end": 6}, "object_index": {"begin": 23, "end": 30}}, {"predicate": "其他应付款", "object_type": "金额", "subject_type": "日期", "object": "56.01万元", "subject": "2015年末", "subject_index": {"begin": 69, "end": 75}, "object_index": {"begin": 92, "end": 99}}]}
{"text": "2016年8月8日WolfgangBode与德国bode签订借款协议，将其2013年暂借给德国bode子公司的12万欧元，自2016年8月起按3%的年利率收取利息，每月等额还款3,000欧元，2016年偿还10,840.58欧元，截至2016年12月31日，德国bode欠付WolfgangBode借款109,159.42欧元，其中33,178.95欧元重分类计入一年内到期的非流动负债，长期借款结余75,980.47欧元。", "spo_list": [{"predicate": "短期借款", "object_type": "金额", "subject_type": "日期", "object": "12万欧元", "subject": "2013年", "subject_index": {"begin": 37, "end": 42}, "object_index": {"begin": 55, "end": 60}}, {"predicate": "长期借款", "object_type": "金额", "subject_type": "日期", "object": "109,159.42欧元", "subject": "2016年12月31日", "subject_index": {"begin": 117, "end": 128}, "object_index": {"begin": 151, "end": 163}}]}
{"text": "2009年11月13日，苏州汾湖投资集团有限公司向苏州意诺拨付了332.02万元的基础设施配套资金。2009年及2010年，苏州意诺以此资金建造办公楼、厂房，于2010年9月完工并予以转入递延收益。根据准则按固定资产折旧年限确定每年收益额，2014年度确认收益11.95万元，2015年确认收益11.95万元，2016年度确认收益11.95万元。", "spo_list": [{"predicate": "其他收益", "object_type": "金额", "subject_type": "日期", "object": "11.95万元", "subject": "2014年", "subject_index": {"begin": 120, "end": 125}, "object_index": {"begin": 130, "end": 137}}, {"predicate": "其他收益", "object_type": "金额", "subject_type": "日期", "object": "11.95万元", "subject": "2015年", "subject_index": {"begin": 138, "end": 143}, "object_index": {"begin": 147, "end": 154}}, {"predicate": "其他收益", "object_type": "金额", "subject_type": "日期", "object": "11.95万元", "subject": "2016年", "subject_index": {"begin": 155, "end": 160}, "object_index": {"begin": 165, "end": 172}}]}
{"text": "报告期内，公司主营业务成本主要为产品生产成本，具体包括直接材料、直接人工和制造费用等。2014年、2015年和2016年，公司营业成本分别为7,740.19万元、7,818.31万元和7,663.68万元，报告期内，公司主营业务成本占营业成本的比例在94%左右及以上", "spo_list": [{"predicate": "总营业成本", "object_type": "金额", "subject_type": "日期", "object": "7,740.19万元", "subject": "2014年", "subject_index": {"begin": 43, "end": 48}, "object_index": {"begin": 70, "end": 80}}, {"predicate": "总营业成本", "object_type": "金额", "subject_type": "日期", "object": "7,818.31万元", "subject": "2015年", "subject_index": {"begin": 49, "end": 54}, "object_index": {"begin": 81, "end": 91}}, {"predicate": "总营业成本", "object_type": "金额", "subject_type": "日期", "object": "7,663.68万元", "subject": "2016年", "subject_index": {"begin": 55, "end": 60}, "object_index": {"begin": 92, "end": 102}}]}
{"text": "2014年度、2015年度和2016年度，公司财务费用分别为236.63万元、122.49万元和-138.41万元，占营业收入的比例分别为1.65%、0.83%和-0.93%，金额及占比变化较大。报告期内，公司财务费用主要是银行借款利息支出和汇兑损益，借款利息支出随公司借款金额的变化而变化，借款利息支出总体减少。汇兑损益则随美元和欧元对人民币汇率变化而变化。", "spo_list": [{"predicate": "财务费用", "object_type": "金额", "subject_type": "日期", "object": "236.63万元", "subject": "2014年度", "subject_index": {"begin": 0, "end": 6}, "object_index": {"begin": 30, "end": 38}}, {"predicate": "财务费用", "object_type": "金额", "subject_type": "日期", "object": "122.49万元", "subject": "2015年度", "subject_index": {"begin": 7, "end": 13}, "object_index": {"begin": 39, "end": 47}}, {"predicate": "财务费用", "object_type": "金额", "subject_type": "日期", "object": "-138.41万元", "subject": "2014年度", "subject_index": {"begin": 0, "end": 6}, "object_index": {"begin": 48, "end": 57}}]}
{"text": "2014年度营业外支出中的其他主要为已支付无法收回货款4万，捐赠支出2万，罚款及滞纳金2.17万元。2015年，营业外支出主要为固定资产处置损失3.16万元。2016年度，营业外支出主要为其他损失6.81万元", "spo_list": [{"predicate": "营业外支出", "object_type": "金额", "subject_type": "日期", "object": "4万", "subject": "2014年度", "subject_index": {"begin": 0, "end": 6}, "object_index": {"begin": 27, "end": 29}}, {"predicate": "营业外支出", "object_type": "金额", "subject_type": "日期", "object": "3.16万元", "subject": "2015年", "subject_index": {"begin": 50, "end": 55}, "object_index": {"begin": 72, "end": 78}}, {"predicate": "营业外支出", "object_type": "金额", "subject_type": "日期", "object": "6.81万元", "subject": "2016年度", "subject_index": {"begin": 79, "end": 85}, "object_index": {"begin": 98, "end": 104}}]}
{"text": "发行人2015年营业收入和营业成本与2014年相比变化不大，但营业利润比2014年增加567.61万元，增幅达22%，主要是因为营业毛利增加254万元，期间费用和资产减值损失分别减少166万元所致，期间费用的减少主要是以汇兑损益为主的财务费用减少114万元，资产减值损失减少主要是因为应收账款回款较好。", "spo_list": [{"predicate": "营业利润", "object_type": "金额", "subject_type": "日期", "object": "567.61万元", "subject": "2015年", "subject_index": {"begin": 3, "end": 8}, "object_index": {"begin": 43, "end": 51}}]}
{"text": "2016年12月31日，发行人货币资金余额比期初增加2,502.69万元，本期投资活动产生的现金流量净额与2015年变化不大，本期经营活动和筹资活动产生的现金流量净额有所下降", "spo_list": [{"predicate": "货币资金余额", "object_type": "金额", "subject_type": "日期", "object": "2,502.69万元", "subject": "2016年12月31日", "subject_index": {"begin": 0, "end": 11}, "object_index": {"begin": 26, "end": 36}}]}
{"text": "在财务状况方面，公司财务状况良好，经营业绩能够保持稳中有升。报告期内，公司的总资产从2014年末的19,103.91万元增加到2016年末的24,881.56万元，公司归属于母公司股东的净资产从2014年末的15,377.85万元增加至2016年末的21,516.34万元，公司的营业收入2016年达到14,938.56万元、利润总额达到3,739.16万元、归属于母公司所有者的净利润达到3,208.70万元，上述财务指标均实现了不同程度的增长。", "spo_list": [{"predicate": "净资产账面价值", "object_type": "金额", "subject_type": "日期", "object": "15,377.85万元", "subject": "2014年末", "subject_index": {"begin": 97, "end": 103}, "object_index": {"begin": 104, "end": 115}}]}
{"text": "2011年全国社会物流总额为158.40万亿元，到2015年已经达到219.20万亿元，年均增长率均保持在12%左右，", "spo_list": [{"predicate": "其他成本", "object_type": "金额", "subject_type": "日期", "object": "219.20万亿元", "subject": "2015年", "subject_index": {"begin": 25, "end": 30}, "object_index": {"begin": 34, "end": 43}}, {"predicate": "其他成本", "object_type": "金额", "subject_type": "日期", "object": "158.40万亿元", "subject": "2011年", "subject_index": {"begin": 0, "end": 5}, "object_index": {"begin": 14, "end": 23}}]}
{"text": "2014年3月19日蔡瑞美与发行人子公司德国bode签订借款协议，年利率为3%，该借款自2018年开始归还，截止2016年12月31日止，子公司德国bode欠付蔡瑞美暂借款74万美元。2014年至2016年承担的利息支出金额均为2.22万美元。", "spo_list": [{"predicate": "短期借款", "object_type": "金额", "subject_type": "日期", "object": "74万美元", "subject": "2016年12月31日", "subject_index": {"begin": 56, "end": 67}, "object_index": {"begin": 86, "end": 91}}, {"predicate": "应付利息", "object_type": "金额", "subject_type": "日期", "object": "2.22万美元", "subject": "2014年至2016年", "subject_index": {"begin": 92, "end": 103}, "object_index": {"begin": 114, "end": 121}}]}
{"text": "本公司实际控制人涂木林为本公司在上海浦东发展银行最高额借款合同1,111万元、2011年2月28日起至2016年2月27日止期间内连续签署的一系列借款合同提供担保。截至2016年12月31日，该担保已到期。", "spo_list": [{"predicate": "短期借款", "object_type": "金额", "subject_type": "日期", "object": "1,111万元", "subject": "2011年2月28日", "subject_index": {"begin": 39, "end": 49}, "object_index": {"begin": 31, "end": 38}}]}
{"text": "2012年3月28日，本公司实际控制人涂木林和蔡瑞美为本公司在中国信托商业银行股份有限公司最高额为600万美元或其他等值货币的授信额提供保证，并由蔡瑞美600万美元定期存款为担保，担保期间自2012年4月17日开始每一年延期一次，2013年12月31日该额度内借款余额为300万美元；2014年变更为300万美元定期存款担保，2014年12月31日该额度内借款余额为100万美元；2015年变更为以蔡瑞美100万美元定期存款作为担保，2015年12月31日借款余额为100万美元，2016年1月已归还该100万元借款", "spo_list": [{"predicate": "短期借款", "object_type": "金额", "subject_type": "日期", "object": "600万美元", "subject": "2012年3月28日", "subject_index": {"begin": 0, "end": 10}, "object_index": {"begin": 49, "end": 55}}, {"predicate": "短期借款", "object_type": "金额", "subject_type": "日期", "object": "300万美元", "subject": "2013年12月31日", "subject_index": {"begin": 115, "end": 126}, "object_index": {"begin": 135, "end": 141}}, {"predicate": "短期借款", "object_type": "金额", "subject_type": "日期", "object": "100万美元", "subject": "2015年12月31日", "subject_index": {"begin": 217, "end": 228}, "object_index": {"begin": 233, "end": 239}}, {"predicate": "短期借款", "object_type": "金额", "subject_type": "日期", "object": "100万元", "subject": "2016年1月", "subject_index": {"begin": 240, "end": 247}, "object_index": {"begin": 251, "end": 256}}]}
{"text": "公司与其关联方之间的关联交易已履行的程序包括：公司2017年2月14日召开的第二届董事会第六次会议和第二届监事会第四次会议审议通过了《关于预计2017年度日常性关联交易的议案》；公司2016年3月9日召开的第二届董事会第二次会议审议通过了《关于确认关联交易情况暨2016年度预计日常关联交易的议案》；公司2015年1月12日召开的第一届董事会第十次会议审议并通过了《关于确认公司2013年度、2014年度日常关联交易公允性及批准2015年度日常关联交易的议案》，公司2015年1月12日召开的第一届监事会第七次会议审议并通过了《关于确认公司2013年度、2014年度日常关联交易公允性及批准2015年度日常关联交易的议案》，公司2015年1月30日召开的2015年第一次临时股东大会审议并通过了《关于确认公司2013年度、2014年度日常关联交易公允性及批准2015年度日常关联交易的议案》。公司2013年4月8日召开的第一届董事会第二次会议审议并通过了《关于确认公司2011年度、2012年度日常关联交易公允性及批准2013年度日常关联交易的议案》，公司2013年4月8日召开的第一届监事会第二次会议审议并通过了《关于确认公司2011年度、2012年度日常关联交易公允性及批准2013年度日常关联交易的议案》，公司2013年4月29日召开的2012年度股东大会审议并通过了《关于确认公司2011年度、2012年度日常关联交易公允性及批准2013年度日常关联交易的议案》。", "spo_list": []}
{"text": "苟文川先生，监事，中国国籍，无境外永久居留权，1983年4月出生，大专学历。2006年7月至2008年9月供职于亚旭电子科技江苏有限公司总管理处总务部；2008年9月至2010年12月供职于苏州凯贸铸造工业有限公司管理部；2010年12月至今先后任职苏州意诺工业皮带有限公司行政管理部总务、采购主管、工会主席。2014年12月至今，任职艾艾精工监事。", "spo_list": [{"predicate": "大专", "object_type": "学历", "subject_type": "人物", "object": "大专学历", "subject": "苟文川", "subject_index": {"begin": 0, "end": 3}, "object_index": {"begin": 33, "end": 37}}]}
{"text": "截至2016年12月31日，公司的无形资产账面价值为1,562.48万元，主要为土地使用权，", "spo_list": [{"predicate": "无形资产", "object_type": "金额", "subject_type": "日期", "object": "1,562.48万元", "subject": "2016年12月31日", "subject_index": {"begin": 2, "end": 13}, "object_index": {"begin": 26, "end": 36}}]}
{"text": "截至2016年12月31日，公司的负债总额为3,126.44万元，主要包括短期借款、应付账款、预收款项、应付职工薪酬、应交税费、其他应付款、长期借款等，", "spo_list": [{"predicate": "总负债", "object_type": "金额", "subject_type": "日期", "object": "3,126.44万元", "subject": "2016年12月31日", "subject_index": {"begin": 2, "end": 13}, "object_index": {"begin": 22, "end": 32}}]}
{"text": "2012年3月，本公司与中国信托商业银行股份有限公司签订《银行借款契约》及补充协议，获得借款期限为2012年4月19日起至2014年4月19日止的600万美元借款，借款利率为：(3MLIBOR+2%)/(1-withholdingtax)，该笔借款由本公司实质控制人涂木林及蔡瑞美以600万美元定期存单作为担保。2013年度本公司提前归还借款300万美元，2013年12月31日期末余额300万按相关规定列示在一年内到期的非流动负债；2014年4月该300万美元借款到期后与银行签订补充协议，借款期限变更为36个月，即2012年4月19日至2015年4月19日，2014年7月17日本公司提前归还200万美元，年末余额100万美元列示在一年内到期的非流动负债；2015年4月该100万美元借款到期后又与银行签订补充协议，借款期限变更为48个月，即2012年4月19日至2016年4月19日，截止到2015年12月31日，借款余额100万美元列示在一年内到期的非流动负债。2016年已归还该100万美元借款。", "spo_list": [{"predicate": "短期借款", "object_type": "金额", "subject_type": "日期", "object": "600万美元", "subject": "2012年4月19日", "subject_index": {"begin": 49, "end": 59}, "object_index": {"begin": 73, "end": 79}}, {"predicate": "短期借款", "object_type": "金额", "subject_type": "日期", "object": "300万美元", "subject": "2013年度", "subject_index": {"begin": 156, "end": 162}, "object_index": {"begin": 171, "end": 177}}, {"predicate": "短期借款", "object_type": "金额", "subject_type": "日期", "object": "100万美元", "subject": "2012年4月19日", "subject_index": {"begin": 373, "end": 383}, "object_index": {"begin": 414, "end": 420}}]}
{"text": "截至2016年12月31日，公司长期借款余额为591.87万元，系公司控股子公司德国Bode欠付蔡瑞美暂借款本金74万美元，及欠付WolfgangBode和GudrunBode相应款项。", "spo_list": [{"predicate": "长期借款", "object_type": "金额", "subject_type": "日期", "object": "591.87万元", "subject": "2016年12月31日", "subject_index": {"begin": 2, "end": 13}, "object_index": {"begin": 23, "end": 31}}]}
{"text": "截至2016年12月31日，公司应付职工薪酬为224.07万元。本部分的具体内容详见本招股说明书“第十一节、一、（五）、4、应付职工薪酬”。", "spo_list": [{"predicate": "应付职工薪酬", "object_type": "金额", "subject_type": "日期", "object": "224.07万元", "subject": "2016年12月31日", "subject_index": {"begin": 2, "end": 13}, "object_index": {"begin": 23, "end": 31}}]}
{"text": "公司2016年末资产总额为24,883.99万元，较2015年末增加2,686.08万元，其中流动资产增加2,809.93万元，主要由于货币资金增加1,997.98万元，应收账款增加360.12万元，应收票据增加199.65万元，存货增加187.04万元；非流动资产变化较小。", "spo_list": [{"predicate": "流动资产", "object_type": "金额", "subject_type": "日期", "object": "2,809.93万元", "subject": "2016年末", "subject_index": {"begin": 2, "end": 8}, "object_index": {"begin": 53, "end": 63}}, {"predicate": "货币资金", "object_type": "金额", "subject_type": "日期", "object": "1,997.98万元", "subject": "2016年末", "subject_index": {"begin": 2, "end": 8}, "object_index": {"begin": 74, "end": 84}}, {"predicate": "应付账款", "object_type": "金额", "subject_type": "日期", "object": "360.12万元", "subject": "2016年末", "subject_index": {"begin": 2, "end": 8}, "object_index": {"begin": 91, "end": 99}}, {"predicate": "应付票据", "object_type": "金额", "subject_type": "日期", "object": "199.65万元", "subject": "2016年末", "subject_index": {"begin": 2, "end": 8}, "object_index": {"begin": 106, "end": 114}}, {"predicate": "存货", "object_type": "金额", "subject_type": "日期", "object": "187.04万元", "subject": "2016年末", "subject_index": {"begin": 2, "end": 8}, "object_index": {"begin": 119, "end": 127}}]}
{"text": "报告期内，2014年末至2016年末公司应收账款余额占同期营业收入的比重分别为22.40%、22.20%和24.71%，2014年末和2015年末占比基本保持稳定。2016年末，应收账款余额较2015年末增加425.37万元，增幅为13.02%，其中账龄在90以内应收账款余额增加225.33万元，增幅为6.90%，略高于营业收入增幅。", "spo_list": [{"predicate": "应收账款余额", "object_type": "金额", "subject_type": "日期", "object": "225.33万元", "subject": "2015年末", "subject_index": {"begin": 96, "end": 102}, "object_index": {"begin": 140, "end": 148}}, {"predicate": "应收账款余额", "object_type": "金额", "subject_type": "日期", "object": "425.37万元", "subject": "2015年末", "subject_index": {"begin": 96, "end": 102}, "object_index": {"begin": 104, "end": 112}}]}
{"text": "公司预付款项主要是预付给供应商的采购款以及预先支付的电费、燃气费等，2014年末、2015年末和2016年末，公司预付款项余额分别为135.35万元、152.60万元和224.12万元，逐年小幅增长，变动主要与各期末公司对原材料的需求情况有关。", "spo_list": [{"predicate": "预付款项", "object_type": "金额", "subject_type": "日期", "object": "135.35万元", "subject": "2014年末", "subject_index": {"begin": 34, "end": 40}, "object_index": {"begin": 66, "end": 74}}, {"predicate": "预付款项", "object_type": "金额", "subject_type": "日期", "object": "152.60万元", "subject": "2015年末", "subject_index": {"begin": 41, "end": 47}, "object_index": {"begin": 75, "end": 83}}, {"predicate": "预付款项", "object_type": "金额", "subject_type": "日期", "object": "224.12万元", "subject": "2016年末", "subject_index": {"begin": 48, "end": 54}, "object_index": {"begin": 84, "end": 92}}]}
{"text": "2016年末，公司存货余额为4,157.05万元，比2015年末增加195.40万元，变化不大。2015年末，公司存货余额为3,961.64万元，比2014年末增加257.66万元，", "spo_list": [{"predicate": "存货", "object_type": "金额", "subject_type": "日期", "object": "4,157.05万元", "subject": "2016年末", "subject_index": {"begin": 0, "end": 6}, "object_index": {"begin": 14, "end": 24}}, {"predicate": "存货", "object_type": "金额", "subject_type": "日期", "object": "195.40万元", "subject": "2015年末", "subject_index": {"begin": 26, "end": 32}, "object_index": {"begin": 34, "end": 42}}, {"predicate": "存货", "object_type": "金额", "subject_type": "日期", "object": "3,961.64万元", "subject": "2015年末", "subject_index": {"begin": 48, "end": 54}, "object_index": {"begin": 62, "end": 72}}, {"predicate": "存货", "object_type": "金额", "subject_type": "日期", "object": "257.66万元", "subject": "2014年末", "subject_index": {"begin": 74, "end": 80}, "object_index": {"begin": 82, "end": 90}}]}
{"text": "报告期内公司固定资产主要以房屋建筑物和生产用机器设备为主。2014年末、2015年末和2016年末，公司固定资产净额为8,377.62万元、8,325.11万元和8,427.85万元，分别占公司总资产的43.85%、37.50%和33.87%。报告期内固定资产原值随着公司生产规模的扩大而有所增长，主要是机器设备、器具工具、运输设备和其他设备的增长。", "spo_list": [{"predicate": "固定资产", "object_type": "金额", "subject_type": "日期", "object": "8,377.62万元", "subject": "2014年末", "subject_index": {"begin": 29, "end": 35}, "object_index": {"begin": 59, "end": 69}}, {"predicate": "固定资产", "object_type": "金额", "subject_type": "日期", "object": "8,325.11万元", "subject": "2015年末", "subject_index": {"begin": 36, "end": 42}, "object_index": {"begin": 70, "end": 80}}, {"predicate": "固定资产", "object_type": "金额", "subject_type": "日期", "object": "8,427.85万元", "subject": "2016年末", "subject_index": {"begin": 43, "end": 49}, "object_index": {"begin": 81, "end": 91}}]}
{"text": "公司2015年末负债总额较2014年末增加85.07万元，其中流动负债增加136.58万元，非流动负债减少51.51万元。其中应付账款减少120.87万元，预收账款增加123.16万元。", "spo_list": [{"predicate": "总负债", "object_type": "金额", "subject_type": "日期", "object": "85.07万元", "subject": "2015年末", "subject_index": {"begin": 2, "end": 8}, "object_index": {"begin": 21, "end": 28}}, {"predicate": "流动负债", "object_type": "金额", "subject_type": "日期", "object": "136.58万元", "subject": "2015年末", "subject_index": {"begin": 2, "end": 8}, "object_index": {"begin": 37, "end": 45}}, {"predicate": "非流动资产", "object_type": "金额", "subject_type": "日期", "object": "51.51万元", "subject": "2015年末", "subject_index": {"begin": 2, "end": 8}, "object_index": {"begin": 53, "end": 60}}, {"predicate": "应付账款", "object_type": "金额", "subject_type": "日期", "object": "120.87万元", "subject": "2015年末", "subject_index": {"begin": 2, "end": 8}, "object_index": {"begin": 69, "end": 77}}, {"predicate": "预收款项", "object_type": "金额", "subject_type": "日期", "object": "123.16万元", "subject": "2015年末", "subject_index": {"begin": 2, "end": 8}, "object_index": {"begin": 84, "end": 92}}]}
{"text": "报告期内，公司期末应付职工薪酬主要是计提的应付未付的职工工资薪酬和奖金。2014年末、2015年末和2016年末，公司应付职工薪酬余额分别为184.86万元、221.18万元和224.07万元，占负债总额的比例分别为5.15%、6.02%和7.17%。", "spo_list": [{"predicate": "应付职工薪酬", "object_type": "金额", "subject_type": "日期", "object": "184.86万元", "subject": "2014年末", "subject_index": {"begin": 36, "end": 42}, "object_index": {"begin": 70, "end": 78}}, {"predicate": "应付职工薪酬", "object_type": "金额", "subject_type": "日期", "object": "221.18万元", "subject": "2015年末", "subject_index": {"begin": 43, "end": 49}, "object_index": {"begin": 79, "end": 87}}, {"predicate": "应付职工薪酬", "object_type": "金额", "subject_type": "日期", "object": "224.07万元", "subject": "2016年末", "subject_index": {"begin": 50, "end": 56}, "object_index": {"begin": 88, "end": 96}}, {"predicate": "资产负债率", "object_type": "日期", "subject_type": "比率", "object": "2014年末", "subject": "5.15%", "subject_index": {"begin": 108, "end": 113}, "object_index": {"begin": 36, "end": 42}}, {"predicate": "资产负债率", "object_type": "日期", "subject_type": "比率", "object": "2015年末", "subject": "6.02%", "subject_index": {"begin": 114, "end": 119}, "object_index": {"begin": 43, "end": 49}}, {"predicate": "资产负债率", "object_type": "日期", "subject_type": "比率", "object": "2016年末", "subject": "7.17%", "subject_index": {"begin": 120, "end": 125}, "object_index": {"begin": 50, "end": 56}}]}
{"text": "2014年末、2015年末和2016年末，本公司其他应付款余额分别为282.84万元、338.84万元和297.08万元，占负债总额的比例分别为7.88%、9.22%和9.50%。", "spo_list": [{"predicate": "应付账款", "object_type": "金额", "subject_type": "日期", "object": "297.08万元", "subject": "2016年末", "subject_index": {"begin": 14, "end": 20}, "object_index": {"begin": 52, "end": 60}}, {"predicate": "应付账款", "object_type": "金额", "subject_type": "日期", "object": "338.84万元", "subject": "2015年末", "subject_index": {"begin": 7, "end": 13}, "object_index": {"begin": 43, "end": 51}}, {"predicate": "应付账款", "object_type": "金额", "subject_type": "日期", "object": "282.84万元", "subject": "2014年末", "subject_index": {"begin": 0, "end": 6}, "object_index": {"begin": 34, "end": 42}}, {"predicate": "资产负债率", "object_type": "日期", "subject_type": "比率", "object": "2016年末", "subject": "9.50%", "subject_index": {"begin": 84, "end": 89}, "object_index": {"begin": 14, "end": 20}}, {"predicate": "资产负债率", "object_type": "日期", "subject_type": "比率", "object": "2015年末", "subject": "9.22%", "subject_index": {"begin": 78, "end": 83}, "object_index": {"begin": 7, "end": 13}}, {"predicate": "资产负债率", "object_type": "日期", "subject_type": "比率", "object": "2014年末", "subject": "7.88%", "subject_index": {"begin": 72, "end": 77}, "object_index": {"begin": 0, "end": 6}}]}
{"text": "2010年度和2011年度本公司以495.00万元补偿扣减弥补拆迁房屋损失等后的余款分别购置固定资产191.82万元和182.92万元，予以转入递延收益。根据准则规定固定资产折旧年限确定每年收益额，2014年度确认收益34.93万元，2015年确认收益33.50万元，2016年度确认收益33.50万元。", "spo_list": [{"predicate": "固定资产", "object_type": "金额", "subject_type": "日期", "object": "182.92万元", "subject": "2011年度", "subject_index": {"begin": 7, "end": 13}, "object_index": {"begin": 59, "end": 67}}, {"predicate": "固定资产", "object_type": "金额", "subject_type": "日期", "object": "191.82万元", "subject": "2010年度", "subject_index": {"begin": 0, "end": 6}, "object_index": {"begin": 50, "end": 58}}]}
{"text": "公司一直高度重视客户的信用管理和应收账款的回款质量，并制定了一整套完善应收账款管理制度，建立并完善销售合同评审制度，对应收账款进行事前资信控制、事中交易决策控制，事后加强货款的回笼和客户考评激励控制，保证应收账款管理的系统化。2014年至2016年度，公司营业收入分别为14,378.85万元、14,710.84万元和14,938.56万元，总体呈上升趋势，应收账款余额分别为3,221.12万元、3,266.38万元和3,704.92万元，总体上升，应收账款周转率分别为4.79次、4.54次和4.29次，周转天数分别为75天、80天和84天，公司应收账款周转基本保持稳定。具体应收账款的分析请参阅本节“一、（二）、3、应收账款分析", "spo_list": [{"predicate": "应收账款余额", "object_type": "金额", "subject_type": "日期", "object": "3,221.12万元", "subject": "2014年至2016年度", "subject_index": {"begin": 113, "end": 125}, "object_index": {"begin": 188, "end": 198}}, {"predicate": "应收账款余额", "object_type": "金额", "subject_type": "日期", "object": "3,266.38万元", "subject": "2014年至2016年度", "subject_index": {"begin": 113, "end": 125}, "object_index": {"begin": 199, "end": 209}}, {"predicate": "应收账款余额", "object_type": "金额", "subject_type": "日期", "object": "3,704.92万元", "subject": "2014年至2016年度", "subject_index": {"begin": 113, "end": 125}, "object_index": {"begin": 210, "end": 220}}]}
{"text": "第二，非流动资产周转率方面，2014年末至今，固定资产和无形资产占非流动资产的比例分别为95.36%、93.48%和97.87%，固定资产和无形资产从投入使用到达产需要一定的时间，其周转时间比流动资产要长，整体上会降低发行人的总资产周转率水平。报告期内，发行人固定资产和无形资产金额分别为9,742.78万元、9,658.28万元和9,990.33万元，变化较小，其资产周转变化亦基本稳定。", "spo_list": [{"predicate": "固定资产", "object_type": "金额", "subject_type": "日期", "object": "9,742.78万元", "subject": "2014年末至今", "subject_index": {"begin": 14, "end": 22}, "object_index": {"begin": 144, "end": 154}}, {"predicate": "无形资产", "object_type": "金额", "subject_type": "日期", "object": "9,658.28万元", "subject": "2014年末至今", "subject_index": {"begin": 14, "end": 22}, "object_index": {"begin": 155, "end": 165}}]}
{"text": "报告期内，发行人产品成本主要为直接材料成本，金额分别为5,128.52万元、5,223.61万元和4,910.04万元，占比分别为66.57%、66.81%和64.07%。2016年度主营业务成本为7,663.68万元，比2015年略有下降，主要是直接材料下降所致；2015年主营业务成本为7,818.31万元，与2014年相比变化不大。报告期内，直接材料占主营业务成本的比重略有下降，主要是因为主要产品的原材料价格持续下降所导致，具体如下：报告期内，公司产品主要原材料TPU&PVC材料、工业纤维和DOTP占材料采购的比例分别为78.79%、68.89%和81.27%", "spo_list": [{"predicate": "主营业务成本", "object_type": "金额", "subject_type": "日期", "object": "7,663.68万元", "subject": "2016年度", "subject_index": {"begin": 86, "end": 92}, "object_index": {"begin": 99, "end": 109}}, {"predicate": "主营业务成本", "object_type": "金额", "subject_type": "日期", "object": "7,818.31万元", "subject": "2015年", "subject_index": {"begin": 133, "end": 138}, "object_index": {"begin": 145, "end": 155}}]}
{"text": "2014年，发行人获得的政府补助均不存在验收等限制条件，且主要为与收益相关的政府补助，并且用于补偿企业已经发生的相关费用，因此公司于收到政府补助时直接计入营业外收入，金额为284.87万元，具体见上表。", "spo_list": [{"predicate": "营业外收入", "object_type": "金额", "subject_type": "日期", "object": "284.87万元", "subject": "2014年", "subject_index": {"begin": 0, "end": 5}, "object_index": {"begin": 86, "end": 94}}]}
{"text": "2014年、2015年和2016年度，公司营业利润分别为2,559.74万元、3,127.35万元和3,432.38万元，占利润总额的比重分别为86.91%、88.83%和91.80%，公司营业收入主要来自主营业务，相应的营业利润也主要来源于主营业务利润，公司的利润来源有着牢固的主营业务基础，主营业务的发展状况直接影响着公司的利润情况。", "spo_list": [{"predicate": "营业利润", "object_type": "金额", "subject_type": "日期", "object": "3,432.38万元", "subject": "2016年度", "subject_index": {"begin": 12, "end": 18}, "object_index": {"begin": 50, "end": 60}}, {"predicate": "营业利润", "object_type": "金额", "subject_type": "日期", "object": "3,127.35万元", "subject": "2015年", "subject_index": {"begin": 6, "end": 11}, "object_index": {"begin": 39, "end": 49}}, {"predicate": "营业利润", "object_type": "金额", "subject_type": "日期", "object": "2,559.74万元", "subject": "2014年", "subject_index": {"begin": 0, "end": 5}, "object_index": {"begin": 28, "end": 38}}]}
{"text": "2015年末，发行人货币资金余额为4,122.82万元，比2014年末增加2,502.69万元，增幅达154.47%，主要原因有三个方面：第一，期初余额的差异，2015年初货币资金余额比2014年初多664.10万元，占期末货币资金增加额的27%；第二，2015年筹资活动产生的现金流量净额为-235.10万元，2014年筹资活动产生的现金流量净额为-1,390.42万元，导致筹资活动现金流量净额比2014年增加1,155.32万元，占期末货币资金增加额的46%，是2015年末货币资金余额增加的主要原因。2014年筹资活动产生大额现金流出主要是当年发生“发行人偿还债务支付的现金”1,333.93万元；第三，2015年投资活动产生的现金流量净额-803.64万元，2014年投资活动产生的现金流量净额-1,398.08万元，导致投资活动产生的现金流量净额比2014年增加594.44万元，占期末货币资金增加额的24%，是2015年末货币资金余额增加的重要原因；主要是因为2015年发生的“构建固定资产、无形资产和其他长期资产支付的现金”比2014年减少602.74万元。", "spo_list": [{"predicate": "货币资金", "object_type": "金额", "subject_type": "日期", "object": "4,122.82万元", "subject": "2015年末", "subject_index": {"begin": 0, "end": 6}, "object_index": {"begin": 17, "end": 27}}, {"predicate": "货币资金", "object_type": "金额", "subject_type": "日期", "object": "2,502.69万元", "subject": "2015年末", "subject_index": {"begin": 0, "end": 6}, "object_index": {"begin": 37, "end": 47}}, {"predicate": "货币资金", "object_type": "金额", "subject_type": "日期", "object": "664.10万元", "subject": "2015年", "subject_index": {"begin": 80, "end": 85}, "object_index": {"begin": 100, "end": 108}}, {"predicate": "公司投资活动产生的现金流量净额", "object_type": "金额", "subject_type": "日期", "object": "-803.64万元", "subject": "2015年", "subject_index": {"begin": 306, "end": 311}, "object_index": {"begin": 324, "end": 333}}, {"predicate": "公司投资活动产生的现金流量净额", "object_type": "金额", "subject_type": "日期", "object": "-1,398.08万元", "subject": "2014年", "subject_index": {"begin": 334, "end": 339}, "object_index": {"begin": 352, "end": 363}}, {"predicate": "公司投资活动产生的现金流量净额", "object_type": "金额", "subject_type": "日期", "object": "594.44万元", "subject": "2014年", "subject_index": {"begin": 380, "end": 385}, "object_index": {"begin": 387, "end": 395}}, {"predicate": "公司筹资活动产生的现金流量净额", "object_type": "金额", "subject_type": "日期", "object": "-235.10万元", "subject": "2015年", "subject_index": {"begin": 127, "end": 132}, "object_index": {"begin": 146, "end": 155}}, {"predicate": "公司筹资活动产生的现金流量净额", "object_type": "金额", "subject_type": "日期", "object": "-1,390.42万元", "subject": "2014年", "subject_index": {"begin": 156, "end": 161}, "object_index": {"begin": 175, "end": 186}}, {"predicate": "公司筹资活动产生的现金流量净额", "object_type": "金额", "subject_type": "日期", "object": "1,155.32万元", "subject": "2014年", "subject_index": {"begin": 200, "end": 205}, "object_index": {"begin": 207, "end": 217}}]}
