{"text": "2010年6月25日，天健正信深圳分所出具天健正信深圳分所验（2010）综字第150011号《验资报告》，验证截至2010年6月24日红岭创投和长霆创投已认缴出资款人民币15,000万元，其中注册资本为人民币561.37万元，资本公积为人民币14,438.63万元，各股东全部以货币出资。公司已就上述增资事宜办理了工商变更登记手续，并于2010年7月1日取得浙江省工商局颁发的《企业法人营业执照》。", "spo_list": [{"predicate": "截止日期", "object_type": "日期", "subject_type": "报告", "object": "2010年6月24日", "subject": "《验资报告》", "subject_index": {"begin": 46, "end": 52}, "object_index": {"begin": 57, "end": 67}}]}
{"text": "2006年12月1日，温州中源会计师事务所出具温中会验字（2006）609号《验资报告》，验证截至2006年12月1日止，奥康制造已收到全体股东认缴的注册资本，其中以货币出资的注册资本2,000万元，以实物出资的注册资本4,200万元。", "spo_list": [{"predicate": "截止日期", "object_type": "日期", "subject_type": "报告", "object": "2006年12月1日止", "subject": "《验资报告》", "subject_index": {"begin": 38, "end": 44}, "object_index": {"begin": 49, "end": 60}}]}
{"text": "2007年1月23日，温州中源会计师事务所出具温中会变验字（2007）008号《验资报告》，验证截至2007年1月23日，公司已收到奥康集团以现金缴纳的新增注册资本3,666万元。", "spo_list": [{"predicate": "截止日期", "object_type": "日期", "subject_type": "报告", "object": "截至2007年1月23日", "subject": "《验资报告》", "subject_index": {"begin": 39, "end": 45}, "object_index": {"begin": 48, "end": 60}}]}
{"text": "2010年11月8日，天健正信深圳分所出具天健正信深圳分所验（2010）综字第150015号《验资报告》，验证截至2010年11月8日，公司已将资本公积14,034,21万元和未分配利润6,736.42万元转增股本。", "spo_list": [{"predicate": "截止日期", "object_type": "日期", "subject_type": "报告", "object": "截至2010年11月8日", "subject": "《验资报告》", "subject_index": {"begin": 46, "end": 52}, "object_index": {"begin": 55, "end": 67}}]}
{"text": "2005年1月6日，温州浙南会计师事务所出具《验资报告》，验证截至2005年1月6日，奥康集团已收到全体股东缴纳的新增注册资本合计4,000万元，均为货币出资，奥康集团的注册资本增加至11,800万元", "spo_list": [{"predicate": "截止日期", "object_type": "日期", "subject_type": "报告", "object": "截至2005年1月6日", "subject": "《验资报告》", "subject_index": {"begin": 22, "end": 28}, "object_index": {"begin": 31, "end": 42}}]}
{"text": "赵树清先生：中国国籍，无境外永久居留权，助理经济师，大专学历。先后担任杭州钢管总厂书记兼经营副厂长，特丽雅皮鞋有限公司总经理。2002年加入奥康集团，担任奥康集团副总裁。现任公司董事兼副总裁。", "spo_list": [{"predicate": "大专", "object_type": "学历", "subject_type": "人物", "object": "大专", "subject": "赵树清", "subject_index": {"begin": 0, "end": 3}, "object_index": {"begin": 26, "end": 28}}]}
{"text": "王志斌先生：中国国籍，无境外永久居留权，毕业于浙江广播电视大学，大专学历，中级会计师。先后担任上海迪姆财务经理、公司财务副总监。现任公司财务负责人。", "spo_list": [{"predicate": "大专", "object_type": "学历", "subject_type": "人物", "object": "大专", "subject": "王志斌", "subject_index": {"begin": 0, "end": 3}, "object_index": {"begin": 32, "end": 34}}]}
{"text": "截至2011年12月31日，本公司应付职工薪酬金额为3,155.11万元，为本公司根据薪酬政策提取尚未支付的工资、奖金、津贴和补贴，社会保险费，住房公积金，工会经费和职工教育经费。", "spo_list": [{"predicate": "应付职工薪酬", "object_type": "金额", "subject_type": "日期", "object": "3,155.11万元", "subject": "截至2011年12月31日", "subject_index": {"begin": 0, "end": 13}, "object_index": {"begin": 26, "end": 36}}]}
{"text": "截至2011年12月31日、2010年12月31日和2009年12月31日，本公司货币资金分别为52,574.86万元、40,553.45万元和28,884.64万元，占总资产的比重分别为22.24%、22.30%和20.30%。公司保持一定量的货币资金的主要原因是：①用于维持公司及子公司的日常运作；②用于支付到期的应付票据和应付账款；③其他货币资金主要是银行承兑汇票保证金。", "spo_list": [{"predicate": "货币资金", "object_type": "金额", "subject_type": "日期", "object": "52,574.86万元", "subject": "截至2011年12月31日", "subject_index": {"begin": 0, "end": 13}, "object_index": {"begin": 48, "end": 59}}, {"predicate": "货币资金", "object_type": "金额", "subject_type": "日期", "object": "40,553.45万元", "subject": "2010年12月31日", "subject_index": {"begin": 14, "end": 25}, "object_index": {"begin": 60, "end": 71}}, {"predicate": "货币资金", "object_type": "金额", "subject_type": "日期", "object": "28,884.64万元", "subject": "2009年12月31日", "subject_index": {"begin": 26, "end": 37}, "object_index": {"begin": 72, "end": 83}}]}
{"text": "截至2011年12月31日、2010年12月31日和2009年12月31日，本公司应收账款账面价值分别为78,874.93万元、53,045.94万元和54,207.98万元，2011年末较2010年末增加了25,828.99万元，2010年末较2009年末降低了1,162.04万元。", "spo_list": [{"predicate": "其他应收账款账面价值", "object_type": "金额", "subject_type": "日期", "object": "78,874.93万元", "subject": "截至2011年12月31日", "subject_index": {"begin": 0, "end": 13}, "object_index": {"begin": 52, "end": 63}}, {"predicate": "其他应收账款账面价值", "object_type": "金额", "subject_type": "日期", "object": "53,045.94万元", "subject": "2010年12月31日", "subject_index": {"begin": 14, "end": 25}, "object_index": {"begin": 64, "end": 75}}, {"predicate": "其他应收账款账面价值", "object_type": "金额", "subject_type": "日期", "object": "54,207.98万元", "subject": "2009年12月31日", "subject_index": {"begin": 26, "end": 37}, "object_index": {"begin": 76, "end": 87}}]}
{"text": "截至2011年12月31日、2010年12月31日和2009年12月31日，本公司存货账面价值为44,386.95万元、38,471.25万元和18,874.13万元，占总资产的比重分别为18.78%、21.15%和13.27%。存货中主要为库存商品，其占比分别为83.52%、77.26%和64.01%。", "spo_list": [{"predicate": "存货", "object_type": "金额", "subject_type": "日期", "object": "44,386.95万元", "subject": "2011年12月31日", "subject_index": {"begin": 2, "end": 13}, "object_index": {"begin": 48, "end": 59}}, {"predicate": "存货", "object_type": "金额", "subject_type": "日期", "object": "38,471.25万元", "subject": "2010年12月31日", "subject_index": {"begin": 14, "end": 25}, "object_index": {"begin": 60, "end": 71}}, {"predicate": "存货", "object_type": "金额", "subject_type": "日期", "object": "18,874.13万元", "subject": "2009年12月31日", "subject_index": {"begin": 26, "end": 37}, "object_index": {"begin": 72, "end": 83}}]}
{"text": "本公司其他流动资产为经营场所租金。截至2011年12月31日、2010年12月31日和2009年12月31日，其他流动资产分别为5,423.32万元、2,092.83万元和12.34万元，占总资产的比重分别为2.29%、1.15%和0.01%。2011年末其他流动资产较上年增长的主要原因是2011年各地新开直营店房租和购买理财产品所致；2010年末其他流动资产较上年增长的主要原因是公司设立的区域销售公司业务规模扩大、员工人数增加、新设直营店铺增多，导致各类租金增加", "spo_list": [{"predicate": "流动资产", "object_type": "金额", "subject_type": "日期", "object": "5,423.32万元", "subject": "2011年12月31日", "subject_index": {"begin": 19, "end": 30}, "object_index": {"begin": 64, "end": 74}}, {"predicate": "流动资产", "object_type": "金额", "subject_type": "日期", "object": "2,092.83万元", "subject": "2010年12月31日", "subject_index": {"begin": 31, "end": 42}, "object_index": {"begin": 75, "end": 85}}, {"predicate": "流动资产", "object_type": "金额", "subject_type": "日期", "object": "12.34万元", "subject": "2009年12月31日", "subject_index": {"begin": 43, "end": 54}, "object_index": {"begin": 86, "end": 93}}]}
{"text": "截至2011年12月31日、2010年12月31日和2009年12月31日，本公司无形资产分别为19,980.77万元、18,403.14万元和14,931.23万元，占总资产的比重分别为8.45%、10.12%和10.49%。2011年末、2010年末本公司无形资产分别较上年同比增加了1,577.63万元、3,471.92万元，增长率分别为8.57%、23.25%。2011年末无形资产较2010年末增加的原因是公司从奥康集团购入土地使用权2,273.55万元；2010年末无形资产较上年增加的原因是2010年公司取得了万利威德商标权4,077.44万元。", "spo_list": [{"predicate": "无形资产", "object_type": "金额", "subject_type": "日期", "object": "19,980.77万元", "subject": "2011年12月31日", "subject_index": {"begin": 2, "end": 13}, "object_index": {"begin": 48, "end": 59}}, {"predicate": "无形资产", "object_type": "金额", "subject_type": "日期", "object": "18,403.14万元", "subject": "2010年12月31日", "subject_index": {"begin": 14, "end": 25}, "object_index": {"begin": 60, "end": 71}}, {"predicate": "无形资产", "object_type": "金额", "subject_type": "日期", "object": "14,931.23万元", "subject": "2009年12月31日", "subject_index": {"begin": 26, "end": 37}, "object_index": {"begin": 72, "end": 83}}]}
{"text": "截至2011年12月31日、2010年12月31日和2009年12月31日，公司负债总额分别为118,558.68万元、109,812.30万元和113,216.61万元。2011年末负债总额较上年增加了8,746.38万元，同比增长了7.96%；2010年末负债总额分别较上年末减少了3,404.32万元，同比下降了3.01%。", "spo_list": [{"predicate": "总负债", "object_type": "金额", "subject_type": "日期", "object": "118,558.68万元", "subject": "2011年12月31日", "subject_index": {"begin": 2, "end": 13}, "object_index": {"begin": 47, "end": 59}}, {"predicate": "总负债", "object_type": "金额", "subject_type": "日期", "object": "109,812.30万元", "subject": "2010年12月31日", "subject_index": {"begin": 14, "end": 25}, "object_index": {"begin": 60, "end": 72}}, {"predicate": "总负债", "object_type": "金额", "subject_type": "日期", "object": "113,216.61万元", "subject": "2009年12月31日", "subject_index": {"begin": 26, "end": 37}, "object_index": {"begin": 73, "end": 85}}]}
{"text": "2011年末公司短期借款余额降低了12,737.68万元，主要原因是公司增加了银行承兑汇票的支付额度，使得2011年末应付票据余额增加了15,937.93万元，同时短期借款余额降低", "spo_list": [{"predicate": "短期借款", "object_type": "金额", "subject_type": "日期", "object": "12,737.68万元", "subject": "2011年末", "subject_index": {"begin": 0, "end": 6}, "object_index": {"begin": 17, "end": 28}}, {"predicate": "应付票据", "object_type": "金额", "subject_type": "日期", "object": "15,937.93万元", "subject": "2011年末", "subject_index": {"begin": 53, "end": 59}, "object_index": {"begin": 68, "end": 79}}]}
{"text": "本公司应付账款主要是应付货物采购款、原材料采购款和委托加工费。截至2011年12月31日、2010年12月31日和2009年12月31日，本公司应付账款金额分别为37,720.51万元、36,479.09万元和32,826.03万元，占负债总额的比重分别为31.82%、33.22%和28.99%。", "spo_list": [{"predicate": "应付账款", "object_type": "金额", "subject_type": "日期", "object": "37,720.51万元", "subject": "2011年12月31日", "subject_index": {"begin": 33, "end": 44}, "object_index": {"begin": 81, "end": 92}}, {"predicate": "应付账款", "object_type": "金额", "subject_type": "日期", "object": "36,479.09万元", "subject": "2010年12月31日", "subject_index": {"begin": 45, "end": 56}, "object_index": {"begin": 93, "end": 104}}, {"predicate": "应付账款", "object_type": "金额", "subject_type": "日期", "object": "32,826.03万元", "subject": "2009年12月31日", "subject_index": {"begin": 57, "end": 68}, "object_index": {"begin": 105, "end": 116}}]}
{"text": "预收款项2011年末余额较上年末增加了1,409.96万元，主要是本期部分新增客户采用预收货款制；预收款项2010年末余额较上年末减少了999.67万元，主要原因是：①本公司与订单较少、利润空间较小的客户已无业务往来；②2010年本公司为降低风险，对出口业务采取了进出口信用保险。", "spo_list": [{"predicate": "预收款项", "object_type": "金额", "subject_type": "日期", "object": "1,409.96万元", "subject": "2011年末", "subject_index": {"begin": 4, "end": 10}, "object_index": {"begin": 19, "end": 29}}, {"predicate": "预收款项", "object_type": "金额", "subject_type": "日期", "object": "999.67万元", "subject": "2010年末", "subject_index": {"begin": 53, "end": 59}, "object_index": {"begin": 68, "end": 76}}]}
{"text": "本公司其他应付款主要为购买奥康集团房地产款项、应付租金、运输费用等。截至2011年12月31日、2010年12月31日和2009年12月31日，本公司其他应付款分别为4,335.14万元、4,656.20万元和17,939.79万元，占负债总额的比例分别为3.66%、4.24%和15.85%。", "spo_list": [{"predicate": "其他应付款", "object_type": "金额", "subject_type": "日期", "object": "4,335.14万元", "subject": "2011年12月31日", "subject_index": {"begin": 36, "end": 47}, "object_index": {"begin": 83, "end": 93}}, {"predicate": "其他应付款", "object_type": "金额", "subject_type": "日期", "object": "17,939.79万元", "subject": "2009年12月31日", "subject_index": {"begin": 60, "end": 71}, "object_index": {"begin": 105, "end": 116}}, {"predicate": "其他应付款", "object_type": "金额", "subject_type": "日期", "object": "4,656.20万元", "subject": "2010年12月31日", "subject_index": {"begin": 48, "end": 59}, "object_index": {"begin": 94, "end": 104}}]}
{"text": "报告期内，本公司流动比率、速动比率适中，主要原因是公司在报告期内经营业绩增长迅速，公司采用外部融资的方式以缓解资金压力。截至2011年12月31日、2010年12月31日和2009年12月31日，资产负债率（母公司）分别为34.59%、46.58%和89.66%，2009年资产负债率较高，主要原因是公司充分利用财务杠杆以缓解资金压力；2010年公司通过引起新股东的方式，获得了1.5亿元增资款，资产负债率得以下降。", "spo_list": [{"predicate": "资产负债率", "object_type": "日期", "subject_type": "比率", "object": "2011年12月31日", "subject": "34.59%", "subject_index": {"begin": 111, "end": 117}, "object_index": {"begin": 62, "end": 73}}, {"predicate": "资产负债率", "object_type": "日期", "subject_type": "比率", "object": "2010年12月31日", "subject": "46.58%", "subject_index": {"begin": 118, "end": 124}, "object_index": {"begin": 74, "end": 85}}, {"predicate": "资产负债率", "object_type": "日期", "subject_type": "比率", "object": "2009年12月31日", "subject": "89.66%", "subject_index": {"begin": 125, "end": 131}, "object_index": {"begin": 86, "end": 97}}]}
{"text": "2011年度、2010年度和2009年度，本公司营业利润分别为53,422.40万元、36,431.43万元和25,857.67万元，2011年度、2010年度同比增长率分别为46.64%%、40.89%；净利润分别为45,740.39万元、28,005.05万元和20,039.82万元，2011年度、2010年度同比增长率分别为63.33%、39.75%；扣除非经常性损益后的归属于母公司普通股股东净利润分别为40,553.02万元、27,406.06万元和20,997.31万元，2011年度、2010年度同比增长率分别为47.97%、30.52%。", "spo_list": [{"predicate": "营业利润", "object_type": "金额", "subject_type": "日期", "object": "53,422.40万元", "subject": "2011年度", "subject_index": {"begin": 0, "end": 6}, "object_index": {"begin": 31, "end": 42}}, {"predicate": "营业利润", "object_type": "金额", "subject_type": "日期", "object": "36,431.43万元", "subject": "2010年度", "subject_index": {"begin": 7, "end": 13}, "object_index": {"begin": 43, "end": 54}}, {"predicate": "营业利润", "object_type": "金额", "subject_type": "日期", "object": "25,857.67万元", "subject": "2009年度", "subject_index": {"begin": 14, "end": 20}, "object_index": {"begin": 55, "end": 66}}]}
{"text": "2011年度、2010年度和2009年度，本公司管理费用分别为16,745.70万元、11,475.66万元和7,580.25万元，2011年度、2010年度同比增长率分别为45.92%、51.39%。", "spo_list": [{"predicate": "管理费用", "object_type": "金额", "subject_type": "日期", "object": "16,745.70万元", "subject": "2011年度", "subject_index": {"begin": 0, "end": 6}, "object_index": {"begin": 31, "end": 42}}, {"predicate": "管理费用", "object_type": "金额", "subject_type": "日期", "object": "11,475.66万元", "subject": "2010年度", "subject_index": {"begin": 7, "end": 13}, "object_index": {"begin": 43, "end": 54}}, {"predicate": "管理费用", "object_type": "金额", "subject_type": "日期", "object": "7,580.25万元", "subject": "2009年度", "subject_index": {"begin": 14, "end": 20}, "object_index": {"begin": 55, "end": 65}}]}
{"text": "2011年度、2010年度和2009年度，本公司经营活动产生的现金流量净额分别为27,799.63万元、31,948.86万元和-9,491.61万元，其中，经营活动现金流入分别为318,385.75万元、261,818.86万元和181,413.66万元，经营活动现金流出分别为290,586.13万元、229,870.00万元和190,905.27万元。", "spo_list": [{"predicate": "公司经营活动产生的现金流量净额", "object_type": "金额", "subject_type": "日期", "object": "27,799.63万元", "subject": "2011年度", "subject_index": {"begin": 0, "end": 6}, "object_index": {"begin": 40, "end": 51}}, {"predicate": "公司经营活动产生的现金流量净额", "object_type": "金额", "subject_type": "日期", "object": "31,948.86万元", "subject": "2010年度", "subject_index": {"begin": 7, "end": 13}, "object_index": {"begin": 52, "end": 63}}, {"predicate": "公司经营活动产生的现金流量净额", "object_type": "金额", "subject_type": "日期", "object": "-9,491.61万元", "subject": "2009年度", "subject_index": {"begin": 14, "end": 20}, "object_index": {"begin": 64, "end": 75}}]}
{"text": "2011年度、2010年度和2009年度，本公司投资活动产生的现金流量净额分别为-11,619.74万元、-27,078.37万元和-750.29万元，其中，投资活动现金流入分别为4,006.36万元、16.20万元和0万元，投资活动现金流出分别为15,626.09万元、27,094.57万元和750.29万元，主要为购建固定资产、无形资产和其他长期资产所支付的现金。", "spo_list": [{"predicate": "公司投资活动产生的现金流量净额", "object_type": "金额", "subject_type": "日期", "object": "-11,619.74万元", "subject": "2011年度", "subject_index": {"begin": 0, "end": 6}, "object_index": {"begin": 40, "end": 52}}, {"predicate": "公司投资活动产生的现金流量净额", "object_type": "金额", "subject_type": "日期", "object": "-27,078.37万元", "subject": "2010年度", "subject_index": {"begin": 7, "end": 13}, "object_index": {"begin": 53, "end": 65}}, {"predicate": "公司投资活动产生的现金流量净额", "object_type": "金额", "subject_type": "日期", "object": "-750.29万元", "subject": "2009年度", "subject_index": {"begin": 14, "end": 20}, "object_index": {"begin": 66, "end": 75}}]}
{"text": "截止2011年12月31日，公司滚存未分配利润为82,399.75万元。根据2011年1月22日召开的第四届董事会第二次会议和2011年2月10日召开的2011年第一次临时股东大会决议，公司本次公开发行完成后，由公司全体新老股东按照本次发行后的持股比例共同享有公司截至本次发行时以前年度实现的滚存未分配利润。", "spo_list": [{"predicate": "未分配利润", "object_type": "金额", "subject_type": "日期", "object": "82,399.75万元", "subject": "截止2011年12月31日", "subject_index": {"begin": 0, "end": 13}, "object_index": {"begin": 24, "end": 35}}]}
{"text": "报告期内公司保持了较强的盈利能力，2011年、2010年和2009年净利润（以扣除非经常性损益后的归属于母公司所有者净利润的较低者为计算依据）分别为40,553.02万元、27,406.06万元和20,951.39万元，基本每股收益（以扣除非经常性损益后的归属于母公司所有者净利润为计算依据）分别为1.27元、0.86元和1.96元。报告期内，公司的盈利质量也很高，2011年、2010年和2009年公司经营活动产生的经营现金流量净额分别为27,799.63万元、31,948.86万元和-9,491.61万元。较高的盈利能力和良好的盈利质量为公司持续、稳定的向股东提供分红回报奠定了坚实的基础。", "spo_list": [{"predicate": "公司经营活动产生的现金流量净额", "object_type": "金额", "subject_type": "日期", "object": "27,799.63万元", "subject": "2011年", "subject_index": {"begin": 183, "end": 188}, "object_index": {"begin": 220, "end": 231}}, {"predicate": "公司经营活动产生的现金流量净额", "object_type": "金额", "subject_type": "日期", "object": "31,948.86万元", "subject": "010年", "subject_index": {"begin": 190, "end": 194}, "object_index": {"begin": 232, "end": 243}}, {"predicate": "公司经营活动产生的现金流量净额", "object_type": "金额", "subject_type": "日期", "object": "-9,491.61万元", "subject": "2009年", "subject_index": {"begin": 195, "end": 200}, "object_index": {"begin": 244, "end": 255}}]}
{"text": "吴守忠先生：中国国籍，无境外永久居留权，毕业于浙江永嘉电大中文系，大专学历。先后担任中共永嘉县委办公室副主任、主任，中共永嘉县县委常委、瓯北镇党委书记。1999年加入奥康集团，担任奥康集团行政事务部经理、副总经理，现任公司董事，奥康集团董事兼总经理", "spo_list": [{"predicate": "大专", "object_type": "学历", "subject_type": "人物", "object": "大专", "subject": "吴守忠", "subject_index": {"begin": 0, "end": 3}, "object_index": {"begin": 33, "end": 35}}]}
{"text": "截至2011年12月31日，本公司应付票据金额为46,565.44万元，全部为银行承兑汇票；应付账款金额为37,720.51万元。", "spo_list": [{"predicate": "应付票据", "object_type": "金额", "subject_type": "日期", "object": "46,565.44万元", "subject": "2011年12月31日", "subject_index": {"begin": 2, "end": 13}, "object_index": {"begin": 24, "end": 35}}, {"predicate": "应付账款", "object_type": "金额", "subject_type": "日期", "object": "37,720.51万元", "subject": "2011年12月31日", "subject_index": {"begin": 2, "end": 13}, "object_index": {"begin": 53, "end": 64}}]}
{"text": "截至2011年12月31日、2010年12月31日和2009年12月31日，本公司应收票据余额分别为540.31万元、1,118.00万元和133.00万元，占总资产的比重分别为0.23%、0.61%和0.09%。应收票据主要是公司销售货物收到的银行承兑汇票。", "spo_list": [{"predicate": "应收票据", "object_type": "金额", "subject_type": "日期", "object": "540.31万元", "subject": "2011年12月31日", "subject_index": {"begin": 2, "end": 13}, "object_index": {"begin": 50, "end": 58}}, {"predicate": "应收票据", "object_type": "金额", "subject_type": "日期", "object": "1,118.00万元", "subject": "2010年12月31日", "subject_index": {"begin": 14, "end": 25}, "object_index": {"begin": 59, "end": 69}}, {"predicate": "应收票据", "object_type": "金额", "subject_type": "日期", "object": "133.00万元", "subject": "2009年12月31日", "subject_index": {"begin": 26, "end": 37}, "object_index": {"begin": 70, "end": 78}}]}
{"text": "截至2011年12月31日、2010年12月31日和2009年12月31日，本公司预付款项分别为3,926.10万元、3,639.70万元和3,701.48万元，预付款项主要是预付供应商货款、预付广告费、预付房租等。预付款项在本公司资产中所占比重较小，报告期各期末预付款项占总资产比重分别为1.66%、2.00%和2.60%，基本保持平稳。", "spo_list": [{"predicate": "预付款项", "object_type": "金额", "subject_type": "日期", "object": "3,926.10万元", "subject": "2011年12月31日", "subject_index": {"begin": 2, "end": 13}, "object_index": {"begin": 48, "end": 58}}, {"predicate": "预付款项", "object_type": "金额", "subject_type": "日期", "object": "3,639.70万元", "subject": "2010年12月31日", "subject_index": {"begin": 14, "end": 25}, "object_index": {"begin": 59, "end": 69}}, {"predicate": "预付款项", "object_type": "金额", "subject_type": "日期", "object": "3,701.48万元", "subject": "2009年12月31日", "subject_index": {"begin": 26, "end": 37}, "object_index": {"begin": 70, "end": 80}}]}
{"text": "截至2011年12月31日，公司存货跌价准备余额为1,434.63万元，占存货账面余额的3.13%，主要是对库存商品和原材料计提的跌价准备。", "spo_list": [{"predicate": "存货", "object_type": "金额", "subject_type": "日期", "object": "1,434.63万元", "subject": "2011年12月31日", "subject_index": {"begin": 2, "end": 13}, "object_index": {"begin": 25, "end": 35}}]}
{"text": "截至2011年12月31日、2010年12月31日和2009年12月31日，本公司非流动资产分别为48,481.67万元、41,577.60万元和35,457.75万元，占总资产的比重分别为20.51%、22.86%和24.92%。公司非流动资产的构成中，主要为固定资产和无形资产。", "spo_list": [{"predicate": "非流动资产", "object_type": "金额", "subject_type": "日期", "object": "48,481.67万元", "subject": "2011年12月31日", "subject_index": {"begin": 2, "end": 13}, "object_index": {"begin": 49, "end": 60}}, {"predicate": "非流动资产", "object_type": "金额", "subject_type": "日期", "object": "41,577.60万元", "subject": "2010年12月31日", "subject_index": {"begin": 14, "end": 25}, "object_index": {"begin": 61, "end": 72}}, {"predicate": "非流动资产", "object_type": "金额", "subject_type": "日期", "object": "35,457.75万元", "subject": "2009年12月31日", "subject_index": {"begin": 26, "end": 37}, "object_index": {"begin": 73, "end": 84}}]}
{"text": "本公司固定资产构成主要为房屋建筑物、机器设备、运输设备、电子设备。截至2011年12月31日、2010年12月31日和2009年12月31日，本公司固定资产分别为19,755.83万元、19,099.20万元和18,771.13万元，固定资产占总资产的比例分别为8.36%、10.50%和13.19%。2011年末、2010年末固定资产分别较上年末同比变动了656.63万元、328.07万元，增长率分别为3.44%、1.75%。", "spo_list": [{"predicate": "固定资产", "object_type": "金额", "subject_type": "日期", "object": "19,755.83万元", "subject": "2011年12月31日", "subject_index": {"begin": 35, "end": 46}, "object_index": {"begin": 81, "end": 92}}, {"predicate": "固定资产", "object_type": "金额", "subject_type": "日期", "object": "19,099.20万元", "subject": "2010年12月31日", "subject_index": {"begin": 47, "end": 58}, "object_index": {"begin": 93, "end": 104}}, {"predicate": "固定资产", "object_type": "金额", "subject_type": "日期", "object": "18,771.13万元", "subject": "2009年12月31日", "subject_index": {"begin": 59, "end": 70}, "object_index": {"begin": 105, "end": 116}}]}
{"text": "截至2011年12月31日、2010年12月31日和2009年12月31日，本公司递延所得税资产分别为3,688.35万元、3,463.54万元和1,612.87万元，占总资产的比重分别为1.56%、1.90%和1.13%。本公司递延所得税资产形成的主要原因是应收账款、其他应收款、存货的资产减值准备余额，存货未实现内部销售损益以及同一控制下业务合并产生的差异，从而导致可抵扣暂时性差异，公司按规定确认了递延所得税资产", "spo_list": [{"predicate": "递延所得税资产", "object_type": "金额", "subject_type": "日期", "object": "3,688.35万元", "subject": "2011年12月31日", "subject_index": {"begin": 2, "end": 13}, "object_index": {"begin": 51, "end": 61}}, {"predicate": "递延所得税资产", "object_type": "金额", "subject_type": "日期", "object": "3,463.54万元", "subject": "2010年12月31日", "subject_index": {"begin": 14, "end": 25}, "object_index": {"begin": 62, "end": 72}}, {"predicate": "递延所得税资产", "object_type": "金额", "subject_type": "日期", "object": "1,612.87万元", "subject": "2009年12月31日", "subject_index": {"begin": 26, "end": 37}, "object_index": {"begin": 73, "end": 83}}]}
{"text": "截至2011年12月31日、2010年12月31日和2009年12月31日，本公司银行借款分别为17,980.58万元、30,718.26万元和47,378.22万元。", "spo_list": [{"predicate": "长期借款", "object_type": "金额", "subject_type": "日期", "object": "17,980.58万元", "subject": "2011年12月31日", "subject_index": {"begin": 2, "end": 13}, "object_index": {"begin": 48, "end": 59}}, {"predicate": "长期借款", "object_type": "金额", "subject_type": "日期", "object": "30,718.26万元", "subject": "2010年12月31日", "subject_index": {"begin": 14, "end": 25}, "object_index": {"begin": 60, "end": 71}}, {"predicate": "长期借款", "object_type": "金额", "subject_type": "日期", "object": "47,378.22万元", "subject": "2009年12月31日", "subject_index": {"begin": 26, "end": 37}, "object_index": {"begin": 72, "end": 83}}]}
{"text": "随着业务规模的扩大，公司日常经营特别是存货储备所需资金也同步增加，为有效使用资金，公司采用银行承兑汇票支付部分原材料和成品鞋的采购款。公司应付票据2011年末、2010年末余额较上年末增加了15,937.93万元、26,260.51万元，主要原因是公司为降低资金使用成本，提高资金使用效率，增加了应付票据支付额度，导致2011年末、2010年末应付票据余额增长较大。", "spo_list": [{"predicate": "应付票据", "object_type": "金额", "subject_type": "日期", "object": "15,937.93万元", "subject": "2011年末", "subject_index": {"begin": 73, "end": 79}, "object_index": {"begin": 95, "end": 106}}, {"predicate": "应付票据", "object_type": "金额", "subject_type": "日期", "object": "26,260.51万元", "subject": "2010年末", "subject_index": {"begin": 80, "end": 86}, "object_index": {"begin": 107, "end": 118}}]}
{"text": "本公司预收款项主要是对于款到发货的经销商的预收货款。截至2011年12月31日、2010年12月31日和2009年12月31日，预收款项分别为1,499.11万元、89.15万元和1,088.82万元，占负债总额的比重分别为1.26%、0.08%和0.96%。", "spo_list": [{"predicate": "预收款项", "object_type": "金额", "subject_type": "日期", "object": "1,499.11万元", "subject": "2011年12月31日", "subject_index": {"begin": 28, "end": 39}, "object_index": {"begin": 71, "end": 81}}, {"predicate": "预收款项", "object_type": "金额", "subject_type": "日期", "object": "89.15万元", "subject": "2010年12月31日", "subject_index": {"begin": 40, "end": 51}, "object_index": {"begin": 82, "end": 89}}, {"predicate": "预收款项", "object_type": "金额", "subject_type": "日期", "object": "1,088.82万元", "subject": "2009年12月31日", "subject_index": {"begin": 52, "end": 63}, "object_index": {"begin": 90, "end": 100}}]}
{"text": "截至2011年12月31日、2010年12月31日和2009年12月31日，本公司应付利息分别为65.66万元、32.75万元和4.61万元，均为应付银行借款利息。", "spo_list": [{"predicate": "应付利息", "object_type": "金额", "subject_type": "日期", "object": "65.66万元", "subject": "2011年12月31日", "subject_index": {"begin": 2, "end": 13}, "object_index": {"begin": 48, "end": 55}}, {"predicate": "应付利息", "object_type": "金额", "subject_type": "日期", "object": "32.75万元", "subject": "2010年12月31日", "subject_index": {"begin": 14, "end": 25}, "object_index": {"begin": 56, "end": 63}}, {"predicate": "应付利息", "object_type": "金额", "subject_type": "日期", "object": "4.61万元", "subject": "2009年12月31日", "subject_index": {"begin": 26, "end": 37}, "object_index": {"begin": 64, "end": 70}}]}
{"text": "2010年末其他应付款较上年末减少了74.05%，主要是支付了2009年购买奥康集团土地及房产收购款；2009年末其他应付款中金额较大的款项为对奥康集团的其他应付款1.37亿元，产生原因为应付土地及房产收购款。2009年12月24日，公司召开2009年第八次临时股东大会，审议通过《关于收购奥康集团房地产的议案》，同意公司收购奥康集团位于瓯北镇千石工业园及瓯北镇东瓯工业园的使用权总面积为95,683.80平方米的土地使用权，以及位于瓯北镇千石工业园的总面积为38,952.37平方米的房屋，上述房地产的转让价格为20,800万元。2009年末，公司尚未支付完该等房地产收购款，因此形成大额其他应付款。", "spo_list": [{"predicate": "其他应付款", "object_type": "金额", "subject_type": "日期", "object": "1.37亿元", "subject": "2009年末", "subject_index": {"begin": 51, "end": 57}, "object_index": {"begin": 82, "end": 88}}]}
{"text": "2011年度、2010年度和2009年度，本公司销售费用分别为29,416.12万元、18,927.43万元和10,693.90万元，2011年度、2010年度较上年变动率分别为55.42%、76.99%。", "spo_list": [{"predicate": "销售费用", "object_type": "金额", "subject_type": "日期", "object": "29,416.12万元", "subject": "2011年度", "subject_index": {"begin": 0, "end": 6}, "object_index": {"begin": 31, "end": 42}}, {"predicate": "销售费用", "object_type": "金额", "subject_type": "日期", "object": "18,927.43万元", "subject": "2010年度", "subject_index": {"begin": 7, "end": 13}, "object_index": {"begin": 43, "end": 54}}, {"predicate": "销售费用", "object_type": "金额", "subject_type": "日期", "object": "10,693.90万元", "subject": "2009年度", "subject_index": {"begin": 14, "end": 20}, "object_index": {"begin": 55, "end": 66}}]}
{"text": "2011年经营活动产生的现金流量净额较2010年减少了4,149.23万元，主要是2010年支付的其他与经营活动有关的现金较上年增长了17,157.96万元，支付的其他与经营活动有关的现金主要是支付的广告费、研究开发费用、培训会务费、租赁费和运输费等。", "spo_list": [{"predicate": "公司经营活动产生的现金流量净额", "object_type": "金额", "subject_type": "日期", "object": "4,149.23万元", "subject": "2011年", "subject_index": {"begin": 0, "end": 5}, "object_index": {"begin": 27, "end": 37}}]}
{"text": "2010年经营活动产生的现金流量净额较2009年增加了41,440.46万元，主要是销售商品、提供劳务收到的现金同比增加了91,475.03万元，而购买商品、接受劳务支付的现金同比仅增加了13,459.99万元，支付的各项税费同比也仅增加了13,110.07万元，从而导致经营活动产生的现金流量净额增加。", "spo_list": [{"predicate": "公司经营活动产生的现金流量净额", "object_type": "金额", "subject_type": "日期", "object": "41,440.46万元", "subject": "2010年", "subject_index": {"begin": 0, "end": 5}, "object_index": {"begin": 27, "end": 38}}]}
{"text": "2011年度、2010年度和2009年度，本公司筹资活动产生的现金流量净额分别为-2,479.88万元、1,865.93万元和24,721.80万元，其中，筹资活动现金流入分别为32,992.53万元、77,938.31万元和91,750.50万元，筹资活动现金流出分别为35,472.42万元、76,072.39万元和67,028.69万元。筹资活动产生的现金流入主要是借款所收到的现金，报告期内分别为30,970.51万元、62,938.31万元和80,106.70万元，2010年引进新投资者收到15,000万元增资款；筹资活动产生的现金流出主要是偿还债务所支付的现金，报告期内分别为34,208.19万元、68,584.62万元和64,862.96万元。", "spo_list": [{"predicate": "公司筹资活动产生的现金流量净额", "object_type": "金额", "subject_type": "日期", "object": "-2,479.88万元", "subject": "2011年度", "subject_index": {"begin": 0, "end": 6}, "object_index": {"begin": 40, "end": 51}}, {"predicate": "公司筹资活动产生的现金流量净额", "object_type": "金额", "subject_type": "日期", "object": "1,865.93万元", "subject": "2010年度", "subject_index": {"begin": 7, "end": 13}, "object_index": {"begin": 52, "end": 62}}, {"predicate": "公司筹资活动产生的现金流量净额", "object_type": "金额", "subject_type": "日期", "object": "24,721.80万元", "subject": "2009年度", "subject_index": {"begin": 14, "end": 20}, "object_index": {"begin": 63, "end": 74}}]}
{"text": "2010年11月8日，公司召开2010年第二次临时股东大会，审议通过利润分配及资本公积转增股本的议案，以未分配利润和资本公积转增股本共计人民币20,770.63万元，其中未分配利润转增股本6,736.42万元。", "spo_list": []}
{"text": "2001年8月7日，浙江东方会计师事务所有限公司出具浙东会验（2001）字第123号《验资报告》，验证截至2001年8月7日，公司已收到全体股东缴纳的注册资本合计7,000万元，其中王振滔、王进权、缪彦枢与潘长忠以货币出资共计3,500万元，奥康集团以实物出资共计3,500万元。实物包括共计26,427.62平方米的房屋及1,221台（套）设备，该等实物的评估价值为4,578.98元，超出奥康集团此次出资额3,500万元的部分作为公司对奥康集团的负债处理。同时确认截至2001年8月7日，以房屋及设备（包括国产设备和进口设备）出资的奥康集团尚未就其中的房屋及进口设备办妥房屋所有权的过户手续及进口设备所属的项目转移手续。对于上述事项，奥康集团补足出资情况详见本节之“二、发行人设立情况”之“（六）发起人出资资产的产权变更手续办理情况”。", "spo_list": [{"predicate": "截止日期", "object_type": "日期", "subject_type": "报告", "object": "2001年8月7日", "subject": "《验资报告》", "subject_index": {"begin": 42, "end": 48}, "object_index": {"begin": 53, "end": 62}}, {"predicate": "货币资金", "object_type": "金额", "subject_type": "日期", "object": "3,500万元", "subject": "2001年8月7日", "subject_index": {"begin": 0, "end": 9}, "object_index": {"begin": 113, "end": 120}}]}
{"text": "2008年末，奥康制造固定资产账面价值4,198.39万元，公司仅收购价值1,797.28万元的生产设备；其余固定资产为房屋建筑物，公司在2009年收购奥康集团房地产时已收购该等房屋建筑物。", "spo_list": [{"predicate": "固定资产", "object_type": "金额", "subject_type": "日期", "object": "4,198.39万元", "subject": "2008年末", "subject_index": {"begin": 0, "end": 6}, "object_index": {"begin": 19, "end": 29}}]}
{"text": "2001年8月7日，浙江东方会计师事务所有限公司出具浙东会验（2001）字第123号《验资报告》，验证截至2001年8月7日，公司已收到全体股东缴纳的注册资本合计7,000万元，其中王振滔、王进权、缪彦枢与潘长忠以货币出资共计3,500万元，奥康集团以实物出资共计3,500万元。实物包括共计26,427.62平方米的房屋及1,221台（套）设备，该等实物的评估价值为4,578.98万元，超出奥康集团此次出资额3,500万元的部分，作为公司对奥康集团的负债处理。", "spo_list": [{"predicate": "截止日期", "object_type": "日期", "subject_type": "报告", "object": "2001年8月7日", "subject": "《验资报告》", "subject_index": {"begin": 42, "end": 48}, "object_index": {"begin": 53, "end": 62}}, {"predicate": "货币资金", "object_type": "金额", "subject_type": "日期", "object": "3,500万元", "subject": "2001年8月7日", "subject_index": {"begin": 0, "end": 9}, "object_index": {"begin": 113, "end": 120}}]}
{"text": "2009年2月9日，奥康集团召开股东会，同意各股东按原有出资比例对奥康集团增资6,900万元，出资方式为货币资金。", "spo_list": [{"predicate": "货币资金", "object_type": "金额", "subject_type": "日期", "object": "6,900万元", "subject": "2009年2月9日", "subject_index": {"begin": 0, "end": 9}, "object_index": {"begin": 39, "end": 46}}]}
{"text": "周盘山先生：中国国籍，无境外永久居留权，毕业于合肥工业大学，大专学历。先后担任奥康集团采购经理，公司外贸部大客户经理，公司瓯北制造中心总经理。现任本公司监事、重庆红火鸟总经理。", "spo_list": [{"predicate": "大专", "object_type": "学历", "subject_type": "人物", "object": "大专学历", "subject": "周盘山", "subject_index": {"begin": 0, "end": 3}, "object_index": {"begin": 30, "end": 34}}]}
{"text": "截至2011年12月31日，本公司其他应付款为4,335.14万元，无应付持有本公司5%（含5%）以上表决权股份的股东单位的款项情况。", "spo_list": [{"predicate": "其他应付款", "object_type": "金额", "subject_type": "日期", "object": "4,335.14万元", "subject": "2011年12月31日", "subject_index": {"begin": 2, "end": 13}, "object_index": {"begin": 23, "end": 33}}]}
{"text": "截至2011年12月31日、2010年12月31日和2009年12月31日，本公司流动资产分别为187,887.20万元、140,304.51万元和106,823.62万元，2011年末、2010年末流动资产较上年同比增长了47,582.69万元、33,480.89万元，同比增长率分别为33.91%、31.34%", "spo_list": [{"predicate": "流动资产", "object_type": "金额", "subject_type": "日期", "object": "187,887.20万元", "subject": "2011年12月31日", "subject_index": {"begin": 2, "end": 13}, "object_index": {"begin": 48, "end": 60}}, {"predicate": "流动资产", "object_type": "金额", "subject_type": "日期", "object": "140,304.51万元", "subject": "2010年12月31日", "subject_index": {"begin": 14, "end": 25}, "object_index": {"begin": 61, "end": 73}}, {"predicate": "流动资产", "object_type": "金额", "subject_type": "日期", "object": "106,823.62万元", "subject": "009年12月31日", "subject_index": {"begin": 27, "end": 37}, "object_index": {"begin": 74, "end": 86}}, {"predicate": "流动资产", "object_type": "金额", "subject_type": "日期", "object": "47,582.69万元", "subject": "2011年末", "subject_index": {"begin": 87, "end": 93}, "object_index": {"begin": 112, "end": 123}}, {"predicate": "流动资产", "object_type": "金额", "subject_type": "日期", "object": "33,480.89万元", "subject": "2010年末", "subject_index": {"begin": 94, "end": 100}, "object_index": {"begin": 124, "end": 135}}]}
{"text": "截至2011年12月31日、2010年12月31日和2009年12月31日，本公司其他应收款分别为2,160.74万元、1,383.35万元和1,010.04万元。2011年末、2010年末其他应收款分别较上年末增加了777.39万元、373.31万元。报告期末公司其他应收款主要是区域销售公司支付的各类押金，以及应收出口退税款等。2011年末其他应收款较2010年末增加的主要原因是2011年各地新开直营店的房租押金，政府采购招标保证金增加。", "spo_list": [{"predicate": "长期应收款", "object_type": "金额", "subject_type": "日期", "object": "2,160.74万元", "subject": "2011年12月31日", "subject_index": {"begin": 2, "end": 13}, "object_index": {"begin": 49, "end": 59}}, {"predicate": "长期应收款", "object_type": "金额", "subject_type": "日期", "object": "1,383.35万元", "subject": "2010年12月31日", "subject_index": {"begin": 14, "end": 25}, "object_index": {"begin": 60, "end": 70}}, {"predicate": "长期应收款", "object_type": "金额", "subject_type": "日期", "object": "1,010.04万元", "subject": "2009年12月31日", "subject_index": {"begin": 26, "end": 37}, "object_index": {"begin": 71, "end": 81}}, {"predicate": "长期应收款", "object_type": "金额", "subject_type": "日期", "object": "373.31万元", "subject": "2010年末", "subject_index": {"begin": 89, "end": 95}, "object_index": {"begin": 118, "end": 126}}, {"predicate": "长期应收款", "object_type": "金额", "subject_type": "日期", "object": "777.39万元", "subject": "2011年末", "subject_index": {"begin": 82, "end": 88}, "object_index": {"begin": 109, "end": 117}}]}
{"text": "截至2011年12月31日、2010年12月31日和2009年12月31日，公司长期待摊费用分别为4,151.65万元、603.75万元和142.52万元，占总资产的比例分别为1.76%、0.33%和0.10%。2011年末长期待摊费用较2010年末增加了3,547.90万元，主要原因是2011年新增店铺的店面装修费用及预付的长期租金。", "spo_list": [{"predicate": "长期待摊费用", "object_type": "金额", "subject_type": "日期", "object": "4,151.65万元", "subject": "2011年12月31日", "subject_index": {"begin": 2, "end": 13}, "object_index": {"begin": 49, "end": 59}}, {"predicate": "长期待摊费用", "object_type": "金额", "subject_type": "日期", "object": "603.75万元", "subject": "2010年12月31日", "subject_index": {"begin": 14, "end": 25}, "object_index": {"begin": 60, "end": 68}}, {"predicate": "长期待摊费用", "object_type": "金额", "subject_type": "日期", "object": "142.52万元", "subject": "2009年12月31日", "subject_index": {"begin": 26, "end": 37}, "object_index": {"begin": 69, "end": 77}}, {"predicate": "长期待摊费用", "object_type": "金额", "subject_type": "日期", "object": "3,547.90万元", "subject": "2011年末", "subject_index": {"begin": 106, "end": 112}, "object_index": {"begin": 128, "end": 138}}]}
{"text": "本公司应付票据均为支付给供应商的银行承兑汇票。截至2011年12月31日、2010年12月31日和2009年12月31日，本公司应付票据余额分别为46,565.44万元、30,627.51万元和4,367.00万元，占负债总额的比重分别为39.28%、27.89%和3.86%。", "spo_list": [{"predicate": "应付票据", "object_type": "金额", "subject_type": "日期", "object": "30,627.51万元", "subject": "2010年12月31日", "subject_index": {"begin": 37, "end": 48}, "object_index": {"begin": 85, "end": 96}}, {"predicate": "应付票据", "object_type": "金额", "subject_type": "日期", "object": "46,565.44万元", "subject": "2011年12月31日", "subject_index": {"begin": 25, "end": 36}, "object_index": {"begin": 73, "end": 84}}, {"predicate": "应付票据", "object_type": "金额", "subject_type": "日期", "object": "4,367.00万元", "subject": "2009年12月31日", "subject_index": {"begin": 49, "end": 60}, "object_index": {"begin": 97, "end": 107}}, {"predicate": "资产负债率", "object_type": "日期", "subject_type": "比率", "object": "2011年12月31日", "subject": "39.28%", "subject_index": {"begin": 119, "end": 125}, "object_index": {"begin": 25, "end": 36}}, {"predicate": "资产负债率", "object_type": "日期", "subject_type": "比率", "object": "2010年12月31日", "subject": "27.89%", "subject_index": {"begin": 126, "end": 132}, "object_index": {"begin": 37, "end": 48}}, {"predicate": "资产负债率", "object_type": "日期", "subject_type": "比率", "object": "2009年12月31日", "subject": "3.86%", "subject_index": {"begin": 133, "end": 138}, "object_index": {"begin": 49, "end": 60}}]}
{"text": "截至2011年12月31日、2010年12月31日和2009年12月31日，本公司应交税费分别为7,237.12万元、4,809.05万元和7,549.70万元，均为当期发生应在下期缴纳的与公司正常经营活动有关的各项税费。2011年末应交税费较上年末增加了2,428.07万元，主要是因为收入总额和利润的增长，使得增值税和企业所得税相应增加；2010年末应交税费较上年末减少了36.30%，主要原因是2010年末存货增加，形成留抵增值税进项税额3,158.08万元。", "spo_list": [{"predicate": "应交税费", "object_type": "金额", "subject_type": "日期", "object": "7,237.12万元", "subject": "2011年12月31日", "subject_index": {"begin": 2, "end": 13}, "object_index": {"begin": 48, "end": 58}}, {"predicate": "应交税费", "object_type": "金额", "subject_type": "日期", "object": "4,809.05万元", "subject": "2010年12月31日", "subject_index": {"begin": 14, "end": 25}, "object_index": {"begin": 59, "end": 69}}, {"predicate": "应交税费", "object_type": "金额", "subject_type": "日期", "object": "7,549.70万元", "subject": "2009年12月31日", "subject_index": {"begin": 26, "end": 37}, "object_index": {"begin": 70, "end": 80}}, {"predicate": "应交税费", "object_type": "金额", "subject_type": "日期", "object": "2,428.07万元", "subject": "2011年末", "subject_index": {"begin": 111, "end": 117}, "object_index": {"begin": 128, "end": 138}}]}
{"text": "2011年度、2010年度和2009年度的息税折旧摊销前利润分别为64,783.90万元、43,063.44万元和30,095.75万元；2011年度、2010年度和2009年度的利息保障倍数分别为48.16、12.32和10.63。报告期内，本公司息税折旧摊销前利润、利息保障倍数逐年增长，表明公司主营业务盈利能力较强，自身盈利可以足额偿还借款利息。报告期末，本公司借款不存在逾期未偿还和拖欠利息的情况。", "spo_list": [{"predicate": "息税折旧摊销前利润", "object_type": "金额", "subject_type": "日期", "object": "30,095.75万元", "subject": "2009年度", "subject_index": {"begin": 14, "end": 20}, "object_index": {"begin": 57, "end": 68}}, {"predicate": "息税折旧摊销前利润", "object_type": "金额", "subject_type": "日期", "object": "43,063.44万元", "subject": "2010年度", "subject_index": {"begin": 7, "end": 13}, "object_index": {"begin": 45, "end": 56}}, {"predicate": "息税折旧摊销前利润", "object_type": "金额", "subject_type": "日期", "object": "64,783.90万元", "subject": "2011年度", "subject_index": {"begin": 0, "end": 6}, "object_index": {"begin": 33, "end": 44}}]}
{"text": "2011年度、2010年度和2009年度，本公司营业成本分别为194,095.33万元、148,998.20万元和118,235.72万元，2011年度、2010年度同比增长率分别为30.27%、26.02%。营业成本构成主要是主营业务成本，报告期内主营业务成本一直占比98%以上。", "spo_list": [{"predicate": "总营业成本", "object_type": "金额", "subject_type": "日期", "object": "118,235.72万元", "subject": "2009年度", "subject_index": {"begin": 14, "end": 20}, "object_index": {"begin": 57, "end": 69}}, {"predicate": "总营业成本", "object_type": "金额", "subject_type": "日期", "object": "148,998.20万元", "subject": "2010年度", "subject_index": {"begin": 7, "end": 13}, "object_index": {"begin": 44, "end": 56}}, {"predicate": "总营业成本", "object_type": "金额", "subject_type": "日期", "object": "194,095.33万元", "subject": "2011年度", "subject_index": {"begin": 0, "end": 6}, "object_index": {"begin": 31, "end": 43}}]}
{"text": "2011年度、2010年度和2009年度，本公司财务费用分别为840.91万元、3,167.92万元和2,425.95万元。公司财务费用主要为银行借款利息支出，2011年度、2010年和2009年分别为1,264.22万元、3,281.33万元和2,680.00万元，利息支出的波动主要原因是央行调整人民币贷款基准利率，以及公司增加使用利率较低的商业票据融资。2011年度利息支出较2010年度下降了61.47%，主要原因是本年票据贴现息减少及银行贷款的减少；2011年度汇兑收益较2010年度大幅增加，主要原因是本年应付外币款项外币余额增加及外币借款增加。", "spo_list": [{"predicate": "财务费用", "object_type": "金额", "subject_type": "日期", "object": "840.91万元", "subject": "2011年度", "subject_index": {"begin": 0, "end": 6}, "object_index": {"begin": 31, "end": 39}}, {"predicate": "财务费用", "object_type": "金额", "subject_type": "日期", "object": "3,167.92万元", "subject": "2010年度", "subject_index": {"begin": 7, "end": 13}, "object_index": {"begin": 40, "end": 50}}, {"predicate": "财务费用", "object_type": "金额", "subject_type": "日期", "object": "2,425.95万元", "subject": "2009年度", "subject_index": {"begin": 14, "end": 20}, "object_index": {"begin": 51, "end": 61}}, {"predicate": "应付利息", "object_type": "金额", "subject_type": "日期", "object": "2,680.00万元", "subject": "2009年度", "subject_index": {"begin": 14, "end": 20}, "object_index": {"begin": 123, "end": 133}}, {"predicate": "应付利息", "object_type": "金额", "subject_type": "日期", "object": "3,281.33万元", "subject": "2010年度", "subject_index": {"begin": 7, "end": 13}, "object_index": {"begin": 112, "end": 122}}, {"predicate": "应付利息", "object_type": "金额", "subject_type": "日期", "object": "1,264.22万元", "subject": "2011年度", "subject_index": {"begin": 0, "end": 6}, "object_index": {"begin": 101, "end": 111}}]}
