{"text": "2017年5月15日，华普天健会计师事务所（特殊普通合伙）出具《审计报告》（会审字【2017】4062号），截至2017年3月31日，八方有限净资产合计135,075,748.51元。", "spo_list": [{"predicate": "截止日期", "object_type": "日期", "subject_type": "报告", "object": "2017年3月31日", "subject": "《审计报告》", "subject_index": {"begin": 31, "end": 37}, "object_index": {"begin": 56, "end": 66}}]}
{"text": "采购渠道、供应商方面，因迈尔世通产品在规格尺寸、结构设计及应用领域方面与发行人存在较大差异，采购需求及原材料差异较为明显，主要供应商与发行人不相重合。但因部分零部件属于同一大类，且生产场地均在苏州工业园区，供应商与发行人存在少量重叠，但两者所采购产品在规格尺寸、技术参数等方面亦存在较大差异，2016年、2017年、2018年，迈尔世通向与发行人重叠的供应商的采购金额分别为255.89万元、142.25万元、26.68万元，金额较低，且下降明显。报告期内，迈尔世通拥有独立的业务体系，独立与供应商签订采购合同或订单。迈尔世通向与发行人重叠的供应商的采购产品的价格由其依据市场价格与供应商协商确定，价格公允。", "spo_list": [{"predicate": "财务费用", "object_type": "金额", "subject_type": "日期", "object": "255.89万元", "subject": "2016年", "subject_index": {"begin": 146, "end": 151}, "object_index": {"begin": 187, "end": 195}}, {"predicate": "财务费用", "object_type": "金额", "subject_type": "日期", "object": "142.25万元", "subject": "2017年", "subject_index": {"begin": 152, "end": 157}, "object_index": {"begin": 196, "end": 204}}, {"predicate": "财务费用", "object_type": "金额", "subject_type": "日期", "object": "26.68万元", "subject": "2018年", "subject_index": {"begin": 158, "end": 163}, "object_index": {"begin": 205, "end": 212}}]}
{"text": "傅世军先生，中国国籍，无境外永久居留权，1969年8月生，大专学历。1986年12月至1998年12月，供职于南京控制电机厂，任技术员；1998年12月至2000年10月供职于南京控达电机制造有限公司，任技术员；2001年1月至2003年10月，供职于南京合力电机厂，任技术员；2003年10月至2006年10月，供职于宁波市宝洋电器有限公司，任技术工程师。2006年10月至今在发行人任职，现任本公司董事、研发部副经理。", "spo_list": [{"predicate": "大专", "object_type": "学历", "subject_type": "人物", "object": "大专", "subject": "傅世军", "subject_index": {"begin": 0, "end": 3}, "object_index": {"begin": 29, "end": 31}}]}
{"text": "冯华先生，中国国籍，无境外永久居留权，1974年12月生，大专学历。1999年1月至2012年10月，供职于耀马车业（中国）有限公司，历任品保组长、技术科长、业务主管；2012年10月至今在发行人任职，现任本公司监事会主席，项目部经理。", "spo_list": [{"predicate": "大专", "object_type": "学历", "subject_type": "人物", "object": "大专", "subject": "冯华", "subject_index": {"begin": 0, "end": 2}, "object_index": {"begin": 29, "end": 31}}]}
{"text": "殷萍女士，中国国籍，无境外永久居留权，1969年11月生，大专学历。1988年7月至2006年7月，供职于常州无线电总厂（后改制设立常州无线电厂有限公司），历任统计员、综合办统计师；2006年11月至今在发行人任职。现任本公司职工代表监事、人事行政中心经理。", "spo_list": [{"predicate": "大专", "object_type": "学历", "subject_type": "人物", "object": "大专", "subject": "殷萍", "subject_index": {"begin": 0, "end": 2}, "object_index": {"begin": 29, "end": 31}}]}
{"text": "截止至2019年6月30日、2018年12月31日、2017年12月31日，八方电气合并财务报表应收账款余额分别为人民币17,867.08万元、15,401.17万元、9,694.15万元。公司根据应收账款的可回收性为判断基础确认坏账准备，坏账准备余额分别为人民币909.88万元、850.38万元、541.42万元。应收账款期末账面价值的确定需要管理层识别已发生减值的项目和客观证据、评估预期未来可获取的现金流量及其现值，涉及管理层运用重大会计估计和判断，且应收账款的可收回性对于财务报表具有重要性，因此，申报会计师将应收账款的可收回性认定为关键审计事项。", "spo_list": [{"predicate": "坏账准备", "object_type": "金额", "subject_type": "日期", "object": "909.88万元", "subject": "2019年6月30日", "subject_index": {"begin": 3, "end": 13}, "object_index": {"begin": 132, "end": 140}}, {"predicate": "坏账准备", "object_type": "金额", "subject_type": "日期", "object": "850.38万元", "subject": "2018年12月31日", "subject_index": {"begin": 14, "end": 25}, "object_index": {"begin": 141, "end": 149}}, {"predicate": "坏账准备", "object_type": "金额", "subject_type": "日期", "object": "541.42万元", "subject": "2017年12月31日", "subject_index": {"begin": 26, "end": 37}, "object_index": {"begin": 150, "end": 158}}]}
{"text": "截至2019年6月30日，公司无形资产原值为37,795,737.07元，累计摊销为5,603,583.48元，不存在需计提减值准备的情况，无形资产账面价值为32,192,153.59元。报告期期末，各类无形资产情况如下", "spo_list": [{"predicate": "无形资产", "object_type": "金额", "subject_type": "日期", "object": "37,795,737.07元", "subject": "2019年6月30日", "subject_index": {"begin": 2, "end": 12}, "object_index": {"begin": 22, "end": 36}}]}
{"text": "截至2019年6月30日，本公司负债合计为222,680,670.99元，主要包括应付账款、应交税费、预收款项等，无重大或有负债。", "spo_list": [{"predicate": "总负债", "object_type": "金额", "subject_type": "日期", "object": "222,680,670.99元", "subject": "2019年6月30日", "subject_index": {"begin": 2, "end": 12}, "object_index": {"begin": 21, "end": 36}}]}
{"text": "截至2019年6月30日，公司其他应付款余额为6,531,370.84元，较2018年末大幅增长，主要系新厂房建设投标保证金增加较多所致，无应付持有公司5%以上（含5%）表决权股份的股东单位款项。", "spo_list": [{"predicate": "其他应付款", "object_type": "金额", "subject_type": "日期", "object": "6,531,370.84元", "subject": "2019年6月30日", "subject_index": {"begin": 2, "end": 12}, "object_index": {"begin": 23, "end": 36}}]}
{"text": "2017年6月，八方有限整体变更为股份有限公司，中水致远资产评估有限公司以2017年3月31日为基准日，对八方有限资产进行评估，并出具了《苏州八方电机科技有限公司拟整体变更设立股份有限公司项目资产评估报告》（中水致远评报字【2017】第020129号），其评估方法为资产基础法。截至2017年3月31日，八方有限净资产账面值为13,507.57万元，评估值为15,469.53万元，评估增值为1,961.96万元，增值率为14.52%。", "spo_list": [{"predicate": "净资产评估值", "object_type": "金额", "subject_type": "日期", "object": "15,469.53万元", "subject": "2017年3月31日", "subject_index": {"begin": 141, "end": 151}, "object_index": {"begin": 179, "end": 190}}]}
{"text": "报告期内，公司流动资产伴随公司产销规模扩张而同步增长。2019年6月末、2018年末、2017年末、2016年末，公司流动资产分别为74,621.07万元、63,624.27万元、42,677.03万元、26,630.67万元，2019年6月末、2018年末、2017年末分别较上期末增长17.28%、49.08%、60.26%。", "spo_list": [{"predicate": "流动资产", "object_type": "金额", "subject_type": "日期", "object": "74,621.07万元", "subject": "2019年6月末", "subject_index": {"begin": 27, "end": 35}, "object_index": {"begin": 66, "end": 77}}, {"predicate": "流动资产", "object_type": "金额", "subject_type": "日期", "object": "63,624.27万元", "subject": "2018年末", "subject_index": {"begin": 36, "end": 42}, "object_index": {"begin": 78, "end": 89}}, {"predicate": "流动资产", "object_type": "金额", "subject_type": "日期", "object": "42,677.03万元", "subject": "2017年末", "subject_index": {"begin": 43, "end": 49}, "object_index": {"begin": 90, "end": 101}}, {"predicate": "流动资产", "object_type": "金额", "subject_type": "日期", "object": "26,630.67万元", "subject": "2016年末", "subject_index": {"begin": 50, "end": 56}, "object_index": {"begin": 102, "end": 113}}]}
{"text": "报告期各期末，公司应收票据余额全部来自于客户结算款，均为银行承兑汇票，银行承兑汇票的信用等级和变现能力较强，资金回收基本不存在风险。2019年6月末、2018年末、2017年末、2016年末，公司应收票据余额分别为8,594.84万元、4,240.22万元、3,731.07万元、344.79万元，占流动资产的比重分别为11.52%、6.66%、8.74%、1.29%，主要系境内销售规模增长，且部分境内客户的票据结算增加。2019年6月末，公司应收票据金额增长较多，主要系公司2019年上半年对美国共享电踏车品牌JUMP的国内整车装配商深圳市喜德盛自行车股份有限公司销售较多，该客户以票据结算为主。2019年6月末，公司对深圳市喜德盛自行车股份有限公司应收票据余额达2,591万元。", "spo_list": [{"predicate": "应收票据", "object_type": "金额", "subject_type": "日期", "object": "8,594.84万元", "subject": "2019年6月末", "subject_index": {"begin": 66, "end": 74}, "object_index": {"begin": 107, "end": 117}}, {"predicate": "应收票据", "object_type": "金额", "subject_type": "日期", "object": "4,240.22万元", "subject": "2018年末", "subject_index": {"begin": 75, "end": 81}, "object_index": {"begin": 118, "end": 128}}, {"predicate": "应收票据", "object_type": "金额", "subject_type": "日期", "object": "3,731.07万元", "subject": "2017年末", "subject_index": {"begin": 82, "end": 88}, "object_index": {"begin": 129, "end": 139}}, {"predicate": "应收票据", "object_type": "金额", "subject_type": "日期", "object": "344.79万元", "subject": "2016年末", "subject_index": {"begin": 89, "end": 95}, "object_index": {"begin": 140, "end": 148}}]}
{"text": "报告期各期末，公司预付款金额较小，占流动资产比例较低，账龄均在1年以内。2019年6月末、2018年末、2017年末、2016年末，公司预付款项账面余额分别为70.13万元、52.71万元、69.39万元、60.59万元，占流动资产比重分别为0.09%、0.08%、0.16%、0.23%。预付款主要系预付的货款、检测费、油费、通讯费、电费等。", "spo_list": [{"predicate": "预付款项", "object_type": "金额", "subject_type": "日期", "object": "70.13万元", "subject": "2019年6月末", "subject_index": {"begin": 36, "end": 44}, "object_index": {"begin": 79, "end": 86}}, {"predicate": "预付款项", "object_type": "金额", "subject_type": "日期", "object": "52.71万元", "subject": "2018年末", "subject_index": {"begin": 45, "end": 51}, "object_index": {"begin": 87, "end": 94}}, {"predicate": "预付款项", "object_type": "金额", "subject_type": "日期", "object": "69.39万元", "subject": "2017年末", "subject_index": {"begin": 52, "end": 58}, "object_index": {"begin": 95, "end": 102}}, {"predicate": "预付款项", "object_type": "金额", "subject_type": "日期", "object": "60.59万元", "subject": "2016年末", "subject_index": {"begin": 59, "end": 65}, "object_index": {"begin": 103, "end": 110}}]}
{"text": "报告期内，公司其他应收款金额较小。2019年6月末、2018年末、2017年末、2016年末，公司其他应收款净值分别为269.90万元、351.67万元、97.42万元、153.97万元，占流动资产的比重分别为0.36%、0.55%、0.23%、0.58%。", "spo_list": [{"predicate": "其他应收款净额", "object_type": "金额", "subject_type": "日期", "object": "269.90万元", "subject": "。2019年6月末", "subject_index": {"begin": 16, "end": 25}, "object_index": {"begin": 59, "end": 67}}, {"predicate": "其他应收款净额", "object_type": "金额", "subject_type": "日期", "object": "351.67万元", "subject": "2018年末", "subject_index": {"begin": 26, "end": 32}, "object_index": {"begin": 68, "end": 76}}, {"predicate": "其他应收款净额", "object_type": "金额", "subject_type": "日期", "object": "97.42万元", "subject": "2017年末", "subject_index": {"begin": 33, "end": 39}, "object_index": {"begin": 77, "end": 84}}, {"predicate": "其他应收款净额", "object_type": "金额", "subject_type": "日期", "object": "153.97万元", "subject": "2016年末", "subject_index": {"begin": 40, "end": 46}, "object_index": {"begin": 85, "end": 93}}]}
{"text": "报告期内，公司递延所得税资产主要由计提的坏账准备、存货跌价准备、预计负债以及内部交易未实现利润产生的可抵扣暂时性差异引起。2019年6月末、2018年末、2017年末、2016年末，公司确认的递延所得税资产分别为190.69万元、203.84万元、118.56万元、146.92万元，除应收账款随业务量的增长计提的坏账准备相应增长由此形成的递延所得税资产同步增长外，主要系就与Sunstar公司的专利诉讼计提的预计负债及转回所致。", "spo_list": [{"predicate": "递延所得税资产", "object_type": "金额", "subject_type": "日期", "object": "190.69万元", "subject": "2019年6月末", "subject_index": {"begin": 61, "end": 69}, "object_index": {"begin": 106, "end": 114}}, {"predicate": "递延所得税资产", "object_type": "金额", "subject_type": "日期", "object": "203.84万元", "subject": "2018年末", "subject_index": {"begin": 70, "end": 76}, "object_index": {"begin": 115, "end": 123}}, {"predicate": "递延所得税资产", "object_type": "金额", "subject_type": "日期", "object": "118.56万元", "subject": "2017年末", "subject_index": {"begin": 77, "end": 83}, "object_index": {"begin": 124, "end": 132}}, {"predicate": "递延所得税资产", "object_type": "金额", "subject_type": "日期", "object": "146.92万元", "subject": "2016年末", "subject_index": {"begin": 84, "end": 90}, "object_index": {"begin": 133, "end": 141}}]}
{"text": "报告期内，公司未作为出票人开具银行承兑汇票。报告期各期末，应付票据的余额均为0，应付账款主要为未结算的采购款。随着公司产销规模不断扩大，公司应付账款余额逐年增长，2019年6月末、2018年末、2017年末、2016年末，公司应付账款余额分别为16,389.14万元、17,869.37万元、13,486.97万元、7,937.62万元，2018年末、2017年末，公司应付账款余额分别较上期末增长32.49%、69.91%，主要系随着业务规模的扩大，公司采购增加较多所致。2019年6月末，公司应付账款余额较上期末略有下降", "spo_list": [{"predicate": "应付账款", "object_type": "金额", "subject_type": "日期", "object": "16,389.14万元", "subject": "2019年6月末", "subject_index": {"begin": 81, "end": 89}, "object_index": {"begin": 122, "end": 133}}, {"predicate": "应付账款", "object_type": "金额", "subject_type": "日期", "object": "17,869.37万元", "subject": "2018年末", "subject_index": {"begin": 90, "end": 96}, "object_index": {"begin": 134, "end": 145}}, {"predicate": "应付账款", "object_type": "金额", "subject_type": "日期", "object": "13,486.97万元", "subject": "2017年末", "subject_index": {"begin": 97, "end": 103}, "object_index": {"begin": 146, "end": 157}}, {"predicate": "应付账款", "object_type": "金额", "subject_type": "日期", "object": "7,937.62万元", "subject": "2016年末", "subject_index": {"begin": 104, "end": 110}, "object_index": {"begin": 158, "end": 168}}]}
{"text": "2019年6月末、2018年末、2017年末、2016年末，公司其他应付款分别为653.14万元、26.90万元、24.05万元、28.89万元，占负债总额的比重分别为2.93%、0.12%、0.13%、0.25%。报告期前3年末，其他应付款的金额较小，占比较低。截至2019年6月末，公司其他应付款金额为653.14万元，较2018年末大幅增长，主要系新厂房建设投标保证金增加较多所致。截至2019年6月末，公司无账龄超过1年的重要其他应付款。", "spo_list": [{"predicate": "其他应付款", "object_type": "金额", "subject_type": "日期", "object": "653.14万元", "subject": "2019年6月末", "subject_index": {"begin": 0, "end": 8}, "object_index": {"begin": 40, "end": 48}}, {"predicate": "其他应付款", "object_type": "金额", "subject_type": "日期", "object": "26.90万元", "subject": "2018年末", "subject_index": {"begin": 9, "end": 15}, "object_index": {"begin": 49, "end": 56}}, {"predicate": "其他应付款", "object_type": "金额", "subject_type": "日期", "object": "24.05万元", "subject": "2017年末", "subject_index": {"begin": 16, "end": 22}, "object_index": {"begin": 57, "end": 64}}, {"predicate": "其他应付款", "object_type": "金额", "subject_type": "日期", "object": "28.89万元", "subject": "2016年末", "subject_index": {"begin": 23, "end": 29}, "object_index": {"begin": 65, "end": 72}}]}
{"text": "截至2019年6月30日，公司总资产为80,743.57万元，其中流动资产74,621.07万元，非流动资产6,122.50万元。非流动资产中，固定资产2,293.78万元，无形资产3,219.22万元。公司固定资产主要为房屋及建筑物、机器设备、运输工具、电子及其他设备", "spo_list": [{"predicate": "流动资产", "object_type": "金额", "subject_type": "日期", "object": "74,621.07万元", "subject": "2019年6月30日", "subject_index": {"begin": 2, "end": 12}, "object_index": {"begin": 37, "end": 48}}, {"predicate": "非流动资产", "object_type": "金额", "subject_type": "日期", "object": "6,122.50万元", "subject": "2019年6月30日", "subject_index": {"begin": 2, "end": 12}, "object_index": {"begin": 54, "end": 64}}]}
{"text": "截止至2019年6月30日、2018年12月31日、2017年12月31日，八方电气合并财务报表存货余额分别为人民币12,974.65万元、12,014.35万元、11,043.19万元，存货跌价准备余额分别为人民币149.89万元、179.89万元、159.93万元。公司管理层于每个资产负债表日将存货成本与其可变现净值进行比较，并按成本高于可变现净值的差额计提存货跌价准备。由于在确定存货跌价准备时涉及重大的管理层判断，因此申报会计师将存货跌价准备作为关键审计事项。（2）审计应对", "spo_list": [{"predicate": "存货", "object_type": "金额", "subject_type": "日期", "object": "12,974.65万元", "subject": "2019年6月30日", "subject_index": {"begin": 3, "end": 13}, "object_index": {"begin": 58, "end": 69}}, {"predicate": "存货", "object_type": "金额", "subject_type": "日期", "object": "12,014.35万元", "subject": "2018年12月31日", "subject_index": {"begin": 14, "end": 25}, "object_index": {"begin": 70, "end": 81}}, {"predicate": "存货", "object_type": "金额", "subject_type": "日期", "object": "11,043.19万元", "subject": "2017年12月31日", "subject_index": {"begin": 26, "end": 37}, "object_index": {"begin": 82, "end": 93}}, {"predicate": "存货", "object_type": "金额", "subject_type": "日期", "object": "149.89万元", "subject": "2019年6月30日", "subject_index": {"begin": 3, "end": 13}, "object_index": {"begin": 108, "end": 116}}, {"predicate": "存货", "object_type": "金额", "subject_type": "日期", "object": "179.89万元", "subject": "2018年12月31日", "subject_index": {"begin": 14, "end": 25}, "object_index": {"begin": 117, "end": 125}}, {"predicate": "存货", "object_type": "金额", "subject_type": "日期", "object": "159.93万元。", "subject": "2017年12月31日", "subject_index": {"begin": 26, "end": 37}, "object_index": {"begin": 126, "end": 135}}]}
{"text": "2019年6月末、2018年末、2017年末，公司应收账款净额分别较上期末增加2,406.40万元、5,398.06万元、2,157.03万元，增幅分别为16.54%、58.98%、30.83%。2018年末、2017年末、2016年末，公司应收账款账面价值与应收票据之和占营业收入的比例分别为19.95%、20.94%、18.74%，较为稳定。2019年6月末，公司应收账款账面价值与应收票据之和占营业收入的比例较高，主要系营业收入金额仅有半年。", "spo_list": [{"predicate": "应收账款净额", "object_type": "金额", "subject_type": "日期", "object": "2,406.40万元", "subject": "2019年6月末", "subject_index": {"begin": 0, "end": 8}, "object_index": {"begin": 39, "end": 49}}, {"predicate": "应收账款净额", "object_type": "金额", "subject_type": "日期", "object": "5,398.06万元", "subject": "2018年末", "subject_index": {"begin": 9, "end": 15}, "object_index": {"begin": 50, "end": 60}}, {"predicate": "应收账款净额", "object_type": "金额", "subject_type": "日期", "object": "2,157.03万元", "subject": "2017年末", "subject_index": {"begin": 16, "end": 22}, "object_index": {"begin": 61, "end": 71}}]}
{"text": "2019年6月末、2018年末、2017年末、2016年末，公司存货账面价值分别为12,824.76万元、11,834.46万元、10,883.26万元、6,348.07万元，占流动资产的比重分别为17.19%、18.60%、25.50%、23.84%。", "spo_list": [{"predicate": "存货", "object_type": "金额", "subject_type": "日期", "object": "12,824.76万元", "subject": "2019年6月末", "subject_index": {"begin": 0, "end": 8}, "object_index": {"begin": 41, "end": 52}}, {"predicate": "存货", "object_type": "金额", "subject_type": "日期", "object": "11,834.46万元", "subject": "2018年末", "subject_index": {"begin": 9, "end": 15}, "object_index": {"begin": 53, "end": 64}}, {"predicate": "存货", "object_type": "金额", "subject_type": "日期", "object": "10,883.26万元", "subject": "2017年末", "subject_index": {"begin": 16, "end": 22}, "object_index": {"begin": 65, "end": 76}}, {"predicate": "存货", "object_type": "金额", "subject_type": "日期", "object": "6,348.07万元", "subject": "2016年末", "subject_index": {"begin": 23, "end": 29}, "object_index": {"begin": 77, "end": 87}}]}
{"text": "2019年6月末、2018年末、2017年末、2016年末，公司无形资产账面价值分别为3,219.22万元、3,372.56万元、1,170.13万元、218.60万元，占非流动资产的比重分别为52.58%、59.99%、34.81%、8.69%。2017年末，公司无形资产增加主要系自Sunstar公司购入的专利权所致；2018年5月，公司购入募投项目土地使用权，无形资产增长较多。", "spo_list": [{"predicate": "无形资产", "object_type": "金额", "subject_type": "日期", "object": "3,219.22万元", "subject": "2019年6月末", "subject_index": {"begin": 0, "end": 8}, "object_index": {"begin": 43, "end": 53}}, {"predicate": "无形资产", "object_type": "金额", "subject_type": "日期", "object": "3,372.56万元", "subject": "2018年末", "subject_index": {"begin": 9, "end": 15}, "object_index": {"begin": 54, "end": 64}}, {"predicate": "无形资产", "object_type": "金额", "subject_type": "日期", "object": "1,170.13万元", "subject": "2017年末", "subject_index": {"begin": 16, "end": 22}, "object_index": {"begin": 65, "end": 75}}, {"predicate": "无形资产", "object_type": "金额", "subject_type": "日期", "object": "218.60万元", "subject": "2016年末", "subject_index": {"begin": 23, "end": 29}, "object_index": {"begin": 76, "end": 84}}, {"predicate": "流动比率", "object_type": "日期", "subject_type": "比率", "object": "2019年6月末", "subject": "52.58%", "subject_index": {"begin": 97, "end": 103}, "object_index": {"begin": 0, "end": 8}}, {"predicate": "流动比率", "object_type": "日期", "subject_type": "比率", "object": "2018年末", "subject": "59.99%", "subject_index": {"begin": 104, "end": 110}, "object_index": {"begin": 9, "end": 15}}, {"predicate": "流动比率", "object_type": "日期", "subject_type": "比率", "object": "2017年末", "subject": "34.81%", "subject_index": {"begin": 111, "end": 117}, "object_index": {"begin": 16, "end": 22}}, {"predicate": "流动比率", "object_type": "日期", "subject_type": "比率", "object": "2016年末", "subject": "8.69%", "subject_index": {"begin": 118, "end": 123}, "object_index": {"begin": 23, "end": 29}}]}
{"text": "2019年6月末、2018年末、2017年末、2016年末，公司应交税费款项分别为1,475.59万元、1,811.20万元、1,872.84万元、1,129.52万元，占负债总额的比例分别为6.63%、7.84%、9.78%、9.59%。随着公司业务规模的增长，销售额增加导致应交增值税和应交所得税增加。2017年12月，公司向股东现金分红2,625万元，应付代扣代缴的个人所得税大幅增加。", "spo_list": [{"predicate": "应交税费", "object_type": "金额", "subject_type": "日期", "object": "1,475.59万元", "subject": "2019年6月末", "subject_index": {"begin": 0, "end": 8}, "object_index": {"begin": 41, "end": 51}}, {"predicate": "应交税费", "object_type": "金额", "subject_type": "日期", "object": "1,811.20万元", "subject": "2018年末", "subject_index": {"begin": 9, "end": 15}, "object_index": {"begin": 52, "end": 62}}, {"predicate": "应交税费", "object_type": "金额", "subject_type": "日期", "object": "1,872.84万元", "subject": "2017年末", "subject_index": {"begin": 16, "end": 22}, "object_index": {"begin": 63, "end": 73}}, {"predicate": "应交税费", "object_type": "金额", "subject_type": "日期", "object": "1,129.52万元，", "subject": "2016年末", "subject_index": {"begin": 23, "end": 29}, "object_index": {"begin": 74, "end": 85}}]}
{"text": "贺先兵先生，中国国籍，无境外永久居留权，1976年1月生，大专学历。1997年6月至1999年3月，供职于苏州电讯电机厂有限公司任技术员；1999年3月至2000年3月，供职于苏州太湖企业有限公司技术员；2000年3月至2003年4月，供职于苏州小羚羊电动车有限公司长城车用电机厂任研发工程师主管。2003年7月至今在发行人任职。现任本公司董事、副总经理。", "spo_list": [{"predicate": "大专", "object_type": "学历", "subject_type": "人物", "object": "大专学历", "subject": "贺先兵", "subject_index": {"begin": 0, "end": 3}, "object_index": {"begin": 29, "end": 33}}]}
{"text": "俞振华先生，中国国籍，无境外永久居留权，1964年6月生，大专学历。1982年11月至1988年11月，供职于苏州机械仪表电镀厂，任职员；1988年12月至2001年11月，供职于苏州市机械工业局，任职员；2001年12月至2003年10月，供职于苏州小羚羊电动车有限公司，任办公室主任。2003年11月至今在发行人任职，现任本公司董事、副总经理。", "spo_list": [{"predicate": "大专", "object_type": "学历", "subject_type": "人物", "object": "大专学历", "subject": "俞振华", "subject_index": {"begin": 0, "end": 3}, "object_index": {"begin": 29, "end": 33}}]}
{"text": "余海峰先生，中国国籍，无境外永久居留权，1958年1月生，大专学历。1991年1月至1998年12月，供职于上海晟隆（集团）有限公司，任党委办公室秘书、干事；1999年1月至2001年4月，供职于上海凤凰企业（集团）股份有限公司，任装配车间副主任；2001年5月至2012年12月，供职于上海盛协自行车技术服务有限公司《中国自行车》编辑部，任主编；2013年1月至2018年10月，供职于上海中自文化传播有限公司《中国自行车》编辑部，任副主编、主编。2018年11月退休。现任本公司第一届董事会独立董事。", "spo_list": [{"predicate": "大专", "object_type": "学历", "subject_type": "人物", "object": "大专学历", "subject": "余海峰", "subject_index": {"begin": 0, "end": 3}, "object_index": {"begin": 29, "end": 33}}]}
{"text": "蔡金健先生，中国国籍，无境外永久居留权，1962年11月生，大专学历，工程师。1983年9月至1997年6月，供职于苏州光华水泥厂（后改制设立苏州光华水泥厂有限公司），历任技术员、车间主任、技术科长；1997年7月至1999年3月，供职于维德木业（苏州）有限公司，任总经理助理；1999年3月至2011年12月供职于苏州小羚羊电动车有限公司，历任车间主任、售后服务部部长、技术质量部长；2011年12月至今在发行人任职，现任本公司监事、资材部经理。", "spo_list": [{"predicate": "大专", "object_type": "学历", "subject_type": "人物", "object": "大专学历", "subject": "蔡金健", "subject_index": {"begin": 0, "end": 3}, "object_index": {"begin": 30, "end": 34}}]}
{"text": "周琴女士，中国国籍，无境外永久居留权，1976年1月出生，大专学历，中级会计师。1998年12月至2003年5月供职于苏州泰发花线织造有限公司，任会计；2003年6月至2005年2月供职于苏州代尔塔防护用品有限公司，任会计；2006年3月至今在发行人任职。现任本公司财务总监、董事会秘书", "spo_list": [{"predicate": "大专", "object_type": "学历", "subject_type": "人物", "object": "大专学历", "subject": "周琴", "subject_index": {"begin": 0, "end": 2}, "object_index": {"begin": 29, "end": 33}}]}
{"text": "截至2019年6月30日，公司的固定资产原值为38,921,592.97元，累计折旧为15,983,831.74元，固定资产账面价值为22,937,761.23元。报告期期末，各类固定资产情况如下", "spo_list": [{"predicate": "息税折旧摊销前利润", "object_type": "金额", "subject_type": "日期", "object": "15,983,831.74元", "subject": "2019年6月30日", "subject_index": {"begin": 2, "end": 12}, "object_index": {"begin": 43, "end": 57}}]}
{"text": "截至2019年6月30日，预收款项账面余额为29,926,506.74元，账龄1年以内预收账款占比为99.36%，预收款项中无预收持有公司5%以上（含5%）表决权股份的股东单位款项。", "spo_list": [{"predicate": "预收款项", "object_type": "金额", "subject_type": "日期", "object": "29,926,506.74元", "subject": "2019年6月30日", "subject_index": {"begin": 2, "end": 12}, "object_index": {"begin": 22, "end": 36}}]}
{"text": "2019年6月末、2018年末、2017年末、2016年末，公司货币资金余额分别为35,235.76万元、31,826.06万元、18,214.85万元、12,277.58万元，主要为银行存款。2019年6月末、2018年末、2017年末分别较上期末增长10.71%、74.73%、48.36%，主要系报告期内公司销售增长迅速，经营活动产生的现金流量净额大幅增加所致。", "spo_list": [{"predicate": "货币资金", "object_type": "金额", "subject_type": "日期", "object": "12,277.58万元", "subject": "2016年末", "subject_index": {"begin": 23, "end": 29}, "object_index": {"begin": 77, "end": 88}}, {"predicate": "货币资金", "object_type": "金额", "subject_type": "日期", "object": "18,214.85万元", "subject": "2017年末", "subject_index": {"begin": 16, "end": 22}, "object_index": {"begin": 65, "end": 76}}, {"predicate": "货币资金", "object_type": "金额", "subject_type": "日期", "object": "31,826.06万元", "subject": "2018年末", "subject_index": {"begin": 9, "end": 15}, "object_index": {"begin": 53, "end": 64}}, {"predicate": "货币资金", "object_type": "金额", "subject_type": "日期", "object": "35,235.76万元", "subject": "2019年6月末", "subject_index": {"begin": 0, "end": 8}, "object_index": {"begin": 41, "end": 52}}]}
{"text": "2019年6月末、2018年末、2017年末、2016年末，公司应收账款净额分别为16,957.19万元、14,550.79万元、9,152.73万元、6,995.71万元，占营业收入的比例分别为28.18%、15.45%、14.87%、17.86%，占流动资产的比重分别为22.72%、22.87%、21.45%、26.27%，报告期相对稳定并总体呈下降趋势。", "spo_list": [{"predicate": "应收账款净额", "object_type": "金额", "subject_type": "日期", "object": "6,995.71万元", "subject": "2016年末", "subject_index": {"begin": 23, "end": 29}, "object_index": {"begin": 76, "end": 86}}, {"predicate": "应收账款净额", "object_type": "金额", "subject_type": "日期", "object": "9,152.73万元", "subject": "2017年末", "subject_index": {"begin": 16, "end": 22}, "object_index": {"begin": 65, "end": 75}}, {"predicate": "应收账款净额", "object_type": "金额", "subject_type": "日期", "object": "14,550.79万元", "subject": "2018年末", "subject_index": {"begin": 9, "end": 15}, "object_index": {"begin": 53, "end": 64}}, {"predicate": "应收账款净额", "object_type": "金额", "subject_type": "日期", "object": "16,957.19万元", "subject": "2019年6月末", "subject_index": {"begin": 0, "end": 8}, "object_index": {"begin": 41, "end": 52}}, {"predicate": "流动比率", "object_type": "日期", "subject_type": "比率", "object": "2016年末", "subject": "26.27%", "subject_index": {"begin": 158, "end": 164}, "object_index": {"begin": 23, "end": 29}}, {"predicate": "流动比率", "object_type": "日期", "subject_type": "比率", "object": "2017年末", "subject": "21.45%", "subject_index": {"begin": 151, "end": 157}, "object_index": {"begin": 16, "end": 22}}, {"predicate": "流动比率", "object_type": "日期", "subject_type": "比率", "object": "2018年末", "subject": "22.87%", "subject_index": {"begin": 144, "end": 150}, "object_index": {"begin": 9, "end": 15}}, {"predicate": "流动比率", "object_type": "日期", "subject_type": "比率", "object": "2019年6月末", "subject": "22.72%", "subject_index": {"begin": 137, "end": 143}, "object_index": {"begin": 0, "end": 8}}]}
{"text": "2019年6月末、2018年末、2017年末、2016年末，公司其他流动资产分别为668.49万元、768.36万元、528.31万元、449.96万元，占流动资产的比重分别为0.90%、1.21%、1.24%、1.69%，主要系全资子公司戈雅贸易的待抵扣进项税以及本次IPO的上市费用，具体情况如下", "spo_list": [{"predicate": "流动资产", "object_type": "金额", "subject_type": "日期", "object": "449.96万元", "subject": "2016年末", "subject_index": {"begin": 23, "end": 29}, "object_index": {"begin": 68, "end": 76}}, {"predicate": "流动资产", "object_type": "金额", "subject_type": "日期", "object": "528.31万元", "subject": "2017年末", "subject_index": {"begin": 16, "end": 22}, "object_index": {"begin": 59, "end": 67}}, {"predicate": "流动资产", "object_type": "金额", "subject_type": "日期", "object": "768.36万元", "subject": "2018年末", "subject_index": {"begin": 9, "end": 15}, "object_index": {"begin": 50, "end": 58}}, {"predicate": "流动资产", "object_type": "金额", "subject_type": "日期", "object": "668.49万元", "subject": "2019年6月末", "subject_index": {"begin": 0, "end": 8}, "object_index": {"begin": 41, "end": 49}}]}
{"text": "报告期各期末，公司应付职工薪酬为期末计提尚未发放的员工工资和奖金等。2019年6月末、2018年末、2017年末、2016年末，公司应付职工薪酬金额分别为757.55万元、1,017.33万元、781.07万元、581.81万元，占负债总额的比例分别为3.40%、4.40%、4.08%、4.94%，报告期内，随着公司的发展壮大，员工人数和薪酬相应增加。2018年末、2017年末，公司应付职工薪酬余额分别较上年末增长30.25%、34.25%。报告期内，公司不存在拖欠员工薪酬的情况。", "spo_list": [{"predicate": "应付职工薪酬", "object_type": "金额", "subject_type": "日期", "object": "581.81万元", "subject": "2016年末", "subject_index": {"begin": 57, "end": 63}, "object_index": {"begin": 106, "end": 114}}, {"predicate": "应付职工薪酬", "object_type": "金额", "subject_type": "日期", "object": "781.07万元", "subject": "2017年末", "subject_index": {"begin": 50, "end": 56}, "object_index": {"begin": 97, "end": 105}}, {"predicate": "应付职工薪酬", "object_type": "金额", "subject_type": "日期", "object": "1,017.33万元", "subject": "2018年末", "subject_index": {"begin": 43, "end": 49}, "object_index": {"begin": 86, "end": 96}}, {"predicate": "应付职工薪酬", "object_type": "金额", "subject_type": "日期", "object": "757.55万元", "subject": "2019年6月末", "subject_index": {"begin": 34, "end": 42}, "object_index": {"begin": 77, "end": 85}}]}
