{"text": "2014年末、2015年末、2016年末，公司其他应收款净值分别为216.30万元、69.12万元、21.75万元，占期末流动资产总额的比重分别为1.97%、0.32%、0.09%。", "spo_list": [{"predicate": "其他应收款净额", "object_type": "金额", "subject_type": "日期", "object": "216.30万元", "subject": "2014年末", "subject_index": {"begin": 0, "end": 6}, "object_index": {"begin": 33, "end": 41}}, {"predicate": "其他应收款净额", "object_type": "金额", "subject_type": "日期", "object": "69.12万元", "subject": "2015年末", "subject_index": {"begin": 7, "end": 13}, "object_index": {"begin": 42, "end": 49}}, {"predicate": "其他应收款净额", "object_type": "金额", "subject_type": "日期", "object": "21.75万元", "subject": "2016年末", "subject_index": {"begin": 14, "end": 20}, "object_index": {"begin": 50, "end": 57}}]}
{"text": "A、2015年末，存货余额较2014年末下降了4.38%计215.40万元，存货余额略为下降。存货余额下降的主要原因为2014年四季度SFB内酯订单大幅增加，公司积极备货生产，存货余额较大。", "spo_list": [{"predicate": "存货", "object_type": "金额", "subject_type": "日期", "object": "215.40万元", "subject": "2015年末", "subject_index": {"begin": 2, "end": 8}, "object_index": {"begin": 29, "end": 37}}]}
{"text": "B、2016年末存货余额较2015年末增加了32.52%计1,527.44万元，主要原因为：1）2017年春节放假集中于1月，考虑到春节放假影响和货物运输的困难，公司2016年底积极安排采购和生产，导致2016年末存货余额增加。2）公司先前储备的ENT、MGT、PSK等产品下游市场需求增加，2016年发行人销售额100万以上产品品种31个，2015年发行人销售额100万以上产品品种19个，规模化销售的产品品种增加，导致2016年末存货余额增加。3）2016年发行人生产的产品品种增加，新产品（CPSA等）推出导致其相应的原材料、在产品、自制半成品增加。", "spo_list": [{"predicate": "存货", "object_type": "金额", "subject_type": "日期", "object": "1,527.44万元", "subject": "2016年末", "subject_index": {"begin": 2, "end": 8}, "object_index": {"begin": 29, "end": 39}}]}
{"text": "2014年末、2015年末、2016年末，公司经营性应付票据余额分别为740.46万元、3,425.93万元、3,985.28万元。应付票据增长主要是由于公司的业务规模不断扩大，导致采购量增加，公司相应增加了银行承兑汇票与供应商结算的金额。2015年以来公司应付票据期末余额大幅增长，主要原因为：一，公司2015年度业务规模显著扩大，固定资产投资和原材料采购金额大幅增加；二，2015年以来票据贴现利率明显降低，公司票据结算的比例提升。", "spo_list": [{"predicate": "应付票据", "object_type": "金额", "subject_type": "日期", "object": "740.46万元", "subject": "2014年末", "subject_index": {"begin": 0, "end": 6}, "object_index": {"begin": 35, "end": 43}}, {"predicate": "应付票据", "object_type": "金额", "subject_type": "日期", "object": "3,425.93万元", "subject": "2015年末", "subject_index": {"begin": 7, "end": 13}, "object_index": {"begin": 44, "end": 54}}, {"predicate": "应付票据", "object_type": "金额", "subject_type": "日期", "object": "3,985.28万元", "subject": "2016年末", "subject_index": {"begin": 14, "end": 20}, "object_index": {"begin": 55, "end": 65}}]}
{"text": "2014年度、2015年度、2016年度，公司投资活动的现金流净额分别为-2,095.19万元、-4,168.32万元、-4,094.94万元，主要原因是随着公司业务持续发展，对生产设备和场所的需求不断增加，报告期内，公司相应地投建或购置厂房、设备、土地等资产。", "spo_list": [{"predicate": "公司投资活动产生的现金流量净额", "object_type": "金额", "subject_type": "日期", "object": "-2,095.19万元", "subject": "2014年度", "subject_index": {"begin": 0, "end": 6}, "object_index": {"begin": 36, "end": 47}}, {"predicate": "公司投资活动产生的现金流量净额", "object_type": "金额", "subject_type": "日期", "object": "-4,168.32万元", "subject": "2015年度", "subject_index": {"begin": 7, "end": 13}, "object_index": {"begin": 48, "end": 59}}, {"predicate": "公司投资活动产生的现金流量净额", "object_type": "金额", "subject_type": "日期", "object": "-4,094.94万元", "subject": "2016年度", "subject_index": {"begin": 14, "end": 20}, "object_index": {"begin": 60, "end": 71}}]}
{"text": "2014年、2015年度、2016年度，息税折旧摊销前利润和利息保障倍数不断提高。2014年末、2015年末、2016年末，资产负债率（母公司）分别为69.84%、53.24%、45.49%，呈现逐年下降趋势。公司长期偿债能力逐年提高的主要原因为：一、公司盈利能力较强，报告期内净利润不断增加，利息保障倍数不断提高；二、公司股东在报告期内对公司进行了增资，提升了公司所有者权益。", "spo_list": [{"predicate": "资产负债率", "object_type": "日期", "subject_type": "比率", "object": "2014年末", "subject": "69.84%", "subject_index": {"begin": 75, "end": 81}, "object_index": {"begin": 41, "end": 47}}, {"predicate": "资产负债率", "object_type": "日期", "subject_type": "比率", "object": "2015年末", "subject": "53.24%", "subject_index": {"begin": 82, "end": 88}, "object_index": {"begin": 48, "end": 54}}, {"predicate": "资产负债率", "object_type": "日期", "subject_type": "比率", "object": "2016年末", "subject": "45.49%", "subject_index": {"begin": 89, "end": 95}, "object_index": {"begin": 55, "end": 61}}]}
{"text": "2014年、2015年度、2016年度，本公司扣除非经常性损益后归属于母公司股东的净利润分别为4,453.86万元、5,640.94万元、5,437.24万元，盈利水平总体呈增长趋势。2014年、2015年度、2016年度，本公司经营活动现金流流量净额分别为2,145.04万元、5,362.61万元、9,320.76万元，公司预计未来将继续保持较强的盈利能力，利润水平和经营性现金流将稳定增长", "spo_list": [{"predicate": "公司经营活动产生的现金流量净额", "object_type": "金额", "subject_type": "日期", "object": "2,145.04万元", "subject": "2014年", "subject_index": {"begin": 92, "end": 97}, "object_index": {"begin": 129, "end": 139}}, {"predicate": "公司经营活动产生的现金流量净额", "object_type": "金额", "subject_type": "日期", "object": "5,362.61万元", "subject": "2015年度", "subject_index": {"begin": 98, "end": 104}, "object_index": {"begin": 140, "end": 150}}, {"predicate": "公司经营活动产生的现金流量净额", "object_type": "金额", "subject_type": "日期", "object": "9,320.76万元", "subject": "2016年度", "subject_index": {"begin": 105, "end": 111}, "object_index": {"begin": 151, "end": 161}}]}
{"text": "2014年末、2015年末、2016年末，公司应收账款账面净值占流动资产的比重分别为44.74%、51.00%、28.43%，应收账款账面净值占流动资产的比重较高。2016年末公司应收账款占比下降的主要原因为2016年以来公司积极与客户沟通，加强货款催收，SFB内酯销售形成的应收账款基本全部收回。", "spo_list": [{"predicate": "流动比率", "object_type": "日期", "subject_type": "比率", "object": "2014年末", "subject": "44.74%", "subject_index": {"begin": 42, "end": 48}, "object_index": {"begin": 0, "end": 6}}, {"predicate": "流动比率", "object_type": "日期", "subject_type": "比率", "object": "2015年末", "subject": "51.00%", "subject_index": {"begin": 49, "end": 55}, "object_index": {"begin": 7, "end": 13}}, {"predicate": "流动比率", "object_type": "日期", "subject_type": "比率", "object": "2016年末", "subject": "28.43%", "subject_index": {"begin": 56, "end": 62}, "object_index": {"begin": 14, "end": 20}}]}
{"text": "报告期内，存货余额2015年末较2014年末下降了4.38%计215.40万元，2016年末较2015年末增加了32.52%计1,527.44万元，存货余额波动的原因如下：", "spo_list": [{"predicate": "存货", "object_type": "金额", "subject_type": "日期", "object": "215.40万元", "subject": "2015年末", "subject_index": {"begin": 9, "end": 15}, "object_index": {"begin": 31, "end": 39}}, {"predicate": "存货", "object_type": "金额", "subject_type": "日期", "object": "1,527.44万元", "subject": "2016年末", "subject_index": {"begin": 40, "end": 46}, "object_index": {"begin": 63, "end": 73}}]}
{"text": "本公司应付账款主要用于购买原材料，报告期内，原材料应付款项占应付账款总额的比重均在50%以上。2015年末随着公司的业务规模不断扩大，应付账款金额相应增长。2016年末公司应付账款下降18.30%计1,936.89万元，主要为支付到期的原料款和工程款。", "spo_list": [{"predicate": "应付账款", "object_type": "金额", "subject_type": "日期", "object": "1,936.89万元", "subject": "2016年末", "subject_index": {"begin": 78, "end": 84}, "object_index": {"begin": 99, "end": 109}}]}
{"text": "报告期内，公司主要以银行借款方式融入资金，此外2015年度公司股东增加了对公司投资金额。2014年度、2015年度、2016年度，公司筹资活动产生的现金流量净额分别为9.81万元、2,401.43万元、21.22万元。本次首次公开发行并上市后，公司财务结构进一步优化，公司的综合筹融资能力将进一步增强。", "spo_list": []}
{"text": "2014年本公司存货周转率略低于同行业公司平均水平，主要是因为2014年末SFB内酯及其原材料备货生产所致。2016年本公司存货周转率略低于同行业公司平均水平，主要是因为2016年末存货余额较2015年末增加了32.52%计1,527.44万元，具体原因详见本节之“一、发行人报告期内财务状况分析”之“（一）资产质量分析”之“2、流动资产分析”之“（5）存货”。", "spo_list": [{"predicate": "存货", "object_type": "金额", "subject_type": "日期", "object": "1,527.44万元", "subject": "2016年末", "subject_index": {"begin": 85, "end": 91}, "object_index": {"begin": 112, "end": 122}}]}
{"text": "2014年末、2015年末和2016年末，公司货币资金余额分别为882.10万元、5,820.51万元和10,948.77万元，占当期末流动资产的比例分别为8.05%、27.01%和45.72%。2014年末公司期末货币资金余额随着公司经营规模的扩大相应增长；2015年末公司货币资金余额较2014年末增长5.60倍，主要系2015年3月收到股东投资款所致。2016年末货币资金余额较2015年末增长88.11%，主要系2016年公司加强货款回收，经营活动现金流净额较大。", "spo_list": [{"predicate": "货币资金", "object_type": "金额", "subject_type": "日期", "object": "10,948.77万元", "subject": "2016年末", "subject_index": {"begin": 14, "end": 20}, "object_index": {"begin": 52, "end": 63}}, {"predicate": "货币资金", "object_type": "金额", "subject_type": "日期", "object": "5,820.51万元", "subject": "2015年末", "subject_index": {"begin": 7, "end": 13}, "object_index": {"begin": 41, "end": 51}}, {"predicate": "货币资金", "object_type": "金额", "subject_type": "日期", "object": "882.10万元", "subject": "2014年末", "subject_index": {"begin": 0, "end": 6}, "object_index": {"begin": 32, "end": 40}}]}
{"text": "公司存货包括原材料、在产品、自制半成品、库存商品、委托加工物资。2014年末、2015年末、2016年末，公司存货净值分别为4,776.77万元、4,517.70万元、6,006.75万元，占期末流动资产总额的比重分别为43.61%、20.97%、25.08%。", "spo_list": [{"predicate": "存货", "object_type": "金额", "subject_type": "日期", "object": "6,006.75万元", "subject": "2016年末", "subject_index": {"begin": 46, "end": 52}, "object_index": {"begin": 84, "end": 94}}, {"predicate": "存货", "object_type": "金额", "subject_type": "日期", "object": "4,517.70万元", "subject": "2015年末", "subject_index": {"begin": 39, "end": 45}, "object_index": {"begin": 73, "end": 83}}, {"predicate": "存货", "object_type": "金额", "subject_type": "日期", "object": "4,776.77万元", "subject": "2014年末", "subject_index": {"begin": 32, "end": 38}, "object_index": {"begin": 62, "end": 72}}, {"predicate": "流动比率", "object_type": "日期", "subject_type": "比率", "object": "2016年末", "subject": "25.08%", "subject_index": {"begin": 124, "end": 130}, "object_index": {"begin": 46, "end": 52}}, {"predicate": "流动比率", "object_type": "日期", "subject_type": "比率", "object": "2015年末", "subject": "20.97%", "subject_index": {"begin": 117, "end": 123}, "object_index": {"begin": 39, "end": 45}}, {"predicate": "流动比率", "object_type": "日期", "subject_type": "比率", "object": "2014年末", "subject": "43.61%", "subject_index": {"begin": 110, "end": 116}, "object_index": {"begin": 32, "end": 38}}]}
{"text": "公司应付职工薪酬主要为应付工资、奖金、社会保险费等。2014年末、2015年末、2016年末，公司应付职工薪酬分别为495.37万元、684.02万元、790.69万元，占流动负债的比例分别为2.75%、3.32%、4.27%。", "spo_list": [{"predicate": "应付职工薪酬", "object_type": "金额", "subject_type": "日期", "object": "790.69万元", "subject": "2016年末", "subject_index": {"begin": 40, "end": 46}, "object_index": {"begin": 76, "end": 84}}, {"predicate": "应付职工薪酬", "object_type": "金额", "subject_type": "日期", "object": "684.02万元", "subject": "2015年末", "subject_index": {"begin": 33, "end": 39}, "object_index": {"begin": 67, "end": 75}}, {"predicate": "应付职工薪酬", "object_type": "金额", "subject_type": "日期", "object": "495.37万元", "subject": "2014年末", "subject_index": {"begin": 26, "end": 32}, "object_index": {"begin": 58, "end": 66}}]}
{"text": "2015年公司主营业务毛利较2014年增加2,889.60万元，其毛利额增长主要来源于肝病类产品及抗菌类产品，其中，肝病类产品毛利增长13.03%计1,113.20万元，抗菌类产品毛利增长6896.87%计1,594.47万元。", "spo_list": [{"predicate": "毛利额", "object_type": "金额", "subject_type": "日期", "object": "2,889.60万元", "subject": "2015年", "subject_index": {"begin": 0, "end": 5}, "object_index": {"begin": 21, "end": 31}}, {"predicate": "毛利额", "object_type": "金额", "subject_type": "日期", "object": "1,113.20万元", "subject": "2015年", "subject_index": {"begin": 0, "end": 5}, "object_index": {"begin": 74, "end": 84}}, {"predicate": "毛利额", "object_type": "金额", "subject_type": "日期", "object": "1,594.47万元", "subject": "2015年", "subject_index": {"begin": 0, "end": 5}, "object_index": {"begin": 103, "end": 113}}]}
{"text": "2014年10月实际控制人郑志国和原股东牟立志将持有的公司7%股权分别转让给员工刘剑刚、娄杭、张华东、周日保及员工持股的台州奥翔股权投资管理合伙企业（有限合伙）和台州众翔股权投资管理合伙企业（有限合伙），该项行为属股份支付范畴，按照《企业会计准则—股份支付》有关规定计入管理费用2,380.00万元。", "spo_list": [{"predicate": "管理费用", "object_type": "金额", "subject_type": "日期", "object": "2,380.00万元", "subject": "2014年10月", "subject_index": {"begin": 0, "end": 8}, "object_index": {"begin": 139, "end": 149}}]}
{"text": "2014年、2015年度、2016年度，归属于母公司股东的非经常性损益净额分别为-2,303.75万元、445.57万元、295.56万元，详见本招股说明书“第十节财务与会计信息”之“五、经注册会计师核验的非经常性损益明细表”。", "spo_list": [{"predicate": "非经常性损益", "object_type": "金额", "subject_type": "日期", "object": "295.56万元", "subject": "2016年度", "subject_index": {"begin": 13, "end": 19}, "object_index": {"begin": 61, "end": 69}}, {"predicate": "非经常性损益", "object_type": "金额", "subject_type": "日期", "object": "445.57万元", "subject": "2015年度", "subject_index": {"begin": 6, "end": 12}, "object_index": {"begin": 52, "end": 60}}, {"predicate": "非经常性损益", "object_type": "金额", "subject_type": "日期", "object": "-2,303.75万元", "subject": "2014年", "subject_index": {"begin": 0, "end": 5}, "object_index": {"begin": 40, "end": 51}}]}
