{"text": "本公司2000年度的前5名供应商分别为安钢集团水冶钢铁有限责任公司、安钢集团公司、安钢集团金远贸易有限责任公司、河北魏县鑫源矿产物资有限公司、海南钢铁公司，采购额分别为32203万元、15621万元、9916万元、8686万元、4604万元，占年度主营业务成本的17.8%。", "spo_list": [{"predicate": "财务费用", "object_type": "金额", "subject_type": "日期", "object": "32203万元", "subject": "2000年度", "subject_index": {"begin": 3, "end": 9}, "object_index": {"begin": 84, "end": 91}}, {"predicate": "财务费用", "object_type": "金额", "subject_type": "日期", "object": "15621万元", "subject": "2000年度", "subject_index": {"begin": 3, "end": 9}, "object_index": {"begin": 92, "end": 99}}, {"predicate": "财务费用", "object_type": "金额", "subject_type": "日期", "object": "9916万元", "subject": "2000年度", "subject_index": {"begin": 3, "end": 9}, "object_index": {"begin": 100, "end": 106}}, {"predicate": "财务费用", "object_type": "金额", "subject_type": "日期", "object": "8686万元", "subject": "2000年度", "subject_index": {"begin": 3, "end": 9}, "object_index": {"begin": 107, "end": 113}}, {"predicate": "财务费用", "object_type": "金额", "subject_type": "日期", "object": "4604万元", "subject": "2000年度", "subject_index": {"begin": 3, "end": 9}, "object_index": {"begin": 114, "end": 120}}]}
{"text": "2000年，股份公司向关联企业采购材料678,789,210元，占当期主营业务成本的17.01%；接受劳务170,527,871元，占当期主营业务成本的4.27%；1999年，股份公司向上述关联企业采购材料508,024,553元，占当期主营业务成本的14.69%；接受劳务145,619,994元，占当期主营业务成本的4.21%。", "spo_list": [{"predicate": "财务费用", "object_type": "金额", "subject_type": "日期", "object": "678,789,210元", "subject": "2000年", "subject_index": {"begin": 0, "end": 5}, "object_index": {"begin": 19, "end": 31}}]}
{"text": "魏德龙，男，1950年生，专科，高级政工师。1974年进入安钢炼钢二分厂工作，历任安钢二分厂党办秘书、原料、冶炼车间支部书记、二炼钢厂工会主席、炼铁厂党委副书记、书记、信阳钢铁厂党委书记、焦化厂党委书记。现任股份公司监事、焦化厂党委书记。", "spo_list": [{"predicate": "大专", "object_type": "学历", "subject_type": "人物", "object": "专科", "subject": "魏德龙", "subject_index": {"begin": 0, "end": 3}, "object_index": {"begin": 13, "end": 15}}]}
{"text": "本公司1998年财务费用主要是筹措流动资金所发生的利息支出，金额为5,351,243.46元；1999年本公司利息收入较高，当年财务费用为-4,017,899.86元；2000年本公司财务费用金额为37,284,310.70元，主要是向集团公司支付的收购炼钢改造项目所发生的资金占用费", "spo_list": [{"predicate": "公司筹资活动产生的现金流量净额", "object_type": "金额", "subject_type": "日期", "object": "5,351,243.46元", "subject": "1998年", "subject_index": {"begin": 3, "end": 8}, "object_index": {"begin": 33, "end": 46}}, {"predicate": "财务费用", "object_type": "金额", "subject_type": "日期", "object": "-4,017,899.86元", "subject": "1999年", "subject_index": {"begin": 47, "end": 52}, "object_index": {"begin": 69, "end": 83}}, {"predicate": "财务费用", "object_type": "金额", "subject_type": "日期", "object": "37,284,310.70元", "subject": "2000年", "subject_index": {"begin": 84, "end": 89}, "object_index": {"begin": 99, "end": 113}}]}
{"text": "1998年、1999年、2000年末，本公司应收账款余额分别为715,981,271.71元、657,454,913.10元、422,739,082.72元，应收账款净额分别为527,484,535.41元、460,520,628.41元、222,107,254.75元，呈逐年下降的趋势，主要原因在于钢材市场环境的好转和本公司争取回款力度的加大。三年以上应收账款金额较大，主要是94、95年形成的应收钢材销售款，虽然公司采取多种措施对长期拖欠的应收帐款进行催讨，但仍有部分欠款因债务人财务状况恶化资不抵债、资金严重不足并且生产经营活动基本处于停顿状态而无法收回。根据财政部关于计提四项减值准备的要求以及公司董事会制定并实施关于计提坏帐准备的决议，公司在对债务人财务状况及持续经营能力调查了解的基础上，进行帐龄分析后，按应收帐款帐龄余额百分比确定计提的坏帐准备也相对较高。", "spo_list": [{"predicate": "应收账款余额", "object_type": "金额", "subject_type": "日期", "object": "715,981,271.71元", "subject": "1998年", "subject_index": {"begin": 0, "end": 5}, "object_index": {"begin": 31, "end": 46}}, {"predicate": "应收账款余额", "object_type": "金额", "subject_type": "日期", "object": "657,454,913.10元", "subject": "1999年", "subject_index": {"begin": 6, "end": 11}, "object_index": {"begin": 47, "end": 62}}, {"predicate": "应收账款余额", "object_type": "金额", "subject_type": "日期", "object": "422,739,082.72元", "subject": "2000年末", "subject_index": {"begin": 12, "end": 18}, "object_index": {"begin": 63, "end": 78}}, {"predicate": "应收账款净额", "object_type": "金额", "subject_type": "日期", "object": "222,107,254.75元", "subject": "2000年末", "subject_index": {"begin": 12, "end": 18}, "object_index": {"begin": 120, "end": 135}}, {"predicate": "应收账款净额", "object_type": "金额", "subject_type": "日期", "object": "527,484,535.41元", "subject": "1998年", "subject_index": {"begin": 0, "end": 5}, "object_index": {"begin": 88, "end": 103}}, {"predicate": "应收账款净额", "object_type": "金额", "subject_type": "日期", "object": "460,520,628.41元", "subject": "1999年", "subject_index": {"begin": 6, "end": 11}, "object_index": {"begin": 104, "end": 119}}]}
{"text": "本公司截止2000年12月31日的负债总额为2,679,921,583.26元，其中流动负债2,060,337,325.27元，长期负债619,584,257.99元。", "spo_list": [{"predicate": "总负债", "object_type": "金额", "subject_type": "日期", "object": "2,679,921,583.26元", "subject": "截止2000年12月31日", "subject_index": {"begin": 3, "end": 16}, "object_index": {"begin": 22, "end": 39}}, {"predicate": "流动负债", "object_type": "金额", "subject_type": "日期", "object": "2,060,337,325.27元", "subject": "截止2000年12月31日", "subject_index": {"begin": 3, "end": 16}, "object_index": {"begin": 46, "end": 63}}]}
{"text": "1995年公司的母公司进行现代企业制度试点组建集团公司时，对包括本公司在内的集团公司所有资产以1995年10月31日为评估基准日进行了资产评估，公司将此次资产评估增值额367,314,764.59元调整了原资产帐面价值，按增值额计入资本公积，固定资产折旧按调整后的资产价值提取。从1998年5月开始，公司对计入资本公积的资产评估增值额采用综合调整法按不超过10年期限进行摊销，并在2000年追溯调整了1995年11月至1998年4月的未摊销数，对因评估增值多计提的折旧额冲减了相应的成本费用，1998年、1999年、2000年评估增值额摊销数分别为64,513,448.88元、64,513,448.88元、55,213,532.65元，其中，转入制造费用分别为60,769,342.08元、59,310,028.45元、54,567,629.70元，转入管理费用分别为3,744,106.80元、5,203,420.43元、645,902.95元。资本公积摊销累计影响数为131,627,864.92元。由于资本公积摊销，调增了1998年度净利润14,400,203.18元，调减1998年期初资本公积131,627,864.92元，调增1998年期初未分配利润70,552,535.60元、盈余公积17,638,133.90元、应交税金43,437,195.42元。上述调整方法不完全符合税法及财政部有关文件规定。采用综合调整法1998、1999年每年的摊销额为64,513,448.88元，比公司执行的按分类折旧率计算的摊销额累计多摊销1,805,625.06元，其中1998年多摊销346,311.43元，1999年多摊销1,459,313.63元，由于上述差异对各期经营成果的影响不足10%，故未作追溯调整，公司将累计差异全部于2000年进行处理，2000年应摊销额是57,019,157.71元，实际摊销了55,213,532.65元。截止2000年12月31日，此次资产评估增值已摊销额为315,868,295.33元，剩余未摊销额51,446,469.26元全部冲减了2000年12月31日的固定资产价值，这种会计处理纠正了资产评估调账对会计报表造成的影响。", "spo_list": [{"predicate": "管理费用", "object_type": "金额", "subject_type": "日期", "object": "3,744,106.80元", "subject": "1998年", "subject_index": {"begin": 246, "end": 251}, "object_index": {"begin": 385, "end": 398}}, {"predicate": "管理费用", "object_type": "金额", "subject_type": "日期", "object": "5,203,420.43元", "subject": "1999年", "subject_index": {"begin": 252, "end": 257}, "object_index": {"begin": 399, "end": 412}}, {"predicate": "管理费用", "object_type": "金额", "subject_type": "日期", "object": "645,902.95元", "subject": "2000年", "subject_index": {"begin": 258, "end": 263}, "object_index": {"begin": 413, "end": 424}}, {"predicate": "资本公积", "object_type": "金额", "subject_type": "日期", "object": "131,627,864.92元", "subject": "1998年期初", "subject_index": {"begin": 491, "end": 498}, "object_index": {"begin": 502, "end": 517}}, {"predicate": "未分配利润", "object_type": "金额", "subject_type": "日期", "object": "70,552,535.60元", "subject": "1998年期初", "subject_index": {"begin": 520, "end": 527}, "object_index": {"begin": 532, "end": 546}}, {"predicate": "盈余公积", "object_type": "金额", "subject_type": "日期", "object": "17,638,133.90元", "subject": "1998年期初", "subject_index": {"begin": 520, "end": 527}, "object_index": {"begin": 551, "end": 565}}, {"predicate": "应交税费", "object_type": "金额", "subject_type": "日期", "object": "43,437,195.42元", "subject": "1998年期初", "subject_index": {"begin": 520, "end": 527}, "object_index": {"begin": 570, "end": 584}}]}
{"text": "2001年预测的管理费用为419,671,373元，比2000年408,099,908元增加11,571,465元，增长率为2.84%。", "spo_list": [{"predicate": "管理费用", "object_type": "金额", "subject_type": "日期", "object": "419,671,373元", "subject": "2001年", "subject_index": {"begin": 0, "end": 5}, "object_index": {"begin": 13, "end": 25}}, {"predicate": "管理费用", "object_type": "金额", "subject_type": "日期", "object": "408,099,908元", "subject": "2000年", "subject_index": {"begin": 27, "end": 32}, "object_index": {"begin": 32, "end": 44}}]}
{"text": "扣除非经常性损益涉及的金额包括营业外收入（除固定资产评估增值摊销外）和营业外支出，2000年、1999年、1998年涉及的营业外收入金额分别为1,803,225.58元、2,614,123.73元和1,451,680.16元，2000年、1999年、1998年营业外支出金额分别为23,963,389.36元、16,915,467.67元和6,528,722.29元，", "spo_list": [{"predicate": "营业外收入", "object_type": "金额", "subject_type": "日期", "object": "1,803,225.58元", "subject": "2000年", "subject_index": {"begin": 41, "end": 46}, "object_index": {"begin": 71, "end": 84}}, {"predicate": "营业外收入", "object_type": "金额", "subject_type": "日期", "object": "2,614,123.73元", "subject": "1999年", "subject_index": {"begin": 47, "end": 52}, "object_index": {"begin": 85, "end": 98}}, {"predicate": "营业外收入", "object_type": "金额", "subject_type": "日期", "object": "1,451,680.16元", "subject": "1998年", "subject_index": {"begin": 53, "end": 58}, "object_index": {"begin": 99, "end": 112}}, {"predicate": "营业外支出", "object_type": "金额", "subject_type": "日期", "object": "23,963,389.36元", "subject": "2000年", "subject_index": {"begin": 113, "end": 118}, "object_index": {"begin": 140, "end": 154}}, {"predicate": "营业外支出", "object_type": "金额", "subject_type": "日期", "object": "16,915,467.67元", "subject": "1999年", "subject_index": {"begin": 119, "end": 124}, "object_index": {"begin": 155, "end": 169}}, {"predicate": "营业外支出", "object_type": "金额", "subject_type": "日期", "object": "6,528,722.29元", "subject": "1998年", "subject_index": {"begin": 125, "end": 130}, "object_index": {"begin": 170, "end": 183}}]}
{"text": "杨法文，男，1945年生，专科，高级会计师。1966年进入安阳钢铁公司，历任水冶炼铁厂会计、安钢供应处财务科会计、副科长、科长、财务处厂内银行行长、股份公司证券部主任助理、集团公司审计处副处长、处长、监事。1999.8至今任集团公司审计部部长。现任股份公司监事。", "spo_list": [{"predicate": "大专", "object_type": "学历", "subject_type": "人物", "object": "专科", "subject": "杨法文", "subject_index": {"begin": 0, "end": 3}, "object_index": {"begin": 13, "end": 15}}]}
{"text": "本公司的主营业务成本主要是钢材、钢坯及化工产品的销售成本，其中，主要是其生产成本。1998年、1999年、2000年主营业务成本分别为3,322,485,918.74元、3,457,622,988.87元、3,989,895,224.05元，年增长率分别为4.07%和15.39%。", "spo_list": [{"predicate": "主营业务成本", "object_type": "金额", "subject_type": "日期", "object": "3,322,485,918.74元", "subject": "1998年", "subject_index": {"begin": 41, "end": 46}, "object_index": {"begin": 67, "end": 84}}, {"predicate": "主营业务成本", "object_type": "金额", "subject_type": "日期", "object": "3,457,622,988.87元", "subject": "1999年", "subject_index": {"begin": 47, "end": 52}, "object_index": {"begin": 85, "end": 102}}, {"predicate": "主营业务成本", "object_type": "金额", "subject_type": "日期", "object": "3,989,895,224.05元，", "subject": "2000年", "subject_index": {"begin": 53, "end": 58}, "object_index": {"begin": 103, "end": 121}}]}
{"text": "2000年12月31日本公司长期股权投资余额为29,581,010.82元，占净资产的1.2%。", "spo_list": [{"predicate": "长期股权投资账面余额", "object_type": "金额", "subject_type": "日期", "object": "29,581,010.82元", "subject": "2000年12月31日", "subject_index": {"begin": 0, "end": 11}, "object_index": {"begin": 23, "end": 37}}]}
{"text": "本公司截止2000年12月31日的负债总额为2,679,921,583.26元，其中流动负债2,060,337,325.27元，长期负债619,584,257.99元。", "spo_list": [{"predicate": "总负债", "object_type": "金额", "subject_type": "日期", "object": "2,679,921,583.26元", "subject": "2000年12月31日", "subject_index": {"begin": 5, "end": 16}, "object_index": {"begin": 22, "end": 39}}, {"predicate": "流动负债", "object_type": "金额", "subject_type": "日期", "object": "2,060,337,325.27元", "subject": "2000年12月31日", "subject_index": {"begin": 5, "end": 16}, "object_index": {"begin": 46, "end": 63}}]}
{"text": "2000年度本公司经营活动产生的现金流量净额分别为1,451,129,841.04元，其中，销售商品、提供劳务收到的现金6,042,349,941.31元，收到的其他与经营活动有关的现金112,615.00元、购买商品、接受劳务支付的现金3,209,573,932.88元、经营租赁所支付的现金4,948,232.81元、支付给职工以及为职工支付的现金570,539,575.61元、支付的增值税款372,457,006.72元、支付的所得税款243,197,921.67元、支付的除增值税所得税以外的其他税费33,213,356.42元、支付的其他与经营活动有关的现金157,402,689.16元。", "spo_list": [{"predicate": "每股经营活动产生的现金流量净额", "object_type": "金额", "subject_type": "日期", "object": "1,451,129,841.04元", "subject": "2000年度", "subject_index": {"begin": 0, "end": 6}, "object_index": {"begin": 25, "end": 42}}]}
{"text": "2000年度存在以存货偿还债务的情况，使不涉及现金收支的投资和筹资活动产生的现金流量增加479,570,000元。", "spo_list": []}
{"text": "资本公积摊销影响1998年营业外收入增加21,492,840.57元、所得税增加7,092,637.39元，计提坏账准备增加管理费用52,863,232.86元，综合影响净利润减少38,463,029.68元。", "spo_list": [{"predicate": "营业外支出", "object_type": "金额", "subject_type": "日期", "object": "21,492,840.57元", "subject": "1998年", "subject_index": {"begin": 8, "end": 13}, "object_index": {"begin": 20, "end": 34}}]}
{"text": "计提坏帐准备：根据财政部财会字【1999】35号文《关于印发〈股份有限公司会计制度〉有关会计处理问题补充规定的通知》，计提四项减值准备作追溯调整，其中计提坏账准备追溯各期调整数：1997年以前为73,377,328.34元，1997年为65,619,821元，1998年为52,863,233元，1999年为15,482,707元。", "spo_list": [{"predicate": "坏账准备", "object_type": "金额", "subject_type": "日期", "object": "73,377,328.34元", "subject": "1997年", "subject_index": {"begin": 89, "end": 94}, "object_index": {"begin": 97, "end": 111}}, {"predicate": "坏账准备", "object_type": "金额", "subject_type": "日期", "object": "65,619,821元", "subject": "1997年", "subject_index": {"begin": 112, "end": 117}, "object_index": {"begin": 118, "end": 129}}, {"predicate": "坏账准备", "object_type": "金额", "subject_type": "日期", "object": "52,863,233元", "subject": "1998年", "subject_index": {"begin": 130, "end": 135}, "object_index": {"begin": 136, "end": 147}}, {"predicate": "坏账准备", "object_type": "金额", "subject_type": "日期", "object": "15,482,707元", "subject": "1999年", "subject_index": {"begin": 148, "end": 153}, "object_index": {"begin": 154, "end": 165}}]}
{"text": "公司定期对固定资产和在建工程进行清查，对于需要报废的固定资产和在建工程已作报废处理，1997年-2000年报废的固定资产原值20725万元、净值3691万元（详见下表）、在建工程188万元，因此不存在应报废而未报废的固定资产和在建工程。", "spo_list": [{"predicate": "固定资产", "object_type": "金额", "subject_type": "日期", "object": "20725万元", "subject": "1997年-2000年", "subject_index": {"begin": 42, "end": 53}, "object_index": {"begin": 62, "end": 69}}, {"predicate": "固定资产", "object_type": "金额", "subject_type": "日期", "object": "3691万元", "subject": "1997年-2000年", "subject_index": {"begin": 42, "end": 53}, "object_index": {"begin": 72, "end": 78}}]}
{"text": "截止2000年底，公司3年以上应收账款为213,828,577.84元，其中5年以上应收账款已提足坏账准备，剩余3-5年应收账款已提坏账准备37,739,335.88元，如果2001年3-5年应收账款全部成为5年以上，则应再补提坏账准备16,174,001.09元。根据公司2001年回款安排，公司将严格控制应收账款总体水平，保证2001年末应收账款总额不高于2000年末总额，同时加大3年以上应收账款的回款力度，改善账龄结构，3年以上应收账款计划收回2000万元，与此同时将压缩1-2年应收账款规模。", "spo_list": [{"predicate": "长期应收款", "object_type": "金额", "subject_type": "日期", "object": "213,828,577.84元", "subject": "2000年底", "subject_index": {"begin": 2, "end": 8}, "object_index": {"begin": 20, "end": 35}}, {"predicate": "坏账准备", "object_type": "金额", "subject_type": "日期", "object": "37,739,335.88元", "subject": "2000年底", "subject_index": {"begin": 2, "end": 8}, "object_index": {"begin": 70, "end": 84}}]}
{"text": "亚太集团会计师事务所有限公司对集团公司向股份公司出让100吨电炉炼钢改造项目相关固定资产进行了资产评估，评估方法主要采用重置成本法，评估基准日为2000年8月31日。评估结果为：固定资产帐面原值98,914.34万元、帐面净值92,303.20万元，调整后固定资产帐面原值84,648.71万元、帐面净值78,388.90万元，固定资产评估原值为88,420.91万元，评估净值为84,033.24万元。该评估结果已经河南省财政厅豫财企【2001】21号文批复。", "spo_list": [{"predicate": "固定资产", "object_type": "金额", "subject_type": "日期", "object": "98,914.34万元", "subject": "2000年8月31日", "subject_index": {"begin": 72, "end": 82}, "object_index": {"begin": 97, "end": 108}}, {"predicate": "固定资产", "object_type": "金额", "subject_type": "日期", "object": "84,648.71万元", "subject": "2000年8月31日", "subject_index": {"begin": 72, "end": 82}, "object_index": {"begin": 136, "end": 147}}, {"predicate": "固定资产", "object_type": "金额", "subject_type": "日期", "object": "88,420.91万元", "subject": "2000年8月31日", "subject_index": {"begin": 72, "end": 82}, "object_index": {"begin": 173, "end": 184}}]}
{"text": "2001年本公司拟立项53项，将投入研究开发费用2427.58万元。", "spo_list": [{"predicate": "研发费用", "object_type": "金额", "subject_type": "日期", "object": "2427.58万元", "subject": "2001年", "subject_index": {"begin": 0, "end": 5}, "object_index": {"begin": 24, "end": 33}}]}
{"text": "截止2000年12月31日，股份公司对关联企业的应收票据和应收帐款总计159,997,751.97元（应收票据60,988,634.81元，全部为银行承兑票据），占2000年主营业务收入的3.04%；其中，河南省安阳钢铁公司郑州经销公司应付股份公司88,269,177.62元，占2000年主营业务收入的1.68%，为该公司欠股份公司钢材款。股份公司已与该公司签订协议，自2000年11月起股份公司不再通过其销售钢材。", "spo_list": [{"predicate": "应付票据", "object_type": "金额", "subject_type": "日期", "object": "60,988,634.81元", "subject": "2000年12月31日", "subject_index": {"begin": 2, "end": 13}, "object_index": {"begin": 55, "end": 69}}]}
{"text": "1998年、1999年、2000年末，本公司应收票据余额分别为355,367,307.32元、327,528,174.79元、280,730,852.72元，无未到期贴现、质押的情况，无持有本公司5％（含5％）以上股份的股东单位的票据。", "spo_list": [{"predicate": "应收票据", "object_type": "金额", "subject_type": "日期", "object": "355,367,307.32元", "subject": "1998年", "subject_index": {"begin": 0, "end": 5}, "object_index": {"begin": 31, "end": 46}}, {"predicate": "应收票据", "object_type": "金额", "subject_type": "日期", "object": "327,528,174.79元", "subject": "1999年", "subject_index": {"begin": 6, "end": 11}, "object_index": {"begin": 47, "end": 62}}, {"predicate": "应收票据", "object_type": "金额", "subject_type": "日期", "object": "280,730,852.72元", "subject": "2000年末", "subject_index": {"begin": 12, "end": 18}, "object_index": {"begin": 63, "end": 78}}]}
{"text": "1998年、1999年、2000年末，本公司待摊费用余额分别为6,465,505.88元、7,090,876.64元、2,932,383.33元，主要是待摊的保险费、待摊轧辊费、大中修费用", "spo_list": [{"predicate": "长期待摊费用", "object_type": "金额", "subject_type": "日期", "object": "6,465,505.88元", "subject": "1998年", "subject_index": {"begin": 0, "end": 5}, "object_index": {"begin": 31, "end": 44}}, {"predicate": "长期待摊费用", "object_type": "金额", "subject_type": "日期", "object": "7,090,876.64元", "subject": "1999年", "subject_index": {"begin": 6, "end": 11}, "object_index": {"begin": 45, "end": 58}}, {"predicate": "长期待摊费用", "object_type": "金额", "subject_type": "日期", "object": "2,932,383.33元", "subject": "2000年末", "subject_index": {"begin": 12, "end": 18}, "object_index": {"begin": 59, "end": 72}}]}
{"text": "2000年12月31日本公司无形资产余额为0，有形资产净值为5,086,548,294.33元。", "spo_list": [{"predicate": "固定资产", "object_type": "金额", "subject_type": "日期", "object": "5,086,548,294.33元", "subject": "2000年12月31日", "subject_index": {"begin": 0, "end": 11}, "object_index": {"begin": 30, "end": 47}}]}
{"text": "2000年度投资活动产生的现金流量净额为-160,601,678.81元，其中，收回投资所收到的现金5,947,641.73元、分得股利或利润所收到的现金1,827,487.07元、处置固定资产、无形资产和其他长期资产而收回的现金净额1,797,264.41元、购建固定资产、无形资产和其他长期资产所支付的现金170,174,072.02元。", "spo_list": [{"predicate": "公司投资活动产生的现金流量净额", "object_type": "金额", "subject_type": "日期", "object": "-160,601,678.81元", "subject": "2000年度", "subject_index": {"begin": 0, "end": 6}, "object_index": {"begin": 20, "end": 36}}]}
{"text": "2000年度筹资活动产生的现金流量净额为-800,119,017.76元，其中，借款所收到的现金60,000,000.00元、偿还债务所支付的现金350,097,899.53元、分配股利或利润所支付的现金465,583,360.08元、偿付利息所支付的现金43,250,514.38元、支付的其他与筹资活动有关的现金1,187,243.77元。", "spo_list": [{"predicate": "公司筹资活动产生的现金流量净额", "object_type": "金额", "subject_type": "日期", "object": "-800,119,017.76元", "subject": "2000年度", "subject_index": {"begin": 0, "end": 6}, "object_index": {"begin": 20, "end": 36}}, {"predicate": "短期借款", "object_type": "金额", "subject_type": "日期", "object": "60,000,000.00元", "subject": "2000年度", "subject_index": {"begin": 0, "end": 6}, "object_index": {"begin": 48, "end": 62}}]}
{"text": "采用利润分配方式解决往年未代扣代缴内部职工股个人所得税事项：1994—1998年内部职工股分得不含税现金股利209,714,001元，公司未代扣代交个人所得税，为此公司股东大会作出特别决议，决定用留存未分配利润代交内部职工股红利应纳个人所得税52,428,500.25元，按相同比例向国家股分配股利234,730,109.15元，由股东权益转作负债。", "spo_list": [{"predicate": "应交税费", "object_type": "金额", "subject_type": "日期", "object": "52,428,500.25元", "subject": "1994—1998年", "subject_index": {"begin": 30, "end": 40}, "object_index": {"begin": 121, "end": 135}}]}
{"text": "1999年11月投产的100吨电炉炼钢改造项目，公司按9.88亿元预转固定资产，根据公司与安钢集团公司达成的关于该项目的资产收购协议及补充协议，收购该项目的最终价格按评估基准日为2000年8月31日的评估价值884,209,099.03元确定，2000年公司按收购价值调减原预转固定资产价值103,790,900.97元,并对1999年会计报表作追溯调整。", "spo_list": [{"predicate": "固定资产", "object_type": "金额", "subject_type": "日期", "object": "103,790,900.97元", "subject": "2000年", "subject_index": {"begin": 122, "end": 127}, "object_index": {"begin": 145, "end": 160}}]}
{"text": "该100吨电炉项目发生的筹建费用全部于1999年摊销，追溯调整影响1999年管理费用增加9,511,320.01元。", "spo_list": [{"predicate": "管理费用", "object_type": "金额", "subject_type": "日期", "object": "9,511,320.01元", "subject": "1999年", "subject_index": {"begin": 33, "end": 38}, "object_index": {"begin": 44, "end": 57}}]}
{"text": "截止2000年12月31日不需用、未使用的固定资产只有30多万元，不会出现大幅度减值。", "spo_list": [{"predicate": "固定资产", "object_type": "金额", "subject_type": "日期", "object": "30多万元", "subject": "2000年12月31日", "subject_index": {"begin": 2, "end": 13}, "object_index": {"begin": 27, "end": 32}}]}
{"text": "2001年度预测主营业务成本4,301,279,276元，比2000年3,989,895,224元增加311,384,052元，上升7.80%。2001年预测的主营业务成本上升的原因在于材料采购成本上升和钢材钢坯产销量增加。其中,由于坯材销量增加15万吨，销售成本增加22973万元；由于小转炉停产，使成本增加3960万元；由于矿石、洗精煤、废钢等原材料价格上升成本增加11421万元；由于100t电炉达产，成本降低7216万元。", "spo_list": [{"predicate": "主营业务成本", "object_type": "金额", "subject_type": "日期", "object": "4,301,279,276元", "subject": "2001年度", "subject_index": {"begin": 0, "end": 6}, "object_index": {"begin": 14, "end": 28}}, {"predicate": "主营业务成本", "object_type": "金额", "subject_type": "日期", "object": "3,989,895,224元", "subject": "2001年度", "subject_index": {"begin": 0, "end": 6}, "object_index": {"begin": 35, "end": 49}}, {"predicate": "主营业务成本", "object_type": "金额", "subject_type": "日期", "object": "311,384,052元", "subject": "2001年度", "subject_index": {"begin": 0, "end": 6}, "object_index": {"begin": 51, "end": 63}}]}
{"text": "2001年预测财务费用为21,470,000元，比2000年37,284,311元降低15,814,311元。财务费用降低的主要原因是由于收购安钢集团公司100吨电炉所欠款项已于2001年2月底之前归还，此项将减少2001年的利息支出。", "spo_list": [{"predicate": "财务费用", "object_type": "金额", "subject_type": "日期", "object": "21,470,000元", "subject": "2001年", "subject_index": {"begin": 0, "end": 5}, "object_index": {"begin": 12, "end": 23}}, {"predicate": "财务费用", "object_type": "金额", "subject_type": "日期", "object": "37,284,311元", "subject": "2001年", "subject_index": {"begin": 0, "end": 5}, "object_index": {"begin": 30, "end": 41}}, {"predicate": "财务费用", "object_type": "金额", "subject_type": "日期", "object": "15,814,311元", "subject": "2001年", "subject_index": {"begin": 0, "end": 5}, "object_index": {"begin": 43, "end": 54}}]}
