{"text": "2004年12月12日，台州开元会计师事务所有限公司根据百达精密的委托，对百达精密截至2004年11月30日的资产及负债进行了评估，并出具了《资产评估报告书》（台开评报[2004]142号）：百达精密于评估基准日2004年11月30日的净资产评估值为12,144,131.85元。该等净资产超过百达电器、上海中昱认缴新增注册资本1,000万元之外的部分进入百达有限资本公积。", "spo_list": [{"predicate": "净资产评估值", "object_type": "金额", "subject_type": "日期", "object": "12,144,131.85元", "subject": "2004年11月30日", "subject_index": {"begin": 106, "end": 117}, "object_index": {"begin": 125, "end": 139}}]}
{"text": "2011年9月15日，根据坤元资产评估有限公司出具的《资产评估报告》（坤元评报[2011]362号），百达电器全部资产和负债以2011年8月31日为基准日的评估结果为：总资产为234,848,468.27元，负债为135,300,102.77元，净资产为99,548,365.50元（包括截至2010年12月31日的未分配利润26,384,677.43元）", "spo_list": [{"predicate": "总负债", "object_type": "金额", "subject_type": "日期", "object": "135,300,102.77元", "subject": "2011年8月31日", "subject_index": {"begin": 63, "end": 73}, "object_index": {"begin": 107, "end": 122}}, {"predicate": "未分配利润", "object_type": "金额", "subject_type": "日期", "object": "26,384,677.43元", "subject": "2010年12月31日", "subject_index": {"begin": 146, "end": 157}, "object_index": {"begin": 163, "end": 177}}]}
{"text": "上海中昱成立于2003年6月。根据深圳大华天诚会计师事务所上海分所出具的深华沪审字[2005]第1039号《审计报告》，截至2004年12月31日，上海中昱长期股权投资具体明细如下：", "spo_list": [{"predicate": "截止日期", "object_type": "日期", "subject_type": "报告", "object": "截至2004年12月31日", "subject": "《审计报告》", "subject_index": {"begin": 53, "end": 59}, "object_index": {"begin": 60, "end": 73}}]}
{"text": "2007年5月23日，台州合一会计师事务所有限公司出具台合会事（2007）验资第155号《验资报告》验证：截至2007年5月23日止，百达控股已收到全体股东缴纳的注册资本3,000万元，出资方式为货币。", "spo_list": [{"predicate": "截止日期", "object_type": "日期", "subject_type": "报告", "object": "截至2007年5月23日止", "subject": "《验资报告》", "subject_index": {"begin": 44, "end": 50}, "object_index": {"begin": 53, "end": 66}}]}
{"text": "根据2014年12月25日公司2014年第二次临时股东大会决议铭峰投资以3元/股的价格向公司增资220万，其中记入股本220万元，记入资本公积440万元", "spo_list": [{"predicate": "资本公积", "object_type": "金额", "subject_type": "日期", "object": "440万元", "subject": "2014年12月25日", "subject_index": {"begin": 2, "end": 13}, "object_index": {"begin": 71, "end": 76}}]}
{"text": "多年以来，随着公司生产规模不断扩大，供货能力持续增强。其中公司2016年叶片销量5,482.18万片，市场占有率达32.36%；2016年平衡块销量6,221.32万件，市场占有率22.44%。截至2016年12月31日，公司固定资产账面价值达27,953.52万元。公司目前拥有各类高端先进装备等百余台，可生产多种不同型号、规格的压缩机零部件。已成为行业内规模最大的压缩机零部件叶片、平衡块生产商之一。", "spo_list": [{"predicate": "固定资产", "object_type": "金额", "subject_type": "日期", "object": "27,953.52万元", "subject": "2016年12月31日", "subject_index": {"begin": 99, "end": 110}, "object_index": {"begin": 122, "end": 133}}]}
{"text": "2014年、2015年和2016年年末，百达电器的资产负债率分别为79.18%、81.28%和76.54%，有息负债（短期借款+长期借款+一年内到期的非流动负债）分别为15,740万元、12,920万元和11,260万元。百达电器因发展汽车零部件业务固定资产投资规模大（报告期各年末百达电器的固定资产和在建工程合计分别为17,143.77万元、17,597.67万元和18,369.17万元），主要依靠初始投资和银行贷款，且产品导入期营运资金的压力也比较大。发行人股东为支持百达电器发展，也通过各种渠道为其筹措资金。", "spo_list": [{"predicate": "资产负债率", "object_type": "日期", "subject_type": "比率", "object": "2014年", "subject": "79.18%", "subject_index": {"begin": 33, "end": 39}, "object_index": {"begin": 0, "end": 5}}, {"predicate": "资产负债率", "object_type": "日期", "subject_type": "比率", "object": "2015年", "subject": "81.28%", "subject_index": {"begin": 40, "end": 46}, "object_index": {"begin": 6, "end": 11}}, {"predicate": "资产负债率", "object_type": "日期", "subject_type": "比率", "object": "2016年年末", "subject": "76.54%", "subject_index": {"begin": 47, "end": 53}, "object_index": {"begin": 12, "end": 19}}, {"predicate": "总负债", "object_type": "金额", "subject_type": "日期", "object": "15,740万元", "subject": "2014年", "subject_index": {"begin": 0, "end": 5}, "object_index": {"begin": 84, "end": 92}}, {"predicate": "总负债", "object_type": "金额", "subject_type": "日期", "object": "12,920万元", "subject": "2015年", "subject_index": {"begin": 6, "end": 11}, "object_index": {"begin": 93, "end": 101}}, {"predicate": "总负债", "object_type": "金额", "subject_type": "日期", "object": "11,260万元", "subject": "2016年年末", "subject_index": {"begin": 12, "end": 19}, "object_index": {"begin": 102, "end": 110}}]}
{"text": "截至2016年12月31日，公司无形资产中有48,017,327.92元账面价值的土地使用权用于公司银行借款、开具银行承兑汇票的抵押担保。", "spo_list": [{"predicate": "无形资产", "object_type": "金额", "subject_type": "日期", "object": "48,017,327.92元", "subject": "截至2016年12月31日", "subject_index": {"begin": 0, "end": 13}, "object_index": {"begin": 22, "end": 36}}]}
{"text": "本公司对内部人员的负债主要是应付职工工资、奖金、津贴、补贴，社保保险费。截至2016年12月31日，应付职工薪酬余额为1,509.71万元，主要为应付职工工资、奖金、津贴和补贴", "spo_list": [{"predicate": "应付职工薪酬", "object_type": "金额", "subject_type": "日期", "object": "1,509.71万元", "subject": "截至2016年12月31日", "subject_index": {"begin": 36, "end": 49}, "object_index": {"begin": 59, "end": 69}}]}
{"text": "2016年12月末货币资金较2015年末减少了45.33万元，变化较小，主要原因一是公司银行存款减少了428.77万元；二是其他货币资金增加了383.34万元，均为银行承兑汇票保证金。", "spo_list": [{"predicate": "货币资金", "object_type": "金额", "subject_type": "日期", "object": "45.33万元", "subject": "2016年12月末", "subject_index": {"begin": 0, "end": 9}, "object_index": {"begin": 23, "end": 30}}]}
{"text": "2015年末，公司应收账款较2014年末减少了1,265.29万元。主要原因系公司在2014年基础上继续较好控制应收账款规模。此外，2015年主营业务收入为46,979.90万元，较2014年减少6,619.95万元，故2015年末应收账款也相应减少。", "spo_list": [{"predicate": "应付账款", "object_type": "金额", "subject_type": "日期", "object": "1,265.29万元", "subject": "2015年末", "subject_index": {"begin": 0, "end": 6}, "object_index": {"begin": 23, "end": 33}}]}
{"text": "2015年末和2016年末，公司的长期待摊费用为240.75万元和350.47万元，占当期非流动资产的比重分别为0.69%和0.99%，为百达机械经营租入固定资产的改良支出。", "spo_list": [{"predicate": "长期待摊费用", "object_type": "金额", "subject_type": "日期", "object": "240.75万元", "subject": "2015年末", "subject_index": {"begin": 0, "end": 6}, "object_index": {"begin": 24, "end": 32}}, {"predicate": "长期待摊费用", "object_type": "金额", "subject_type": "日期", "object": "350.47万元", "subject": "2016年末", "subject_index": {"begin": 7, "end": 13}, "object_index": {"begin": 33, "end": 41}}]}
{"text": "2015年末，公司应交税费比2014年末减少488.98万元，降幅为58.06%，主要系公司本期应交企业所得税和应交代扣代缴个人所得税减少所致。2015年度前三季度公司高新技术企业认定还处于复审阶段，企业所得税按25%进行预缴，2015年度第四季度公司通过高新技术企业复审，2015年度按15%的税率计缴企业所得税，导致公司已预缴的企业所得税总额大于本年度应缴纳的企业所得税总额，所以2015年末不存在应交企业所得税", "spo_list": [{"predicate": "应交税费", "object_type": "金额", "subject_type": "日期", "object": "488.98万元", "subject": "2015年末", "subject_index": {"begin": 0, "end": 6}, "object_index": {"begin": 22, "end": 30}}]}
{"text": "2015年，公司管理费用同比增加73.63万元，主要由于公司申请首次公开发行股票并上市的相关中介机构服务费同比增加了255.34万元。", "spo_list": [{"predicate": "管理费用", "object_type": "金额", "subject_type": "日期", "object": "73.63万元", "subject": "2015年", "subject_index": {"begin": 0, "end": 5}, "object_index": {"begin": 16, "end": 23}}]}
{"text": "2016年公司管理费用同比减少428.44万元，下降幅度为8.11%，主要由于公司中介机构服务费同比减少了215.95万元。与此同时，税费同比减少了165.69万元，主要系根据财政部《增值税会计处理规定》（财会（2016）22号）以及《关于<增值税会计处理规定>有关问题的解读》，公司将2016年5-12月房产税、土地使用税和印花税的发生额列报于“税金及附加”项目，2016年5月之前的发生额仍列报于“管理费用”项目所致。", "spo_list": [{"predicate": "管理费用", "object_type": "金额", "subject_type": "日期", "object": "428.44万元", "subject": "2016年", "subject_index": {"begin": 0, "end": 5}, "object_index": {"begin": 15, "end": 23}}]}
{"text": "2016年公司财务费用同比减少了680.35万元，同比降低了33.73%。主要是由于2015年多次降息所致的银行借款利率同比下降和2016年公司银行借款减少导致利息支出减少了637.64万元。", "spo_list": [{"predicate": "财务费用", "object_type": "金额", "subject_type": "日期", "object": "680.35万元", "subject": "2016年", "subject_index": {"begin": 0, "end": 5}, "object_index": {"begin": 16, "end": 24}}]}
{"text": "2014年公司筹资活动产生的现金流量净额为-4,040.40万元，为以下几方面的净影响：（1）公司增加银行借款净额1,754.00万元；（2）吸收新股东的增资款1,632.00万元；（3）偿还百达控股的借款2,690.00万元；（4）分配股利和支付利息合计5,056.00万元。", "spo_list": [{"predicate": "公司筹资活动产生的现金流量净额", "object_type": "金额", "subject_type": "日期", "object": "-4,040.40万元", "subject": "2014年", "subject_index": {"begin": 0, "end": 5}, "object_index": {"begin": 21, "end": 32}}, {"predicate": "长期借款", "object_type": "金额", "subject_type": "日期", "object": "1,754.00万元", "subject": "2014年", "subject_index": {"begin": 0, "end": 5}, "object_index": {"begin": 57, "end": 67}}]}
{"text": "2016年公司筹资活动产生的现金流量净额为-5,714.81万元，为以下几方面的净影响：（1）公司偿还银行借款净额4,544.83万元；（2）支付利息1,309.97万元。", "spo_list": [{"predicate": "公司筹资活动产生的现金流量净额", "object_type": "金额", "subject_type": "日期", "object": "-5,714.81万元", "subject": "2016年", "subject_index": {"begin": 0, "end": 5}, "object_index": {"begin": 21, "end": 32}}, {"predicate": "长期借款", "object_type": "金额", "subject_type": "日期", "object": "4,544.83万元", "subject": "2016年", "subject_index": {"begin": 0, "end": 5}, "object_index": {"begin": 57, "end": 67}}]}
{"text": "由于日常经营需要，报告期内公司银行借款规模较大，截至2016年12月31日，公司银行借款余额为25,162.04万元，其中百达电器银行借款为11,260.00万元。虽然银行借款在公司日常资金周转、资本性支出方面能够提供必要的支持和保障，但大量银行借款也会导致公司财务负担加重。报告期内，公司合并口径及百达电器单独的财务费用支出如", "spo_list": [{"predicate": "长期借款", "object_type": "金额", "subject_type": "日期", "object": "25,162.04万元", "subject": "2016年12月31日", "subject_index": {"begin": 26, "end": 37}, "object_index": {"begin": 47, "end": 58}}]}
{"text": "2014年11月15日，经公司2014年第一次临时股东大会审议，通过《关于利润分配的议案》。百达精工2014年上半年度实现净利润21,218,568.00元，根据《公司法》和《公司章程》的规定按母公司实现净利润提取10%法定盈余公积金2,121,856.80元后可供股东分配的利润为19,096,711.20元，加年初未分配利润69,144,246.55元，截止2014年6月30日实际可供股东分配利润88,240,957.75元。为了更好地回报股东，公司拟以9,000万股本为基数，向全体股东派发现金股利，每10股派发现金股利3.3333元（含税），合计派发现金股利3,000万元，其余未分配利润结转下年度。", "spo_list": [{"predicate": "未分配利润", "object_type": "金额", "subject_type": "日期", "object": "69,144,246.55元", "subject": "2014年11月15日", "subject_index": {"begin": 0, "end": 11}, "object_index": {"begin": 164, "end": 178}}]}
{"text": "2015年受国内去库存的影响，市场需求较为低迷，空调器产销量出现下降。2015年我国空调器产销量分别为1.04亿台和1.07亿台，较上年同期分别下降11.60%和8.36%。", "spo_list": []}
{"text": "2016年末，公司应收票据余额为2,571.28万元，较2015年末减少2,253.13万元，主要系以下两方面原因：一是美芝于2016年下半年在与公司约定的付款日前结存的商业汇票不足而选择银行存款结算方式导致公司取得的商业承兑汇票减少3,900.74万元，进而2016年末公司已贴现商业承兑汇票附有追索权且未到期而未终止确认的金额减少1,432.83万元；二是2014～2016年公司对主要客户凌达及日立的销售收入受空调压缩机行业变动的影响出现逐年下降导致公司与凌达及日立可结算的应收账款2016年较2015年下降，进而取得的商业票据减少。", "spo_list": [{"predicate": "应收票据", "object_type": "金额", "subject_type": "日期", "object": "2,571.28万元", "subject": "2016年末", "subject_index": {"begin": 0, "end": 6}, "object_index": {"begin": 16, "end": 26}}, {"predicate": "应收票据", "object_type": "金额", "subject_type": "日期", "object": "2,253.13万元", "subject": "2016年末", "subject_index": {"begin": 0, "end": 6}, "object_index": {"begin": 36, "end": 46}}]}
{"text": "2015年末公司固定资产原值较2014年末增加了4,478.71万元，2016年末公司固定资产原值较2015年末增加了2,654.91万元，主要系公司持续工艺改进导致设备投入增加，以及汽车零部件业务扩充产能所致。", "spo_list": [{"predicate": "固定资产", "object_type": "金额", "subject_type": "日期", "object": "4,478.71万元", "subject": "2015年末", "subject_index": {"begin": 0, "end": 6}, "object_index": {"begin": 24, "end": 34}}, {"predicate": "固定资产", "object_type": "金额", "subject_type": "日期", "object": "2,654.91万元", "subject": "2016年末", "subject_index": {"begin": 35, "end": 41}, "object_index": {"begin": 59, "end": 69}}]}
{"text": "报告期各期末，公司应付票据分别为1,212.80万元、271.42万元和1,160.72万元。2015年末应付票据余额较2014年末下降77.62%，主要系百达电器期末未到兑付期的应付票据减少所致。2016年末应付票据余额较2015年末增长889.30万元，主要系公司及控股子公司百达机械的期末应付银行承兑汇票因支付的原材料采购款同比大幅增长所致。2016年下半年起，公司下游需求持续上升，考虑2017年春节时间较早因素，公司加大了原材料备库。", "spo_list": [{"predicate": "应付票据", "object_type": "金额", "subject_type": "日期", "object": "889.30万元", "subject": "2016年末", "subject_index": {"begin": 99, "end": 105}, "object_index": {"begin": 120, "end": 128}}]}
{"text": "2011年8月5日，根据坤元资产评估有限公司出具的《资产评估报告》（坤元评报[2011]330号），百达热处理全部资产和负债以2011年6月30日为基准日的评估结果为：总资产为52,936,359.77元，负债为33,096,113.63元，净资产为19,840,246.14元（包括截至2010年12月31日的未分配利润3,508,123.87元）。", "spo_list": [{"predicate": "总负债", "object_type": "金额", "subject_type": "日期", "object": "33,096,113.63元", "subject": "2011年6月30日", "subject_index": {"begin": 63, "end": 73}, "object_index": {"begin": 106, "end": 120}}, {"predicate": "未分配利润", "object_type": "金额", "subject_type": "日期", "object": "3,508,123.87元", "subject": "2010年12月31日", "subject_index": {"begin": 144, "end": 155}, "object_index": {"begin": 161, "end": 174}}]}
{"text": "2008年6月3日，上海中惠会计师事务所有限公司出具沪惠报验字[2008]第1020号《验资报告》验证：截至2008年5月29日，减资后上海中昱的注册资本为5,040万元，实收资本为5,040万元。", "spo_list": [{"predicate": "截止日期", "object_type": "日期", "subject_type": "报告", "object": "2008年5月29日", "subject": "《验资报告》", "subject_index": {"begin": 43, "end": 49}, "object_index": {"begin": 54, "end": 64}}]}
{"text": "2011年5月15日，上海银信汇业资产评估有限公司对百达有限截至2011年3月31日的全部资产和负债进行了评估，并出具了沪银信汇业资评报字[2011]第406号《台州市百达制冷有限公司股权转让股东全部权益价值评估报告》。经上海银信汇业资产评估有限公司评估，百达有限于评估基准日2011年3月31日的整体净资产评估值为13,510万元。", "spo_list": [{"predicate": "净资产评估值", "object_type": "金额", "subject_type": "日期", "object": "13,510万元。", "subject": "2011年5月15日", "subject_index": {"begin": 0, "end": 10}, "object_index": {"begin": 158, "end": 167}}]}
{"text": "百达电器与韩、泰JSL合同签订的付款周期为60天，百达电器于2015年7月中旬发现泰国JSL未按付款时间支付货款，泰国JSL总经理Mr.KoJongHwan反馈造成货款未支付原因一是最终客户LG计划骤减，二是泰铢汇率下跌导致公司资金出现问题，并承诺在2015年10月开始安排分批付款货款，百达电器当时考虑到双方长期合作关系，同意继续发货。但截止2015年10月百达电器只收到部份货款，故百达电器于2015年11月17日停止对韩国JSL出货，当时应收款金额为37,738.82美元；于2015年10月28日后停止对泰国JSL出货，当时应收款金额为429,321.82美元", "spo_list": [{"predicate": "应收账款余额", "object_type": "金额", "subject_type": "日期", "object": "37,738.82美元", "subject": "2015年11月17日", "subject_index": {"begin": 198, "end": 209}, "object_index": {"begin": 228, "end": 239}}, {"predicate": "应收账款余额", "object_type": "金额", "subject_type": "日期", "object": "429,321.82美元", "subject": "2015年10月28日", "subject_index": {"begin": 241, "end": 252}, "object_index": {"begin": 272, "end": 284}}]}
{"text": "截至2016年12月31日，本公司有99,284,945.41元账面价值的固定资产用于公司银行借款、开具银行承兑汇票的抵押担保。", "spo_list": [{"predicate": "固定资产", "object_type": "金额", "subject_type": "日期", "object": "99,284,945.41元", "subject": "2016年12月31日", "subject_index": {"begin": 2, "end": 13}, "object_index": {"begin": 18, "end": 32}}]}
{"text": "2011年5月5日，上海银信汇业资产评估有限公司出具了《资产评估报告》（沪银信汇业资评报字[2011]第406号）：百达有限截至2011年3月31日的净资产账面值为12,903.64万元，全部权益评估价值为13,510.00万元。", "spo_list": [{"predicate": "截止日期", "object_type": "日期", "subject_type": "报告", "object": "2011年3月31日", "subject": "《资产评估报告》", "subject_index": {"begin": 27, "end": 35}, "object_index": {"begin": 64, "end": 74}}]}
{"text": "2015年末，公司应收票据余额为4,824.41万元，比2014年末增加了1,835.50万元，主要系下游客户美芝将与公司结算的商业票据由以银行承兑汇票为主变更为以商业承兑汇票为主，公司将取得的商业承兑汇票向银行进行贴现后因已贴现商业承兑汇票附有追索权且未到期而未终止确认所致。", "spo_list": [{"predicate": "应收票据", "object_type": "金额", "subject_type": "日期", "object": "4,824.41万元", "subject": "2015年末", "subject_index": {"begin": 0, "end": 6}, "object_index": {"begin": 16, "end": 26}}, {"predicate": "应收票据", "object_type": "金额", "subject_type": "日期", "object": "1,835.50万元", "subject": "2015年末", "subject_index": {"begin": 0, "end": 6}, "object_index": {"begin": 37, "end": 47}}]}
{"text": "2016年末，公司应收账款较2015年末增加了2,219.25万元，主要原因系2016年主营业务收入为54,189.52万元，较2015年增加了7,209.62万元，期末应收账款也相应增加。", "spo_list": [{"predicate": "应收账款余额", "object_type": "金额", "subject_type": "日期", "object": "2,219.25万元", "subject": "2016年末", "subject_index": {"begin": 0, "end": 6}, "object_index": {"begin": 23, "end": 33}}]}
{"text": "注：根据2016年7月11日公司与江苏春兰动力制造有限公司（以下简称春兰动力公司）签订的协议，本公司应收春兰动力公司账面余额170.16万元由春兰动力公司将其未使用的本公司产品及其生产的空调产品164.26万元转让给本公司进行抵偿，剩余款项春兰动力公司无需清偿。上述产品的可变现净值为68.71万元，本公司收到上述产品时根据上述产品的名义价格与可变现净值差额计入存货跌价准备95.55万元。", "spo_list": [{"predicate": "存货", "object_type": "金额", "subject_type": "日期", "object": "95.55万元", "subject": "2016年7月11日", "subject_index": {"begin": 4, "end": 14}, "object_index": {"begin": 187, "end": 194}}]}
{"text": "2016年末，公司其他非流动资产金额为84.00万元，占当期非流动资产的比重为0.24%，为公司预付的软件款", "spo_list": [{"predicate": "非流动资产", "object_type": "金额", "subject_type": "日期", "object": "84.00万元", "subject": "2016年末", "subject_index": {"begin": 0, "end": 6}, "object_index": {"begin": 19, "end": 26}}]}
{"text": "2016年末，公司应交税费比2015年末增加103.77万元，主要系公司2015年预缴企业所得税的影响", "spo_list": [{"predicate": "应交税费", "object_type": "金额", "subject_type": "日期", "object": "103.77万元", "subject": "2016年末", "subject_index": {"begin": 0, "end": 6}, "object_index": {"begin": 22, "end": 30}}]}
{"text": "2015年公司销售费用同比减少了19.98万元，下降幅度为1.42%。2016年公司销售费用同比增加420.84万元，上升幅度为30.37%。主要因为随着业务收入的增长，运输费和包装费同比分别增长了170.30万元和109.12万元。", "spo_list": [{"predicate": "销售费用", "object_type": "金额", "subject_type": "日期", "object": "420.84万元", "subject": "2016年", "subject_index": {"begin": 35, "end": 40}, "object_index": {"begin": 50, "end": 58}}, {"predicate": "销售费用", "object_type": "金额", "subject_type": "日期", "object": "19.98万元", "subject": "2015年", "subject_index": {"begin": 0, "end": 5}, "object_index": {"begin": 16, "end": 23}}]}
{"text": "2015年公司财务费用同比减少了607.23万元，同比降低了23.14%。主要是由于公司汇兑损益减少了340.37万元，及降息导致的利息支出减少了301.64万元", "spo_list": [{"predicate": "财务费用", "object_type": "金额", "subject_type": "日期", "object": "607.23万元", "subject": "2015年", "subject_index": {"begin": 0, "end": 5}, "object_index": {"begin": 16, "end": 24}}, {"predicate": "应付利息", "object_type": "金额", "subject_type": "日期", "object": "301.64万元", "subject": "2015年", "subject_index": {"begin": 0, "end": 5}, "object_index": {"begin": 73, "end": 81}}]}
{"text": "报告期各期末，公司固定资产规模持续增长，2015年末公司固定资产原值较2014年末增加了4,478.71万元，2016年末公司固定资产原值较2015年末增加了2,654.91万元，主要系公司持续工艺改进导致设备投入增加，以及汽车零部件业务扩充产能所致", "spo_list": [{"predicate": "固定资产", "object_type": "金额", "subject_type": "日期", "object": "4,478.71万元", "subject": "2015年末", "subject_index": {"begin": 20, "end": 26}, "object_index": {"begin": 44, "end": 54}}, {"predicate": "固定资产", "object_type": "金额", "subject_type": "日期", "object": "2,654.91万元", "subject": "2016年", "subject_index": {"begin": 55, "end": 60}, "object_index": {"begin": 79, "end": 89}}]}
{"text": "4）经营性应收项目：2015年末经营性应收项目较2014年末增加了316.46万元，主要因为期末应收票据的增加。2016年末，受下游家电行业有所回暖及汽车零部件业务进入成长期的影响，公司销售收入的环比增加导致经营性应收项目的增加", "spo_list": [{"predicate": "应收账款余额", "object_type": "金额", "subject_type": "日期", "object": "316.46万元", "subject": "2015年", "subject_index": {"begin": 10, "end": 15}, "object_index": {"begin": 33, "end": 41}}]}
{"text": "2015年公司筹资活动产生的现金流量净额为-2,893.72万元，为以下几方面的净影响：（1）公司偿还银行借款净额1,657.13万元；（2）支付利息1,796.59万元。", "spo_list": [{"predicate": "公司筹资活动产生的现金流量净额", "object_type": "金额", "subject_type": "日期", "object": "-2,893.72万元", "subject": "2015年", "subject_index": {"begin": 0, "end": 5}, "object_index": {"begin": 21, "end": 32}}, {"predicate": "应付利息", "object_type": "金额", "subject_type": "日期", "object": "1,796.59万元", "subject": "2015年", "subject_index": {"begin": 0, "end": 5}, "object_index": {"begin": 75, "end": 85}}]}
{"text": "2014年4月29日，经公司2013年年度股东大会审议，通过《关于2013年度利润分配的议案》。公司2013年实现净利润为34,718,488.98元，归属于母公司股东的净利润为36,421,922.34元；根据《公司法》和《公司章程》的规定按母公司实现净利润提取10%法定盈余公积4,237,152.47元后，可供股东分配利润为38,134,372.26元，加年初未分配利润31,009,874.29元，截止2013年底实际可供股东分配利润69,144,246.55元。公司2013年度利润不转增，不分配，剩余未分配利润滚存至下一年度。", "spo_list": [{"predicate": "未分配利润", "object_type": "金额", "subject_type": "日期", "object": "31,009,874.29元", "subject": "2014年4月29日", "subject_index": {"begin": 0, "end": 10}, "object_index": {"begin": 188, "end": 202}}]}
{"text": "2015年5月4日，经公司2014年年度股东大会审议，通过《关于2014年度利润分配的议案》。公司2014年度实现净利润42,597,219.34元，归属母公司股东的净利润43,551,551.84元。根据《公司法》和《公司章程》的规定按母公司实现净利润提取10%法定盈余公积金4,678,243.98元后，可供股东分配利润41,888,195.81元，加年初未分配利润67,652,729.00元，扣除2014年已向股东分配的股利30,000,000.00元，截至2014年底实际可供股东分配利润79,540,924.81元。根据公司发展需要以及公司股东的建议，公司2014年度利润不转增不分配，剩余利润滚存至下一年度。", "spo_list": [{"predicate": "未分配利润", "object_type": "金额", "subject_type": "日期", "object": "67,652,729.00元", "subject": "2015年5月4日", "subject_index": {"begin": 0, "end": 9}, "object_index": {"begin": 185, "end": 199}}]}
{"text": "2017年3月18日，经公司2016年年度股东大会审议，通过《关于2016年度利润分配的议案》。公司2016年度实现净利润53,490,856.25元，归属母公司股东的净利润55,564,693.90元。根据《公司法》和《公司章程》的规定，按母公司实现净利润的10%比例提取法定盈余公积金3,475,039.64元后可供股东分配利润31,275,356.75元，加年初未分配利润107,570,219.05元，截至2016年底实际可供股东分配利润138,845,575.80元。根据公司发展需要以及公司股东的建议，浙江百达精工股份有限公司2016年度利润不转增，不分配，剩余利润滚存至下一年度。", "spo_list": [{"predicate": "未分配利润", "object_type": "金额", "subject_type": "日期", "object": "107,570,219.05元", "subject": "2017年3月18日", "subject_index": {"begin": 0, "end": 10}, "object_index": {"begin": 189, "end": 204}}]}
