{"text": "2015年8月18日，致同会所出具了《福建傲农生物科技集团股份有限公司（筹）验资报告》（致同验字（2015）第350ZA0081号），验证截至2015年8月18日，公司已收到全体发起人股东缴纳的注册资本合计20,000万元，全部为净资产出资。", "spo_list": []}
{"text": "2016年12月7日，公司召开临时股东大会，审议通过：同意公司以截至2016年10月31日经审计的公司未分配利润为83,607,339.92元，在提取留存法定权益后，以其中的6,000万元向全体股东按现有持股比例以分派股票股利的形式转作注册资本，未分配利润剩余部分滚存至下一年度，共计转增6,000万股，转增后公司总股本增加至36,000万股。", "spo_list": [{"predicate": "未分配利润", "object_type": "金额", "subject_type": "日期", "object": "83,607,339.92元", "subject": "2016年12月7日", "subject_index": {"begin": 0, "end": 10}, "object_index": {"begin": 57, "end": 71}}]}
{"text": "罗梁财先生：1983年出生，中国国籍，无境外永久居留权；福建农林大学函授大专学历；曾任职于大北农集团福建事业部，现任公司总经理助理、黑龙江（吉林）事业部总经理。", "spo_list": [{"predicate": "大专", "object_type": "学历", "subject_type": "人物", "object": "大专", "subject": "罗梁财", "subject_index": {"begin": 0, "end": 3}, "object_index": {"begin": 36, "end": 38}}]}
{"text": "截至2017年6月30日，本公司存货账面价值为234,155,157.94元，", "spo_list": [{"predicate": "存货", "object_type": "金额", "subject_type": "日期", "object": "234,155,157.94元", "subject": "截至2017年6月30日", "subject_index": {"begin": 0, "end": 12}, "object_index": {"begin": 23, "end": 38}}]}
{"text": "截至2017年6月30日，本公司固定资产账面价值为585,648,785.15元", "spo_list": [{"predicate": "固定资产", "object_type": "金额", "subject_type": "日期", "object": "585,648,785.15元", "subject": "截至2017年6月30日", "subject_index": {"begin": 0, "end": 12}, "object_index": {"begin": 25, "end": 40}}]}
{"text": "截至2017年6月30日，本公司短期借款余额357,200,000.00元，无", "spo_list": [{"predicate": "短期借款", "object_type": "金额", "subject_type": "日期", "object": "357,200,000.00元", "subject": "截至2017年6月30日", "subject_index": {"begin": 0, "end": 12}, "object_index": {"begin": 22, "end": 37}}]}
{"text": "本公司对内部职工的负债主要为应付职工薪酬，包括工资、奖金、社会保险费、住房公积金、工会经费和职工教育经费、设定提存计划等。截至2017年6月30日，本公司应付职工薪酬余额为30,230,212.02元。", "spo_list": [{"predicate": "应付职工薪酬", "object_type": "金额", "subject_type": "日期", "object": "30,230,212.02元", "subject": "截至2017年6月30日", "subject_index": {"begin": 61, "end": 73}, "object_index": {"begin": 86, "end": 100}}]}
{"text": "截至2017年6月30日，本公司应交税费为11,265,184.39元", "spo_list": [{"predicate": "应交税费", "object_type": "金额", "subject_type": "日期", "object": "11,265,184.39元", "subject": "截至2017年6月30日", "subject_index": {"begin": 0, "end": 12}, "object_index": {"begin": 21, "end": 35}}]}
{"text": "采用资产基础法，截止于评估基准日2015年5月31日，纳入本次评估范围的福建傲农生物科技集团有限公司的评估价值为：资产负债表上列示的总资产评估值为446,298,767.23元、资产负债表上列示的负债评估值为160,985,571.09元、资产负债表上列示的净资产评估值为285,313,196.14元", "spo_list": [{"predicate": "净资产评估值", "object_type": "金额", "subject_type": "日期", "object": "285,313,196.14元", "subject": "2015年5月31日", "subject_index": {"begin": 16, "end": 26}, "object_index": {"begin": 136, "end": 151}}]}
{"text": "2017年上半年公司应收账款账面价值相比2016年底增加8,129.84万元，主要原因是根据行业经营惯例，公司年初对下游客户投入应收账款额度，年末进行销售回款，因此年中应收账款额度通常高于年末应收账款", "spo_list": [{"predicate": "其他应收账款账面价值", "object_type": "金额", "subject_type": "日期", "object": "8,129.84万元", "subject": "2017年上半年", "subject_index": {"begin": 0, "end": 8}, "object_index": {"begin": 28, "end": 38}}]}
{"text": "2017年1-6月公司管理费用较2016年同期增长427.36万元，增幅3.47%，变化较小", "spo_list": [{"predicate": "管理费用", "object_type": "金额", "subject_type": "日期", "object": "427.36万元", "subject": "2017年1-6月", "subject_index": {"begin": 0, "end": 9}, "object_index": {"begin": 25, "end": 33}}]}
{"text": "截至2017年6月末，公司固定资产账面价值合计为58,564.88万元，本次饲料生产募投项目拟购建的房屋建筑物和设备购置及安装投资合计28,062.33万元，较2017年6月末账面价值增长47.92%。", "spo_list": [{"predicate": "固定资产", "object_type": "金额", "subject_type": "日期", "object": "58,564.88万元", "subject": "截至2017年6月末", "subject_index": {"begin": 0, "end": 10}, "object_index": {"begin": 24, "end": 35}}]}
{"text": "截至2017年6月30日，本公司在建工程账面价值为123,918,890.51元", "spo_list": [{"predicate": "在建工程账面价值", "object_type": "金额", "subject_type": "日期", "object": "123,918,890.51元", "subject": "2017年6月30日", "subject_index": {"begin": 2, "end": 12}, "object_index": {"begin": 25, "end": 40}}]}
{"text": "截至2017年6月30日，本公司预收款项余额为20,424,261.80元，主要为货款。", "spo_list": [{"predicate": "预收款项", "object_type": "金额", "subject_type": "日期", "object": "20,424,261.80元", "subject": "2017年6月30日", "subject_index": {"begin": 2, "end": 12}, "object_index": {"begin": 23, "end": 37}}]}
{"text": "2016年公司一方面严格控制应收账款的新增金额，另一方面全力督促各地存量应收账款的回收，在销售收入取得增长的同时控制住了应收账款的总体规模。截至2016年末，公司应收账款账面价值相比2015年末减少139.42万元，占流动资产的比重由2015年末的35.51%下降至2016年末的33.11%", "spo_list": [{"predicate": "应收账款余额", "object_type": "金额", "subject_type": "日期", "object": "139.42万元", "subject": "2016年末", "subject_index": {"begin": 72, "end": 78}, "object_index": {"begin": 99, "end": 107}}]}
{"text": "2017年6月末公司应付账款较2016年同期增长3,287.21万元，主要原因是2017年公司新增较多工程项目，应付工程款和设备款增加。", "spo_list": [{"predicate": "应付账款", "object_type": "金额", "subject_type": "日期", "object": "3,287.21万元", "subject": "2017年6月末", "subject_index": {"begin": 0, "end": 8}, "object_index": {"begin": 24, "end": 34}}]}
{"text": "2012年8月17日，公司召开股东会，审议通过：公司注册资本增加580万元至6,580万元，其中原股东吴有林增资180万元，新进股东黄华栋、刘勇、张书金、吴有材、彭财苟、万国锋分别增资90万元、90万元、40万元、60万元、30万元、90万元，新增注册资本均为货币出资。", "spo_list": [{"predicate": "货币资金", "object_type": "金额", "subject_type": "日期", "object": "90万元", "subject": "2012年8月17日", "subject_index": {"begin": 0, "end": 10}, "object_index": {"begin": 92, "end": 96}}, {"predicate": "货币资金", "object_type": "金额", "subject_type": "日期", "object": "90万元", "subject": "2012年8月17日", "subject_index": {"begin": 0, "end": 10}, "object_index": {"begin": 97, "end": 101}}, {"predicate": "货币资金", "object_type": "金额", "subject_type": "日期", "object": "40万元", "subject": "2012年8月17日", "subject_index": {"begin": 0, "end": 10}, "object_index": {"begin": 102, "end": 106}}, {"predicate": "货币资金", "object_type": "金额", "subject_type": "日期", "object": "60万元", "subject": "2012年8月17日", "subject_index": {"begin": 0, "end": 10}, "object_index": {"begin": 107, "end": 111}}, {"predicate": "货币资金", "object_type": "金额", "subject_type": "日期", "object": "30万元", "subject": "2012年8月17日", "subject_index": {"begin": 0, "end": 10}, "object_index": {"begin": 112, "end": 116}}, {"predicate": "货币资金", "object_type": "金额", "subject_type": "日期", "object": "90万元", "subject": "2012年8月17日", "subject_index": {"begin": 0, "end": 10}, "object_index": {"begin": 117, "end": 121}}]}
{"text": "2015年12月28日，致同会所出具了“致同验字[2015]第350ZB0129号”《验资报告》，验证截至2015年12月25日，公司已将资本公积8,781.0484万元转增为股本，变更后公司的注册资本为30,000万元。", "spo_list": [{"predicate": "资本公积", "object_type": "金额", "subject_type": "日期", "object": "8,781.0484万元", "subject": "2015年12月28日", "subject_index": {"begin": 0, "end": 11}, "object_index": {"begin": 73, "end": 85}}]}
{"text": "2015年12月16日，致同会所出具了“致同验字（2016）第350ZB0097号”《验资报告》，验证截至2016年12月14日，公司已将未分配利润6,000万元转增为股本，变更后公司的注册资本为36,000万元。", "spo_list": [{"predicate": "未分配利润", "object_type": "金额", "subject_type": "日期", "object": "6,000万元", "subject": "2015年12月16日", "subject_index": {"begin": 0, "end": 11}, "object_index": {"begin": 74, "end": 81}}]}
{"text": "周通先生：1981年出生，中国国籍，无境外永久居留权；东北农业大学动物医学专业大专学历（在读）；曾任职于龙岩大北农饲料有限公司，现任公司副董事长、华南区总经理。", "spo_list": [{"predicate": "大专", "object_type": "学历", "subject_type": "人物", "object": "大专学历", "subject": "周通", "subject_index": {"begin": 0, "end": 2}, "object_index": {"begin": 39, "end": 43}}]}
{"text": "截至2017年6月30日，本公司无形资产账面价值为103,888,599.83元，其中土地使用权93,702,038.58元，", "spo_list": [{"predicate": "无形资产", "object_type": "金额", "subject_type": "日期", "object": "103,888,599.83元", "subject": "2017年6月30日", "subject_index": {"begin": 2, "end": 12}, "object_index": {"begin": 25, "end": 40}}]}
{"text": "截至2017年6月30日，本公司应付账款余额为569,122,453.78元", "spo_list": [{"predicate": "应付账款", "object_type": "金额", "subject_type": "日期", "object": "569,122,453.78元", "subject": "2017年6月30日", "subject_index": {"begin": 2, "end": 12}, "object_index": {"begin": 23, "end": 38}}]}
{"text": "截至2017年6月30日，本公司其他应付款余额为33,003,068.24元，无", "spo_list": [{"predicate": "应付账款", "object_type": "金额", "subject_type": "日期", "object": "33,003,068.24元", "subject": "2017年6月30日", "subject_index": {"begin": 2, "end": 12}, "object_index": {"begin": 24, "end": 38}}]}
{"text": "采用收益法，截止于评估基准日2015年5月31日，福建傲农生物科技集团有限公司所属的股东全部权益评估价值为人民币119,218万元。", "spo_list": [{"predicate": "股东权益评估值", "object_type": "金额", "subject_type": "日期", "object": "119,218万元", "subject": "2015年5月31日", "subject_index": {"begin": 14, "end": 24}, "object_index": {"begin": 56, "end": 65}}]}
{"text": "发行人采用收益法评估的截止2015年5月31日归属于公司股东权益的金额119,218万元，评估方法采用的具体模型是股权自由现金流折现模型（即DCF-FCFE模型），预测的净利润从2015年至2018年的金额分别为11,154.25万元、15,525.00万元、19,377.80万元以及20,558.90万元，2018年以后进入稳定增长，每年增长率为2%，评估使用的权益回报率为14.37%，参考了同期国债利率3.5%和同行业上市公司的预计市场风险系数、市场风险报酬率、特定风险系数等因素后，同行业上市公司选样大北农、金新农、正邦科技，与企业主营比较一致。经复核评估方法、参数及评估过程，发行人采用采用收益法评估的截止2015年5月31日归属于公司股东权益的金额119,218万元是公允的。", "spo_list": [{"predicate": "股东权益评估值", "object_type": "金额", "subject_type": "日期", "object": "119,218万元", "subject": "2015年5月31日", "subject_index": {"begin": 309, "end": 319}, "object_index": {"begin": 331, "end": 340}}, {"predicate": "股东权益评估值", "object_type": "金额", "subject_type": "日期", "object": "119,218万元", "subject": "2015年5月31日", "subject_index": {"begin": 13, "end": 23}, "object_index": {"begin": 35, "end": 44}}]}
{"text": "公司的固定资产账面价值从2014年末的16,729.08万元增长至2017年6月末的58,564.88万元，增长幅度为250.08%。在固定资产结构中，房屋建筑物和生产设备占比较高，报告期内上述两者合计占固定资产的比例分别为74.47%、68.18%、64.29%和68.03%。截至2014年末、2015年末、2016年末和2017年6月末，融资租入固定资产金额分别为1,960.75万元、7,242.96万元、15,234.75万元和14,496.49万元，总体趋势保持增长，这是由于随着公司业务不断扩大，需要较大规模的固定资产投资，但由于公司资金较为紧张，部分生产设备投资采用了融资租赁方式。", "spo_list": [{"predicate": "固定资产", "object_type": "金额", "subject_type": "日期", "object": "16,729.08万元", "subject": "2014年末", "subject_index": {"begin": 12, "end": 18}, "object_index": {"begin": 19, "end": 30}}, {"predicate": "固定资产", "object_type": "金额", "subject_type": "日期", "object": "58,564.88万元", "subject": "2017年6月末", "subject_index": {"begin": 33, "end": 41}, "object_index": {"begin": 42, "end": 53}}, {"predicate": "固定资产", "object_type": "金额", "subject_type": "日期", "object": "1,960.75万元", "subject": "2014年末", "subject_index": {"begin": 142, "end": 148}, "object_index": {"begin": 185, "end": 195}}, {"predicate": "固定资产", "object_type": "金额", "subject_type": "日期", "object": "7,242.96万元", "subject": "2015年末", "subject_index": {"begin": 149, "end": 155}, "object_index": {"begin": 196, "end": 206}}, {"predicate": "固定资产", "object_type": "金额", "subject_type": "日期", "object": "15,234.75万元", "subject": "2016年末", "subject_index": {"begin": 156, "end": 162}, "object_index": {"begin": 207, "end": 218}}, {"predicate": "固定资产", "object_type": "金额", "subject_type": "日期", "object": "14,496.49万元", "subject": "2017年6月末", "subject_index": {"begin": 163, "end": 171}, "object_index": {"begin": 219, "end": 230}}]}
