{"text": "1997年3月31日普华大华会计师事务所出具的普华验字(97)第12号《验资报告》证明，截至1997年3月31日，本公司（筹）已收到其发起股东北京北辰实业集团公司投入的资本为人民币177,480万元，其中股本为人民币116,000万元，资本公积金为人民币61,480万元。", "spo_list": [{"predicate": "截止日期", "object_type": "日期", "subject_type": "报告", "object": "1997年3月31日", "subject": "《验资报告》", "subject_index": {"begin": 35, "end": 41}, "object_index": {"begin": 46, "end": 56}}]}
{"text": "根据A股发行的相关规定，公司对现有房地产存货（房地产开发产品及开发成本）进行了评估。评估基准日为2006年6月30日，经评估的存货账面价值为563,807.90万元，调整后的账面值为563,807.90万元，评估价值为590,603.83万元，增值额为26,795.92万元，增值率为4.75%。本次资产评估仅为投资者提供参考，有关评估结果不进行帐务调整。", "spo_list": [{"predicate": "存货", "object_type": "金额", "subject_type": "日期", "object": "563,807.90万元", "subject": "2006年6月30日", "subject_index": {"begin": 48, "end": 58}, "object_index": {"begin": 70, "end": 82}}]}
{"text": "五洲皇冠假日酒店由公司于2003年10月对原五洲大酒店东楼升级改造而成，是亚运村地区唯一一家按照五星级标准设计建造的酒店，聘请洲际酒店集团使用皇冠假日酒店品牌进行管理。酒店拥有478间客房、中西餐厅、宴会厅及多功能厅等配套服务和商务设施。客源市场定位于商务和会议的高端，与原五洲大酒店西楼在硬件、客源市场等方面都实现了定位错开，拓宽了市场渠道，到目前为止已取得很好收效，2005年实现利润总额4,155万元，2006年1－6月实现利润总额2,633万元，逐步成为北辰酒店业新的效益增长点。", "spo_list": [{"predicate": "营业利润", "object_type": "金额", "subject_type": "日期", "object": "2,633万元", "subject": "2006年1－6月", "subject_index": {"begin": 204, "end": 213}, "object_index": {"begin": 219, "end": 226}}]}
{"text": "截止2006年6月30日，本集团应付账款余额为433,246,679元，主要为应付的工程款和货款。于2006年6月30日和2005年12月31日本集团应付账款中无欠持有本公司5%(含5%)以上表决权股份的股东的款项。于2006年6月30日，账龄超过三年的应付账款为7,631,263元(2005年12月31日：5,255,971元)，主要为尚未结算的应付工程款及按合同约定尚未支付的质量保证金。", "spo_list": [{"predicate": "应付账款", "object_type": "金额", "subject_type": "日期", "object": "433,246,679元", "subject": "2006年6月30日", "subject_index": {"begin": 2, "end": 12}, "object_index": {"begin": 23, "end": 35}}]}
{"text": "本集团2006年6月30日的其他应付款中，除应付北京北辰实业集团公司124,835,109元(2005年12月31日：4,809,529元)外，无欠其他持有本公司5%(含5%)表决权股份的股东的款项。", "spo_list": [{"predicate": "其他应付款", "object_type": "金额", "subject_type": "日期", "object": "124,835,109元", "subject": "2006年6月30日", "subject_index": {"begin": 3, "end": 13}, "object_index": {"begin": 34, "end": 46}}]}
{"text": "（A）本董事会预计2006年度出售开发产品业务的管理费用为负13,373,172元，比2005年度的29,891,113元，减少43,264,285元，减少约145%；其主要原因是2006年度，原长期未出售的姜庄湖别墅项目销售形势好转，原计提存货跌价准备的南区30栋别墅已经签约28套，毛利率达到25%，所以冲回存货跌价准备共39,725,180元。", "spo_list": [{"predicate": "管理费用", "object_type": "金额", "subject_type": "日期", "object": "负13,373,172元", "subject": "2006年度", "subject_index": {"begin": 9, "end": 15}, "object_index": {"begin": 29, "end": 41}}, {"predicate": "管理费用", "object_type": "金额", "subject_type": "日期", "object": "29,891,113元", "subject": "2005年度", "subject_index": {"begin": 43, "end": 49}, "object_index": {"begin": 50, "end": 61}}]}
{"text": "（C）本公司董事会预计2006年度酒店业务的管理费用为83,526,149元，比2005年度的73,349,209元增加10,176,940元，上升约14%，其主要是因为：", "spo_list": [{"predicate": "管理费用", "object_type": "金额", "subject_type": "日期", "object": "83,526,149元", "subject": "2006年度", "subject_index": {"begin": 11, "end": 17}, "object_index": {"begin": 27, "end": 38}}, {"predicate": "管理费用", "object_type": "金额", "subject_type": "日期", "object": "73,349,209元", "subject": "2005年度", "subject_index": {"begin": 40, "end": 46}, "object_index": {"begin": 47, "end": 58}}]}
{"text": "1、1997年3月31日普华大华会计师事务所出具的普华验字(97)第12号《验资报告》证明，截止1997年3月31日止，本公司（筹）已收到其发起股东北京北辰实业集团公司投入的资本为人民币1,774,800,000元，其中股本为人民币1,160,000,000.00元，资本公积金为人民币614,800,000.00元。", "spo_list": [{"predicate": "截止日期", "object_type": "日期", "subject_type": "报告", "object": "1997年3月31日", "subject": "《验资报告》", "subject_index": {"begin": 37, "end": 43}, "object_index": {"begin": 48, "end": 58}}]}
{"text": "截止2006年6月30日,本集团的资产总计10,765,753,477元。其中流动资产8,234,495,936元；长期投资7,452,826元；固定资产342,044,341元；无形资产及其他资产2,164,036,228元,递延税款借项17,724,146元。近三年及一期本集团的主要资产及变动情况如下", "spo_list": [{"predicate": "无形资产", "object_type": "金额", "subject_type": "日期", "object": "2,164,036,228元", "subject": "2006年6月30日", "subject_index": {"begin": 2, "end": 12}, "object_index": {"begin": 99, "end": 113}}, {"predicate": "递延所得税负债", "object_type": "金额", "subject_type": "日期", "object": "17,724,146元", "subject": "2006年6月30日", "subject_index": {"begin": 2, "end": 12}, "object_index": {"begin": 120, "end": 131}}]}
{"text": "本集团截止2006年6月30日的应交税金为27,939,307元，截止2005年12月31日的应交税金为3,014,834元，应交税金的增加主要是由于本期利润增加导致应交税金增加,别墅项目销售增长导致应交土地增值税余额增加所致。", "spo_list": [{"predicate": "应交税费", "object_type": "金额", "subject_type": "日期", "object": "27,939,307元", "subject": "2006年6月30日", "subject_index": {"begin": 5, "end": 15}, "object_index": {"begin": 21, "end": 32}}, {"predicate": "应交税费", "object_type": "金额", "subject_type": "日期", "object": "3,014,834元", "subject": "截止2005年12月31日", "subject_index": {"begin": 33, "end": 46}, "object_index": {"begin": 52, "end": 62}}]}
{"text": "本集团2003年度的净利润中包括的非经常性损益项目金额为人民币51,465,808元，占当期净利润的22.66%，占当期利润总额的14.84%。其主要是由于本集团在该期间获得了73,484,110元的拆迁补偿收入及将12,825,704元以前年度计提的各项减值准备的转回。", "spo_list": [{"predicate": "非经常性损益", "object_type": "金额", "subject_type": "日期", "object": "51,465,808元", "subject": "2003年度", "subject_index": {"begin": 3, "end": 9}, "object_index": {"begin": 31, "end": 42}}]}
{"text": "2003年1月28日姜庄湖公司向北辰集团及北辰房地产开发股份有限公司出具了《债权转移确认函》，其中姜庄湖公司承诺:在2003年12月31日前向北辰房地产开发股份有限公司偿还该函所述的贷款本金及利息共计人民币75,145,750元及附加同期（自2003年1月28日至姜庄湖公司向北辰房地产开发股份有限公司偿还上述贷款本金及利息之日止期间）利息（按同期银行贷款利率计算）。", "spo_list": []}
{"text": "本集团2006年1-6月的净利润中包括的非经常性损益项目金额为人民币19,681,272元，占当期净利润的12.11%。其主要是由于本集团在该期间将40,421,752元以前年度计提的各项减值准备的转回。", "spo_list": []}
{"text": "截止2006年6月30日，本集团预收账款为1,419,833,985元。预收账款主要为尚未办理入住手续的销售开发产品的预收房款和预收的物业管理费。预收账款中无持有本公司5%(含5%)以上表决权股份的股东的款项。本集团2005年12月31的预收账款余额为979,893,169元，2006年6月30日预收账款余额较2005年12月31日大幅增加主要是由于预收的房地产销售款增多所致。", "spo_list": [{"predicate": "预收款项", "object_type": "金额", "subject_type": "日期", "object": "1,419,833,985元", "subject": "2006年6月30日", "subject_index": {"begin": 2, "end": 12}, "object_index": {"begin": 21, "end": 35}}, {"predicate": "预收款项", "object_type": "金额", "subject_type": "日期", "object": "979,893,169元", "subject": "2005年12月31", "subject_index": {"begin": 108, "end": 118}, "object_index": {"begin": 126, "end": 138}}]}
{"text": "（B）本公司董事会预计2006年度购物中心业务的管理费用为65,523,292元，比2005年度的63,239,093元增加2,284,199元，上升约4%，其主要是因为2006年北辰购物中心业务结构和组织结构发生变化，成立商业发展分公司、百货分公司和超市分公司，随着规模扩大，管理人员增加，从而增加了员工成本，本公司董事会预计2006年员工成本将增加约2,580,000元。", "spo_list": [{"predicate": "管理费用", "object_type": "金额", "subject_type": "日期", "object": "65,523,292元", "subject": "2006年", "subject_index": {"begin": 11, "end": 16}, "object_index": {"begin": 29, "end": 40}}]}
{"text": "(D)本公司董事会预计2006年度其他业务的管理费用为64,496,876元，比2005年度的60,527,717元增加3,969,159元，上升约7%，其主要是因为：", "spo_list": [{"predicate": "管理费用", "object_type": "金额", "subject_type": "日期", "object": "64,496,876元", "subject": "2006年", "subject_index": {"begin": 11, "end": 16}, "object_index": {"begin": 27, "end": 38}}]}
{"text": "2、1997年5月24日普华大华会计师事务所出具的普华验字(97)第48号《验资报告》证明，截至1997年5月23日，本公司在境外发行外资股(H股)所筹股款及超额认购所产生利息合计为港币174,853万元，扣除境内外发生的发行费用计港币8,323万元及超额认购所产生的利息收入港币5,168万元后，实际筹得股款为港币161,362万元，按本公司收到股款当日中国人民银行公布的港币兑人民币中间价1.0724计算，折合人民币173,044万元。经H股募集后，本公司股本共为人民币1，867,020,000元，其发起人股为人民币1,160,000,000元，境外上市外资股为人民币707,020,000元。", "spo_list": [{"predicate": "截止日期", "object_type": "日期", "subject_type": "报告", "object": "1997年5月23日", "subject": "《验资报告》", "subject_index": {"begin": 37, "end": 43}, "object_index": {"begin": 48, "end": 58}}]}
{"text": "（3）本集团2004年12月31日的存货净额比2003年12月31日增加10.41亿元，增加幅度为46.87%；2005年12月31日的存货净额比2004年12月31日增加12.18亿元，增加幅度为37.33%；2006年6月30日的存货净额比2005年12月31日增加12.08亿元，增加幅度为26.95%，存货的不断增加主要是由于公司加大了房地产开发力度。公司管理层认为，近几年不断加大的房地产开发力度为以后的利润增长打下了坚实的基础，根据房地产项目开发周期较强的特点，本公司在不断加大房地产开发力度的期间存货同步增加是合理的。", "spo_list": [{"predicate": "存货", "object_type": "金额", "subject_type": "日期", "object": "10.41亿元", "subject": "2004年12月31日", "subject_index": {"begin": 6, "end": 17}, "object_index": {"begin": 36, "end": 43}}, {"predicate": "存货", "object_type": "金额", "subject_type": "日期", "object": "12.18亿元", "subject": "2005年12月31日", "subject_index": {"begin": 56, "end": 67}, "object_index": {"begin": 86, "end": 93}}, {"predicate": "存货", "object_type": "金额", "subject_type": "日期", "object": "12.08亿元", "subject": "2006年6月30日", "subject_index": {"begin": 106, "end": 116}, "object_index": {"begin": 135, "end": 142}}]}
{"text": "截止2006年6月30日本集团的流动比率为2.13，速动比率为0.66，符合房地产企业的特点。同时，由于本集团在银行的信誉良好，银行共给予本公司39.85亿授信额度，依据过往三年及目前本集团的业务经营与现金流量情况，本集团有充足的营运资金清偿到期债务，不存在偿债风险。", "spo_list": [{"predicate": "流动比率", "object_type": "日期", "subject_type": "比率", "object": "2006年6月30日", "subject": "2.13", "subject_index": {"begin": 21, "end": 25}, "object_index": {"begin": 2, "end": 12}}, {"predicate": "速动比率", "object_type": "日期", "subject_type": "比率", "object": "2006年6月30日", "subject": "0.66", "subject_index": {"begin": 31, "end": 35}, "object_index": {"begin": 2, "end": 12}}]}
{"text": "2002年姜庄湖公司就上述5000万元款项支付的利息（按现行市场利率收取）费用为301.8万元；而且，北辰房地产开发股份有限公司已于2003年向北辰集团支付了上述全部款项7,514.58元。", "spo_list": [{"predicate": "应付利息", "object_type": "金额", "subject_type": "日期", "object": "301.8万元", "subject": "2002年", "subject_index": {"begin": 0, "end": 5}, "object_index": {"begin": 40, "end": 47}}]}
{"text": "本集团截止2006年6月30日的应交税金为27,939,307元，截止2005年12月31日的应交税金为3,014,834元，应交税金的增加主要是由于应交土地增值税增加和本期利润增加导致应交税金增加。", "spo_list": [{"predicate": "应交税费", "object_type": "金额", "subject_type": "日期", "object": "3,014,834元", "subject": "2005年12月31日", "subject_index": {"begin": 35, "end": 46}, "object_index": {"begin": 52, "end": 62}}, {"predicate": "应交税费", "object_type": "金额", "subject_type": "日期", "object": "27,939,307元", "subject": "2006年6月30日", "subject_index": {"begin": 5, "end": 15}, "object_index": {"begin": 21, "end": 32}}]}
{"text": "本公司董事会预计2006年度管理费用为270,247,067元，比2005年度的294,871,495元减少24,624,428元，下降约8%。", "spo_list": [{"predicate": "管理费用", "object_type": "金额", "subject_type": "日期", "object": "270,247,067元", "subject": "2006年度", "subject_index": {"begin": 8, "end": 14}, "object_index": {"begin": 19, "end": 31}}, {"predicate": "管理费用", "object_type": "金额", "subject_type": "日期", "object": "294,871,495元", "subject": "2005年度", "subject_index": {"begin": 33, "end": 39}, "object_index": {"begin": 40, "end": 52}}, {"predicate": "管理费用", "object_type": "金额", "subject_type": "日期", "object": "24,624,428元", "subject": "2005年度", "subject_index": {"begin": 33, "end": 39}, "object_index": {"begin": 54, "end": 65}}]}
{"text": "本公司董事会预计2006年度财务费用为6,808,448元，", "spo_list": [{"predicate": "财务费用", "object_type": "金额", "subject_type": "日期", "object": "6,808,448元", "subject": "2006年度", "subject_index": {"begin": 8, "end": 14}, "object_index": {"begin": 19, "end": 29}}]}
{"text": "截止2006年6月30日，本集团预收账款为1,419,833,985元。预收账款主要为尚未办理入住手续的销售开发产品的预收房款和预收的物业管理费。预收账款中无持有本公司5%(含5%)以上表决权股份的股东的款项。本集团2005年12月31的预收账款余额为979,893,169元，2004年12月31的预收账款余额为763,362,470元，2003年12月31的预收账款余额为363,220,564元，近3年本集团预收账款余额逐年大幅增加，主要是由于本公司加大了房地产开发力度，可售房源大幅增加，销售情况较好，预收的房地产销售款增多所致。", "spo_list": [{"predicate": "预收款项", "object_type": "金额", "subject_type": "日期", "object": "1,419,833,985元", "subject": "2006年6月30日", "subject_index": {"begin": 2, "end": 12}, "object_index": {"begin": 21, "end": 35}}, {"predicate": "预收款项", "object_type": "金额", "subject_type": "日期", "object": "979,893,169元", "subject": "2005年12月31", "subject_index": {"begin": 108, "end": 118}, "object_index": {"begin": 126, "end": 138}}, {"predicate": "预收款项", "object_type": "金额", "subject_type": "日期", "object": "763,362,470元", "subject": "2004年12月31", "subject_index": {"begin": 139, "end": 149}, "object_index": {"begin": 157, "end": 169}}, {"predicate": "预收款项", "object_type": "金额", "subject_type": "日期", "object": "363,220,564元", "subject": "2003年12月31", "subject_index": {"begin": 170, "end": 180}, "object_index": {"begin": 188, "end": 200}}]}
