{"text": "1998、1999、2000年末和2001年6月30日，本公司的货币资金分别为1,672,591.38元、18,325,806.83元、71,337,072.55元、85,098,950.20元；分别占当期期末流动资产的2.15%、24.50%、36.49%、40.82%。公司货币资金1999年12月31日较1998年12月31日增长996%，主要原因是公司1999年度销售增加，货款待付；2000年12月31日较1999年12月31日增长289%，主要原因是公司2000年度销售增加及年末增加汇总、合并广安门分公司、兰州西固分公司、兰州华联综合超市有限公司会计报表。", "spo_list": [{"predicate": "货币资金", "object_type": "金额", "subject_type": "日期", "object": "1,672,591.38元", "subject": "1998", "subject_index": {"begin": 0, "end": 4}, "object_index": {"begin": 39, "end": 52}}, {"predicate": "货币资金", "object_type": "金额", "subject_type": "日期", "object": "18,325,806.83元", "subject": "1999", "subject_index": {"begin": 5, "end": 9}, "object_index": {"begin": 53, "end": 67}}, {"predicate": "货币资金", "object_type": "金额", "subject_type": "日期", "object": "71,337,072.55元", "subject": "2000年末", "subject_index": {"begin": 10, "end": 16}, "object_index": {"begin": 68, "end": 82}}, {"predicate": "货币资金", "object_type": "金额", "subject_type": "日期", "object": "85,098,950.20元", "subject": "2001年6月30日", "subject_index": {"begin": 17, "end": 27}, "object_index": {"begin": 83, "end": 97}}]}
{"text": "本公司1998、1999、2000年末和2001年6月30日的预付帐款为26,783,607.30元、3,567,554.64元、15,880,871.72元和20,073,218.53元。2001年6月30日，预付帐款余额主要为购货款。2001年6月30日，帐龄在一年以内的预付帐款余额余额为18,902,733.89元，占预付帐款总额的比例为94.17%。2001年6月30日，本公司的预付帐款余额中不存在预付持本公司5%或以上股份的主要股东单位款项。", "spo_list": [{"predicate": "预付款项", "object_type": "金额", "subject_type": "日期", "object": "26,783,607.30元", "subject": "1998", "subject_index": {"begin": 3, "end": 7}, "object_index": {"begin": 36, "end": 50}}, {"predicate": "预付款项", "object_type": "金额", "subject_type": "日期", "object": "3,567,554.64元", "subject": "1999", "subject_index": {"begin": 8, "end": 12}, "object_index": {"begin": 51, "end": 64}}, {"predicate": "预付款项", "object_type": "金额", "subject_type": "日期", "object": "15,880,871.72元", "subject": "2000年末", "subject_index": {"begin": 13, "end": 19}, "object_index": {"begin": 65, "end": 79}}, {"predicate": "预付款项", "object_type": "金额", "subject_type": "日期", "object": "20,073,218.53元", "subject": "2001年6月30日", "subject_index": {"begin": 20, "end": 30}, "object_index": {"begin": 80, "end": 94}}]}
{"text": "1998年、1999年、2000年和2001年上半年，本公司应付帐款余额分别为32,688,537.87元、36,724,007.33元、139,594,939.05元和143,504,645.92元，其中，2001年上半年一年以内的应付帐款为141,015,971.61元，占应付帐款余额的98.27%。本公司应付帐款余额2000年12月31日较1999年12月31日增长280%，主要原因是增加汇总北京华联广安门综合超市有限公司、北京华联商厦股份有限公司(兰州)西固分公司及增加合并兰州华联综合超市有限公司会计报表，同时，阜成门分公司2000年12月销售大幅增加，而货款暂未结算。截至2001年6月30日，本公司所欠的大额应付款项单位有：北京朝阳副食品批发总公司、中银金行、北京华都肉鸡公司、广东科龙电器股份有限公司和资生堂丽源化妆品有限公司。截至2001年6月30日，本公司不存在欠付持公司5%以上股份的股东单位的欠款。", "spo_list": [{"predicate": "应付账款", "object_type": "金额", "subject_type": "日期", "object": "32,688,537.87元", "subject": "1998年", "subject_index": {"begin": 0, "end": 5}, "object_index": {"begin": 39, "end": 53}}, {"predicate": "应付账款", "object_type": "金额", "subject_type": "日期", "object": "36,724,007.33元", "subject": "1999年", "subject_index": {"begin": 6, "end": 11}, "object_index": {"begin": 54, "end": 68}}, {"predicate": "应付账款", "object_type": "金额", "subject_type": "日期", "object": "139,594,939.05元", "subject": "2000年", "subject_index": {"begin": 12, "end": 17}, "object_index": {"begin": 69, "end": 84}}, {"predicate": "应付账款", "object_type": "金额", "subject_type": "日期", "object": "143,504,645.92元", "subject": "2001年上半年", "subject_index": {"begin": 18, "end": 26}, "object_index": {"begin": 85, "end": 100}}]}
{"text": "截至2001年6月30日，本公司其他应付款为11,798,199.50元。其中，一年以内的应付款为8,912,733.87元，1—2年的其他应付款为1,292,504.83元，2—3年的其他应付款为1,171,015.04元。截至2001年6月30日，本公司所欠其他应付款项的主要单位有：兰州通达房地产公司、华联数码广场、北京美姿乐科技有限公司、甘肃粤兰装饰公司和晟佳股份有限公司。上述应付款项主要是押金及往来款。截至2001年6月30日，本公司不存在欠付持本公司5%以上股份的股东单位的其他应付款项。", "spo_list": [{"predicate": "其他应付款", "object_type": "金额", "subject_type": "日期", "object": "11,798,199.50元", "subject": "截至2001年6月30日", "subject_index": {"begin": 0, "end": 12}, "object_index": {"begin": 22, "end": 36}}]}
{"text": "截至2001年6月30日，本公司其他应付款为11,798,199.50元。其中，一年以内的应付款为8,912,733.87元，1—2年的其他应付款为1,292,504.83元，2—3年的其他应付款为1,171,015.04元。截至2001年6月30日，本公司所欠其他应付款项的主要单位有：兰州通达房地产公司、华联数码广场、北京美姿乐科技有限公司、甘肃粤兰装饰公司和晟佳股份有限公司。上述应付款项主要是押金及往来款。截至2001年6月30日，本公司不存在欠付持本公司5%以上股份的股东单位的其他应付款项。", "spo_list": [{"predicate": "其他应付款", "object_type": "金额", "subject_type": "日期", "object": "11,798,199.50元", "subject": "截至2001年6月30日", "subject_index": {"begin": 0, "end": 12}, "object_index": {"begin": 22, "end": 36}}]}
{"text": "截至2001年6月30日，本公司其他负债还有：预提费用为6,307,677.49元，应付工资440,000.00元，应付福利费为1,322,725.82元等。本公司不存在逾期未偿还债项。", "spo_list": [{"predicate": "应付职工薪酬", "object_type": "金额", "subject_type": "日期", "object": "440,000.00元", "subject": "截至2001年6月30日", "subject_index": {"begin": 0, "end": 12}, "object_index": {"begin": 46, "end": 57}}]}
{"text": "本公司2001年1-6月的经营活动产生的现金流量净额为9,616,557.81元，其中，销售商品、提供劳务收到的现金为672,655,862.53元，收到的其他与经营活动有关的现金为37,518,689.00元，购买商品、接收劳务支付的现金为580,261,480.49元，支付给职工以及为职工支付的现金为12,014,649.47元，支付的各项税费为40,198,253.67元，支付的其他与经营活动有关的现金为68,083,610.09元；投资活动产生的现金流量净额为-5,656,328.86元，其中，购建固定资产和其他长期资产所支付的现金为5,656,328.86元；筹资活动产生的现金流量净额为9,801,648.70元，其中，借款所收到的现金为180,000,000.00元，偿还债务所支付的现金为165,000,000.00元，分配股利、利润或偿付利息所支付的现金为4,278,912.50元，支付其他与筹资活动有关的现金为1,172,158.81元。本公司2001年1-6月现金及现金等价物净增加额13,761,877.65元。", "spo_list": [{"predicate": "公司经营活动产生的现金流量净额", "object_type": "金额", "subject_type": "日期", "object": "9,616,557.81元", "subject": "2001年1-6月", "subject_index": {"begin": 3, "end": 12}, "object_index": {"begin": 27, "end": 40}}, {"predicate": "应付职工薪酬", "object_type": "金额", "subject_type": "日期", "object": "12,014,649.47元", "subject": "2001年1-6月", "subject_index": {"begin": 3, "end": 12}, "object_index": {"begin": 153, "end": 167}}, {"predicate": "公司投资活动产生的现金流量净额", "object_type": "金额", "subject_type": "日期", "object": "-5,656,328.86元", "subject": "2001年1-6月", "subject_index": {"begin": 3, "end": 12}, "object_index": {"begin": 236, "end": 250}}, {"predicate": "公司筹资活动产生的现金流量净额", "object_type": "金额", "subject_type": "日期", "object": "9,801,648.70元", "subject": "2001年1-6月", "subject_index": {"begin": 3, "end": 12}, "object_index": {"begin": 302, "end": 315}}]}
{"text": "本公司2000年度、1999年度和1998年度的主营业务利润分别为：148,134,996.76元、85,211,816.55元和62,456,627.50元，1999年度主营业务利润比1998年度增长36.43%，2000年度比1999年度增长73.84%，公司主营业务利润呈现快速增长的态势。公司2001年中期主营业务利润为91,458,886.07元，预计比2000年度有较大幅度增长。公司净资产收益率1998年度、1999年度和2000年度分别为：7.16%、14.36%、31.22%，净资产收益率同样呈现出快速增长的势头。2001年中期公司净资产收益率为17.83%，预计比2000年度有较大幅度提高。公司每股净利润1999年度和2000年度分别为：0.16元、招股说明书0.42元，增长速度较快。", "spo_list": [{"predicate": "营业利润", "object_type": "金额", "subject_type": "日期", "object": "148,134,996.76元", "subject": "2000年度", "subject_index": {"begin": 3, "end": 9}, "object_index": {"begin": 34, "end": 49}}, {"predicate": "营业利润", "object_type": "金额", "subject_type": "日期", "object": "85,211,816.55元", "subject": "1999年度", "subject_index": {"begin": 10, "end": 16}, "object_index": {"begin": 50, "end": 64}}, {"predicate": "营业利润", "object_type": "金额", "subject_type": "日期", "object": "62,456,627.50元", "subject": "1998年度", "subject_index": {"begin": 17, "end": 23}, "object_index": {"begin": 65, "end": 79}}]}
{"text": "流动资产主要包括货币资金、应收帐款、其他应收款和待摊费用。具体情况如下：1998、1999、2000年末和2001年6月30日，本公司的货币资金分别为：1,672,591.38元、18,325,806.83元、71,337,072.55元、85,098,950.20元；分别占当年年末流动资产的2.15%、24.50%、36.49%、40.82%。本公司1998、1999、2000年末和2001年6月30日的应收帐款分别为：107,985.72元、8,966.10元、3,681,483.76元和599,825.25元，主要为团购客户的应收帐款，本公司能够收回这些应收帐款。本公司1998年12月31日、1999年12月31日、2000年12月31日的其他应收款分别为15,995,730.90元、18,136,389.51元、8,170,418.65元，2001年6月30日的其他应收款为7,782,392.51元，其中帐龄在一年以内的其他应收款余额为7,595,988.16元，占应收帐款总额的比例为92.21%。上述其他应收款主要为与外单位的往来款和信用卡待划转款及应收托管费等,本公司能够及时收回这些其他应收款。根据公司的经营实际情况，本公司已经对应收帐款和其他应收款提取了相应比例的坏帐准备，坏帐提取比例详见北京京都会计师事务所有限责任公司出具的本公司审计报告。本公司1998、1999、2000年末和2001年6月30日的预付帐款为26,783,607.30元、3,567,554.64元、15,880,871.72元和20,073,218.53元，这些预付帐款是公司正常经营所必须的。", "spo_list": [{"predicate": "货币资金", "object_type": "金额", "subject_type": "日期", "object": "1,672,591.38元", "subject": "1998", "subject_index": {"begin": 36, "end": 40}, "object_index": {"begin": 76, "end": 89}}, {"predicate": "货币资金", "object_type": "金额", "subject_type": "日期", "object": "18,325,806.83元", "subject": "1999", "subject_index": {"begin": 41, "end": 45}, "object_index": {"begin": 90, "end": 104}}, {"predicate": "货币资金", "object_type": "金额", "subject_type": "日期", "object": "71,337,072.55元", "subject": "2000年末", "subject_index": {"begin": 46, "end": 52}, "object_index": {"begin": 105, "end": 119}}, {"predicate": "货币资金", "object_type": "金额", "subject_type": "日期", "object": "85,098,950.20元", "subject": "2001年6月30日", "subject_index": {"begin": 53, "end": 63}, "object_index": {"begin": 120, "end": 134}}, {"predicate": "应收账款净额", "object_type": "金额", "subject_type": "日期", "object": "107,985.72元", "subject": "2000年末和2001年6月30日", "subject_index": {"begin": 187, "end": 204}, "object_index": {"begin": 213, "end": 224}}, {"predicate": "应收账款净额", "object_type": "金额", "subject_type": "日期", "object": "8,966.10元", "subject": "2000年末和2001年6月30日", "subject_index": {"begin": 187, "end": 204}, "object_index": {"begin": 225, "end": 234}}, {"predicate": "应收账款净额", "object_type": "金额", "subject_type": "日期", "object": "3,681,483.76元", "subject": "2000年末和2001年6月30日", "subject_index": {"begin": 187, "end": 204}, "object_index": {"begin": 235, "end": 248}}, {"predicate": "应收账款净额", "object_type": "金额", "subject_type": "日期", "object": "599,825.25元", "subject": "2000年末和2001年6月30日", "subject_index": {"begin": 187, "end": 204}, "object_index": {"begin": 249, "end": 260}}, {"predicate": "其他应收款净额", "object_type": "金额", "subject_type": "日期", "object": "15,995,730.90元", "subject": "1998年12月31日", "subject_index": {"begin": 291, "end": 302}, "object_index": {"begin": 335, "end": 349}}, {"predicate": "其他应收款净额", "object_type": "金额", "subject_type": "日期", "object": "18,136,389.51元", "subject": "1999年12月31日", "subject_index": {"begin": 303, "end": 314}, "object_index": {"begin": 350, "end": 364}}, {"predicate": "其他应收款净额", "object_type": "金额", "subject_type": "日期", "object": "8,170,418.65元", "subject": "2000年12月31日", "subject_index": {"begin": 315, "end": 326}, "object_index": {"begin": 365, "end": 378}}, {"predicate": "其他应收款净额", "object_type": "金额", "subject_type": "日期", "object": "7,782,392.51元", "subject": "2001年6月30日", "subject_index": {"begin": 379, "end": 389}, "object_index": {"begin": 396, "end": 409}}, {"predicate": "预付款项", "object_type": "金额", "subject_type": "日期", "object": "26,783,607.30元", "subject": "1998", "subject_index": {"begin": 590, "end": 594}, "object_index": {"begin": 623, "end": 637}}, {"predicate": "预付款项", "object_type": "金额", "subject_type": "日期", "object": "3,567,554.64元", "subject": "1999", "subject_index": {"begin": 595, "end": 599}, "object_index": {"begin": 638, "end": 651}}, {"predicate": "预付款项", "object_type": "金额", "subject_type": "日期", "object": "15,880,871.72元", "subject": "2000年末", "subject_index": {"begin": 600, "end": 606}, "object_index": {"begin": 652, "end": 666}}, {"predicate": "预付款项", "object_type": "金额", "subject_type": "日期", "object": "20,073,218.53元", "subject": "2001年6月30日", "subject_index": {"begin": 607, "end": 617}, "object_index": {"begin": 667, "end": 681}}]}
{"text": "本公司1998、1999、2000年末和2001年6月30日的应收帐款分别为107,985.72元、8,966.10元、3,681,483.76元和599,825.25元。2001年6月30日，帐龄在一年以内的应收帐款余额为631,395.00元，占应收帐款总额的比例为100%。2001年6月30日，本公司的应收帐款余额中，并无持本公司5%或以上股份的主要股东欠款。", "spo_list": [{"predicate": "其他应收款净额", "object_type": "金额", "subject_type": "日期", "object": "107,985.72元", "subject": "1998", "subject_index": {"begin": 3, "end": 7}, "object_index": {"begin": 38, "end": 49}}, {"predicate": "应收账款净额", "object_type": "金额", "subject_type": "日期", "object": "8,966.10元", "subject": "1999", "subject_index": {"begin": 8, "end": 12}, "object_index": {"begin": 50, "end": 59}}, {"predicate": "应收账款净额", "object_type": "金额", "subject_type": "日期", "object": "3,681,483.76元", "subject": "2000年末", "subject_index": {"begin": 13, "end": 19}, "object_index": {"begin": 60, "end": 73}}, {"predicate": "应收账款净额", "object_type": "金额", "subject_type": "日期", "object": "599,825.25元", "subject": "2001年6月30日", "subject_index": {"begin": 20, "end": 30}, "object_index": {"begin": 74, "end": 85}}, {"predicate": "应收账款净额", "object_type": "金额", "subject_type": "日期", "object": "631,395.00元", "subject": "2001年6月30日", "subject_index": {"begin": 86, "end": 96}, "object_index": {"begin": 112, "end": 123}}]}
{"text": "2001年6月30日，本公司的待摊费用为19,633,611.64元，主要为待转税、电脑软件费用、保险费。", "spo_list": []}
{"text": "1998年、1999年、2000年和2001年上半年，本公司预收帐款余额分别为9,136,177.56元、6,277,417.81元、40,140,386.48元、2,545,767.50元。公司预收帐款大幅减少，主要是预收款于2001年1-6月实现销售而结转销售收入。截止2001年6月30日，以上预收帐款不存在预收持本公司5%以上股份的股东单位款项。", "spo_list": [{"predicate": "预收款项", "object_type": "金额", "subject_type": "日期", "object": "9,136,177.56元", "subject": "1998年", "subject_index": {"begin": 0, "end": 5}, "object_index": {"begin": 39, "end": 52}}, {"predicate": "预收款项", "object_type": "金额", "subject_type": "日期", "object": "6,277,417.81元", "subject": "1999年", "subject_index": {"begin": 6, "end": 11}, "object_index": {"begin": 53, "end": 66}}, {"predicate": "预收款项", "object_type": "金额", "subject_type": "日期", "object": "40,140,386.48元", "subject": "2000年", "subject_index": {"begin": 12, "end": 17}, "object_index": {"begin": 67, "end": 81}}, {"predicate": "预收款项", "object_type": "金额", "subject_type": "日期", "object": "2,545,767.50元", "subject": "2001年", "subject_index": {"begin": 18, "end": 23}, "object_index": {"begin": 82, "end": 95}}]}
{"text": "截至2001年6月30日，本公司应付票据余额为14,341,670.00元，全部为银行承兑汇票。", "spo_list": [{"predicate": "应付票据", "object_type": "金额", "subject_type": "日期", "object": "14,341,670.00元", "subject": "2001年6月30日", "subject_index": {"begin": 2, "end": 12}, "object_index": {"begin": 23, "end": 37}}]}
{"text": "公司2001年1-6月经营活动产生的现金流量净额相对较小，其主要原因有：2001年年元旦和春节前的销售旺季实现的大量销售收入已于2000年年末结算，而大量货款至2001年初才支付给供货商；2001年上半年支付的各项税费达40,198,253.67元。", "spo_list": []}
{"text": "截至2001年6月30日，本公司的负债合计为285,956,014.93元，全部为流动负债，主要包括短期借款、应付票据、应付帐款、应交税金和其他应付款等，不存在逾期未偿还债项。公司的主要负债均为流动负债，这是由公司所处的行业特点和公司从事业务的性质决定的。2001年6月30日资产负债率为60.76%，符合公司的承受能力，也符合本行业的特点。", "spo_list": [{"predicate": "资产负债率", "object_type": "日期", "subject_type": "比率", "object": "2001年6月30日", "subject": "60.76%，", "subject_index": {"begin": 144, "end": 151}, "object_index": {"begin": 128, "end": 138}}]}
{"text": "2001年4月4日，本公司与中国银行北京市分行签订《借款合同》，借款金额1亿元，年利率6.138%，借款期限自2001年4月4日起6个月。目前本公司已偿还借款6,000万元，现贷款余额为人民币4,000万元。", "spo_list": [{"predicate": "长期借款", "object_type": "金额", "subject_type": "日期", "object": "1亿元", "subject": "2001年4月4日", "subject_index": {"begin": 0, "end": 9}, "object_index": {"begin": 36, "end": 39}}]}
{"text": "经国家经济贸易委员会国经贸企改[2000]309号文件批准，公司于2000年4月19日由有限责任公司变更为股份有限公司。根据北京京都会计师事务所有限责任公司于2000年2月20日出具的北京京都审字（2000）第0191号审计报告的审计结果，公司截至1999年12月31日的净资产为75,572,975.12元人民币，按照1：1的比例折为7,557.29万股股份有限公司普通股。北京京都会计师事务所有限责任公司于2000年3月31日为公司整体变更为股份有限公司进行了验资，并出具了北京京都验字（2000）第032号验资报告。", "spo_list": [{"predicate": "截止日期", "object_type": "日期", "subject_type": "报告", "object": "1999年12月31日", "subject": "（2000）第0191号审计报告", "subject_index": {"begin": 98, "end": 114}, "object_index": {"begin": 124, "end": 135}}]}
{"text": "1999年3月16日，北京综超与兰州电机有限责任公司签订了《厂房和场地租赁合同》，租赁位于兰州市火车站东路18号的厂房和场地，作为本公司控股子公司兰州华联综合超市有限公司（简称“兰州华联”）的经营场所，面积共约25,700平方米，租期30年，年租金为人民币200万元，从第六年起每五年增加8％。租赁合同约定，兰州华联注册后，北京综超在该合同项下的权利和义务转让给兰州华联。兰州华联已于1999年8月12日注册成立。", "spo_list": [{"predicate": "财务费用", "object_type": "金额", "subject_type": "日期", "object": "200万元", "subject": "1999年3月16日", "subject_index": {"begin": 0, "end": 10}, "object_index": {"begin": 128, "end": 133}}]}
{"text": "马婕女士：37岁，大专，中国国籍，曾在兆龙饭店、北京燕莎友谊商城任职。现任本公司阜成门分公司经理、本公司监事。", "spo_list": [{"predicate": "大专", "object_type": "学历", "subject_type": "人物", "object": "大专", "subject": "马婕", "subject_index": {"begin": 0, "end": 2}, "object_index": {"begin": 9, "end": 11}}]}
{"text": "本公司1998、1999、2000年末和2001年6月30日的坏帐准备为1,019,067.35元、1,607,287.31元、833,742.04元和486,868.31元。上述期末的应收款项净额为16,103,716.62元、18,145,355.61元、11,851,902.41元和8,382,217.76元。", "spo_list": [{"predicate": "坏账准备", "object_type": "金额", "subject_type": "日期", "object": "1,019,067.35元", "subject": "1998", "subject_index": {"begin": 3, "end": 7}, "object_index": {"begin": 36, "end": 49}}, {"predicate": "坏账准备", "object_type": "金额", "subject_type": "日期", "object": "1,607,287.31元", "subject": "1999", "subject_index": {"begin": 8, "end": 12}, "object_index": {"begin": 50, "end": 63}}, {"predicate": "坏账准备", "object_type": "金额", "subject_type": "日期", "object": "833,742.04元", "subject": "2000年末", "subject_index": {"begin": 13, "end": 19}, "object_index": {"begin": 64, "end": 75}}, {"predicate": "坏账准备", "object_type": "金额", "subject_type": "日期", "object": "486,868.31元", "subject": "2001年6月30日", "subject_index": {"begin": 20, "end": 30}, "object_index": {"begin": 76, "end": 87}}]}
{"text": "本公司1998、1999、2000年末和2001年6月30日的存货为32,219,419.14元、37,565,772.93元、75,425,784.70元和75,285,195.12元。公司存货2000年12月31日较1999年12月31日增长101%，主要原因是2000年5月收购北京华联广安门综合超市有限公司存货、2000年9月新设北京华联商厦股份有限公司(兰州)西固分公司及合并兰州华联综合超市有限公司会计报表。存货可变现净值以估计售价减去销售所必须的估计费用后的价值确认。", "spo_list": [{"predicate": "存货", "object_type": "金额", "subject_type": "日期", "object": "75,285,195.12元", "subject": "2001年6月30日", "subject_index": {"begin": 20, "end": 30}, "object_index": {"begin": 79, "end": 93}}, {"predicate": "存货", "object_type": "金额", "subject_type": "日期", "object": "75,425,784.70元", "subject": "2000年末", "subject_index": {"begin": 13, "end": 19}, "object_index": {"begin": 64, "end": 78}}, {"predicate": "存货", "object_type": "金额", "subject_type": "日期", "object": "37,565,772.93元", "subject": "1999", "subject_index": {"begin": 8, "end": 12}, "object_index": {"begin": 49, "end": 63}}, {"predicate": "存货", "object_type": "金额", "subject_type": "日期", "object": "32,219,419.14元", "subject": "1998", "subject_index": {"begin": 3, "end": 7}, "object_index": {"begin": 34, "end": 48}}]}
{"text": "1998年、1999年、2000年和2001年上半年，本公司应交税金分别为-801,645.33元、4,062,086.30元、22,225,526.46元和10,489,152.76元。其中2001年上半年应交税金中增值税3,610,761.05元，营业税-495,493.28元，所得税6,874,824.33元。2001年6月30日应交营业税为负数系当期多交营业税。", "spo_list": [{"predicate": "应交税费", "object_type": "金额", "subject_type": "日期", "object": "10,489,152.76元", "subject": "2001年", "subject_index": {"begin": 18, "end": 23}, "object_index": {"begin": 79, "end": 93}}, {"predicate": "应交税费", "object_type": "金额", "subject_type": "日期", "object": "22,225,526.46元", "subject": "2000年", "subject_index": {"begin": 12, "end": 17}, "object_index": {"begin": 64, "end": 78}}, {"predicate": "应交税费", "object_type": "金额", "subject_type": "日期", "object": "4,062,086.30元", "subject": "1999年", "subject_index": {"begin": 6, "end": 11}, "object_index": {"begin": 50, "end": 63}}, {"predicate": "应交税费", "object_type": "金额", "subject_type": "日期", "object": "-801,645.33元", "subject": "1998年", "subject_index": {"begin": 0, "end": 5}, "object_index": {"begin": 37, "end": 49}}]}
{"text": "公司1999年应收帐款周转率居高的原因本公司属商品流通企业，商品销售基本是现金交易，赊销形成的应收帐款很小，1998年末、2000年末和2001年中期的应收帐款分别为107,985.72元、3,681,483.76元和599,825.25元，因而应收帐款周转率较高；而公司1999年末的应收帐款仅为8,966.10元，造成1999年应收帐款周转率偏高。", "spo_list": [{"predicate": "应收账款净额", "object_type": "金额", "subject_type": "日期", "object": "599,825.25元", "subject": "2001年", "subject_index": {"begin": 68, "end": 73}, "object_index": {"begin": 109, "end": 120}}, {"predicate": "应收账款净额", "object_type": "金额", "subject_type": "日期", "object": "3,681,483.76元", "subject": "2000年末", "subject_index": {"begin": 61, "end": 67}, "object_index": {"begin": 95, "end": 108}}, {"predicate": "应收账款净额", "object_type": "金额", "subject_type": "日期", "object": "107,985.72元", "subject": "1998年末", "subject_index": {"begin": 54, "end": 60}, "object_index": {"begin": 83, "end": 94}}, {"predicate": "应收账款净额", "object_type": "金额", "subject_type": "日期", "object": "8,966.10元", "subject": "1999年末", "subject_index": {"begin": 136, "end": 142}, "object_index": {"begin": 149, "end": 158}}]}
{"text": "本公司2001年1-6月现金及现金等价物净增加额为13,761,877.65元。其中，经营活动产生的现金流量净额为9,616,557.81元，投资活动产生的现金流量净额为-5,656,328.86元，筹资活动产生的现金流量净额为9,801,648.70元。公司现金流量比较充足，2001年中期流动比率和速动比率较2000年有较大幅度提高。到目前为止，本公司从未有过逾期未还债务及延期付息情况。", "spo_list": [{"predicate": "公司经营活动产生的现金流量净额", "object_type": "金额", "subject_type": "日期", "object": "9,616,557.81元", "subject": "2001年1-6月", "subject_index": {"begin": 3, "end": 12}, "object_index": {"begin": 57, "end": 70}}, {"predicate": "公司投资活动产生的现金流量净额", "object_type": "金额", "subject_type": "日期", "object": "-5,656,328.86元", "subject": "2001年1-6月", "subject_index": {"begin": 3, "end": 12}, "object_index": {"begin": 85, "end": 99}}, {"predicate": "公司筹资活动产生的现金流量净额", "object_type": "金额", "subject_type": "日期", "object": "9,801,648.70元", "subject": "2001年1-6月", "subject_index": {"begin": 3, "end": 12}, "object_index": {"begin": 114, "end": 127}}]}
{"text": "2001年3月14日，本公司与招商银行北京分行签订《借款合同》，借款金额2,000万元人民币，年利率6.435%，借款期限自2001年3月14日至2001年10月14日。", "spo_list": [{"predicate": "长期借款", "object_type": "金额", "subject_type": "日期", "object": "2,000万元", "subject": "2001年3月14日", "subject_index": {"begin": 0, "end": 10}, "object_index": {"begin": 36, "end": 43}}]}
