{"text": "张广勤先生，本公司董事，1964年2月出生，大学文化，高级工程师。自1983年8月始在建三江分局工作，先后任勤得利农场副场长、二道河农场场长，1996年4月始任集团公司建三江分公司经理。", "spo_list": [{"predicate": "出生日期", "object_type": "日期", "subject_type": "人物", "object": "1964年2月", "subject": "张广勤", "subject_index": {"begin": 0, "end": 3}, "object_index": {"begin": 12, "end": 19}}, {"predicate": "大专", "object_type": "学历", "subject_type": "人物", "object": "大学", "subject": "张广勤", "subject_index": {"begin": 0, "end": 3}, "object_index": {"begin": 22, "end": 24}}, {"predicate": "任职日期", "object_type": "日期", "subject_type": "人物", "object": "1983年8月始", "subject": "张广勤", "subject_index": {"begin": 0, "end": 3}, "object_index": {"begin": 34, "end": 42}}, {"predicate": "任职公司", "object_type": "公司", "subject_type": "人物", "object": "勤得利农场", "subject": "张广勤", "subject_index": {"begin": 0, "end": 3}, "object_index": {"begin": 54, "end": 59}}, {"predicate": "任职日期", "object_type": "日期", "subject_type": "人物", "object": "1996年4月始", "subject": "张广勤", "subject_index": {"begin": 0, "end": 3}, "object_index": {"begin": 71, "end": 79}}, {"predicate": "任职公司", "object_type": "公司", "subject_type": "人物", "object": "集团公司建三江分公司", "subject": "张广勤", "subject_index": {"begin": 0, "end": 3}, "object_index": {"begin": 80, "end": 90}}, {"predicate": "任职公司", "object_type": "公司", "subject_type": "人物", "object": "建三江分局", "subject": "张广勤", "subject_index": {"begin": 0, "end": 3}, "object_index": {"begin": 43, "end": 48}}, {"predicate": "任职公司", "object_type": "公司", "subject_type": "人物", "object": "二道河农场", "subject": "张广勤", "subject_index": {"begin": 0, "end": 3}, "object_index": {"begin": 63, "end": 68}}]}
{"text": "邹积慧先生，本公司董事，1955年7月出生，研究生学历，高级政工师。1972年12月始先后在和平牧场基建队、绥化农场局科研所工作，1981年12月始先后任绥化分局宣传部科长、副部长、部长，绥棱农场党委书记、场长，1997年7月始任集团总公司宝泉岭分公司经理。", "spo_list": [{"predicate": "出生日期", "object_type": "日期", "subject_type": "人物", "object": "1955年7月", "subject": "邹积慧", "subject_index": {"begin": 0, "end": 3}, "object_index": {"begin": 12, "end": 19}}, {"predicate": "研究生", "object_type": "学历", "subject_type": "人物", "object": "研究生", "subject": "邹积慧", "subject_index": {"begin": 0, "end": 3}, "object_index": {"begin": 22, "end": 25}}, {"predicate": "任职日期", "object_type": "日期", "subject_type": "人物", "object": "1972年12月始", "subject": "邹积慧", "subject_index": {"begin": 0, "end": 3}, "object_index": {"begin": 34, "end": 43}}, {"predicate": "任职公司", "object_type": "公司", "subject_type": "人物", "object": "和平牧场基建队", "subject": "邹积慧", "subject_index": {"begin": 0, "end": 3}, "object_index": {"begin": 46, "end": 53}}, {"predicate": "任职日期", "object_type": "日期", "subject_type": "人物", "object": "1981年12月始", "subject": "邹积慧", "subject_index": {"begin": 0, "end": 3}, "object_index": {"begin": 65, "end": 74}}, {"predicate": "任职公司", "object_type": "公司", "subject_type": "人物", "object": "绥棱农场", "subject": "邹积慧", "subject_index": {"begin": 0, "end": 3}, "object_index": {"begin": 94, "end": 98}}, {"predicate": "任职日期", "object_type": "日期", "subject_type": "人物", "object": "1997年7月始", "subject": "邹积慧", "subject_index": {"begin": 0, "end": 3}, "object_index": {"begin": 106, "end": 114}}, {"predicate": "任职公司", "object_type": "公司", "subject_type": "人物", "object": "集团总公司宝泉岭分公司", "subject": "邹积慧", "subject_index": {"begin": 0, "end": 3}, "object_index": {"begin": 115, "end": 126}}]}
{"text": "程国强先生，独立董事，1963年5月出生，博士。程先生曾作过香港大学高级访问学者、联合国亚太经济社会理事会CGPRT中心项目国家专家、美国农业部经济研究局、国际粮食政策研究所高级访问学者，1997年始先后任中国农科院国际农产品贸易研究中心主任，国务院发展研究中心研究员。程先生还兼任外经贸部加入WTO农业谈判专家组组长，农业部顾问，农业部农业外经贸工作专家组组长，农业部软科学委员会专家工作组成员、课题管理委员会副主任委员，国家粮食局顾问，农业部农村经济研究中心特邀专家等职。", "spo_list": [{"predicate": "出生日期", "object_type": "日期", "subject_type": "人物", "object": "1963年5月", "subject": "程国强", "subject_index": {"begin": 0, "end": 3}, "object_index": {"begin": 11, "end": 18}}, {"predicate": "任职日期", "object_type": "日期", "subject_type": "人物", "object": "1997年始", "subject": "程国强", "subject_index": {"begin": 0, "end": 3}, "object_index": {"begin": 94, "end": 100}}]}
{"text": "丁元森先生，本公司监事，1949年4月出生，大学本科学历。1967年5月先后任二九0农场五分场副场长、二分场副场长、副场长，1991年11月始任普阳农场场长", "spo_list": [{"predicate": "出生日期", "object_type": "日期", "subject_type": "人物", "object": "1949年4月", "subject": "丁元森", "subject_index": {"begin": 0, "end": 3}, "object_index": {"begin": 12, "end": 19}}, {"predicate": "本科", "object_type": "学历", "subject_type": "人物", "object": "本科", "subject": "丁元森", "subject_index": {"begin": 0, "end": 3}, "object_index": {"begin": 24, "end": 26}}, {"predicate": "任职日期", "object_type": "日期", "subject_type": "人物", "object": "1967年5月", "subject": "丁元森", "subject_index": {"begin": 0, "end": 3}, "object_index": {"begin": 29, "end": 36}}, {"predicate": "任职日期", "object_type": "日期", "subject_type": "人物", "object": "1991年11月始", "subject": "丁元森", "subject_index": {"begin": 0, "end": 3}, "object_index": {"begin": 62, "end": 71}}]}
{"text": "王泽翼先生，本公司高级技术顾问，1942年1月出生，大学本科学历，高级农艺师，黑龙江八一农垦大学客座教授，1965年担任中国农艺委员会的成员。曾任农垦总局建三江管理局总农艺师，农垦总局农业处长、集团公司农业生产部部长。", "spo_list": [{"predicate": "出生日期", "object_type": "日期", "subject_type": "人物", "object": "1942年1月", "subject": "王泽翼", "subject_index": {"begin": 0, "end": 3}, "object_index": {"begin": 16, "end": 23}}, {"predicate": "本科", "object_type": "学历", "subject_type": "人物", "object": "本科", "subject": "王泽翼", "subject_index": {"begin": 0, "end": 3}, "object_index": {"begin": 28, "end": 30}}, {"predicate": "任职日期", "object_type": "日期", "subject_type": "人物", "object": "1965年", "subject": "王泽翼", "subject_index": {"begin": 0, "end": 3}, "object_index": {"begin": 53, "end": 58}}]}
{"text": "公司1998年11月设立时首任总经理为王玉林先生，2000年初王玉林被选为董事长，总经理改由周茂林董事担任，鉴于周茂林先生为集团公司副总经理，无法专职本公司总经理工作，根据有关规定，2001年4月公司董事会改聘于洪洲先生为总经理。", "spo_list": [{"predicate": "任职日期", "object_type": "日期", "subject_type": "人物", "object": "1998年11月", "subject": "王玉林", "subject_index": {"begin": 19, "end": 22}, "object_index": {"begin": 2, "end": 10}}, {"predicate": "任职日期", "object_type": "日期", "subject_type": "人物", "object": "2000年初", "subject": "王玉林", "subject_index": {"begin": 31, "end": 34}, "object_index": {"begin": 25, "end": 31}}, {"predicate": "任职日期", "object_type": "日期", "subject_type": "人物", "object": "2000年初", "subject": "周茂林", "subject_index": {"begin": 46, "end": 49}, "object_index": {"begin": 25, "end": 31}}, {"predicate": "任职日期", "object_type": "日期", "subject_type": "人物", "object": "2001年4月", "subject": "于洪洲", "subject_index": {"begin": 105, "end": 108}, "object_index": {"begin": 91, "end": 98}}]}
{"text": "受集团公司委托，在本公司设立时，北京中企华资产评估有限责任公司对集团公司投入本公司的资产进行了评估，评估基准日为1998年6月30日。1998年9月28日，北京中企华资产评估有限责任公司出具了中企华字（98）第98052号《资产评估报告书》，本次评估结果已经财政部财评字[1998]204号文进行了确认。评估结果为：截止1998年6月30日，本公司总资产为468,331.38万元，负债为320,235.29万元，净资产评估值为148,096.09万元，评估增值49,201.64万元，增值率为49.75%，本公司设立时进行了相应的账务调整。", "spo_list": [{"predicate": "总资产", "object_type": "金额", "subject_type": "日期", "object": "468,331.38万元", "subject": "1998年6月30日", "subject_index": {"begin": 160, "end": 170}, "object_index": {"begin": 178, "end": 190}}, {"predicate": "总负债", "object_type": "金额", "subject_type": "日期", "object": "320,235.29万元", "subject": "1998年6月30日", "subject_index": {"begin": 160, "end": 170}, "object_index": {"begin": 194, "end": 206}}, {"predicate": "净资产评估值", "object_type": "金额", "subject_type": "日期", "object": "148,096.09万元", "subject": "1998年6月30日", "subject_index": {"begin": 160, "end": 170}, "object_index": {"begin": 214, "end": 226}}, {"predicate": "出具日期", "object_type": "日期", "subject_type": "文件", "object": "1998年9月28日", "subject": "中企华字（98）第98052号《资产评估报告书》", "subject_index": {"begin": 96, "end": 120}, "object_index": {"begin": 67, "end": 77}}]}
{"text": "截止2001年9月30日，本公司资产总额为441,158.55万元，其中固定资产为149,523.50万元，占总资产的33.89%；流动资产277,366.39万元，占总资产的62.87%；无形资产及递延资产14,268.66万元，占总资产的3.24%。具体如下:", "spo_list": [{"predicate": "总资产", "object_type": "金额", "subject_type": "日期", "object": "441,158.55万元", "subject": "2001年9月30日", "subject_index": {"begin": 2, "end": 12}, "object_index": {"begin": 21, "end": 33}}, {"predicate": "固定资产", "object_type": "金额", "subject_type": "日期", "object": "149,523.50万元", "subject": "2001年9月30日", "subject_index": {"begin": 2, "end": 12}, "object_index": {"begin": 41, "end": 53}}, {"predicate": "流动资产", "object_type": "金额", "subject_type": "日期", "object": "277,366.39万元", "subject": "2001年9月30日", "subject_index": {"begin": 2, "end": 12}, "object_index": {"begin": 70, "end": 82}}]}
{"text": "本次股票发行后，扣除发行费用，本公司预计可以募集资金148,950—157,140万元，公司的总资产、净资产将比2001年9月30日的441,158.55万元、163,260.90万元增长33.76%—35.62%和91.23%—96.25%。资产负债率将由本次股票发行前的62.99%下降为47.09—46.45%。每股净资产由发行前的1.40元增加为2.10—2.18元。", "spo_list": [{"predicate": "总资产", "object_type": "金额", "subject_type": "日期", "object": "441,158.55万元", "subject": "2001年9月30日", "subject_index": {"begin": 56, "end": 66}, "object_index": {"begin": 67, "end": 79}}, {"predicate": "净资产账面价值", "object_type": "金额", "subject_type": "日期", "object": "163,260.90万元", "subject": "2001年9月30日", "subject_index": {"begin": 56, "end": 66}, "object_index": {"begin": 80, "end": 92}}]}
{"text": "第一、在1998年11月16日《国务院关于深化化肥流通体制改革的通知》（国发[1998]39号）下发前，根据黑龙江省农垦总局黑垦局发[1997]20号《黑龙江农垦总局关于垦区化肥实行统购分销连锁经营体制的通知》及黑垦局文[1998]174号《关于继续实行垦区化肥统购分销连锁经营体制的通知》，浩良河化肥厂（1998年11月27日其主要经营性资产改制为本公司浩良河分公司）生产的20万吨尿素，由集团公司农业生产资料总公司收购销售，超产部分由浩良河化肥厂在垦区外销售。分局农资公司、农场及其他单位不得自行采购。", "spo_list": [{"predicate": "关联方", "object_type": "公司", "subject_type": "公司", "object": "农业生产资料总公司", "subject": "浩良河化肥厂", "subject_index": {"begin": 146, "end": 152}, "object_index": {"begin": 200, "end": 209}}]}
{"text": "第二，在1998年11月16日《国务院关于深化化肥流通体制改革的通知》下发后至1999年上半年，由于此前浩良河化肥厂与集团公司农业生产资料总公司1998—1999年度（由于农业生产的季节性特点，化肥的销售年度是自第一年的下半年至第二年的上半年）的化肥购销合同已经签定，因此这期间浩良河分公司生产的尿素仍然主要销售给集团公司生产资料总公司，少量销售给其他生产资料公司。", "spo_list": [{"predicate": "出具日期", "object_type": "日期", "subject_type": "文件", "object": "1998年11月16日", "subject": "《国务院关于深化化肥流通体制改革的通知》", "subject_index": {"begin": 15, "end": 35}, "object_index": {"begin": 4, "end": 15}}, {"predicate": "关联方", "object_type": "公司", "subject_type": "公司", "object": "农业生产资料总公司", "subject": "浩良河化肥厂", "subject_index": {"begin": 52, "end": 58}, "object_index": {"begin": 63, "end": 72}}, {"predicate": "关联方", "object_type": "公司", "subject_type": "公司", "object": "生产资料总公司", "subject": "浩良河化肥厂", "subject_index": {"begin": 52, "end": 58}, "object_index": {"begin": 161, "end": 168}}]}
{"text": "根据本公司与集团公司1998年11月30日签订的《重组及投资协议》，本公司设立时，集团公司投入本公司的债务总额为320,235.29万元，为进一步明确本公司将来向集团公司偿还的有关贷款的金额、利率及期限，2001年4月30日，本公司与集团公司签署三份《关于债务安排的协议书》，内容如下：", "spo_list": [{"predicate": "总负债", "object_type": "金额", "subject_type": "日期", "object": "320,235.29万元", "subject": "1998年11月30日", "subject_index": {"begin": 10, "end": 21}, "object_index": {"begin": 56, "end": 68}}]}
{"text": "本公司1999、2000年向集团公司支付电费分别为64万元、73万元，支付通讯费分别为72万元、65万元。", "spo_list": [{"predicate": "财务费用", "object_type": "金额", "subject_type": "日期", "object": "64万元", "subject": "1999", "subject_index": {"begin": 3, "end": 7}, "object_index": {"begin": 25, "end": 29}}, {"predicate": "财务费用", "object_type": "金额", "subject_type": "日期", "object": "73万元", "subject": "2000年", "subject_index": {"begin": 8, "end": 13}, "object_index": {"begin": 30, "end": 34}}, {"predicate": "财务费用", "object_type": "金额", "subject_type": "日期", "object": "72万元", "subject": "1999", "subject_index": {"begin": 3, "end": 7}, "object_index": {"begin": 43, "end": 47}}, {"predicate": "财务费用", "object_type": "金额", "subject_type": "日期", "object": "65万元", "subject": "2000年", "subject_index": {"begin": 8, "end": 13}, "object_index": {"begin": 48, "end": 52}}]}
{"text": "孙勇才先生，公司董事长，1942年8月出生，大学本科学历，高级经济师。1965年9月大学毕业，曾任中学教师、黑龙江生产建设兵团组织处干事，黑龙江省农垦总局组织部科长、副部长、企业整顿办公室主任、宣传处处长、组织部部长，1996年任集团公司副书记，2000年6月始担任本公司董事长。现为第九届黑龙江省政协委员。", "spo_list": [{"predicate": "出生日期", "object_type": "日期", "subject_type": "人物", "object": "1942年8月", "subject": "孙勇才", "subject_index": {"begin": 0, "end": 3}, "object_index": {"begin": 12, "end": 19}}, {"predicate": "本科", "object_type": "学历", "subject_type": "人物", "object": "本科", "subject": "孙勇才", "subject_index": {"begin": 0, "end": 3}, "object_index": {"begin": 24, "end": 26}}, {"predicate": "任职公司", "object_type": "公司", "subject_type": "人物", "object": "黑龙江生产建设兵团", "subject": "孙勇才", "subject_index": {"begin": 0, "end": 3}, "object_index": {"begin": 54, "end": 63}}, {"predicate": "任职日期", "object_type": "日期", "subject_type": "人物", "object": "1996年", "subject": "孙勇才", "subject_index": {"begin": 0, "end": 3}, "object_index": {"begin": 109, "end": 114}}, {"predicate": "任职公司", "object_type": "公司", "subject_type": "人物", "object": "集团公司", "subject": "孙勇才", "subject_index": {"begin": 0, "end": 3}, "object_index": {"begin": 115, "end": 119}}, {"predicate": "任职日期", "object_type": "日期", "subject_type": "人物", "object": "2000年6月始", "subject": "孙勇才", "subject_index": {"begin": 0, "end": 3}, "object_index": {"begin": 123, "end": 131}}]}
{"text": "胡成真先生，本公司董事，1945年8月出生，大专学历，农业经济师。先后任友谊农场政治处组织科副科长、七分场党委书记、友谊农场党委副书记，友谊县政府副县长，二九一农场党委书记，集团公司九三分公司党委书记，1998年11月始任集团公司副总经理。", "spo_list": [{"predicate": "出生日期", "object_type": "日期", "subject_type": "人物", "object": "1945年8月", "subject": "胡成真", "subject_index": {"begin": 0, "end": 3}, "object_index": {"begin": 12, "end": 19}}, {"predicate": "大专", "object_type": "学历", "subject_type": "人物", "object": "大专", "subject": "胡成真", "subject_index": {"begin": 0, "end": 3}, "object_index": {"begin": 22, "end": 24}}, {"predicate": "任职公司", "object_type": "公司", "subject_type": "人物", "object": "友谊农场", "subject": "胡成真", "subject_index": {"begin": 0, "end": 3}, "object_index": {"begin": 36, "end": 40}}, {"predicate": "任职公司", "object_type": "公司", "subject_type": "人物", "object": "二九一农场", "subject": "胡成真", "subject_index": {"begin": 0, "end": 3}, "object_index": {"begin": 77, "end": 82}}, {"predicate": "任职公司", "object_type": "公司", "subject_type": "人物", "object": "，集团公司九三分公司", "subject": "胡成真", "subject_index": {"begin": 0, "end": 3}, "object_index": {"begin": 86, "end": 96}}, {"predicate": "任职日期", "object_type": "日期", "subject_type": "人物", "object": "1998年11月", "subject": "胡成真", "subject_index": {"begin": 0, "end": 3}, "object_index": {"begin": 101, "end": 109}}, {"predicate": "任职公司", "object_type": "公司", "subject_type": "人物", "object": "集团公司", "subject": "胡成真", "subject_index": {"begin": 0, "end": 3}, "object_index": {"begin": 111, "end": 115}}]}
{"text": "母松华先生，本公司董事，1948年3月出生，大学文化，高级政工师。1967年10月参加工作，历任牡丹江分局物资处计划员、科长、副处长、处长，牡丹江垦区工会主席，农垦工会副主席，1996年4月始任集团公司工会主席。", "spo_list": [{"predicate": "出生日期", "object_type": "日期", "subject_type": "人物", "object": "1948年3月", "subject": "母松华", "subject_index": {"begin": 0, "end": 3}, "object_index": {"begin": 12, "end": 19}}, {"predicate": "本科", "object_type": "学历", "subject_type": "人物", "object": "大学", "subject": "母松华", "subject_index": {"begin": 0, "end": 3}, "object_index": {"begin": 22, "end": 24}}, {"predicate": "任职日期", "object_type": "日期", "subject_type": "人物", "object": "1996年4月始", "subject": "母松华", "subject_index": {"begin": 0, "end": 3}, "object_index": {"begin": 88, "end": 96}}, {"predicate": "任职公司", "object_type": "公司", "subject_type": "人物", "object": "集团公司", "subject": "母松华", "subject_index": {"begin": 0, "end": 3}, "object_index": {"begin": 97, "end": 101}}]}
{"text": "郭维和先生，本公司董事，1945年10月出生，大学文化，高级农业经济师。1960年1月始先后在佳木斯市电机厂、友谊农场二分场工作，1985年9月始先后任友谊农场水利公司党委书记、友谊农场副场长、场长，1996年8月始任集团公司红兴隆分公司经理。", "spo_list": [{"predicate": "出生日期", "object_type": "日期", "subject_type": "人物", "object": "1945年10", "subject": "郭维和", "subject_index": {"begin": 0, "end": 3}, "object_index": {"begin": 12, "end": 19}}, {"predicate": "本科", "object_type": "学历", "subject_type": "人物", "object": "大学", "subject": "郭维和", "subject_index": {"begin": 0, "end": 3}, "object_index": {"begin": 23, "end": 25}}, {"predicate": "任职日期", "object_type": "日期", "subject_type": "人物", "object": "1960年1月始", "subject": "郭维和", "subject_index": {"begin": 0, "end": 3}, "object_index": {"begin": 36, "end": 44}}, {"predicate": "任职公司", "object_type": "公司", "subject_type": "人物", "object": "佳木斯市电机厂", "subject": "郭维和", "subject_index": {"begin": 0, "end": 3}, "object_index": {"begin": 47, "end": 54}}, {"predicate": "任职公司", "object_type": "公司", "subject_type": "人物", "object": "友谊农场二分场", "subject": "郭维和", "subject_index": {"begin": 0, "end": 3}, "object_index": {"begin": 55, "end": 62}}, {"predicate": "任职日期", "object_type": "日期", "subject_type": "人物", "object": "1985年9月始", "subject": "郭维和", "subject_index": {"begin": 0, "end": 3}, "object_index": {"begin": 65, "end": 73}}, {"predicate": "任职公司", "object_type": "公司", "subject_type": "人物", "object": "友谊农场水利公司", "subject": "郭维和", "subject_index": {"begin": 0, "end": 3}, "object_index": {"begin": 76, "end": 84}}, {"predicate": "任职公司", "object_type": "公司", "subject_type": "人物", "object": "友谊农场", "subject": "郭维和", "subject_index": {"begin": 0, "end": 3}, "object_index": {"begin": 89, "end": 93}}, {"predicate": "任职日期", "object_type": "日期", "subject_type": "人物", "object": "1996年8月始", "subject": "郭维和", "subject_index": {"begin": 0, "end": 3}, "object_index": {"begin": 100, "end": 108}}, {"predicate": "任职公司", "object_type": "公司", "subject_type": "人物", "object": "集团公司红兴隆分公司", "subject": "郭维和", "subject_index": {"begin": 0, "end": 3}, "object_index": {"begin": 109, "end": 119}}]}
{"text": "于洪洲先生，本公司董事，总经理，1947年5月出生，大学文化，高级经济师。1968年10月参加工作，历任海伦农场革委会副主任、场长，绥化分局生产处处长、外经办主任，绥化分局副局长，佳木斯肉联厂厂长，2000年8月始任黑龙江多多集团有限责任公司董事长兼总经理，2001年4月始担任本公司总经理。", "spo_list": [{"predicate": "出生日期", "object_type": "日期", "subject_type": "人物", "object": "1947年5", "subject": "于洪洲", "subject_index": {"begin": 0, "end": 3}, "object_index": {"begin": 16, "end": 22}}, {"predicate": "本科", "object_type": "学历", "subject_type": "人物", "object": "大学", "subject": "于洪洲", "subject_index": {"begin": 0, "end": 3}, "object_index": {"begin": 26, "end": 28}}, {"predicate": "任职公司", "object_type": "公司", "subject_type": "人物", "object": "海伦农场革委会", "subject": "于洪洲", "subject_index": {"begin": 0, "end": 3}, "object_index": {"begin": 52, "end": 59}}, {"predicate": "任职公司", "object_type": "公司", "subject_type": "人物", "object": "绥化分局", "subject": "于洪洲", "subject_index": {"begin": 0, "end": 3}, "object_index": {"begin": 66, "end": 70}}, {"predicate": "任职公司", "object_type": "公司", "subject_type": "人物", "object": "佳木斯肉联厂", "subject": "于洪洲", "subject_index": {"begin": 0, "end": 3}, "object_index": {"begin": 90, "end": 96}}, {"predicate": "任职日期", "object_type": "日期", "subject_type": "人物", "object": "2000年8月始", "subject": "于洪洲", "subject_index": {"begin": 0, "end": 3}, "object_index": {"begin": 99, "end": 107}}, {"predicate": "任职公司", "object_type": "公司", "subject_type": "人物", "object": "黑龙江多多集团有限责任公司", "subject": "于洪洲", "subject_index": {"begin": 0, "end": 3}, "object_index": {"begin": 108, "end": 121}}, {"predicate": "任职日期", "object_type": "日期", "subject_type": "人物", "object": "2001年4月始", "subject": "于洪洲", "subject_index": {"begin": 0, "end": 3}, "object_index": {"begin": 129, "end": 137}}]}
{"text": "戴谟安先生，独立董事，现年67岁，教授。于1954年至1959年期间在苏联列宁格勒农学院学习，1959年始历任东北农学院助教、教研室主任、系副主任、副教授、农学院党委副书记、教授，黑龙江省教委主任、党组书记，黑龙江省政府副省长，黑龙江省政协常务副主席。", "spo_list": [{"predicate": "任职日期", "object_type": "日期", "subject_type": "人物", "object": "1959年始", "subject": "戴谟安", "subject_index": {"begin": 0, "end": 3}, "object_index": {"begin": 47, "end": 53}}]}
{"text": "谭占龙先生，本公司监事，1962年7月出生，大学本科学历，高级会计师。1984年7月始先后任黑龙江农垦总局财务处科员、副科长、科长，1993年8月始任梧桐河农场场长助理，1994年6月始任农垦总局财务处副处长，2000年6月始任集团公司财务部经理。", "spo_list": [{"predicate": "出生日期", "object_type": "日期", "subject_type": "人物", "object": "1962年7月", "subject": "谭占龙", "subject_index": {"begin": 0, "end": 3}, "object_index": {"begin": 12, "end": 19}}, {"predicate": "本科", "object_type": "学历", "subject_type": "人物", "object": "本科", "subject": "谭占龙", "subject_index": {"begin": 0, "end": 3}, "object_index": {"begin": 24, "end": 26}}, {"predicate": "任职日期", "object_type": "日期", "subject_type": "人物", "object": "1984年7月始", "subject": "谭占龙", "subject_index": {"begin": 0, "end": 3}, "object_index": {"begin": 35, "end": 43}}, {"predicate": "任职日期", "object_type": "日期", "subject_type": "人物", "object": "1993年8月始", "subject": "谭占龙", "subject_index": {"begin": 0, "end": 3}, "object_index": {"begin": 66, "end": 74}}, {"predicate": "任职公司", "object_type": "公司", "subject_type": "人物", "object": "梧桐河农场", "subject": "谭占龙", "subject_index": {"begin": 0, "end": 3}, "object_index": {"begin": 75, "end": 80}}, {"predicate": "任职日期", "object_type": "日期", "subject_type": "人物", "object": "1994年6月始", "subject": "谭占龙", "subject_index": {"begin": 0, "end": 3}, "object_index": {"begin": 85, "end": 93}}, {"predicate": "任职日期", "object_type": "日期", "subject_type": "人物", "object": "2000年6月始", "subject": "谭占龙", "subject_index": {"begin": 0, "end": 3}, "object_index": {"begin": 105, "end": 113}}]}
{"text": "1998年本公司设立时首任董事长申立国先生于1999年11月调任黑龙江省政府副省长，作为国家高级公务员不宜担任公司董事长，2000年初改选王玉林先生为第二任董事长，由于其担任集团公司董事长兼党委书记职务，在进入辅导期后的规范运作中，根据有关规定2000年6月改选集团公司党委副书记孙勇才为现任董事长。", "spo_list": [{"predicate": "任职日期", "object_type": "日期", "subject_type": "人物", "object": "2000年初", "subject": "王玉林", "subject_index": {"begin": 69, "end": 72}, "object_index": {"begin": 61, "end": 67}}, {"predicate": "任职日期", "object_type": "日期", "subject_type": "人物", "object": "2000年6月", "subject": "孙勇才", "subject_index": {"begin": 140, "end": 143}, "object_index": {"begin": 122, "end": 129}}]}
{"text": "截止2001年9月30日，公司帐龄三年以上的其他应付款共计8,787.3万元，其中：风险抵押金2,467.3万元，土地承包保证金2,973.0万元，工程款1,174.6万元，设备款808.6万元，其他1,363.8万元。", "spo_list": [{"predicate": "其他应付款", "object_type": "金额", "subject_type": "日期", "object": "8,787.3万元", "subject": "2001年9月30日", "subject_index": {"begin": 2, "end": 12}, "object_index": {"begin": 29, "end": 38}}]}
{"text": "截至2001年9月30日，本公司无向内部人员借款的情况；但长期借款中有向集团公司借款50,766.0万元，向集团公司借款还有一年内到期的4,139.8万元。这些款项为集团公司从世界银行、国家开发银行及当地政府部门借入的长期借款转借于本公司，主要用于农田基本建设。", "spo_list": [{"predicate": "长期借款", "object_type": "金额", "subject_type": "日期", "object": "50,766.0万元", "subject": "2001年9月30日", "subject_index": {"begin": 2, "end": 12}, "object_index": {"begin": 42, "end": 52}}, {"predicate": "长期借款", "object_type": "金额", "subject_type": "日期", "object": "4,139.8万元", "subject": "2001年9月30日", "subject_index": {"begin": 2, "end": 12}, "object_index": {"begin": 68, "end": 77}}]}
{"text": "1998年11月25日，受集团公司委托，中信永道会计师事务所对集团公司独家发起设立的黑龙江北大荒农业股份有限公司（筹）截止1998年6月30日的股本及相关资产和负债的真实性和合法性进行了审验，并出具了中信永道验字（98）68号验资报告。内容摘要如下：", "spo_list": [{"predicate": "关联方", "object_type": "公司", "subject_type": "公司", "object": "黑龙江北大荒农业股份有限公司", "subject": "中信永道会计师事务所", "subject_index": {"begin": 20, "end": 30}, "object_index": {"begin": 42, "end": 56}}, {"predicate": "出具日期", "object_type": "日期", "subject_type": "文件", "object": "1998年6月30日", "subject": "中信永道验字（98）68号验资报告", "subject_index": {"begin": 100, "end": 117}, "object_index": {"begin": 61, "end": 71}}]}
{"text": "从公司前3年的资产负债率来看，1998年为65.73%、1999年为66.17%、2000年为64.67%，一直保持着比较平稳的态势。从公司3年来的负债总额来看，1998年为286,368.42万元、1999年为302,033.40万元、2000年为291,240.69万元，上下波动不大。整体的资产负债结构基本与各年度的粮食销售情况正相关。", "spo_list": [{"predicate": "资产负债率", "object_type": "日期", "subject_type": "比率", "object": "1998年", "subject": "65.73%", "subject_index": {"begin": 21, "end": 27}, "object_index": {"begin": 15, "end": 20}}, {"predicate": "资产负债率", "object_type": "日期", "subject_type": "比率", "object": "1999年", "subject": "66.17%", "subject_index": {"begin": 34, "end": 40}, "object_index": {"begin": 28, "end": 33}}, {"predicate": "资产负债率", "object_type": "日期", "subject_type": "比率", "object": "2000年", "subject": "64.67%", "subject_index": {"begin": 47, "end": 53}, "object_index": {"begin": 41, "end": 46}}, {"predicate": "总负债", "object_type": "金额", "subject_type": "日期", "object": "286,368.42万元", "subject": "1998年", "subject_index": {"begin": 81, "end": 86}, "object_index": {"begin": 87, "end": 99}}, {"predicate": "总负债", "object_type": "金额", "subject_type": "日期", "object": "302,033.40万元", "subject": "1999年", "subject_index": {"begin": 100, "end": 105}, "object_index": {"begin": 106, "end": 118}}, {"predicate": "总负债", "object_type": "金额", "subject_type": "日期", "object": "291,240.69万元", "subject": "2000年", "subject_index": {"begin": 119, "end": 124}, "object_index": {"begin": 125, "end": 137}}]}
{"text": "股份公司申请的注册资本为人民币116,996万元。根据我们的审验，截止1998年6月30日，股份公司已收到其发起股东黑龙江北大荒农垦集团总公司投入的资本人民币148,096.09万元。其中股本人民币116,996.00万元。资本公积金人民币31,100.09万元。与上述投入资本相关的资产总额为人民币468,331.38万元，其中流动资产人民币320,888.95万元，固定资产人民币134,615.95万元，土地使用权人民币10,839.00万元，递延资产人民币1,987.48万元，负债人民币320,235.29万元。", "spo_list": [{"predicate": "股本", "object_type": "金额", "subject_type": "日期", "object": "116,996.00万元", "subject": "1998年6月30日", "subject_index": {"begin": 35, "end": 45}, "object_index": {"begin": 99, "end": 111}}, {"predicate": "资本公积", "object_type": "金额", "subject_type": "日期", "object": "31,100.09万元", "subject": "1998年6月30日", "subject_index": {"begin": 35, "end": 45}, "object_index": {"begin": 120, "end": 131}}, {"predicate": "总资产", "object_type": "金额", "subject_type": "日期", "object": "468,331.38万元", "subject": "1998年6月30日", "subject_index": {"begin": 35, "end": 45}, "object_index": {"begin": 150, "end": 162}}, {"predicate": "流动资产", "object_type": "金额", "subject_type": "日期", "object": "320,888.95万元", "subject": "1998年6月30日", "subject_index": {"begin": 35, "end": 45}, "object_index": {"begin": 172, "end": 184}}, {"predicate": "固定资产", "object_type": "金额", "subject_type": "日期", "object": "134,615.95万元", "subject": "1998年6月30日", "subject_index": {"begin": 35, "end": 45}, "object_index": {"begin": 192, "end": 204}}, {"predicate": "总负债", "object_type": "金额", "subject_type": "日期", "object": "320,235.29万元", "subject": "1998年6月30日", "subject_index": {"begin": 35, "end": 45}, "object_index": {"begin": 248, "end": 260}}]}
{"text": "钟国林先生，本公司监事会召集人，1948年10月出生，大学本科学历，高级政工师。1968年11月始历任泰来农场、依安农场副场长、副书记、书记，齐齐哈尔分局党委副书记、书记，1992年4月始任农垦总局党委政法委常务副书记，1998年5月始任集团公司纪委书记。", "spo_list": [{"predicate": "出生日期", "object_type": "日期", "subject_type": "人物", "object": "1948年10月", "subject": "钟国林", "subject_index": {"begin": 0, "end": 3}, "object_index": {"begin": 16, "end": 24}}, {"predicate": "本科", "object_type": "学历", "subject_type": "人物", "object": "大学本科", "subject": "钟国林", "subject_index": {"begin": 0, "end": 3}, "object_index": {"begin": 27, "end": 31}}, {"predicate": "任职日期", "object_type": "日期", "subject_type": "人物", "object": "1968年11月", "subject": "钟国林", "subject_index": {"begin": 0, "end": 3}, "object_index": {"begin": 40, "end": 48}}, {"predicate": "任职日期", "object_type": "日期", "subject_type": "人物", "object": "1992年4月", "subject": "钟国林", "subject_index": {"begin": 0, "end": 3}, "object_index": {"begin": 86, "end": 93}}, {"predicate": "任职日期", "object_type": "日期", "subject_type": "人物", "object": "1998年5月", "subject": "钟国林", "subject_index": {"begin": 0, "end": 3}, "object_index": {"begin": 110, "end": 117}}]}
{"text": "祖小力先生，生产技术部经理，1965年12月出生，大学本科学历，农艺师。1987年8月始在新华农场农业科工作，1989年9月始任黑龙江八一农垦大学农学系助教，1991年6月始任农垦总局农业处科员、副主任科员、主任科员。自1998年11月始历任本公司生产技术部副经理、经理。", "spo_list": [{"predicate": "出生日期", "object_type": "日期", "subject_type": "人物", "object": "1965年12月出", "subject": "祖小力", "subject_index": {"begin": 0, "end": 3}, "object_index": {"begin": 14, "end": 23}}, {"predicate": "本科", "object_type": "学历", "subject_type": "人物", "object": "大学本科", "subject": "祖小力", "subject_index": {"begin": 0, "end": 3}, "object_index": {"begin": 25, "end": 29}}, {"predicate": "任职日期", "object_type": "日期", "subject_type": "人物", "object": "1987年8月", "subject": "祖小力", "subject_index": {"begin": 0, "end": 3}, "object_index": {"begin": 36, "end": 43}}, {"predicate": "任职日期", "object_type": "日期", "subject_type": "人物", "object": "1989年9月", "subject": "祖小力", "subject_index": {"begin": 0, "end": 3}, "object_index": {"begin": 55, "end": 62}}, {"predicate": "任职日期", "object_type": "日期", "subject_type": "人物", "object": "1991年6月", "subject": "祖小力", "subject_index": {"begin": 0, "end": 3}, "object_index": {"begin": 79, "end": 86}}, {"predicate": "任职日期", "object_type": "日期", "subject_type": "人物", "object": "1998年11月", "subject": "祖小力", "subject_index": {"begin": 0, "end": 3}, "object_index": {"begin": 110, "end": 118}}]}
{"text": "截至2001年9月30日，本公司其他应收款中含有本公司控股股东集团公司的借款6,021.5万元。集团公司于2001年11月8日向本公司出具了《承诺函》，承诺并保证于2002年底之前还清其欠付本公司的全部借款，如到期未能偿清，同意本公司可以用本公司欠付的集团公司的借款或应分配给集团公司的利润进行冲抵。", "spo_list": [{"predicate": "出具日期", "object_type": "日期", "subject_type": "文件", "object": "2001年11月8日", "subject": "《承诺函》", "subject_index": {"begin": 70, "end": 75}, "object_index": {"begin": 53, "end": 63}}]}
{"text": "本公司2000年度的经营活动产生的现金流量净额为88,895,069.69元，其中销售商品、提供劳务收到的现金为1,439,272,807.47元，收到的税费返还为194,742.65元，收到的其他与经营活动有关的现金为48,551,971.63元，购买商品、接受劳务服务支付的现金为921,484,635.29元，支付给职工以及为职工支付的现金为219,661,432.55元，支付的各项税费为41,426,961.69元，支付的其他与经营活动有关的现金为216,551,422.53元；投资活动产生的现金流量净额为-65,905,602.00元，主要是处置固定资产、无形资产和其他长期资产所收回的现金净额为5,989,295.40元，购建固定资产、无形资产和其他长期资产所支付的现金为71,894,897.40元；筹资活动产生的现金流量净额为-22,850,062.30元，其中借款所收到的现金为521,480,120.91元,收到的其他与筹资活动有关的现金为25,260,569.69元，偿还债务所支付的现金为476,165,511.97元,分配股利、利润和偿还利息所支付的现金为92,862,333.21元，支付其他与筹资活动有关的现金为562,907.72元；现金及现金等价物净增加额为139,405.39元。", "spo_list": [{"predicate": "公司投资活动产生的现金流量净额", "object_type": "金额", "subject_type": "日期", "object": "-65,905,602.00元", "subject": "2000年度", "subject_index": {"begin": 3, "end": 9}, "object_index": {"begin": 259, "end": 274}}, {"predicate": "公司经营活动产生的现金流量净额", "object_type": "金额", "subject_type": "日期", "object": "88,895,069.69元", "subject": "2000年度", "subject_index": {"begin": 3, "end": 9}, "object_index": {"begin": 24, "end": 38}}, {"predicate": "公司筹资活动产生的现金流量净额", "object_type": "金额", "subject_type": "日期", "object": "-22,850,062.30元", "subject": "2000年度", "subject_index": {"begin": 3, "end": 9}, "object_index": {"begin": 373, "end": 388}}]}
{"text": "该项目正常达产年份的2005年可实现营业收入169,680万元，主营业务利润21,683万元，营业利润总额11,499万元，净利润7,168万元。建设期2年（即2002-2003年），生产期10年（即2004-2013年）。", "spo_list": [{"predicate": "营业收入", "object_type": "金额", "subject_type": "日期", "object": "169,680万元", "subject": "2005年", "subject_index": {"begin": 10, "end": 15}, "object_index": {"begin": 22, "end": 31}}, {"predicate": "净利润", "object_type": "金额", "subject_type": "日期", "object": "7,168万元。", "subject": "2005年", "subject_index": {"begin": 10, "end": 15}, "object_index": {"begin": 65, "end": 73}}]}
{"text": "姜夏先生，本公司董事，1948年4月出生，大专文化，高级经济师。1965年7月在友谊农场七分场工作，1976年10月始先后任江川农场办公室秘书、副主任、主任、副场长、场长，红兴隆分局党委副书记、第一副局长，集团公司绥化分公司总经理，1999年12月始任集团公司牡丹江分公司经理。", "spo_list": [{"predicate": "出生日期", "object_type": "日期", "subject_type": "人物", "object": "1948年4月", "subject": "姜夏", "subject_index": {"begin": 0, "end": 2}, "object_index": {"begin": 11, "end": 18}}, {"predicate": "大专", "object_type": "学历", "subject_type": "人物", "object": "大专文化", "subject": "姜夏", "subject_index": {"begin": 0, "end": 2}, "object_index": {"begin": 21, "end": 25}}, {"predicate": "任职日期", "object_type": "日期", "subject_type": "人物", "object": "1965年7月", "subject": "姜夏", "subject_index": {"begin": 0, "end": 2}, "object_index": {"begin": 32, "end": 39}}, {"predicate": "任职公司", "object_type": "公司", "subject_type": "人物", "object": "友谊农场七分场", "subject": "姜夏", "subject_index": {"begin": 0, "end": 2}, "object_index": {"begin": 40, "end": 47}}, {"predicate": "任职日期", "object_type": "日期", "subject_type": "人物", "object": "1976年10月", "subject": "姜夏", "subject_index": {"begin": 0, "end": 2}, "object_index": {"begin": 50, "end": 58}}, {"predicate": "任职公司", "object_type": "公司", "subject_type": "人物", "object": "江川农场", "subject": "姜夏", "subject_index": {"begin": 0, "end": 2}, "object_index": {"begin": 62, "end": 66}}, {"predicate": "任职公司", "object_type": "公司", "subject_type": "人物", "object": "集团公司绥化分公司", "subject": "姜夏", "subject_index": {"begin": 0, "end": 2}, "object_index": {"begin": 103, "end": 112}}, {"predicate": "任职日期", "object_type": "日期", "subject_type": "人物", "object": "1999年12月", "subject": "姜夏", "subject_index": {"begin": 0, "end": 2}, "object_index": {"begin": 116, "end": 124}}, {"predicate": "任职公司", "object_type": "公司", "subject_type": "人物", "object": "集团公司牡丹江分公司", "subject": "姜夏", "subject_index": {"begin": 0, "end": 2}, "object_index": {"begin": 126, "end": 136}}]}
{"text": "付连祯先生，本公司董事、副总经理兼总会计师，1949年10月出生，大学文化，高级会计师。1968年10月参加工作，历任八五四农场统计、会计、财务科副科长、计划科科长、副场长，农垦总局财务处副处长、风险互助办公室主任，1998年12月始任本公司董事、总会计师。", "spo_list": [{"predicate": "任职日期", "object_type": "日期", "subject_type": "人物", "object": "1998年12月", "subject": "付连祯", "subject_index": {"begin": 0, "end": 3}, "object_index": {"begin": 108, "end": 116}}, {"predicate": "任职日期", "object_type": "日期", "subject_type": "人物", "object": "1968年10月", "subject": "付连祯", "subject_index": {"begin": 0, "end": 3}, "object_index": {"begin": 44, "end": 52}}, {"predicate": "出生日期", "object_type": "日期", "subject_type": "人物", "object": "1949年10月", "subject": "付连祯", "subject_index": {"begin": 0, "end": 3}, "object_index": {"begin": 22, "end": 30}}, {"predicate": "本科", "object_type": "学历", "subject_type": "人物", "object": "大学文化", "subject": "付连祯", "subject_index": {"begin": 0, "end": 3}, "object_index": {"begin": 33, "end": 37}}, {"predicate": "任职公司", "object_type": "公司", "subject_type": "人物", "object": "八五四农场", "subject": "付连祯", "subject_index": {"begin": 0, "end": 3}, "object_index": {"begin": 59, "end": 64}}]}
{"text": "史晓丹先生，董事会秘书，1960年11月出生，大学本科学历，高级农业经济师。1982年8月始在红兴隆分局工作，1987年9月始任农垦总局政策研究室主任科员、副主任，体制改革处副处长，1998年11月始任本公司董事会秘书", "spo_list": [{"predicate": "任职日期", "object_type": "日期", "subject_type": "人物", "object": "1998年11月", "subject": "史晓丹", "subject_index": {"begin": 0, "end": 3}, "object_index": {"begin": 91, "end": 99}}, {"predicate": "出生日期", "object_type": "日期", "subject_type": "人物", "object": "1960年11月", "subject": "史晓丹", "subject_index": {"begin": 0, "end": 3}, "object_index": {"begin": 12, "end": 20}}, {"predicate": "本科", "object_type": "学历", "subject_type": "人物", "object": "大学本科学历", "subject": "史晓丹", "subject_index": {"begin": 0, "end": 3}, "object_index": {"begin": 23, "end": 29}}, {"predicate": "任职日期", "object_type": "日期", "subject_type": "人物", "object": "1982年8月", "subject": "史晓丹", "subject_index": {"begin": 0, "end": 3}, "object_index": {"begin": 38, "end": 45}}, {"predicate": "任职日期", "object_type": "日期", "subject_type": "人物", "object": "1987年9月", "subject": "史晓丹", "subject_index": {"begin": 0, "end": 3}, "object_index": {"begin": 55, "end": 62}}]}
{"text": "在本公司在1998年设立时，集团公司委托中国地产咨询评估中心对所投入的113宗总面积为2,854,567.82平方米的非农建设用地进行了评估，评估基准日为1998年6月30日。1998年7月30日，中国地产咨询评估中心出具了（1998）国土地产[评]字第045号《土地估价报告》、《土地估价技术报告》，这113宗国有划拨土地的50年期土地使用权评估值为10,839万元。本次评估结果已经国土资源部国土资函[1998]314号文进行了确认。", "spo_list": [{"predicate": "出具日期", "object_type": "日期", "subject_type": "文件", "object": "1998年7月30日", "subject": "（1998）国土地产[评]字第045号《土地估价报告》", "subject_index": {"begin": 112, "end": 139}, "object_index": {"begin": 88, "end": 98}}, {"predicate": "出具日期", "object_type": "日期", "subject_type": "文件", "object": "1998年7月30日", "subject": "《土地估价技术报告》", "subject_index": {"begin": 140, "end": 150}, "object_index": {"begin": 88, "end": 98}}]}
{"text": "在未来两年内，由于农业高新技术大规模综合应用和百万吨稻谷精深加工及绿色稻草板项目的逐步建成投产，预计公司的承包费年增长4%，2003年将达到90,854万元；水稻年加工能力将达到百万吨规模，生产出米糠油、大米糖浆、绿色稻草板等产品；完成“油改煤”化肥工程项目。2002年新增主营业务收入3,503万元，新增利润3,167万元；2003年新增主营业务收入86,361万元，新增利润9,485万元。", "spo_list": [{"predicate": "主营业务收入", "object_type": "金额", "subject_type": "日期", "object": "3,503万元", "subject": "2002年", "subject_index": {"begin": 130, "end": 135}, "object_index": {"begin": 143, "end": 150}}, {"predicate": "主营业务收入", "object_type": "金额", "subject_type": "日期", "object": "86,361万元", "subject": "2003年", "subject_index": {"begin": 163, "end": 168}, "object_index": {"begin": 176, "end": 184}}]}