{"text": "长飞光纤系于2013年12月27日，由长飞有限以整体变更方式设立的股份有限公司。长飞光纤设立时，以毕马威华振出具的《审计报告》（毕马威华振审字第1300739号）以及《关于长飞光纤光缆有限公司整体变更设立为股份有限公司于2012年12月31日的经调整净资产表之专项审计报告》（毕马威华振审字第1301679号）中长飞有限截至2012年12月31日经审计的调整净资产人民币1,088,515,203元为基础，按1：0.440593的比例折为普通股股份计479,592,598股，每股面值人民币1.00元。", "spo_list": [{"predicate": "净资产", "object_type": "金额", "subject_type": "日期", "object": "1,088,515,203元", "subject": "2012年12月31日"}]}
{"text": "2013年12月27日，长飞光纤取得了武汉市工商局核发的《企业法人营业执照》（注册号为420100400008486），注册资本为人民币479,592,598元。", "spo_list": [{"predicate": "注册资本", "object_type": "金额", "subject_type": "日期", "object": "479,592,598元", "subject": "2013年12月27日"}, {"predicate": "注册资本", "object_type": "公司", "subject_type": "日期", "object": "长飞光纤", "subject": "2013年12月27日"}]}
{"text": "截至1997年12月31日，长飞有限的未分配利润为287,911,585.82元；截至1998年2月25日，长飞有限已将1997年净利润转增注册资本1,716.00万荷兰盾；本次增资的资金来源合法，并已实际支付，不存在代为出资的情况。2017年5月18日，中审众环会计师事务所（特殊普通合伙）出具《验资复核报告》（众环专字（2017）011185号），对本次增资进行了复核。", "spo_list": [{"predicate": "未分配利润", "object_type": "金额", "subject_type": "日期", "object": "287,911,585.82元", "subject": "1997年12月31日"}]}
{"text": "截至1998年12月31日，长飞有限的未分配利润为288,762,971.35元；截至1999年12月8日，长飞有限已将1998年未分配利润转增注册资本3,600.00万荷兰盾；本次增资的资金来源合法，并已实际支付，不存在代为出资的情况。2017年5月18日，中审众环会计师事务所（特殊普通合伙）出具《验资复核报告》（众环专字（2017）011186号），对本次增资进行了复核。", "spo_list": [{"predicate": "未分配利润", "object_type": "金额", "subject_type": "日期", "object": "288,762,971.35元", "subject": "1998年12月31日"}]}
{"text": "2013年12月3日，众联评估出具《资产评估报告》（鄂众联评报字[2013]第098号），说明截至2012年12月31日，长飞有限经评估的净资产值为人民币127,333.39万元。", "spo_list": [{"predicate": "净资产", "object_type": "金额", "subject_type": "日期", "object": "127,333.39万元", "subject": "2012年12月31日"}, {"predicate": "净资产", "object_type": "公司", "subject_type": "日期", "object": "长飞有限", "subject": "2012年12月31日"}]}
{"text": "2015年6月15日，毕马威华振向长飞光纤出具《验资报告》（毕马威华振验字第1500926号），说明经审验，截至2014年12月10日，长飞光纤已收到公开发行H股所获得的货币资金，新增注册资本159,870,000元，变更后的注册资本为639,462,598元。", "spo_list": [{"predicate": "注册资本", "object_type": "金额", "subject_type": "日期", "object": "639,462,598元", "subject": "2014年12月10日"}, {"predicate": "注册资本", "object_type": "公司", "subject_type": "日期", "object": "长飞光纤", "subject": "2014年12月10日"}]}
{"text": "2013年12月3日，众联评估出具《资产评估报告》（鄂众联评报字[2013]第098号），说明截至2012年12月31日，长飞有限经评估的净资产值为人民币127,333.39万元。", "spo_list": [{"predicate": "净资产价值", "object_type": "金额", "subject_type": "日期", "object": "127,333.39万元", "subject": "2012年12月31日"}, {"predicate": "净资产价值", "object_type": "公司", "subject_type": "日期", "object": "长飞有限", "subject": "2012年12月31日"}]}
{"text": "长飞信越成立于2015年8月18日，注册资本日元800,000万元整，法定代表人为庄丹，公司类型为有限责任公司，住所为潜江市江汉盐化工业园长飞大道特1号，长飞信越的经营范围为“光纤用预制棒生产、销售；盐酸、四氯化硅生产、销售；工业产品（不含危险化学品）生产、销售。（涉及许可经营项目，应取得相关部门许可后方可经营）”。", "spo_list": [{"predicate": "注册资本", "object_type": "子公司", "subject_type": "日期", "object": "长飞信越", "subject": "2015年8月18日"}, {"predicate": "注册资本", "object_type": "金额", "subject_type": "日期", "object": "800,000万元", "subject": "2015年8月18日"}]}
{"text": "深圳特发成立于2000年8月30日，注册资本人民币38,651.83万元，法定代表人为蒋勤俭，公司类型为有限责任公司，住所为深圳市南山区西丽街道科技北一路20号。深圳特发的经营范围为“光纤、通信产品、机械设备的技术开发、技术咨询及销售，国内贸易，经营进出口业务。光纤、机械设备的生产”。", "spo_list": [{"predicate": "注册资本", "object_type": "金额", "subject_type": "日期", "object": "38,651.83万元", "subject": "2000年8月30日"}, {"predicate": "注册资本", "object_type": "子公司", "subject_type": "日期", "object": "深圳特发", "subject": "2000年8月30日"}]}
{"text": "鑫茂光缆成立于2009年7月13日，注册资本人民币10,000万元整，法定代表人为胡茜，公司类型为有限责任公司，住所为西青区杨柳青镇柳口路98号（新能源新材料产业基地23号-1）。鑫茂光缆的经营范围为“制造、销售光缆、光纤、光纤预制棒、通信线缆、特种线缆及器件、附件、组件和材料及从事上述相关产品的技术开发；光缆专用设备及通信产品的制造、提供上述相关产品的工程安装及技术服务；货物进出口及技术进出口（国家法律、行政法规另有规定的除外）；机电一体化及新材料技术开发、技术咨询、技术服务、技术转让。（国家有专项专营规定的按规定执行，涉及行业许可的凭许可证或批准文件经营）”。", "spo_list": [{"predicate": "注册资本", "object_type": "日期", "subject_type": "子公司", "object": "2009年7月13日", "subject": "鑫茂光缆"}, {"predicate": "注册资本", "object_type": "金额", "subject_type": "子公司", "object": "10,000万元", "subject": "鑫茂光缆"}]}
{"text": "武汉光源成立于2002年11月4日，注册资本人民币500万元整，法定代表人为李希哲，公司类型为有限责任公司，住所为武汉市东西湖区革新大道南五支沟西（吴家山吴南路15号）。武汉光源的经营范围为“塑料制品、精密模具、电子产品、通信器材、长飞光纤光缆股份有限公司首次公开发行A股股票招股说明书", "spo_list": [{"predicate": "注册资本", "object_type": "金额", "subject_type": "日期", "object": "500万元", "subject": "2002年11月4日"}, {"predicate": "注册资本", "object_type": "子公司", "subject_type": "日期", "object": "武汉光源", "subject": "2002年11月4日"}]}
{"text": "武汉普利成立于2016年3月18日，注册资本2,000万元，法定代表人为姜胜斌，住所为武汉化学工业区北湖产业园，企业类型为有限责任公司，经营范围为“紫外固化涂料、紫外固化油墨、紫外固化胶、光刻胶、水性涂料、水性油墨以及相关合成化学材料（不含危险化学品）的研发、生产、批发零售及技术服务；改性塑料及合成树脂材料的研发、生产、批发零售与技术服务；化工新材料、化工新产品（不含危险化学品）的研究开发、生产、批发零售、技术咨询与技术转让；化工新工艺的研究开发、技术咨询与技术转让。（依法须经批准的项目，经相关部门批准后方可开展经营活动）”。长飞光纤认缴出资980万元，持股比例为49.00%，武汉睿远管理咨询有限公司认缴出资1,020万元，持股比长飞光纤光缆股份有限公司首次公开发行A股股票招股说明书", "spo_list": [{"predicate": "注册资本", "object_type": "金额", "subject_type": "日期", "object": "2,000万元", "subject": "2016年3月18日"}, {"predicate": "注册资本", "object_type": "子公司", "subject_type": "日期", "object": "武汉普利", "subject": "2016年3月18日"}]}
{"text": "云晶飞成立于2011年4月26日，注册资本人民币4,500万元整，法定代表人为包文东，公司类型为有限责任公司，住所为武汉市东湖开发区光谷大道九号。云晶飞的经营范围为“光纤用高纯四氯化锗、高纯四氯化硅等系列产品的开发、生产和销售；货物进出口、技术进出口、代理进出口（不含国家禁止进出口的货物及技术）。（上述经营范围中国家有专项规定的项目经审批后或凭许可证在核定期限内经营）”。", "spo_list": [{"predicate": "注册资本", "object_type": "金额", "subject_type": "日期", "object": "4,500万元", "subject": "2011年4月26日"}, {"predicate": "注册资本", "object_type": "子公司", "subject_type": "日期", "object": "云晶飞", "subject": "2011年4月26日"}]}
{"text": "宝胜电缆成立于2015年8月26日，注册资本人民币100,000万元整，法定代表人为陈大勇，公司类型为有限责任公司，住所为扬州市施桥南路1号。宝胜电缆的经营范围为“各类海洋工程和装备等电线电缆、电缆附件、组件及系统的设计、开发、制造、销售、安装、技术咨询服务；自营和代理各类商品及技术的进出口业务。（依法须经批准的项目，经相关部门批准后方可开展经营活动）”。", "spo_list": [{"predicate": "注册资本", "object_type": "金额", "subject_type": "日期", "object": "100,000万元", "subject": "2015年8月26日"}, {"predicate": "注册资本", "object_type": "子公司", "subject_type": "日期", "object": "宝胜电缆", "subject": "2015年8月26日"}]}
{"text": "长光科技成立于2006年10月9日，注册资本人民币17,460万元整，法定代表人为杨战兵，公司类型为有限责任公司，住所为武汉洪山区邮科院路88号。长光科技的经营范围为“光纤接入网以及相关附件、组件的研发、生产、销售和服务、光纤光缆及其原材料的销售及进出口业务；计算机系统集成；与智慧城市、智慧园区、智慧农业相关的管理系统、通信系统、传感系统以及相关子系统的研发、生产、销售和服务。（依法经审批的项目，经相关部门审批后方可开展经营活动）”。长飞光纤持有长光科技5.73%的股份。", "spo_list": [{"predicate": "注册资本", "object_type": "金额", "subject_type": "日期", "object": "17,460万元", "subject": "2006年10月9日"}, {"predicate": "注册资本", "object_type": "子公司", "subject_type": "日期", "object": "长光科技", "subject": "2006年10月9日"}]}
{"text": "武汉钢电成立于1993年6月18日，注册资本人民币99,153万元整，法定代表人为张明春，公司类型为股份有限公司，住所为武汉市青山区厂前。武汉钢电的经营范围为“发电、供电。兼营蒸汽供应；污泥处理；冶金原材料及副产品、金属材料、机械、电器成套设备、五金交电、电器机械及器材批发兼零售；发电、供电、冶金废次资源的综合开发（依法须经审批的项目，经相关部门审批后方可开展经营活动）”。长飞光纤持有武汉钢电0.23%的股份。", "spo_list": [{"predicate": "注册资本", "object_type": "金额", "subject_type": "日期", "object": "99,153万元", "subject": "1993年6月18日"}, {"predicate": "注册资本", "object_type": "子公司", "subject_type": "日期", "object": "武汉钢电", "subject": "1993年6月18日"}]}
{"text": "汇源通信成立于1994年3月4日，注册资本人民币19,344万元整，法定代表人为罗劲，公司类型为股份有限公司（上市），住所为成都市高新西区西芯大道5号。汇源通信的经营范围为“制造电线、电缆、光缆、电工器材、通信设备；信息传输、计算机服务和软件业；商品批发与零售；进出口业；租赁和商务服务业。（以上项目不含前置许可项目，后置许可项目凭许可证或审批文件经营）（依法须经批准的项目，经相关部门批准后方可开展经营活动）”。长飞光纤持有汇源通信2.79%的股份。", "spo_list": [{"predicate": "注册资本", "object_type": "金额", "subject_type": "日期", "object": "19,344万元", "subject": "1994年3月4日"}, {"predicate": "注册资本", "object_type": "子公司", "subject_type": "日期", "object": "汇源通信", "subject": "1994年3月4日"}]}
{"text": "武汉筑芯成立于2015年4月15日，注册资本为300万元，法定代表人为龚斌，企业类型为有限责任公司，住所为武汉市东湖新技术开发区金融港一路7号光谷智慧园1栋101号，经营范围为“企业管理咨询；企业策划；会议服务；承办展览展示活动；餐饮管理（不含餐饮经营）；组织文化艺术交流活动（不含营业性演出）；应用软件服务；长飞光纤光缆股份有限公司首次公开发行A股股票招股说明书", "spo_list": [{"predicate": "注册资本", "object_type": "金额", "subject_type": "日期", "object": "300万元", "subject": "2015年4月15日"}, {"predicate": "注册资本", "object_type": "子公司", "subject_type": "日期", "object": "武汉筑芯", "subject": "2015年4月15日"}]}
{"text": "华信成立于1993年1月21日，注册资本500,000万元，住所为北京市西城区闹市口大街1号院4号楼04G，经营范围为“技术开发、技术推广、技术转让、技术咨询、技术服务；工程和技术研究与试验发展；销售计算机、软件及辅助设备、通讯设备、家用电器、建筑材料；承接通讯工程施工，承包境外机电工程和境内招标工程，进出口业务；计算长飞光纤光缆股份有限公司首次公开发行A股股票招股说明书", "spo_list": [{"predicate": "注册资本", "object_type": "金额", "subject_type": "日期", "object": "500,000万元", "subject": "1993年1月21日"}, {"predicate": "注册资本", "object_type": "子公司", "subject_type": "日期", "object": "华信", "subject": "1993年1月21日"}]}
{"text": "截至2017年12月31日，本公司固定资产原值为357,633.97万元，累计折旧为165,447.06万元，减值准备为41.04万元，账面价值为192,145.86万元。本公司固定资产明细如下：", "spo_list": [{"predicate": "固定资产", "object_type": "金额", "subject_type": "日期", "object": "357,633.97万元", "subject": "2017年12月31日"}, {"predicate": "固定资产账面价值", "object_type": "金额", "subject_type": "日期", "object": "192,145.86万元", "subject": "2017年12月31日"}]}
{"text": "资产和无形资产”之“（二）无形资产”。截至2017年12月31日，本公司无形资产账面原值为50,732.51万元，累计摊销为8,942.49万元，减值准备8,984.99万元，账面价值为32,805.02万元。本公司无形资产明细如下：", "spo_list": [{"predicate": "无形资产", "object_type": "金额", "subject_type": "日期", "object": "50,732.51万元", "subject": "2017年12月31日"}, {"predicate": "无形资产账面价值", "object_type": "金额", "subject_type": "日期", "object": "32,805.02万元", "subject": "2017年12月31日"}]}
{"text": "截至2017年12月31日，公司负债总额为368,193.58万元，其中流动负债294,762.34万元，非流动负债73,431.24万元。", "spo_list": [{"predicate": "总负债", "object_type": "金额", "subject_type": "日期", "object": "368,193.58万元", "subject": "2017年12月31日"}, {"predicate": "流动负债", "object_type": "金额", "subject_type": "日期", "object": "294,762.34万元", "subject": "2017年12月31日"}, {"predicate": "非流动负债", "object_type": "金额", "subject_type": "日期", "object": "73,431.24万元", "subject": "2017年12月31日"}]}
{"text": "截至2015年末、2016年末和2017年末，公司的总资产分别达到755,555.44万元、816,634.40万元和916,776.40万元。2016年末和2017年末，公司总资产分别较上年增长8.08%和12.26%。随着三大国有电信运营商大力发展4G网络基础设施建设及中国政府持续推进实施“宽带中国”、“互联网+”等国家战略，光纤光缆行业市场需求向好，生产能力快速提升。报告期内，公司持续巩固光纤预制棒、光纤及光缆业务优势，提升产能，保持国内电信市场领先地位的同时，深化实施国际化战略，不断拓展境外市场，并积极拓展多元化业务，扩大客户范围和市场空间。因而整体来看，报告期内，随着公司经营规模的不断扩大，整体资产规模快速增长。", "spo_list": [{"predicate": "总资产", "object_type": "金额", "subject_type": "日期", "object": "755,555.44万元", "subject": "2015年末"}, {"predicate": "总资产", "object_type": "金额", "subject_type": "日期", "object": "816,634.40万元", "subject": "2016年末"}, {"predicate": "总资产", "object_type": "金额", "subject_type": "日期", "object": "916,776.40万元", "subject": "2017年末"}]}
{"text": "截至2015年末、2016年末和2017年末，本公司的货币资金分别为204,712.47万元、162,757.50万元和179,951.36万元。2016年末货币资金较上年末降低20.49%，主要是由于：（1）随着公司经营规模的扩大，公司以现金购建固定资产和无形资产等资本性开支85,255.24万元；（2）公司新设合营企业长飞信越并注入资本金24,407.59万元。2017年末货币资金较上年末增长10.56%，主要是由于2017年，随着公司主营产品销售收入的快速增长，销售商品、提供劳务收到的现金较上年增长33.83%，使得公司截至2017年12月31日的货币资金规模较2016年末有所增加。", "spo_list": [{"predicate": "货币资金", "object_type": "金额", "subject_type": "日期", "object": "204,712.47万元", "subject": "2015年末"}, {"predicate": "货币资金", "object_type": "金额", "subject_type": "日期", "object": "162,757.50万元", "subject": "2016年末"}, {"predicate": "货币资金", "object_type": "金额", "subject_type": "日期", "object": "179,951.36万元", "subject": "2017年末"}]}
{"text": "截至2015年末、2016年末和2017年末，公司应收账款主要是“按信用风险特征组合计提坏账准备的应收账款”，余额分别为195,664.79万元、192,193.69万元和188,050.99万元，并相应计提了坏账准备，充分保证谨慎稳健的原则。", "spo_list": [{"predicate": "应收账款余额", "object_type": "金额", "subject_type": "日期", "object": "188,050.99万元", "subject": "2015年末"}, {"predicate": "应收账款余额", "object_type": "日期", "subject_type": "金额", "object": "2016年末", "subject": "195,664.79万元"}, {"predicate": "应收账款余额", "object_type": "日期", "subject_type": "金额", "object": "2017年末", "subject": "192,193.69万元"}]}
{"text": "截至2015年末、2016年末和2017年末，本公司的存货账面价值分别为67,806.20万元、64,437.76万元和73,046.82万元。2015-2016年，本公司存货规模基本保持稳定，略有下降，主要原因在于：公司基于市场需求情况，每年自主要供应商Heraeus处定量采购充足的玻璃衬管和硅质套管以保证光纤及光纤预制棒生产所需原材料的供应，报告期内，随着公司光纤及光纤预制棒产能的逐步提升，相关原材料耗用量有所增加，进而2015年末及2016年末存货余额相应减少。2017年末存货规模较上年末增长13.36%，主要是因为随着公司各项产品需求量快速增长，为应付后续产品交付需求，公司相应提高产品产能，使得截至2017年末的存货有所增加。", "spo_list": [{"predicate": "存货账面价值", "object_type": "金额", "subject_type": "日期", "object": "67,806.20万元", "subject": "2015年末"}, {"predicate": "存货账面价值", "object_type": "金额", "subject_type": "日期", "object": "64,437.76万元", "subject": "2016年末"}, {"predicate": "存货账面价值", "object_type": "金额", "subject_type": "日期", "object": "73,046.82万元", "subject": "2017年末"}]}
{"text": "截至2015年末、2016年末和2017年末，公司长期应收款分别为23,093.37万元、3,342.28万元及2,000.00万元。报告期内，公司持有的长期应收款按性质分类列示如下：长飞光纤光缆股份有限公司首次公开发行A股股票招股说明书", "spo_list": [{"predicate": "长期应收款", "object_type": "金额", "subject_type": "日期", "object": "23,093.37万元", "subject": "2015年末"}, {"predicate": "长期应收款", "object_type": "金额", "subject_type": "日期", "object": "3,342.28万元", "subject": "2016年末"}, {"predicate": "长期应收款", "object_type": "金额", "subject_type": "日期", "object": "2,000.00万元", "subject": "2017年末"}]}
{"text": "公司固定资产主要包括土地、房屋及建筑物、机器设备、办公设备及其他设备和运输工具。截至2015年末、2016年末和2017年末，本公司的固定资产账面价值分别为98,202.72万元、132,103.21万元和192,145.86万元。2016年末及2017年末，本公司固定资产账面价值较上年末分别增长34.52%和45.45%，报告期内公司固定资产规模持续增长，主要是因为：（1）随着公司经营规模的不断扩大，子公司数量不断上升，报告期内公司相应购置、建设生产和办公等所需的房产，2016年及2017年，分别新增土地、房屋及建筑物13,605.63万元及32,444.66万元；（2）随着产业化规模的扩大，公司相应购置机器设备，2016年及2017年，公司分别购置机器设备24,043.01万元及36,421.50万元；（3）报告期内，公司分别于2016年和2017年分别购置所需办公及其他设备1,741.87万元和3,676.38万元；（4）随着公司经营规模的逐步扩大及员工人数的不断增加，为提升服务质量及公司运营效率，公司于2016年和2017年分别为各部门新增配置交通运输工具180.15万元及252.20万元。", "spo_list": [{"predicate": "固定资产账面价值", "object_type": "金额", "subject_type": "日期", "object": "98,202.72万元", "subject": "2015年末"}, {"predicate": "固定资产账面价值", "object_type": "金额", "subject_type": "日期", "object": "132,103.21万元", "subject": "2016年末"}, {"predicate": "固定资产账面价值", "object_type": "金额", "subject_type": "日期", "object": "192,145.86万元", "subject": "2017年末"}]}
{"text": "截至2017年12月31日，本公司的在建工程为16,447.33万元，占非流动资产比例为4.18%，占总资产的比例为1.79%。", "spo_list": [{"predicate": "在建工程账面价值", "object_type": "金额", "subject_type": "日期", "object": "16,447.33万元", "subject": "2017年12月31日"}]}
{"text": "截至2015年末、2016年末及2017年末，本公司在建工程分别为8,874.29万元、46,628.08万元及16,447.33万元。本公司2015年新增在建工程主要是公司持续对长飞科技园项目进行相关投资建设，且开始对长飞沈阳、长飞兰州及长飞印尼进行投资建设。2016年，本公司新增在建工程主要是公司持续对长飞兰州光缆厂房进行投入；同时，本公司子公司长飞潜江及浙江联飞新建光纤预制棒和光纤加工厂，子公司长飞非洲光缆新建光缆加工厂，子公司湖北飞菱新建光纤用高纯四氯化硅加工厂；此外，本公司启动PCVD11期扩产项目以增加光纤预制棒产能。2017年末，公司在建工程较上年末有所减少，主要系长飞潜江光纤预制棒和光纤加工厂及浙江联飞光纤加工厂建设项目于2017年转固所致。", "spo_list": [{"predicate": "在建工程账面价值", "object_type": "金额", "subject_type": "日期", "object": "8,874.29万元", "subject": "2015年末"}, {"predicate": "在建工程账面价值", "object_type": "金额", "subject_type": "日期", "object": "46,628.08万元", "subject": "2016年末"}, {"predicate": "在建工程账面价值", "object_type": "金额", "subject_type": "日期", "object": "16,447.33万元", "subject": "2017年末"}]}
{"text": "截至2017年12月31日，本公司的无形资产账面价值为32,805.02万元，占非流动资产的比例为8.33%，占总资产的比例为3.58%。", "spo_list": [{"predicate": "无形资产账面价值", "object_type": "金额", "subject_type": "日期", "object": "32,805.02万元", "subject": "2017年12月31日"}]}
{"text": "截至2016年末，本公司无形资产账面价值为44,316.60万元，较2015年末增长41.80%，主要是因为本公司子公司长飞潜江及浙江联飞于2016年新增购置土地7,080.33万元用于建厂，且本公司子公司芯光云成立时，中标软件有限公司以云桌面相关无形资产出资使得公司无形资产增加2,887.50万元。截至2017年末，本公司无形资产账面价值为32,805.02万元，与上年末相比有所下降，为累计摊销和公司根据美国评值有限公司出具的评估报告，对长芯盛武汉持有的AOC芯片专利技术计提减值准备所致。关于AOC芯片专利技术计提减值准备的具体情况如下：", "spo_list": [{"predicate": "无形资产账面价值", "object_type": "日期", "subject_type": "日期", "object": "2017年末", "subject": "2016年末"}, {"predicate": "无形资产账面价值", "object_type": "金额", "subject_type": "金额", "object": "32,805.02万元", "subject": "44,316.60万元"}]}
{"text": "截至2015年末、2016年末及2017年末，公司递延所得税资产分别为1,508.97万元、5,796.45万元和5,524.30万元，递延所得税资产变动的主要原因系内部交易未实现利润以及收到的政府补助带来的可抵扣暂时性差异所致。", "spo_list": [{"predicate": "递延所得税资产", "object_type": "金额", "subject_type": "日期", "object": "1,508.97万元", "subject": "2015年末"}, {"predicate": "递延所得税资产", "object_type": "金额", "subject_type": "日期", "object": "5,796.45万元", "subject": "2016年末"}, {"predicate": "递延所得税资产", "object_type": "金额", "subject_type": "日期", "object": "5,524.30万元", "subject": "2017年末"}]}
{"text": "截至2015年末、2016年末和2017年末，公司的总负债分别为385,113.24万元、374,279.59万元和368,193.58万元。整体来看，本公司报告期内负债总额基本保持稳定。2017年末，本公司负债总额较上年末减少6,086.01万元，主要是因为公司根据日常经营所需，并及时根据长短期负债结构的匹配，减少了信用借款，同时偿还了原欧元质押借长飞光纤光缆股份有限公司首次公开发行A股股票招股说明书", "spo_list": [{"predicate": "总负债", "object_type": "金额", "subject_type": "日期", "object": "385,113.24万元", "subject": "2015年末"}, {"predicate": "总负债", "object_type": "金额", "subject_type": "日期", "object": "374,279.59万元", "subject": "2016年末"}, {"predicate": "总负债", "object_type": "金额", "subject_type": "日期", "object": "368,193.58万元", "subject": "2017年末"}]}
{"text": "截至2015年末、2016年末和2017年末，公司短期借款余额分别为111,630.86万元、64,471.25万元及49,501.30万元，占总负债比重分别为28.99%、17.23%及13.44%。报告期内，公司短期借款金额的变化系根据公司日常经营所需进行调整所致。", "spo_list": [{"predicate": "短期借款余额", "object_type": "金额", "subject_type": "日期", "object": "111,630.86万元", "subject": "2015年末"}, {"predicate": "短期借款余额", "object_type": "金额", "subject_type": "日期", "object": "64,471.25万元", "subject": "2016年末"}, {"predicate": "短期借款余额", "object_type": "金额", "subject_type": "日期", "object": "49,501.30万元", "subject": "2017年末"}]}
{"text": "截至2015年末、2016年末和2017年末，本公司的预收款项分别为10,027.56万元、15,690.29万元及24,156.69万元。报告期内，公司光纤预制棒、光纤及光缆等各项产品市场需求旺盛，销售规模快速扩大，预收款项相应增长，截至2016年末和2017年末，本公司预收款项分别较上年末增长56.47%及53.96%。", "spo_list": [{"predicate": "预收款项", "object_type": "金额", "subject_type": "日期", "object": "10,027.56万元", "subject": "2015年末"}, {"predicate": "预收款项", "object_type": "金额", "subject_type": "日期", "object": "15,690.29万元", "subject": "2016年末"}, {"predicate": "预收款项", "object_type": "金额", "subject_type": "日期", "object": "24,156.69万元", "subject": "2017年末"}]}
{"text": "截至2015年末、2016年末和2017年末，本公司的应付职工薪酬分别为12,186.37万元、22,925.56万元和30,400.40万元。2016年末和2017年末，本公司应付职工薪酬分别较上年末增长88.12%和32.60%，报告期内，公司应付职工薪酬金额较大，且呈快速增长趋势，主要是因为：（1）随着公司经营规模的持续扩大，新设子公司逐渐投产运营，公司员工人数逐年增加；（2）报告期内，公司销售收入实现快速增长，于报告期各期末计提的与业绩相关的年终奖金规模随之快速上升。报告期内，公司应付职工薪酬余额变动与业务发展情况相匹配。", "spo_list": [{"predicate": "应付职工薪酬", "object_type": "金额", "subject_type": "日期", "object": "12,186.37万元", "subject": "2015年末"}, {"predicate": "应付职工薪酬", "object_type": "金额", "subject_type": "日期", "object": "22,925.56万元", "subject": "2016年末"}, {"predicate": "应付职工薪酬", "object_type": "金额", "subject_type": "日期", "object": "30,400.40万元", "subject": "2017年末"}]}
{"text": "截至2015年12月31日、2016年12月31日及2017年12月31日，公司应交税费分别为7,350.46万元、12,436.75万元及18,845.58万元。报告期内，随着销售规模的不断增长，公司应交税费金额呈逐年增长趋势。", "spo_list": [{"predicate": "应交税费", "object_type": "金额", "subject_type": "日期", "object": "7,350.46万元", "subject": "2015年12月31日"}, {"predicate": "应交税费", "object_type": "金额", "subject_type": "日期", "object": "12,436.75万元", "subject": "2016年12月31日"}, {"predicate": "应交税费", "object_type": "金额", "subject_type": "日期", "object": "18,845.58万元", "subject": "2017年12月31日"}]}
{"text": "截至2015年末、2016年末和2017年末，本公司的其他应付款分别为17,903.80万元、33,986.17万元和35,081.55万元。2016年末，本公司其他应付款较上年末增长89.83%，主要是由于：（1）资本性开支规模的增长使得截至2016年末应付设备及无形资产款项较上年末增加13,354.79万元；（2）公司按产品销售收入的一定比例向DrakaComteqFibre", "spo_list": [{"predicate": "其他应付款", "object_type": "日期", "subject_type": "日期", "object": "2017年末", "subject": "2015年末"}, {"predicate": "其他应付款", "object_type": "金额", "subject_type": "金额", "object": "33,986.17万元", "subject": "17,903.80万元"}, {"predicate": "其他应付款", "object_type": "金额", "subject_type": "日期", "object": "35,081.55万元", "subject": "2016年末"}]}
{"text": "截至2015年末、2016年末和2017年末，本公司非流动负债分别为87,426.62万元、110,703.23万元和73,431.24万元。报告期内，公司非流动负债包括长期借款、递延收益和其他非流动负债。", "spo_list": [{"predicate": "非流动负债", "object_type": "金额", "subject_type": "日期", "object": "87,426.62万元", "subject": "2015年末"}, {"predicate": "非流动负债", "object_type": "金额", "subject_type": "日期", "object": "110,703.23万元", "subject": "2016年末"}, {"predicate": "非流动负债", "object_type": "金额", "subject_type": "日期", "object": "73,431.24万元", "subject": "2017年末"}]}
{"text": "截至2015年末、2016年末及2017年末，本公司长期借款余额分别为82,081.95万元、86,957.88万元及48,129.00万元。该等借款包括信用借款、质押借款和抵押借款，计息方式分为浮动利率和固定利率。报告期内，本公司长期借款主要为公司日常经营所需，并及时根据长短期负债结构的匹配进行相应调整。", "spo_list": [{"predicate": "长期借款余额", "object_type": "金额", "subject_type": "日期", "object": "82,081.95万元", "subject": "2015年末"}, {"predicate": "长期借款余额", "object_type": "金额", "subject_type": "日期", "object": "86,957.88万元", "subject": "2016年末"}, {"predicate": "长期借款余额", "object_type": "金额", "subject_type": "日期", "object": "48,129.00万元", "subject": "2017年末"}]}
{"text": "截至2015年末、2016年末和2017年末，本公司其他非流动负债分别为2,242.80万元、14,941.01万元和16,979.93万元，该等非流动负债均为政府补助。", "spo_list": [{"predicate": "其他非流动负债", "object_type": "金额", "subject_type": "日期", "object": "2,242.80万元", "subject": "2015年末"}, {"predicate": "其他非流动负债", "object_type": "金额", "subject_type": "日期", "object": "14,941.01万元", "subject": "2016年末"}, {"predicate": "其他非流动负债", "object_type": "金额", "subject_type": "日期", "object": "16,979.93万元", "subject": "2017年末"}]}
{"text": "截至2015年末、2016年末和2017年末，公司资产负债率分别为50.97%、45.83%和40.16%，整体有所下降。", "spo_list": [{"predicate": "资产负债率", "object_type": "比率", "subject_type": "日期", "object": "50.97%", "subject": "2015年末"}, {"predicate": "资产负债率", "object_type": "比率", "subject_type": "日期", "object": "45.83%", "subject": "2016年末"}, {"predicate": "资产负债率", "object_type": "比率", "subject_type": "日期", "object": "40.16%", "subject": "2017年末"}]}
{"text": "截至2015年末、2016年末和2017年末，本公司息税折旧摊销前利润分别为81,250.20万元、100,631.87万元和171,089.62万元；截至2015年末、2016年末和2017年末，本公司利息保障倍数分别为10.44倍、14.69倍和25.42倍。报告期内，公司息税折旧摊销前利润和利息保障倍数均保持较高水平，且逐年上升。", "spo_list": [{"predicate": "息税折旧摊销前利润", "object_type": "金额", "subject_type": "日期", "object": "81,250.20万元", "subject": "2015年末"}, {"predicate": "息税折旧摊销前利润", "object_type": "金额", "subject_type": "日期", "object": "100,631.87万元", "subject": "2016年末"}, {"predicate": "息税折旧摊销前利润", "object_type": "金额", "subject_type": "日期", "object": "171,089.62万元", "subject": "2017年末"}]}
{"text": "2015年末、2016年末和2017年末，本公司的应收账款周转率分别为4.00次、4.27次和5.58次。报告期内，公司应收账款周转率整体呈上升趋势，应收账款平均周转时间约为2-3个月，表明公司应收账款管理能力较强，回收情况良好。公司应收账款账龄基本在1年以内，发生坏账的风险较小。", "spo_list": [{"predicate": "应收账款周转率", "object_type": "比率", "subject_type": "日期", "object": "4.00次", "subject": "2015年末"}, {"predicate": "应收账款周转率", "object_type": "比率", "subject_type": "日期", "object": "4.27次", "subject": "2016年末"}, {"predicate": "应收账款周转率", "object_type": "比率", "subject_type": "日期", "object": "5.58次", "subject": "2017年末"}]}
{"text": "2015年末、2016年末和2017年末，本公司的存货周转率分别为7.89次、9.72次和11.02次。报告期内，公司存货周转率保持较高水平且呈上升趋势，主要是因为公司根据存货价值、营运资金状况、销售规模及市场需求等因素不断提升存货管理水平，在营收规模持续快速增长的情况下，保持存货规模合理稳定。", "spo_list": [{"predicate": "存货周转率", "object_type": "日期", "subject_type": "日期", "object": "2017年末", "subject": "2015年末"}, {"predicate": "存货周转率", "object_type": "比率", "subject_type": "比率", "object": "9.72次", "subject": "7.89次"}, {"predicate": "存货周转率", "object_type": "比率", "subject_type": "日期", "object": "11.02次", "subject": "2016年末"}]}
{"text": "2015年度、2016年度和2017年度，本公司的主营业务成本分别为531,919.86万元、631,055.59万元和746,168.01万元，2015-2017年的年均复合增长率为18.44%。主要原因是随着业务量的增加和营业收入的增长，本公司的营业成本也逐年上升。本公司的主营业务成本主要为光纤类产品、光纤预制棒类产品和光缆类产品等的原材料和半成品采购及加工成本。", "spo_list": [{"predicate": "主营业务成本", "object_type": "金额", "subject_type": "日期", "object": "531,919.86万元", "subject": "2015年度"}, {"predicate": "主营业务成本", "object_type": "金额", "subject_type": "日期", "object": "631,055.59万元", "subject": "2016年度"}, {"predicate": "主营业务成本", "object_type": "金额", "subject_type": "日期", "object": "746,168.01万元", "subject": "2017年度"}]}
{"text": "2015年度、2016年度及2017年度，本公司主营业务毛利率分别为19.54%、20.65%和27.01%。报告期内，主营业务毛利率整体呈上升趋势，公司盈利能力良好。", "spo_list": [{"predicate": "毛利率", "object_type": "比率", "subject_type": "日期", "object": "20.65%", "subject": "2015年度"}, {"predicate": "毛利率", "object_type": "比率", "subject_type": "日期", "object": "27.01%", "subject": "2016年度"}, {"predicate": "毛利率", "object_type": "日期", "subject_type": "比率", "object": "2017年度", "subject": "19.54%"}]}
{"text": "2015年度、2016年度和2017年度，本公司的销售费用分别为16,299.39万元、19,943.16万元和30,488.46万元，占营业收入的比例分别为2.42%、2.46%和2.94%，占比逐年上升。报告期内，本公司销售费用明细如下：", "spo_list": [{"predicate": "销售费用", "object_type": "金额", "subject_type": "日期", "object": "16,299.39万元", "subject": "2015年度"}, {"predicate": "销售费用", "object_type": "金额", "subject_type": "日期", "object": "19,943.16万元", "subject": "2016年度"}, {"predicate": "销售费用", "object_type": "金额", "subject_type": "日期", "object": "30,488.46万元", "subject": "2017年度"}]}
{"text": "本公司的管理费用主要为研发费和工资等。2015年度、2016年度和2017年度，本公司的管理费用分别为49,489.51万元、66,223.03万元和96,806.74万元，占营业收入的比例分别为7.35%、8.16%和9.34%。报告期内，本公司管理费用明细如下：", "spo_list": [{"predicate": "管理费用", "object_type": "金额", "subject_type": "日期", "object": "49,489.51万元", "subject": "2015年度"}, {"predicate": "管理费用", "object_type": "金额", "subject_type": "日期", "object": "66,223.03万元", "subject": "2016年度"}, {"predicate": "管理费用", "object_type": "金额", "subject_type": "日期", "object": "96,806.74万元", "subject": "2017年度"}]}
{"text": "2015年度、2016年度和2017年度，公司研发费用分别为19,689.06万元、23,591.51万元及36,079.30万元，占营业收入的比例分别为2.92%、2.91%及3.48%，研发费用率总体保持平稳增长，主要原因是随着公司经营规模的持续扩大，为保证领先的技术优势、保持产品性能的显著优势，公司不断扩充研发人员数量，并持续加大研发费用投入。", "spo_list": [{"predicate": "研发费用", "object_type": "日期", "subject_type": "日期", "object": "2017年度", "subject": "2015年度"}, {"predicate": "研发费用", "object_type": "金额", "subject_type": "金额", "object": "23,591.51万元", "subject": "19,689.06万元"}, {"predicate": "研发费用", "object_type": "金额", "subject_type": "日期", "object": "36,079.30万元", "subject": "2016年度"}]}
{"text": "2015年度、2016年度和2017年度，本公司的财务费用分别为12,582.87万元、11,221.11万元和7,815.64万元，占营业收入的比例分别为1.87%、1.38%和0.75%。本公司财务费用主要为利息支出和净汇兑亏损\\/（收益）。2016年以来，公司继续对银行贷款进行结构调整，通过增加人民币贷款来降低人民币兑美元和欧元汇率贬值导致的汇兑净损失。", "spo_list": [{"predicate": "财务费用", "object_type": "日期", "subject_type": "日期", "object": "2017年度", "subject": "2015年度"}, {"predicate": "财务费用", "object_type": "金额", "subject_type": "金额", "object": "11,221.11万元", "subject": "12,582.87万元"}, {"predicate": "财务费用", "object_type": "金额", "subject_type": "日期", "object": "7,815.64万元", "subject": "2016年度"}]}
{"text": "本公司2015年度、2016年度及2017年度的资产减值损失分别为3,504.65万元、1,327.41万元和11,732.96万元，占营业收入的比例分别为0.52%、0.16%和1.13%，占比较小，主要为计提应收账款坏账及存货跌价损失。2017年度，公司资产减值损失中包括无形资产减值损失8,984.99万元，为长芯盛武汉的AOC芯片专利技术减值损失。", "spo_list": [{"predicate": "资产减值损失", "object_type": "金额", "subject_type": "日期", "object": "3,504.65万元", "subject": "2015年度"}, {"predicate": "资产减值损失", "object_type": "金额", "subject_type": "日期", "object": "1,327.41万元", "subject": "2016年度"}, {"predicate": "资产减值损失", "object_type": "日期", "subject_type": "金额", "object": "2017年度", "subject": "11,732.96万元"}]}
{"text": "2015年度、2016年度和2017年度，本公司的非经常性损益额分别为6,605.22万元、2,891.03万元和3,278.33万元，扣除非经常性损益后归属于公司普通股股东的净利润分别为49,720.88万元、68,818.30万元和123,556.99万元。报告期内，本公司扣除非经常性损益后归属于公司普通股股东的净利润呈逐年上升趋势，2016年和2017年分别较上年增长38.41%和79.54%。", "spo_list": [{"predicate": "非经常性损益", "object_type": "日期", "subject_type": "日期", "object": "2017年度", "subject": "2015年度"}, {"predicate": "非经常性损益", "object_type": "金额", "subject_type": "金额", "object": "2,891.03万元", "subject": "6,605.22万元"}, {"predicate": "非经常性损益", "object_type": "金额", "subject_type": "日期", "object": "3,278.33万元", "subject": "2016年度"}]}
{"text": "截至2018年3月31日，公司资产总额达到965,787.67万元，较上年末增长5.35%，主要是因为随着公司经营规模的持续扩大，应收账款金额随之增加，使得公司整体资产规模相应增长；公司负债总额达到386,500.78万元，较上年末增长4.97%，主要是公司根据日常经营所需，适度增加短期借款，且随着营收规模的增长，应付账款随之增加，共同导致公司负债总额有所增加。", "spo_list": [{"predicate": "总资产", "object_type": "金额", "subject_type": "日期", "object": "965,787.67万元", "subject": "2018年3月31日"}]}
{"text": "2018年1-3月，公司实现营业收入246,526.87万元，较上年同期增长35.24%；净利润37,708.20万元，较上年同期增长74.68%；扣除非经常性损益后归属于母公司的净利润36,730.39万元，较上年同期增长66.90%。随着“宽带中国”、“互联网+”等国家战略的持续推进实施，公司业务持续增长，不存在重大不利变化。", "spo_list": [{"predicate": "营业收入", "object_type": "金额", "subject_type": "日期", "object": "246,526.87万元", "subject": "2018年"}, {"predicate": "净利润", "object_type": "金额", "subject_type": "日期", "object": "37,708.20万元", "subject": "2018年"}]}
