{"text": "2017年9月12日，晨光有限董事会审议通过《关于公司整体变更为股份有限公司方案的议案》，以2017年6月30日为基准日将晨光有限整体变更为股份有限公司。同日，晨光有限全体股东作为发起人签署了《发起人协议》。本次整体变更以经苏亚金诚（苏亚审[2017]942号《审计报告》）确认的截至2017年6月30日经审计的净资产171,375,004.37元，扣除专项储备1,237,005.00元后按照1:0.5584的比例折合股份9,500.00万股，每股面值为人民币1元，剩余75,137,999.37元计入资本公积。", "spo_list": [{"predicate": "净资产", "object_type": "金额", "subject_type": "日期", "object": "171,375,004.37元", "subject": "2017年6月30日"}]}
{"text": "2017年9月28日，苏亚金诚出具《验资报告》（苏亚验[2017]40号），确认截至2017年9月28日公司已收到全体发起人缴纳的注册资本（股本）合计9,500万元，各股东以晨光有限截至2017年6月30日扣除专项储备后的净资产出资折合股本9,500万元。", "spo_list": [{"predicate": "出具日期", "object_type": "日期", "subject_type": "日期", "object": "2017年9月28日", "subject": "2017年9月28日"}, {"predicate": "注册资本", "object_type": "金额", "subject_type": "文件", "object": "9,500万元", "subject": "《验资报告》（苏亚验[2017]40号）"}]}
{"text": "2017年10月18日，公司在九江市工商行政管理局完成工商变更登记手续，并领取了变更后的《企业法人营业执照》。2017年10月23日，九江市商务局出具《外商投资企业变更备案回执》（编号：赣（浔）商务外资管备201700063），对本次变更进行备案。", "spo_list": [{"predicate": "出具日期", "object_type": "日期", "subject_type": "日期", "object": "2017年10月23日", "subject": "2017年10月18日"}, {"predicate": "出具日期", "object_type": "文件", "subject_type": "文件", "object": "《外商投资企业变更备案回执》", "subject": "《企业法人营业执照》"}]}
{"text": "2017年6月14日，九江市商务局出具《外商投资企业变更备案回执》（编号：赣（浔）商务外资管备201700035），对本次变更进行备案。", "spo_list": [{"predicate": "出具日期", "object_type": "文件", "subject_type": "日期", "object": "《外商投资企业变更备案回执》", "subject": "2017年6月14日"}]}
{"text": "2017年7月5日，九江市商务局出具《外商投资企业变更备案回执》（编号：赣（浔）商务外资管备201700041），对本次变更进行备案。", "spo_list": [{"predicate": "出具日期", "object_type": "文件", "subject_type": "日期", "object": "《外商投资企业变更备案回执》（编号：赣（浔）商务外资管备201700041）", "subject": "2017年7月5日"}]}
{"text": "经股权转让双方协商确定，江苏晨光100%股权的转让价格为瑞华会计师事务所（特殊普通合伙）出具的瑞华审计[2016]41070023号《审计报告》确定的江苏晨光截至2016年6月30日经审计净资产值11,530,748.19元。丁建峰、虞丹鹤、丁冰和丁洁所持江苏晨光74.9035%、11.5830%、6.7568%和6.7568%的股权分别作价8,636,931.07元、1,335,607.90元、779,104.61元和779,104.61元。", "spo_list": [{"predicate": "净资产", "object_type": "金额", "subject_type": "日期", "object": "11,530,748.19元", "subject": "2016年6月30日"}]}
{"text": "截至2019年12月31日，公司的固定资产账面价值为19,291.45万元。", "spo_list": [{"predicate": "固定资产账面价值", "object_type": "金额", "subject_type": "日期", "object": "19,291.45万元", "subject": "2019年12月31日"}]}
{"text": "截至2019年12月31日，公司用于抵押的无形资产账面价值为260.62万元。", "spo_list": [{"predicate": "无形资产账面价值", "object_type": "金额", "subject_type": "日期", "object": "260.62万元", "subject": "2019年12月31日"}]}
{"text": "截至2019年12月31日，公司预收款项余额为432.86万元。", "spo_list": [{"predicate": "预收款项余额", "object_type": "金额", "subject_type": "日期", "object": "432.86万元", "subject": "2019年12月31日"}]}
{"text": "截至2019年12月31日，公司应交税费余额为725.68万元，明细情况如下：", "spo_list": [{"predicate": "应交税费余额", "object_type": "金额", "subject_type": "日期", "object": "725.68万元", "subject": "2019年12月31日"}]}
{"text": "2017年末、2018年末和2019年末，公司货币资金分别为5,315.22万元、10,540.54万元和10,440.34万元，占流动资产比例分别为31.75%、41.00%和32.00%，公司报告期内货币资金主要为银行存款。公司报告期内业务规模不断扩大，营业收入逐年增长，销售商品收到的货款有所增加，2019年末货币资金较2017年末增加96.42%。", "spo_list": [{"predicate": "货币资金", "object_type": "金额", "subject_type": "日期", "object": "5,315.22万元", "subject": "2017年末"}, {"predicate": "货币资金", "object_type": "金额", "subject_type": "日期", "object": "10,540.54万元", "subject": "2018年末"}, {"predicate": "货币资金", "object_type": "金额", "subject_type": "日期", "object": "10,440.34万元", "subject": "2019年末"}]}
{"text": "公司应收票据主要为银行承兑汇票。2017年末、2018年末和2019年末，应收票据账面价值分别为1,062.85万元、2,484.75万元和5,414.51万元，占流动资产的比例分别为6.35%、9.67%和16.60%。", "spo_list": [{"predicate": "应收票据", "object_type": "金额", "subject_type": "日期", "object": "1,062.85万元", "subject": "2017年末"}, {"predicate": "应收票据", "object_type": "金额", "subject_type": "日期", "object": "2,484.75万元", "subject": "2018年末"}, {"predicate": "应收票据", "object_type": "金额", "subject_type": "日期", "object": "5,414.51万元", "subject": "2019年末"}]}
{"text": "2017年末、2018年末和2019年末，公司应收账款余额分别为5,657.10万元、5,754.26万元和9,275.60万元，占营业收入的比例分别为11.91%、8.58%和13.44%。", "spo_list": [{"predicate": "应收账款余额", "object_type": "金额", "subject_type": "日期", "object": "5,657.10万元", "subject": "2017年末"}, {"predicate": "应收账款余额", "object_type": "金额", "subject_type": "日期", "object": "5,754.26万元", "subject": "2018年末"}, {"predicate": "应收账款余额", "object_type": "金额", "subject_type": "日期", "object": "9,275.60万元", "subject": "2019年末"}]}
{"text": "2017年末、2018年末和2019年末，公司预付款项分别为79.73万元、389.31万元和418.14万元，占流动资产比例分别为0.48%、1.51%和1.28%。公司预付款项2018年末较2017年末增长388.26%，主要系公司于2018年末淘汰燃煤锅炉并与赛得利（九江）纤维有限公司签署了《供用热合同》，预付蒸汽费270万元。2019年末，公司预付款项主要系预付中介机构拟首次公开发行股票并上市相关费用。", "spo_list": [{"predicate": "预付款项", "object_type": "金额", "subject_type": "日期", "object": "79.73万元", "subject": "2017年末"}, {"predicate": "预付款项", "object_type": "金额", "subject_type": "日期", "object": "389.31万元", "subject": "2018年末"}, {"predicate": "预付款项", "object_type": "金额", "subject_type": "日期", "object": "418.14万元", "subject": "2019年末"}]}
{"text": "2017年末、2018年末和2019年末，公司存货账面价值分别为4,175.22万元、6,643.12万元和7,359.54万元，存货占流动资产比例分别为24.94%、25.84%和22.56%，较为稳定。报告期各期末存货账面价值较高且逐年增长，主要系：报告期内公司功能性硅烷产品订单增加，公司生产及经营规模逐年增长，公司继续延伸功能性硅烷产业链，产品种类不断增加，为保障生产和及时供货，相应增加了低值易耗品、在产品和库存商品。", "spo_list": [{"predicate": "存货账面价值", "object_type": "金额", "subject_type": "日期", "object": "4,175.22万元", "subject": "2017年末"}, {"predicate": "存货账面价值", "object_type": "金额", "subject_type": "日期", "object": "6,643.12万元", "subject": "2018年末"}, {"predicate": "存货账面价值", "object_type": "金额", "subject_type": "日期", "object": "7,359.54万元", "subject": "2019年末"}]}
{"text": "2017年、2018年和2019年，公司计提存货跌价准备分别为86.02万元、95.34万元和168.66万元，占存货余额的比例分别为2.02%、1.41%和2.24%。2017年、2018年，公司原材料、在产品、库存商品和发出商品等存货未出现需要计提跌价准备的情形，计提的存货跌价准备均为低值易耗品，公司存货跌价准备提取情况与存货质量实际状况相符，计提充分、合理。2019年，公司对库存商品计提23.28万元跌价准备，主要系个别库存商品期末可变现净值低于账面价值，计提跌价准备符合谨慎性原则。", "spo_list": [{"predicate": "存货跌价准备", "object_type": "金额", "subject_type": "日期", "object": "86.02万元", "subject": "2017年"}, {"predicate": "存货跌价准备", "object_type": "金额", "subject_type": "日期", "object": "95.34万元", "subject": "2018年"}, {"predicate": "存货跌价准备", "object_type": "金额", "subject_type": "日期", "object": "168.66万元", "subject": "2019年"}]}
{"text": "公司2017年12月31日、2018年12月31日和2019年12月31日计提存货跌价准备金额分别为86.02万元、95.34万元和168.66万元；存货跌价准备占江西晨光新材料股份有限公司招股说明书", "spo_list": [{"predicate": "存货跌价准备", "object_type": "金额", "subject_type": "日期", "object": "86.02万元", "subject": "2017年12月31日"}, {"predicate": "存货跌价准备", "object_type": "金额", "subject_type": "日期", "object": "95.34万元", "subject": "2018年12月31日"}, {"predicate": "存货跌价准备", "object_type": "金额", "subject_type": "日期", "object": "168.66万元", "subject": "2019年12月31日"}]}
{"text": "2017年末、2018年末和2019年末，公司其他流动资产为791.80万元、295.36万元和365.30万元，占各期末流动资产的比例分别为4.73%、1.15%和1.12%。", "spo_list": [{"predicate": "其他流动资产", "object_type": "金额", "subject_type": "日期", "object": "791.80万元", "subject": "2017年末"}, {"predicate": "其他流动资产", "object_type": "金额", "subject_type": "日期", "object": "295.36万元", "subject": "2018年末"}, {"predicate": "其他流动资产", "object_type": "金额", "subject_type": "日期", "object": "365.30万元", "subject": "2019年末"}]}
{"text": "2017年末、2018年末和2019年末，公司固定资产账面价值为15,006.34万元、14,645.87万元和19,291.45万元。固定资产主要由房屋建筑物和生产设备构成，报告期各期末，房屋建筑物和生产设备合计占固定资产的比例分别为97.15%、96.46%和97.31%。公司固定资产账面价值的变动主要系在建工程转固、固定资产计提折旧和报废所致。", "spo_list": [{"predicate": "固定资产账面价值", "object_type": "金额", "subject_type": "日期", "object": "15,006.34万元", "subject": "2017年末"}, {"predicate": "固定资产账面价值", "object_type": "金额", "subject_type": "日期", "object": "14,645.87万元", "subject": "2018年末"}, {"predicate": "固定资产账面价值", "object_type": "金额", "subject_type": "日期", "object": "19,291.45万元", "subject": "2019年末"}]}
{"text": "2017年末、2018年末和2019年末，公司在建工程分别为2,265.23万元、4,633.15万元和3,255.04万元。2018年末较2017年末在建工程金额增加2,367.92万元，增幅为104.53%，主要系公司为加强市场竞争力和持续发展能力，提高功能性硅烷产品市场渗透率，以技术为驱动，注重环境友好，加大对现有生产线和安全环保设施的更新改造力度，同时新建部分车间和厂房所致。2019年末较2018年末在建工程金额减少1,378.11万元，降幅为29.74%，主要系2018年部分大额在建工程项目于2019年转固所致。", "spo_list": [{"predicate": "在建工程账面价值", "object_type": "金额", "subject_type": "日期", "object": "2,265.23万元", "subject": "2017年末"}, {"predicate": "在建工程账面价值", "object_type": "日期", "subject_type": "金额", "object": "2018年末", "subject": "4,633.15万元"}, {"predicate": "在建工程账面价值", "object_type": "金额", "subject_type": "日期", "object": "3,255.04万元", "subject": "2019年末"}]}
{"text": "2017年末、2018年末和2019年末，公司负债分别为14,876.42万元、11,543.02万元和12,753.53万元。公司负债主要为流动负债，2018年末负债较2017年末下降22.41%，2019年末负债较2018年末上升10.49%。", "spo_list": [{"predicate": "总负债", "object_type": "金额", "subject_type": "日期", "object": "14,876.42万元", "subject": "2017年末"}, {"predicate": "总负债", "object_type": "金额", "subject_type": "日期", "object": "11,543.02万元", "subject": "2018年末"}, {"predicate": "总负债", "object_type": "金额", "subject_type": "日期", "object": "12,753.53万元", "subject": "2019年末"}]}
{"text": "报告期内，公司短期借款由保证借款、信用借款和抵押借款构成。2017年末、2018年末和2019年末，公司短期借款金额分别为2,000.00万元、800.00万元和2,010.00万元。报告期内，公司短期借款未出现逾期未还情形。", "spo_list": [{"predicate": "短期借款余额", "object_type": "日期", "subject_type": "日期", "object": "2019年末", "subject": "2017年末"}, {"predicate": "短期借款余额", "object_type": "金额", "subject_type": "金额", "object": "800.00万元", "subject": "2,000.00万元"}, {"predicate": "短期借款余额", "object_type": "金额", "subject_type": "日期", "object": "2,010.00万元", "subject": "2018年末"}]}
{"text": "2017年末、2018年末和2019年末，公司应付账款分别为5,098.37万元、5,839.67万元和7,364.90万元。2018年末较2017年末应付账款增加741.30万元，增幅为14.54%；2019年末较2018年末应付账款增加1,525.23万元，增幅为26.12%。报告期内，公司应付账款余额逐年增加，主要系：公司生产规模扩大导致原材料采购逐年增加，公司实施技改扩能项目相应采购工程材料。", "spo_list": [{"predicate": "应付账款", "object_type": "金额", "subject_type": "日期", "object": "5,098.37万元", "subject": "2017年末"}, {"predicate": "应付账款", "object_type": "金额", "subject_type": "日期", "object": "5,839.67万元", "subject": "2018年末"}, {"predicate": "应付账款", "object_type": "金额", "subject_type": "日期", "object": "7,364.90万元", "subject": "2019年末"}]}
{"text": "2017年末、2018年末和2019年末，公司预收款项余额分别为291.12万元、421.01万元和432.86万元。报告期内，公司预收款项为预收客户货款。", "spo_list": [{"predicate": "预收款项余额", "object_type": "金额", "subject_type": "日期", "object": "291.12万元", "subject": "2017年末"}, {"predicate": "预收款项余额", "object_type": "金额", "subject_type": "日期", "object": "421.01万元", "subject": "2018年末"}, {"predicate": "预收款项余额", "object_type": "金额", "subject_type": "日期", "object": "432.86万元", "subject": "2019年末"}]}
{"text": "公司应付职工薪酬主要为计提工资和奖金。2017年末、2018年末和2019年末，公司应付职工薪酬金额分别为908.95万元、1,396.98万元和1,197.78万元。2018年末应付职工薪酬较2017年末增加488.03万元，涨幅为53.69%，主要系：①受益于功能性硅烷行业景气度上升，公司2018年利润较2017年大幅增加，年末计提奖金增多；②报告期内公司不断延伸功能性硅烷产业链，丰富产品种类，生产线数量增加，相应增加生产人员和管理人员。", "spo_list": [{"predicate": "应付职工薪酬", "object_type": "金额", "subject_type": "日期", "object": "908.95万元", "subject": "2017年末"}, {"predicate": "应付职工薪酬", "object_type": "金额", "subject_type": "日期", "object": "1,396.98万元", "subject": "2018年末"}, {"predicate": "应付职工薪酬", "object_type": "金额", "subject_type": "日期", "object": "1,197.78万元", "subject": "2019年末"}]}
{"text": "报告期各期末，公司应交税费主要由应交增值税、应交企业所得税组成。2017年末、2018年末和2019年末，公司应交税费分别为570.25万元、355.43万元和725.68万元，占流动负债比例分别为5.47%、3.86%和6.11%。", "spo_list": [{"predicate": "应交税费", "object_type": "金额", "subject_type": "日期", "object": "570.25万元", "subject": "2017年末"}, {"predicate": "应交税费", "object_type": "金额", "subject_type": "日期", "object": "355.43万元", "subject": "2018年末"}, {"predicate": "应交税费", "object_type": "金额", "subject_type": "日期", "object": "725.68万元", "subject": "2019年末"}]}
{"text": "2017年末、2018年末和2019年末，公司其他应付款分别为388.10万元、39.94万元和42.31万元。2017年末其他应付款主要为应付实际控制人丁建峰借款利息344.72万元。", "spo_list": [{"predicate": "其他应付款", "object_type": "金额", "subject_type": "日期", "object": "388.10万元", "subject": "2017年末"}, {"predicate": "其他应付款", "object_type": "金额", "subject_type": "日期", "object": "39.94万元", "subject": "2018年末"}, {"predicate": "其他应付款", "object_type": "金额", "subject_type": "日期", "object": "42.31万元", "subject": "2019年末"}]}
{"text": "报告期内，公司长期借款为保证借款及抵押借款。2017年末、2018年末和2019年末，公司长期借款分别为4,450.00万元、2,330.00万元和880.00万元。报告期内，随着公司盈利能力的不断增强，公司长期借款金额逐年减少。", "spo_list": [{"predicate": "长期借款", "object_type": "金额", "subject_type": "日期", "object": "4,450.00万元", "subject": "2017年末"}, {"predicate": "长期借款", "object_type": "金额", "subject_type": "日期", "object": "2,330.00万元", "subject": "2018年末"}, {"predicate": "长期借款", "object_type": "金额", "subject_type": "日期", "object": "880.00万元", "subject": "2019年末"}]}
{"text": "2017年末、2018年末和2019年末，公司资产负债率（合并）分别为41.32%、24.55%和22.23%，母公司资产负债率分别为39.06%、22.17和21.44%，公司资产负债率逐年下降，主要系：①报告期内，公司业务规模不断扩大，资产规模逐年上升；②随着前期投资项目的建设投产，公司盈利能力有所增强，经营性现金流情况良好，相应偿还了股东及实际控制人借款，负债总额降低。", "spo_list": [{"predicate": "资产负债率", "object_type": "日期", "subject_type": "日期", "object": "2018年末", "subject": "2017年末"}, {"predicate": "资产负债率", "object_type": "日期", "subject_type": "日期", "object": "2019年末", "subject": "2017年末"}, {"predicate": "资产负债率", "object_type": "比率", "subject_type": "日期", "object": "41.32%", "subject": "2017年末"}, {"predicate": "资产负债率", "object_type": "比率", "subject_type": "日期", "object": "24.55%", "subject": "2017年末"}, {"predicate": "资产负债率", "object_type": "比率", "subject_type": "日期", "object": "22.23%", "subject": "2017年末"}, {"predicate": "资产负债率", "object_type": "比率", "subject_type": "日期", "object": "39.06%", "subject": "2017年末"}, {"predicate": "资产负债率", "object_type": "比率", "subject_type": "日期", "object": "22.17", "subject": "2017年末"}, {"predicate": "资产负债率", "object_type": "比率", "subject_type": "日期", "object": "21.44%", "subject": "2017年末"}, {"predicate": "资产负债率", "object_type": "母公司", "subject_type": "日期", "object": "母公司", "subject": "2017年末"}]}
{"text": "报告期各期，公司应收账款周转率为8.03次、11.75次和9.18次。报告期内，公司应收账款周转率较高，主要系公司功能性硅烷产品市场需求较好，客户认可度高，在销售额快速增长同时公司加强了对赊销政策、客户信用期与信用额度、回款催收等方面的管控力度。报告期各期应收账款周转率变动情况与市场行情与需求变化保持一致。", "spo_list": [{"predicate": "应收账款周转率", "object_type": "比率", "subject_type": "日期", "object": "8.03次", "subject": "报告期各期"}, {"predicate": "应收账款周转率", "object_type": "比率", "subject_type": "日期", "object": "11.75次", "subject": "报告期各期"}, {"predicate": "应收账款周转率", "object_type": "比率", "subject_type": "日期", "object": "9.18次", "subject": "报告期各期"}]}
{"text": "报告期各期，公司的存货周转率为8.67次、7.89次和6.72次。报告期内，随着公司生产经营规模的不断扩大，公司根据在手订单和产品市场需求预计情况适当增加库存商品和在产品备货量，导致存货周转率有所下降。", "spo_list": [{"predicate": "存货周转率", "object_type": "比率", "subject_type": "日期", "object": "8.67次", "subject": "报告期各期"}, {"predicate": "存货周转率", "object_type": "比率", "subject_type": "日期", "object": "7.89次", "subject": "报告期各期"}, {"predicate": "存货周转率", "object_type": "比率", "subject_type": "日期", "object": "6.72次", "subject": "报告期各期"}]}
{"text": "报告期内，公司营业收入主要为功能性硅烷主营业务收入。2017年、2018年和2019年，公司主营业务收入分别为47,502.45万元、67,056.06万元和69,018.83万元，主营业务收入占营业收入比例分别为99.99%、100.00%和99.99%，主营业务突出。", "spo_list": [{"predicate": "主营业务收入", "object_type": "金额", "subject_type": "日期", "object": "47,502.45万元", "subject": "2017年"}, {"predicate": "主营业务收入", "object_type": "金额", "subject_type": "日期", "object": "67,056.06万元", "subject": "2018年"}, {"predicate": "主营业务收入", "object_type": "金额", "subject_type": "日期", "object": "69,018.83万元", "subject": "2019年"}]}
{"text": "2017年、2018年和2019年，公司主营业务成本分别为33,534.37万元、43,395.51万元和47,902.08万元，2018年较2017年上升29.41%，2019年较2018年上升10.38%。2017年、2018年和2019年，公司主营业务成本逐年上升，主要系公司业务规模逐年扩大，直接材料、直接人工和制造费用均有所上升。", "spo_list": [{"predicate": "主营业务成本", "object_type": "金额", "subject_type": "日期", "object": "33,534.37万元", "subject": "2017年"}, {"predicate": "主营业务成本", "object_type": "金额", "subject_type": "日期", "object": "43,395.51万元", "subject": "2018年"}, {"predicate": "主营业务成本", "object_type": "金额", "subject_type": "日期", "object": "47,902.08万元", "subject": "2019年"}]}
{"text": "2017年、2018年和2019年，公司营业利润分别为3,192.03万元、16,187.91万元和13,316.76万元，营业利润占利润总额的比例为115.56%、103.11%和97.42%，公司利润总额基本全部来自于功能性硅烷主营业务经营收益，对税收优惠和政府补贴不存在重大依赖，公司净利润来源于功能性硅烷业务。", "spo_list": [{"predicate": "营业利润", "object_type": "金额", "subject_type": "日期", "object": "3,192.03万元", "subject": "2017年"}, {"predicate": "营业利润", "object_type": "金额", "subject_type": "日期", "object": "16,187.91万元", "subject": "2018年"}, {"predicate": "营业利润", "object_type": "金额", "subject_type": "日期", "object": "13,316.76万元", "subject": "2019年"}]}
{"text": "报告期内，公司销售费用主要由运费及装卸费和职工薪酬组成。2017年、2018年和2019年，销售费用分别为2,611.76万元、3,030.66万元和3,274.58万元，2018年较2017年上升16.04%，2019年较2018年上升8.05%。公司销售费用整体呈现上升趋势，主要系：①2017年、2018年和2019年，运费及装卸费分别为1,569.71万元、1,768.17万元和1,984.45万元，公司销售规模不断扩大导致运费及装卸费用逐年增长；②2018年，公司为拓展欧洲业务缴纳欧盟REACH注册费，导致2018年行业认证服务费较2017年大幅增加；③报告期内，随着公司经营效益提升和销售规模扩大，销售人员工资及奖金逐年增加。", "spo_list": [{"predicate": "销售费用", "object_type": "金额", "subject_type": "日期", "object": "2,611.76万元", "subject": "2017年"}, {"predicate": "销售费用", "object_type": "金额", "subject_type": "日期", "object": "3,030.66万元", "subject": "2018年"}, {"predicate": "销售费用", "object_type": "金额", "subject_type": "日期", "object": "3,274.58万元", "subject": "2019年"}]}
{"text": "2017年、2018年和2019年，公司财务费用分别为532.24万元、-36.37万元和84.09万元。2017年利息支出主要系公司对股东及实际控制人借款产生的利息。2018年公司财务费用大幅下降，主要原因系公司偿还了对股东及实际控制人的借款以及出口业务发生的汇兑损益。", "spo_list": [{"predicate": "财务费用", "object_type": "日期", "subject_type": "日期", "object": "2019年", "subject": "2017年"}, {"predicate": "财务费用", "object_type": "金额", "subject_type": "金额", "object": "-36.37万元", "subject": "532.24万元"}, {"predicate": "财务费用", "object_type": "金额", "subject_type": "日期", "object": "84.09万元", "subject": "2018年"}]}
{"text": "2017年、2018年和2019年，公司其他收益为399.88万元、207.95万元和1,225.80万元。报告期内，公司的其他收益来源为收到的各项政府补助。报告期内，其他收益科目列示政府补助情况如下：", "spo_list": [{"predicate": "其他收益", "object_type": "金额", "subject_type": "日期", "object": "399.88万元", "subject": "2017年"}, {"predicate": "其他收益", "object_type": "金额", "subject_type": "日期", "object": "207.95万元", "subject": "2018年"}, {"predicate": "其他收益", "object_type": "金额", "subject_type": "日期", "object": "1,225.80万元", "subject": "2019年"}]}
{"text": "2017年、2018年和2019年，公司营业外收入分别为7.48万元、21.00万元和427.72万元。公司营业外收入主要为政府补助收入。报告期内，营业外收入科目列示政府补助情况如下：", "spo_list": [{"predicate": "营业外收入", "object_type": "金额", "subject_type": "日期", "object": "7.48万元", "subject": "2017年"}, {"predicate": "营业外收入", "object_type": "金额", "subject_type": "日期", "object": "21.00万元", "subject": "2018年"}, {"predicate": "营业外收入", "object_type": "金额", "subject_type": "日期", "object": "427.72万元", "subject": "2019年"}]}
{"text": "报告期内，公司营业外支出主要为处置固定资产损失及捐赠支出。2017年、2018年和2019年，公司营业外支出为437.31万元、509.86万元和74.99万元。报告期内，公司每年会根据自身发展需要和生产经营情况，对原有生产线做维护、技改处理，对没有后续使用价值的设备、设施，予以报废处理。", "spo_list": [{"predicate": "营业外支出", "object_type": "金额", "subject_type": "日期", "object": "437.31万元", "subject": "2017年"}, {"predicate": "营业外支出", "object_type": "金额", "subject_type": "日期", "object": "509.86万元", "subject": "2018年"}, {"predicate": "营业外支出", "object_type": "金额", "subject_type": "日期", "object": "74.99万元", "subject": "2019年"}]}
{"text": "2017年、2018年和2019年，公司非经常性损益净额分别为-4,502.84万元、-224.69万元和1,351.11万元。2017年公司非经常性损益金额较大，主要原因系确认股份支付4,497.04万元。", "spo_list": [{"predicate": "非经常性损益", "object_type": "金额", "subject_type": "日期", "object": "-224.69万元", "subject": "2017年"}, {"predicate": "非经常性损益", "object_type": "金额", "subject_type": "日期", "object": "1,351.11万元", "subject": "2019年"}, {"predicate": "非经常性损益", "object_type": "日期", "subject_type": "金额", "object": "2018年", "subject": "-4,502.84万元"}]}
