{"text": "本公司系经苏州市吴中区商务局批准、由创领投资等15名发起人共同发起设立的股份有限公司，由科沃斯有限整体变更设立。本公司设立于2016年8月25日，设立时的注册资本为36,000万元。", "spo_list": [{"predicate": "成立日期", "object_type": "日期", "subject_type": "公司", "object": "2016年8月25日", "subject": "公司"}, {"predicate": "注册资本", "object_type": "金额", "subject_type": "公司", "object": "36,000万元", "subject": "公司"}]}
{"text": "本公司系由科沃斯有限整体变更设立而来，科沃斯有限的资产和负债全部由本公司承继。截至本招股说明书签署日，科沃斯有限的专利权、作品著作权已完成权利人名称变更，商标权、计算机软件著作权的权利人名称变更正在办理过程中（具体情况详见本招股说明书“第六节业务与技术”之“五、发行人的主要固定资产和无形资产”），前述权利人名称变更不影响公司对该等资产的权属。根据信永中和于2016年8月17日出具的《验资报告》（XYZH\\/2016XAA20271），截至2016年8月16日，公司收到全体股东以其拥有的科沃斯有限经审计的净资产折合的实收资本合计36,000万元，注册资本已全部出资到位。", "spo_list": [{"predicate": "出具日期", "object_type": "文件", "subject_type": "日期", "object": "《验资报告》", "subject": "2016年8月17日"}]}
{"text": "1998年3月6日，吴县市对外经济贸易委员会出具《关于同意建办港商独资企业“泰怡凯电器（苏州）有限公司”的批复》（吴外资（98）字第030号），批准TEK香港独资设立泰怡凯苏州，项目投资总额为150万美元，泰怡凯苏州的注册资本120万美元，由TEK香港以50万美元的进口生产设备及70万美元现汇投入。", "spo_list": [{"predicate": "出具日期", "object_type": "文件", "subject_type": "日期", "object": "《关于同意建办港商独资企业“泰怡凯电器（苏州）有限公司”的批复》", "subject": "1998年3月6日"}, {"predicate": "注册资本", "object_type": "金额", "subject_type": "日期", "object": "120万美元", "subject": "1998年3月6日"}]}
{"text": "1998年5月25日，吴县市审计事务所出具《验资报告》（吴社审外验（98）字第005号），验证确认，截至1998年5月25日，泰怡凯苏州已收到股东TEK香港以美元现汇缴纳的第一期注册资本合计50万美元。", "spo_list": [{"predicate": "出具日期", "object_type": "文件", "subject_type": "日期", "object": "《验资报告》", "subject": "1998年5月25日"}]}
{"text": "1999年1月5日，苏州吴中会计师事务所出具《验资报告》（苏吴会外验（1999）字第003号），验证确认，截至1999年1月5日，泰怡凯苏州已收到股东TEK香港以美元现汇缴纳的第二期注册资本合计50万美元。", "spo_list": [{"predicate": "出具日期", "object_type": "文件", "subject_type": "日期", "object": "《验资报告》", "subject": "1999年1月5日"}]}
{"text": "1999年3月26日，江苏苏州兴联会计师事务所出具《验资报告》（苏兴会园字[1999]第122号），验证确认，截至1999年3月26日，泰怡凯苏州已收到股东TEK香港以美元现汇缴纳第三期注册资本20万美元，并确认泰怡凯苏州的实收资本为120万美元。", "spo_list": [{"predicate": "出具日期", "object_type": "文件", "subject_type": "日期", "object": "《验资报告》", "subject": "1999年3月26日"}]}
{"text": "1999年9月18日，泰怡凯苏州召开董事会会议并作出决议，同意泰怡凯苏州投资总额由150万美元增至260万美元，注册资本由120万美元增至200万美元，新增注册资本80万美元以进口设备投入。", "spo_list": [{"predicate": "会议召开日期", "object_type": "公司", "subject_type": "日期", "object": "泰怡凯苏州", "subject": "1999年9月18日"}]}
{"text": "1999年11月23日，吴县市对外经济贸易委员会出具《关于“泰怡凯电器（苏州）有限公司”第一次增资及修改章程部分条款的申请的批复》（吴外资（99）字第181号），同意泰怡凯苏州投资总额增加到260万美元，注册资本增加到200万美元，新增注册资本80万美元全部以进口设备投入。", "spo_list": [{"predicate": "出具日期", "object_type": "文件", "subject_type": "日期", "object": "《关于“泰怡凯电器（苏州）有限公司”第一次增资及修改章程部分条款的申请的批复》", "subject": "1999年11月23日"}]}
{"text": "泰怡凯电机成立于2001年2月9日，成立时股东为TEK香港，投资总额为420万美元，注册资本为210万美元，经营范围为生产销售各类电机及相关产品。", "spo_list": [{"predicate": "成立日期", "object_type": "公司", "subject_type": "日期", "object": "泰怡凯电机", "subject": "2001年2月9日"}, {"predicate": "注册资本", "object_type": "金额", "subject_type": "日期", "object": "210万美元", "subject": "2001年2月9日"}]}
{"text": "2003年2月19日，苏州开诚会计师事务所有限公司审计了泰怡凯苏州截至2002年12月31日的资产负债表及2002年度损益表与现金流量表并出具了《审计报告》（苏开会审外字[2003]第018号），根据该《审计报告》，泰怡凯苏州2002年末所有者权益合计29,833,535.29元。", "spo_list": [{"predicate": "出具日期", "object_type": "文件", "subject_type": "日期", "object": "《审计报告》", "subject": "2003年2月19日"}]}
{"text": "2003年2月19日，苏州开诚会计师事务所有限公司审计了泰怡凯电机截至2002年12月31日的资产负债表及2002年度损益表与现金流量表并出具了《审计报告》（苏开会审外字[2003]第019号），根据该《审计报告》，泰怡凯电机2002年末所有者权益合计55,534,568.13元。", "spo_list": [{"predicate": "出具日期", "object_type": "日期", "subject_type": "文件", "object": "2003年2月19日", "subject": "《审计报告》"}]}
{"text": "2003年3月27日，苏州市吴中区对外贸易经济合作局出具《关于同意泰怡凯电器（苏州）有限公司吸收合并泰怡凯电机（苏州）有限公司的批复》（吴外资（2003）字第327号），同意泰怡凯苏州吸收合并泰怡凯电机，合并后的公司名称为“泰怡凯电器（苏州）有限公司”，投资总额680万美元，注册资本410万美元，泰怡凯电机注销，合并前各方的债权、债务全部由合并后的泰怡凯苏州承担，原泰怡凯电机的员工由合并后的泰怡凯苏州全部接受。泰怡凯苏州经营期限不变。", "spo_list": [{"predicate": "出具日期", "object_type": "日期", "subject_type": "文件", "object": "2003年3月27日", "subject": "《关于同意泰怡凯电器（苏州）有限公司吸收合并泰怡凯电机（苏州）有限公司的批复》"}]}
{"text": "2003年11月25日，苏州开诚会计师事务所有限公司出具《验资报告》（苏开会验外字[2003]第043号），验证确认，截至2003年10月31日，吸收合并完成后，泰怡凯苏州的注册资本及实收资本为410万美元。", "spo_list": [{"predicate": "出具日期", "object_type": "日期", "subject_type": "文件", "object": "2003年11月25日", "subject": "《验资报告》"}]}
{"text": "2004年4月15日，泰怡凯苏州召开董事会会议并作出决议，同意TEK香港将其持有的泰怡凯苏州100%的股权转让给TTK。", "spo_list": [{"predicate": "会议召开日期", "object_type": "公司", "subject_type": "日期", "object": "泰怡凯苏州", "subject": "2004年4月15日"}]}
{"text": "2004年5月12日，苏州市吴中区对外贸易经济合作局出具《关于外资企业“泰怡凯电器（苏州）有限公司”变更投资者的批复》（吴外资（2004）字第192号），同意了上述股权转让。", "spo_list": [{"predicate": "出具日期", "object_type": "文件", "subject_type": "日期", "object": "《关于外资企业“泰怡凯电器（苏州）有限公司”变更投资者的批复》", "subject": "2004年5月12日"}]}
{"text": "2009年8月28日，苏州市对外贸易经济合作局吴中区分局出具《关于同意“泰怡凯电器（苏州）有限公司”股权转让的批复》（吴外资[2009]309号），同意了上述股权转让事项。", "spo_list": [{"predicate": "出具日期", "object_type": "日期", "subject_type": "文件", "object": "2009年8月28日", "subject": "《关于同意“泰怡凯电器（苏州）有限公司”股权转让的批复》"}]}
{"text": "2014年2月8日，江苏瑞亚会计师事务所有限公司出具了《验资报告》（瑞亚外验字（2014）第5001-1号），验证确认，截至2014年1月30日，科沃斯机器人科技已经收到TEKElectrical以美元现汇缴纳的新增注册资本合计2,000万美元。", "spo_list": [{"predicate": "出具日期", "object_type": "日期", "subject_type": "文件", "object": "2014年2月8日", "subject": "《验资报告》"}]}
{"text": "2016年6月7日，苏州市吴中区商务局出具《关于同意“科沃斯机器人有限公司”增资的批复》（吴商[2016]205号），同意科沃斯有限投资总额由2,680万美元增加到4,770万美元，注册资本由2,410万美元增加到4,500万美元，新增注册资本以美元现汇投入。同日，江苏省人民政府向科沃斯有限换发了《中华人民共和国台港澳侨投资企业批准证书》。", "spo_list": [{"predicate": "出具日期", "object_type": "日期", "subject_type": "文件", "object": "2016年6月7日", "subject": "《关于同意“科沃斯机器人有限公司”增资的批复》"}]}
{"text": "2016年7月22日，信永中和出具《验资报告》（XYZH\\/2016XAA20267），验证确认，截至2016年7月22日，科沃斯有限已经收到科鼎投资、科赢投资、科卓投资缴纳的出资款2,000.00万元，均为现金出资，其中新增注册资本合计752.671万元，新增资本公积合计1,247.329万元，该次增资完成后，公司的注册资本及实收资本为30,106.845万元。", "spo_list": [{"predicate": "出具日期", "object_type": "日期", "subject_type": "报告", "object": "2016年7月22日", "subject": "《验资报告》"}]}
{"text": "2016年6月29日，科沃斯有限召开董事会，同意以整体变更形式将公司类型变更为股份有限公司，并同意以2016年6月30日为股份改制的审计基准日及评估基准日。", "spo_list": [{"predicate": "会议召开日期", "object_type": "公司", "subject_type": "日期", "object": "科沃斯有限", "subject": "2016年6月29日"}]}
{"text": "2016年7月30日，信永中和出具《审计报告》（XYZH\\/2016XAA20270），确认截至2016年6月30日，科沃斯有限经审计的账面净资产为742,715,548.68元。", "spo_list": [{"predicate": "出具日期", "object_type": "日期", "subject_type": "文件", "object": "2016年7月30日", "subject": "《审计报告》"}]}
{"text": "2016年7月31日，中和评估出具《科沃斯机器人有限公司拟股份制改造项目资产评估报告书》（中和评报字（2016）第BJV4043号），确认截至2016年6月30日，科沃斯有限经评估的净资产为120,947.21万元。", "spo_list": [{"predicate": "出具日期", "object_type": "日期", "subject_type": "文件", "object": "2016年6月30日", "subject": "《科沃斯机器人有限公司拟股份制改造项目资产评估报告书》"}, {"predicate": "净资产", "object_type": "金额", "subject_type": "日期", "object": "120,947.21万元", "subject": "2016年7月31日"}]}
{"text": "2016年8月1日，科沃斯有限召开董事会，对上述审计、评估结果予以确认，并审议通过以截至2016年6月30日公司经审计的账面净资产值按照1：0.4847的比例折股整体变更为股份公司。变更后股份公司的股份总数为36,000万股，每股面值为1元，股份公司的注册资本为36,000万元，净资产超过注册资本的部分382,715,548.68元计入资本公积。", "spo_list": [{"predicate": "会议召开日期", "object_type": "公司", "subject_type": "日期", "object": "科沃斯有限", "subject": "2016年8月1日"}]}
{"text": "2016年8月16日，信永中和出具了《验资报告》（XYZH\\/2016XAA20271），验证确认，截至2016年8月16日，公司已收到全体股东以其拥有的科沃斯有限经审计的净资产折合的实收资本合计人民币36,000万元，注册资本已全部出资到位。", "spo_list": [{"predicate": "出具日期", "object_type": "日期", "subject_type": "文件", "object": "2016年8月16日", "subject": "《验资报告》"}]}
{"text": "2016年8月18日，公司召开第一次股东大会（创立大会），审议通过《关于公司整体改制以发起方式设立为股份有限公司的议案》等一系列关于公司整体变更为股份有限公司的有关议案。", "spo_list": [{"predicate": "会议召开日期", "object_type": "日期", "subject_type": "公司", "object": "2016年8月18日", "subject": "公司"}]}
{"text": "苏州罗美泰成立于2014年12月11日，成立时注册资本为5,500万元，唯一股东为恒叶制衣（吴江）有限公司，其以位于松陵镇八坼友谊村6组的厂房、设备、土地以评估值合计5,500万元出资，该等资产评估情况具体如下：", "spo_list": [{"predicate": "成立日期", "object_type": "日期", "subject_type": "公司", "object": "2014年12月11日", "subject": "苏州罗美泰"}, {"predicate": "注册资本", "object_type": "金额", "subject_type": "公司", "object": "5,500万元", "subject": "苏州罗美泰"}]}
{"text": "2014年12月4日，江苏金土地房地产评估测绘咨询有限公司出具《恒叶制衣（吴江）有限公司因企业转让涉及的位于吴江市松陵镇八坼友谊村6组102-23号地块国有出让土地使用权价格评估（吴江市）》（苏金土地（2014）（估）字第JD524号），截至评估基准日2014年12月3日，国有土地使用权证号为江国用（2004）第13102023号土地评估价值为681.64万元。", "spo_list": [{"predicate": "出具日期", "object_type": "日期", "subject_type": "文件", "object": "2014年12月4日", "subject": "《恒叶制衣（吴江）有限公司因企业转让涉及的位于吴江市松陵镇八坼友谊村6组102-23号地块国有出让土地使用权价格评估（吴江市）》"}]}
{"text": "2014年12月4日，江苏金土地房地产评估测绘咨询有限公司出具《恒叶制衣（吴江）有限公司因企业转让涉及的位于吴江市松陵镇八坼友谊村4、6组28-260号地块国有出让土地使用权价格评估（吴江市）》（苏金土地（2014）（估）字第JD525号），截至评估基准日2014年12月3日，国有土地使用权证号为江国用（2007）第13028260号土地评估价值为1,159.65万元。", "spo_list": [{"predicate": "出具日期", "object_type": "文件", "subject_type": "日期", "object": "《恒叶制衣（吴江）有限公司因企业转让涉及的位于吴江市松陵镇八坼友谊村4、6组28-260号地块国有出让土地使用权价格评估（吴江市）》", "subject": "2014年12月4日"}]}
{"text": "2014年12月4日，江苏金土地房地产评估测绘咨询有限公司出具《恒叶制衣（吴江）有限公司位于松陵镇八坼友谊村6组工业房产市场价值评估》（（苏）金土地（2014）（房估）字第JF859号），截至评估基准日2014年12月3日，房屋产权证号为吴房权科沃斯机器人股份有限公司首次公开发行股票招股说明书", "spo_list": [{"predicate": "出具日期", "object_type": "日期", "subject_type": "文件", "object": "2014年12月4日", "subject": "《恒叶制衣（吴江）有限公司位于松陵镇八坼友谊村6组工业房产市场价值评估》"}]}
{"text": "2014年12月4日，江苏金土地房地产评估测绘咨询有限公司出具《恒叶制衣（吴江）有限公司位于松陵镇八坼友谊村6组工业房产市场价值评估》（（苏）金土地（2014）（房估）字第JF858号），截至评估基准日2014年12月3日，房屋产权证号为吴房权证松陵字第01023082号对应的房产传达室、配电室、综合楼的评估价值合计1,285.67万元。", "spo_list": [{"predicate": "出具日期", "object_type": "日期", "subject_type": "文件", "object": "2014年12月4日", "subject": "《恒叶制衣（吴江）有限公司位于松陵镇八坼友谊村6组工业房产市场价值评估》"}]}
{"text": "2014年12月6日，苏州名典资产评估事务所出具《恒叶制衣（吴江）有限公司部分机器设备价值评估项目资产评估报告书》（苏名典评报字[2014]第051号），确认截至2014年12月3日，评估涉及的12台机器设备评估价值为29.71万元。", "spo_list": [{"predicate": "出具日期", "object_type": "日期", "subject_type": "文件", "object": "2014年12月6日", "subject": "《恒叶制衣（吴江）有限公司部分机器设备价值评估项目资产评估报告书》"}]}
{"text": "2009年12月，经苏州市对外贸易经济合作局吴中区分局出具《关于同意“苏州新时尚电动科技有限公司”股权转让的批复》（吴外资[2009]字第410号）批复，TTK将其持有的科沃斯苏州100%股权转让给TEKElectrical。", "spo_list": [{"predicate": "出具日期", "object_type": "日期", "subject_type": "文件", "object": "2009年12月", "subject": "《关于同意“苏州新时尚电动科技有限公司”股权转让的批复》"}]}
{"text": "2016年7月27日，苏州市吴中经济技术开发区管理委员会出具《关于同意科沃斯机器人（苏州）有限公司股权转让并变更为内资企业的批复》（吴开管外复[2016]49号），同意TEKElectrical将其所持科沃斯苏州100%的股权（对应出资额为1,200万美元）转让给科沃斯有限，并同意科沃斯苏州变更为内资企业。", "spo_list": [{"predicate": "出具日期", "object_type": "日期", "subject_type": "文件", "object": "2016年7月27日", "subject": "《关于同意科沃斯机器人（苏州）有限公司股权转让并变更为内资企业的批复》"}]}
{"text": "深圳瑞科成立于2013年9月2日，成立时唯一股东为吴亮。", "spo_list": [{"predicate": "成立日期", "object_type": "公司", "subject_type": "日期", "object": "深圳瑞科", "subject": "2013年9月2日"}]}
{"text": "科沃斯电子商务成立于2014年10月9日，注册资本100万元，成立时股东分别为钱东奇和吴颖，其中，钱东奇持有科沃斯电子商务90.3955%的股权、吴颖持有科沃斯电子商务9.6045%的股权。", "spo_list": [{"predicate": "成立日期", "object_type": "日期", "subject_type": "公司", "object": "2014年10月9日", "subject": "科沃斯电子商务"}, {"predicate": "注册资本", "object_type": "金额", "subject_type": "公司", "object": "100万元", "subject": "科沃斯电子商务"}]}
{"text": "2016年9月23日，科沃斯电子商务召开股东会并作出决议，同意钱东奇将持有的科沃斯电子商务90.3955%的股权转让至发行人，股权转让价格为90.3955万元；吴颖将持有的科沃斯电子商务9.6045%的股权转让发行人，股权转让价格为9.6045万元。", "spo_list": [{"predicate": "会议召开日期", "object_type": "公司", "subject_type": "日期", "object": "科沃斯电子商务", "subject": "2016年9月23日"}]}
{"text": "EcovacsGermany成立于2012年2月1日，成立时唯一股东为TTK。", "spo_list": [{"predicate": "成立日期", "object_type": "公司", "subject_type": "日期", "object": "EcovacsGermany", "subject": "2012年2月1日"}]}
{"text": "EcovacsUS成立于2012年10月16日，成立时唯一股东为TTK。", "spo_list": [{"predicate": "成立日期", "object_type": "日期", "subject_type": "公司", "object": "2012年10月16日", "subject": "EcovacsUS"}]}
{"text": "2016年8月1日，EcovacsUS唯一董事作出决议，同意TTK将其持有EcovacsUS", "spo_list": [{"predicate": "会议召开日期", "object_type": "公司", "subject_type": "日期", "object": "EcovacsUS", "subject": "2016年8月1日"}]}
{"text": "EcovacsJapan成立于2014年5月9日，成立时唯一股东为宍戸徹（宍戸徹为Ecovacs", "spo_list": [{"predicate": "成立日期", "object_type": "日期", "subject_type": "公司", "object": "2014年5月9日", "subject": "EcovacsJapan"}]}
{"text": "泰丰塑胶成立于2006年12月7日，该次股权受让前，其注册资本为110万美元，股东分别为TTK和发行人，其中TTK持有泰丰塑胶30%股权，发行人持有泰丰塑胶70%股权。", "spo_list": [{"predicate": "成立日期", "object_type": "日期", "subject_type": "公司", "object": "2006年12月7日", "subject": "泰丰塑胶"}]}
{"text": "2016年7月15日，泰丰塑胶召开董事会，同意TTK将其持有的泰丰塑胶30%股权（对应注册资本33万美元）转让给发行人。根据中和评估于2016年7月22日出具的《科沃斯机器人有限公司拟收购苏州泰丰塑胶有限公司股权项目资产评估报告书》（中和评报字（2016）第BJV4028号），以2015年12月31日为基准日，泰丰塑胶的账面净资产评估值为1,410.86万元。", "spo_list": [{"predicate": "会议召开日期", "object_type": "公司", "subject_type": "日期", "object": "泰丰塑胶", "subject": "2016年7月15日"}]}
{"text": "怡润模具成立于2006年8月31日，该次股权受让前，其注册资本为88万美元，股东分别为TTK和发行人，其中，TTK持有怡润模具30%股权，发行人持有怡润模具70%股权。", "spo_list": [{"predicate": "成立日期", "object_type": "日期", "subject_type": "公司", "object": "2006年8月31日", "subject": "怡润模具"}]}
{"text": "2016年7月15日，怡润模具召开董事会，同意TTK将其持有的怡润模具30%股权（对应注册资本26.4万美元）转让至发行人。根据中和评估于2016年7月22日出具的《科沃斯机器人有限公司拟收购苏州怡润模具有限公司股权项目资产评估报告书》（中和评报字（2016）第BJV4027号），以2015年12月31日为基准日，怡润模具账面净资产评估值为752.12万元。", "spo_list": [{"predicate": "会议召开日期", "object_type": "日期", "subject_type": "公司", "object": "2016年7月15日", "subject": "怡润模具"}]}
{"text": "凯航电机成立于2007年8月27日，该次股权受让前，其注册资本为180万美元，股东分别为TTK和发行人，其中，TTK持有凯航电机30%股权，发行人持有凯航电机70%股权。", "spo_list": [{"predicate": "成立日期", "object_type": "日期", "subject_type": "公司", "object": "2007年8月27日", "subject": "凯航电机"}]}
{"text": "2016年8月24日，凯航电机召开董事会，同意TTK将其持有的凯航电机20%股权（对应出资额36万美元）转让至发行人。根据中和评估于2016年7月22日出具的《科沃斯机器人有限公司拟收购苏州凯航电机有限公司股权项目资产评估报告书》（中和评报字（2016）第BJV4029号），以2015年12月31日为基准日，凯航电机评估账面净资产评估值为7,510.35万元。", "spo_list": [{"predicate": "会议召开日期", "object_type": "日期", "subject_type": "公司", "object": "2016年8月24日", "subject": "凯航电机"}]}
{"text": "2016年9月2日，苏州吴中经济技术开发区管理委员会出具《关于同意苏州凯航电机有限公司股权转让并变更为内资企业的批复》（吴开管外复[2016]57号），同意TTK将其所持凯航电机20%股权（对应出资额为36万美元）转让给科沃斯有限。", "spo_list": [{"predicate": "出具日期", "object_type": "日期", "subject_type": "文件", "object": "2016年9月2日", "subject": "《关于同意苏州凯航电机有限公司股权转让并变更为内资企业的批复》"}]}
{"text": "2013年11月20日，钱东奇投资成立EcovacsGroup，EcovacsGroup成立时发行股份为1股，每股1美元。", "spo_list": [{"predicate": "成立日期", "object_type": "公司", "subject_type": "日期", "object": "EcovacsGroup", "subject": "2013年11月20日"}]}
{"text": "2015年11月8日，EcovacsRobotics董事会召开会议，全体董事一致决议：同意以中国境内运营公司科沃斯有限为拟上市主体，启动中国境内A股上市的计划。", "spo_list": [{"predicate": "会议召开日期", "object_type": "日期", "subject_type": "公司", "object": "2015年11月8日", "subject": "EcovacsRobotics"}]}
{"text": "1998年5月25日，吴县市审计事务所出具《验资报告》（吴社审外验（98）字第005号），验证确认，截至1998年5月25日，泰怡凯苏州已收到股东第一期出资50万美元，以现汇出资。", "spo_list": [{"predicate": "出具日期", "object_type": "文件", "subject_type": "日期", "object": "《验资报告》", "subject": "1998年5月25日"}]}
{"text": "1999年1月5日，苏州吴中会计师事务所出具《验资报告》（苏吴快外验（1999）字第003号），验证确认，截至1999年1月5日，泰怡凯苏州已收到股东第二期出资50万美元，以现汇出资。", "spo_list": [{"predicate": "出具日期", "object_type": "文件", "subject_type": "日期", "object": "《验资报告》", "subject": "1999年1月5日"}]}
{"text": "1999年3月26日，江苏苏州兴联会计师事务所出具《验资报告》（苏兴会园字[1999]第122号），验证确认，截至1999年3月26日，泰怡凯苏州已收到股东第三期出资20万美元，以现汇出资。", "spo_list": [{"predicate": "出具日期", "object_type": "日期", "subject_type": "文件", "object": "1999年3月26日", "subject": "《验资报告》（"}]}
{"text": "2000年6月26日，苏州开诚会计师事务所有限公司出具《验资报告》（苏开会园字（2000）第159号），验证确认，截至2000年6月26日，泰怡凯苏州已经收到TEK香港缴纳的新增注册资本80万美元，以美元现汇出资。", "spo_list": [{"predicate": "出具日期", "object_type": "日期", "subject_type": "文件", "object": "2000年6月26日", "subject": "《验资报告》"}]}
{"text": "2003年11月25日，苏州开诚会计师事务所出具《验资报告》（苏开会验外字[2003]第043号），截至2003年10月31日，吸收合并后泰怡凯苏州的注册资本实收金额为410万美元。", "spo_list": [{"predicate": "出具日期", "object_type": "日期", "subject_type": "文件", "object": "2003年11月25日", "subject": "《验资报告》"}]}
{"text": "2014年2月8日，苏州瑞亚会计师事务所有限公司出具《验资报告》（瑞亚外验字（2014）第5001-1号），验证确认，截至2014年1月30日，科沃斯机器人科技已收到股东缴纳的新增注册资本合计2,000万美元，以美元现汇出资。", "spo_list": [{"predicate": "出具日期", "object_type": "文件", "subject_type": "日期", "object": "《验资报告》", "subject": "2014年2月8日"}]}
{"text": "2016年7月22日，信永中和出具《验资报告》（编号：XYZH\\/2016XAA20266），验证确认，截至2016年6月14日，科沃斯有限已收到股东缴纳的新增注册资本2,090万美元，以美元现汇出资。", "spo_list": [{"predicate": "出具日期", "object_type": "日期", "subject_type": "文件", "object": "2016年7月22日", "subject": "《验资报告》"}]}
{"text": "2016年7月22日，信永中和出具《验资报告》（XYZH\\/2016XAA20267），验证确认，截至2016年7月22日，科沃斯有限已收到股东缴纳的新增注册资本752.671万元，以人民币货币资金出资。", "spo_list": [{"predicate": "出具日期", "object_type": "日期", "subject_type": "文件", "object": "2016年7月22日", "subject": "《验资报告》"}]}
{"text": "2016年8月17日，信永中和出具《验资报告》（XYZH\\/2016XAA20271），验证确认，截至2016年8月16日，公司收到全体股东以其拥有的科沃斯有限经审计的净资产折合的实收资本合计36,000万元，注册资本已全部出资到位。", "spo_list": [{"predicate": "出具日期", "object_type": "日期", "subject_type": "文件", "object": "2016年8月17日", "subject": "《验资报告》"}]}
{"text": "泰怡凯电子成立于2012年8月23日。截至本招股说明书签署日，泰怡凯电子为科沃斯机器人全资子公司，其基本情况如下：", "spo_list": [{"predicate": "成立日期", "object_type": "公司", "subject_type": "日期", "object": "泰怡凯电子", "subject": "2012年8月23日"}]}
{"text": "商用机器人成立于2013年5月29日。截至本招股说明书签署日，商用机器人为科沃斯机器人全资子公司，其基本情况如下：", "spo_list": [{"predicate": "成立日期", "object_type": "日期", "subject_type": "公司", "object": "2013年5月29日", "subject": "商用机器人"}]}
{"text": "科沃斯苏州成立于2004年6月8日。截至本招股说明书签署日，科沃斯苏州为科沃斯机器人全资子公司，其基本情况如下：", "spo_list": [{"predicate": "成立日期", "object_type": "公司", "subject_type": "日期", "object": "科沃斯苏州", "subject": "2004年6月8日"}]}
{"text": "家用机器人成立于2014年12月11日。截至本招股说明书签署日，家用机器人为科沃斯苏州全资子公司，其基本情况如下：科沃斯机器人股份有限公司首次公开发行股票招股说明书", "spo_list": [{"predicate": "成立日期", "object_type": "公司", "subject_type": "日期", "object": "家用机器人", "subject": "2014年12月11日"}]}
{"text": "科沃斯科技成立于2006年11月6日。截至本招股说明书签署日，科沃斯科技为科沃斯机器人全资子公司，其基本情况如下：科沃斯机器人股份有限公司首次公开发行股票招股说明书", "spo_list": [{"predicate": "成立日期", "object_type": "日期", "subject_type": "公司", "object": "2006年11月6日", "subject": "科沃斯科技"}]}
{"text": "科沃斯上海成立于2016年7月5日。截至本招股说明书签署日，科沃斯上海为科沃斯机器人全资子公司，其基本情况如下：", "spo_list": [{"predicate": "成立日期", "object_type": "日期", "subject_type": "公司", "object": "2016年7月5日", "subject": "科沃斯上海"}]}
{"text": "科沃斯电子商务成立于2014年10月9日。截至本招股说明书签署日，科沃斯电子商务为科沃斯机器人全资子公司，其基本情况如下：", "spo_list": [{"predicate": "成立日期", "object_type": "日期", "subject_type": "公司", "object": "2014年10月9日", "subject": "科沃斯电子商务"}]}
{"text": "苏州科昂成立于2013年8月16日。截至本招股说明书签署日，苏州科昂为科沃斯机器人全资子公司，其基本情况如下：科沃斯机器人股份有限公司首次公开发行股票招股说明书", "spo_list": [{"predicate": "成立日期", "object_type": "日期", "subject_type": "公司", "object": "2013年8月16日", "subject": "苏州科昂"}]}
{"text": "苏州科享成立于2014年4月24日。截至本招股说明书签署日，苏州科享为科沃斯机器人全资子公司，其基本情况如下：科沃斯机器人股份有限公司首次公开发行股票招股说明书", "spo_list": [{"predicate": "成立日期", "object_type": "日期", "subject_type": "公司", "object": "2014年4月24日", "subject": "苏州科享"}]}
{"text": "苏州科瀚成立于2013年8月16日。截至本招股说明书签署日，苏州科瀚为科沃斯机器人全资子公司，其基本情况如下：", "spo_list": [{"predicate": "成立日期", "object_type": "日期", "subject_type": "公司", "object": "2013年8月16日", "subject": "苏州科瀚"}]}
{"text": "苏州科畅成立于2013年8月16日。截至本招股说明书签署日，苏州科畅为科沃斯机器人全资子公司，其基本情况如下：", "spo_list": [{"predicate": "成立日期", "object_type": "日期", "subject_type": "公司", "object": "2013年8月16日", "subject": "苏州科畅"}]}
{"text": "苏州科妙成立于2014年4月24日。截至本招股说明书签署日，苏州科妙为科沃斯机器人全资子公司，其基本情况如下：", "spo_list": [{"predicate": "成立日期", "object_type": "日期", "subject_type": "公司", "object": "2014年4月24日", "subject": "苏州科妙"}]}
{"text": "凯航电机成立于2007年8月27日。截至本招股说明书签署日，凯航电机为科沃斯机器人持股90%的控股子公司，其基本情况如下：科沃斯机器人股份有限公司首次公开发行股票招股说明书", "spo_list": [{"predicate": "成立日期", "object_type": "日期", "subject_type": "公司", "object": "2007年8月27日", "subject": "凯航电机"}]}
{"text": "彤帆科技成立于2006年12月7日。截至本招股说明书签署日，彤帆科技为科沃斯机器人全资子公司，其基本情况如下：科沃斯机器人股份有限公司首次公开发行股票招股说明书", "spo_list": [{"predicate": "成立日期", "object_type": "公司", "subject_type": "日期", "object": "彤帆科技", "subject": "2006年12月7日"}]}
{"text": "怡润模具成立于2006年8月31日。截至本招股说明书签署日，怡润模具为科沃斯机器人全资子公司，其基本情况如下：", "spo_list": [{"predicate": "成立日期", "object_type": "日期", "subject_type": "公司", "object": "2006年8月31日", "subject": "怡润模具"}]}
{"text": "苏州罗美泰成立于2014年12月11日。截至本招股说明书签署日，苏州罗美泰为科沃斯机器人全资子公司，其基本情况如下：", "spo_list": [{"predicate": "成立日期", "object_type": "日期", "subject_type": "公司", "object": "2014年12月11日", "subject": "苏州罗美泰"}]}
{"text": "深圳瑞科成立于2013年9月2日。截至本招股说明书签署日，深圳瑞科为科沃斯机器人全资子公司，其基本情况如下：", "spo_list": [{"predicate": "成立日期", "object_type": "日期", "subject_type": "公司", "object": "2013年9月2日", "subject": "深圳瑞科"}]}
{"text": "EcovacsHoldings成立于2016年5月18日。截至本招股说明书签署日，Ecovacs", "spo_list": [{"predicate": "成立日期", "object_type": "日期", "subject_type": "公司", "object": "2016年5月18日", "subject": "EcovacsHoldings"}]}
{"text": "EcovacsUS成立于2012年10月16日。截至本招股说明书签署日，为Ecovacs", "spo_list": [{"predicate": "成立日期", "object_type": "日期", "subject_type": "公司", "object": "2012年10月16日", "subject": "EcovacsUS"}]}
{"text": "EcovacsGermany成立于2012年2月15日。截至本招股说明书签署日，为Ecovacs", "spo_list": [{"predicate": "成立日期", "object_type": "日期", "subject_type": "公司", "object": "2012年2月15日", "subject": "EcovacsGermany"}]}
{"text": "EcovacsJapan成立于2014年5月9日。截至本招股说明书签署日，为Ecovacs", "spo_list": [{"predicate": "成立日期", "object_type": "日期", "subject_type": "公司", "object": "2014年5月9日", "subject": "EcovacsJapan"}]}
{"text": "泰聪科技成立于2017年6月28日。截至本招股说明书签署日，泰聪科技为泰怡凯电子全资子公司，其基本情况如下：科沃斯机器人股份有限公司首次公开发行股票招股说明书", "spo_list": [{"predicate": "成立日期", "object_type": "日期", "subject_type": "公司", "object": "2017年6月28日", "subject": "泰聪科技"}]}
{"text": "EcovacsUK成立于2017年5月26日。截至本招股说明书签署日，为Ecovacs", "spo_list": [{"predicate": "成立日期", "object_type": "日期", "subject_type": "公司", "object": "2017年5月26日", "subject": "EcovacsUK"}]}
{"text": "EcovacsFrance成立于2017年6月16日。截至本招股说明书签署日，为Ecovacs", "spo_list": [{"predicate": "成立日期", "object_type": "公司", "subject_type": "日期", "object": "EcovacsFrance", "subject": "2017年6月16日"}]}
{"text": "苏州泰怡凯成立于2017年10月27日。截至本招股说明书签署日，苏州泰怡凯为泰怡凯电子全资子公司，其基本情况如下：", "spo_list": [{"predicate": "成立日期", "object_type": "日期", "subject_type": "公司", "object": "2017年10月27日", "subject": "苏州泰怡凯"}]}
{"text": "EcovacsSpain成立于2017年10月26日。截至本招股说明书签署日，为Ecovacs", "spo_list": [{"predicate": "成立日期", "object_type": "公司", "subject_type": "日期", "object": "EcovacsSpain", "subject": "2017年10月26日"}]}
{"text": "爱瑞特成立于2007年7月18日，截至本招股说明书签署日，爱瑞特为发行人参股公司，发行人持有其30.30%股份。爱瑞特已于2015年11月在全国中小企业股份转让系统挂牌并公开转让，其基本情况如下：科沃斯机器人股份有限公司首次公开发行股票招股说明书", "spo_list": [{"predicate": "成立日期", "object_type": "日期", "subject_type": "公司", "object": "2007年7月18日", "subject": "爱瑞特"}]}
{"text": "1、2008年1月10日，爱瑞特股东会决议同意第三期出资到位", "spo_list": [{"predicate": "会议召开日期", "object_type": "公司", "subject_type": "日期", "object": "爱瑞特", "subject": "2008年1月10日"}]}
{"text": "1、2014年3月26日，爱瑞特股东会决议同意注册资本增加至1,380万元，发行人以资本公积出资99.6万元，艾和第一次发行人持股67.00%", "spo_list": [{"predicate": "会议召开日期", "object_type": "日期", "subject_type": "公司", "object": "2014年3月26日", "subject": "爱瑞特"}]}
{"text": "2、2014年4月1日，安徽平泰会计师事务所出具《验资报告》（[2014]090号），确认实缴180万元", "spo_list": [{"predicate": "出具日期", "object_type": "日期", "subject_type": "文件", "object": "2014年4月1日", "subject": "《验资报告》"}]}
{"text": "1、2014年7月21日，爱瑞特股东会决议同意注册资本增加至2,000万元，发行人以未分配利润出资415.4万元，艾第二次发行人持股67.00%", "spo_list": [{"predicate": "会议召开日期", "object_type": "日期", "subject_type": "公司", "object": "2014年7月21日", "subject": "爱瑞特"}]}
{"text": "2、2014年8月15日，安徽平泰会计师事务所出具《验资报告》（[2014]091号），确认实缴620万元", "spo_list": [{"predicate": "出具日期", "object_type": "文件", "subject_type": "日期", "object": "《验资报告》", "subject": "2014年8月15日"}]}
{"text": "2014年12月30日，爱瑞特股东会决议第一次同意发行人将持有爱瑞特20%股权艾和金持股53.00%", "spo_list": [{"predicate": "会议召开日期", "object_type": "日期", "subject_type": "公司", "object": "2014年12月30日", "subject": "爱瑞特"}]}
{"text": "2015年6月3日，爱瑞特股东会决议同意艾和金向新股东爱瑞投资转让艾和金持股47.20%", "spo_list": [{"predicate": "会议召开日期", "object_type": "公司", "subject_type": "日期", "object": "爱瑞特", "subject": "2015年6月3日"}]}
{"text": "乐派特成立于2015年7月21日，截至本招股说明书签署日，乐派特为发行人参股公司，发行人持有其25.00%股权，其基本情况如下：", "spo_list": [{"predicate": "成立日期", "object_type": "日期", "subject_type": "公司", "object": "2015年7月21日", "subject": "乐派特"}]}
{"text": "乐派特2015年度尚未实际开展业务，2016年度营业收入为3.18万元，金额较低、无主要客户，2017年度主要客户及交易金额情况如下：", "spo_list": [{"predicate": "营业收入", "object_type": "金额", "subject_type": "日期", "object": "3.18万元", "subject": "，2016年"}]}
{"text": "1、2016年4月26日，北醒科技股东会决议同意公司变更为中外合资企业，注册资本增加至13.6947万元，新增注李远持股73.02%", "spo_list": [{"predicate": "会议召开日期", "object_type": "公司", "subject_type": "日期", "object": "北醒科技", "subject": "2016年4月26日"}]}
{"text": "2016年12月20日，北醒科技董事会决DailyStrategyLimited议同意注册资本增加至117.7108万持股10.18%", "spo_list": [{"predicate": "会议召开日期", "object_type": "公司", "subject_type": "日期", "object": "北醒科技", "subject": "2016年12月20日"}]}
{"text": "2017年4月7日，北醒科技董事会决议III(HongKong)", "spo_list": [{"predicate": "会议召开日期", "object_type": "日期", "subject_type": "公司", "object": "2017年4月7日", "subject": "北醒科技"}]}
{"text": "2018年1月11日，北醒科技董事会决李远持股38.50%", "spo_list": [{"predicate": "会议召开日期", "object_type": "公司", "subject_type": "日期", "object": "北醒科技", "subject": "2018年1月11日"}]}
{"text": "斯蒲科技成立于2016年11月11日，截至本招股说明书签署日，斯蒲科技为科沃斯苏州参股公司，科沃斯苏州持有其50.00%股权，其基本情况如下：", "spo_list": [{"predicate": "成立日期", "object_type": "公司", "subject_type": "日期", "object": "斯蒲科技", "subject": "2016年11月11日"}]}
{"text": "狗尾草科技成立于2013年12月25日，截至本招股说明书签署日，狗尾草科技为科沃斯机器人股份有限公司首次公开发行股票招股说明书", "spo_list": [{"predicate": "成立日期", "object_type": "日期", "subject_type": "公司", "object": "2013年12月25日", "subject": "狗尾草科技"}]}
{"text": "2015年8月19日，狗尾草科技股东会第二次决议同意严汉明将其持有公司邱楠持股51.16%", "spo_list": [{"predicate": "会议召开日期", "object_type": "公司", "subject_type": "日期", "object": "狗尾草科技", "subject": "2015年8月19日"}]}
{"text": "2017年3月23日，狗尾草科技股东会海纳基金持股5.60%", "spo_list": [{"predicate": "会议召开日期", "object_type": "日期", "subject_type": "公司", "object": "2017年3月23日", "subject": "狗尾草科技"}]}
{"text": "2017年5月18日，狗尾草科技股东会巨匠投资持股5.60%", "spo_list": [{"predicate": "会议召开日期", "object_type": "日期", "subject_type": "公司", "object": "2017年5月18日", "subject": "狗尾草科技"}]}
{"text": "狗尾草科技2015年度营业收入为44.11万元，金额较小、无主要客户，2016年度及2017年度主要客户及交易金额情况如下：", "spo_list": [{"predicate": "营业收入", "object_type": "金额", "subject_type": "日期", "object": "44.11万元", "subject": "2015年度"}]}
{"text": "钛米科技成立于2015年1月23日，截至本招股说明书签署日，钛米科技为科沃斯苏州参股公司，科沃斯苏州持有其1.96%股权，其基本情况如下：科沃斯机器人股份有限公司首次公开发行股票招股说明书", "spo_list": [{"predicate": "成立日期", "object_type": "日期", "subject_type": "公司", "object": "2015年1月23日", "subject": "钛米科技"}]}
{"text": "2016年1月7日，钛米科技股东会决议同意胡文璐将其持有公司51.30%股权转让给赵品桥，胡赵品桥持股51.30%", "spo_list": [{"predicate": "会议召开日期", "object_type": "日期", "subject_type": "公司", "object": "2016年1月7日", "subject": "钛米科技"}]}
{"text": "2016年5月21日，钛米科技股东会决议同意赵品桥、王永雄、刘第二次亮、苏至钒将其持有公司全部股潘晶持股95.00%", "spo_list": [{"predicate": "会议召开日期", "object_type": "日期", "subject_type": "公司", "object": "2016年5月21日", "subject": "钛米科技"}]}
{"text": "2017年4月24日，钛米科技股东会决议同意注册资本增加至237.4994万元，新增注册资本潘晶持股40.00%", "spo_list": [{"predicate": "会议召开日期", "object_type": "公司", "subject_type": "日期", "object": "钛米科技", "subject": "2017年4月24日"}]}
{"text": "钛米科技2015年度营业收入为54.53万元，金额较小、无主要客户，2016年度及2017年度主要客户及交易金额情况如下：", "spo_list": [{"predicate": "营业收入", "object_type": "金额", "subject_type": "日期", "object": "54.53万元", "subject": "2015年度"}]}
{"text": "竹间科技成立于2015年8月25日，截至本招股说明书签署日，竹间科技为Ecovacs", "spo_list": [{"predicate": "成立日期", "object_type": "日期", "subject_type": "公司", "object": "2015年8月25日", "subject": "竹间科技"}]}
{"text": "创领投资成立于2016年5月27日，截至本招股说明书签署日，创领投资持有发行人46.80%股权，是发行人的控股股东。其基本情况如下：", "spo_list": [{"predicate": "成立日期", "object_type": "日期", "subject_type": "公司", "object": "2016年5月27日", "subject": "创领投资"}]}
{"text": "EverGroup成立于2015年6月12日，截至本招股说明书签署日，EverGroup持有发行人14.50%股权。其基本情况如下：", "spo_list": [{"predicate": "成立日期", "object_type": "日期", "subject_type": "公司", "object": "2015年6月12日", "subject": "EverGroup"}]}
{"text": "创袖投资成立于2015年7月7日，截至本招股说明书签署日，创袖投资持有发行人11.70%股权。其基本情况如下：科沃斯机器人股份有限公司首次公开发行股票招股说明书", "spo_list": [{"predicate": "成立日期", "object_type": "日期", "subject_type": "公司", "object": "2015年7月7日", "subject": "创袖投资"}]}
{"text": "TEKElectrical成立于2009年6月23日，香港注册公司。截至本招股说明书签署日，TEKElectrical持有发行人9.12%股权。其基本情况如下：科沃斯机器人股份有限公司首次公开发行股票招股说明书", "spo_list": [{"predicate": "成立日期", "object_type": "日期", "subject_type": "公司", "object": "2009年6月23日", "subject": "TEKElectrical"}]}
{"text": "苏创投资成立于2016年5月31日，截至本招股说明书签署日，苏创投资持有发行人3.79%股权。其基本情况如下：", "spo_list": [{"predicate": "成立日期", "object_type": "日期", "subject_type": "公司", "object": "2016年5月31日", "subject": "苏创投资"}]}
{"text": "崇创投资成立于2016年5月31日，截至本招股说明书签署日，崇创投资持有发行人3.04%股权。其基本情况如下：", "spo_list": [{"predicate": "成立日期", "object_type": "日期", "subject_type": "公司", "object": "2016年5月31日", "subject": "崇创投资"}]}
{"text": "SkySure成立于2015年6月12日，截至本招股说明书签署日，SkySure持有发行人2.50%股权。其基本情况如下：", "spo_list": [{"predicate": "成立日期", "object_type": "日期", "subject_type": "公司", "object": "2015年6月12日", "subject": "SkySure"}]}
{"text": "科蓝投资成立于2015年7月2日，截至本招股说明书签署日，科蓝投资持有发行人1.71%股权。其基本情况如下：", "spo_list": [{"predicate": "成立日期", "object_type": "日期", "subject_type": "公司", "object": "2015年7月2日", "subject": "科蓝投资"}]}
{"text": "科航投资成立于2015年6月29日，截至本招股说明书签署日，科航投资持有发行人1.29%股权。其基本情况如下：科沃斯机器人股份有限公司首次公开发行股票招股说明书", "spo_list": [{"predicate": "成立日期", "object_type": "日期", "subject_type": "公司", "object": "2015年6月29日", "subject": "科航投资"}]}
{"text": "科帆投资成立于2015年6月29日，截至本招股说明书签署日，科帆投资持有发行人1.29%股权。其基本情况如下：", "spo_list": [{"predicate": "成立日期", "object_type": "日期", "subject_type": "公司", "object": "2015年6月29日", "subject": "科帆投资"}]}
{"text": "科赢投资成立于2015年6月26日，截至本招股说明书签署日，科赢投资持有发行科沃斯机器人股份有限公司首次公开发行股票招股说明书", "spo_list": [{"predicate": "成立日期", "object_type": "公司", "subject_type": "日期", "object": "科赢投资", "subject": "2015年6月26日"}]}
{"text": "FortuneLion成立于2016年4月1日，截至本招股说明书签署日，FortuneLion持有发行人1.00%股权。其基本情况如下：", "spo_list": [{"predicate": "成立日期", "object_type": "日期", "subject_type": "公司", "object": "2016年4月1日", "subject": "FortuneLion"}]}
{"text": "DongLi的基本情况为：DongLi，男，香港永久居民；其原系科沃斯机器人员工，现已离职。DongLi持有FortuneLion合伙份额不存在受他人委托持有的情形，亦不存在与其他任何第三方就DongLi持有的前述有限合伙份额进行任何特殊约定的情形。", "spo_list": [{"predicate": "国籍", "object_type": "国家", "subject_type": "人物", "object": "香港", "subject": "DongLi"}]}
{"text": "科鼎投资成立于2016年5月31日，截至本招股说明书签署日，科鼎投资持有发行人0.98%股权。其基本情况如下：", "spo_list": [{"predicate": "成立日期", "object_type": "日期", "subject_type": "公司", "object": "2016年5月31日", "subject": "科鼎投资"}]}
{"text": "颂创投资成立于2016年5月31日，截至本招股说明书签署日，颂创投资持有发行人0.76%股权。其基本情况如下：", "spo_list": [{"predicate": "成立日期", "object_type": "日期", "subject_type": "公司", "object": "2016年5月31日", "subject": "颂创投资"}]}
{"text": "科卓投资成立于2015年6月26日，截至本招股说明书签署日，科卓投资持有发行人0.51%股权。其基本情况如下：", "spo_list": [{"predicate": "成立日期", "object_type": "日期", "subject_type": "公司", "object": "2015年6月26日", "subject": "科卓投资"}]}
{"text": "2005年9月28日，TTK投资设立百特电器，注册资本25万美元，以TTK在泰怡凯苏州2004年度利润25万美元等值人民币出资；TTK作为发行人实际控制人之一钱东奇控制的公司，为百特电器单一股东。", "spo_list": [{"predicate": "成立日期", "object_type": "公司", "subject_type": "日期", "object": "百特电器", "subject": "2005年9月28日"}]}
{"text": "根据《合作备忘录》的约定，2010年2月1日，百特电器董事会做出决议，同意实施赠与屈云百特电器10%的股权。2013年7月9日，屈云向百特电器董事会提交《关于本人认购苏州百特电器有限公司10%股权的申请》，提出按照原始股权出资20万元认购百特电器10%的股权，并于同月支付20万元。", "spo_list": [{"predicate": "会议召开日期", "object_type": "公司", "subject_type": "日期", "object": "百特电器", "subject": "2010年2月1日"}]}
{"text": "2014年4月29日，昌汇有限公司设立，设立时股东为境外公司注册代理机构OffshoreIncorporation(Samoa)Limited，其认购昌汇有限公司发行的1股股份，每股1美元。2014年5月23日，OffshoreIncorporation(Samoa)Limited将其持有的昌汇有限公司1股股份转让给发行人董事王宏伟；同日，昌汇有限公司增发9股股份，其中王宏伟认购7股，屈云认购2股，每股均为1美元。该次转让及增发股份完成后，王宏伟持有昌汇有限公司80%股份，屈云持有昌汇有限公司20%股份。", "spo_list": [{"predicate": "成立日期", "object_type": "公司", "subject_type": "日期", "object": "昌汇有限公司", "subject": "2014年4月29日"}]}
{"text": "Electrical持有的科沃斯苏州100%股权转让给本公司，本公司于2016年8月3日完成工商变更，该公司成为本公司之全资子公司。根据《企业会计准则第20号——企业合并》的规定，此次本公司收购TEKElectrical持有的科沃斯苏州100%股权，属于同一控制下企业合并。", "spo_list": [{"predicate": "变更日期", "object_type": "公司", "subject_type": "日期", "object": "本公司", "subject": "2016年8月3日"}]}
{"text": "沃斯电子商务9.6045%股权转让给本公司，本公司于2016年9月26日完成工商变更，该公司成为本公司之全资子公司。根据《企业会计准则第20号——企业合并》的规定，此次本公司收购钱东奇、吴颖共同持有的电子商务100%股权，属于同一控制下企业合并。", "spo_list": [{"predicate": "变更日期", "object_type": "公司", "subject_type": "日期", "object": "沃斯电子商务", "subject": "2016年9月26日"}]}
{"text": "5、本公司之子公司泰怡凯电子于2017年6月28日设立子公司泰聪科技，注册资本10万元，法定代表人：徐秋芳，统一社会信用代码：91320506MA1PA19300，经营范围：研发、设计、制造、销售：智能化清洁机械及设备、智能化电子设备以及通信设备配件、机电产品；自营和代理各类商品及技术的进出口业务。（依法须经批准的项目，经相关部门批准后方可开展经营活动）。", "spo_list": [{"predicate": "成立日期", "object_type": "日期", "subject_type": "公司", "object": "2017年6月28日", "subject": "泰聪科技"}]}
{"text": "6、本公司之子公司EcovacsGermany于2017年5月26日设立子公司EcovacsUK，发行股份1万股，主营家用智能清洁机器人的销售以及市场营销。", "spo_list": [{"predicate": "成立日期", "object_type": "公司", "subject_type": "日期", "object": "EcovacsUK", "subject": "2017年5月26日"}]}
{"text": "7、本公司之子公司EcovacsGermany于2017年6月16日设立子公司Ecovacs", "spo_list": [{"predicate": "成立日期", "object_type": "公司", "subject_type": "日期", "object": "Ecovacs", "subject": "2017年6月16日"}]}
{"text": "8、本公司之子公司EcovacsGermany于2017年10月31日设立子公司Ecovacs", "spo_list": [{"predicate": "成立日期", "object_type": "公司", "subject_type": "日期", "object": "Ecovacs", "subject": "2017年10月31日"}]}
{"text": "9、本公司之子公司泰怡凯电子于2017年10月17日设立子公司苏州泰怡凯，注册资本100万人民币，经营范围：研发、销售：清洁机械设备及配件、电子产品及配件、科沃斯机器人股份有限公司首次公开发行股票招股说明书", "spo_list": [{"predicate": "成立日期", "object_type": "公司", "subject_type": "日期", "object": "苏州泰怡凯", "subject": "2017年10月17日"}]}
{"text": "2016年6月29日，科沃斯有限召开董事会，审议通过如下议案：（1）同意将公司类型变更为股份有限公司，并同意以“科沃斯机器人股份有限公司”作为股份公司名称；（2）同意公司本次以整体变更方式进行股份公司改制，并以2016年6月30日为股份改制的审计基准日及评估基准日。委托信永中和为本次改制审计机构，委托中和评估为本次改制评估机构。", "spo_list": [{"predicate": "会议召开日期", "object_type": "日期", "subject_type": "公司", "object": "2016年6月29日", "subject": "科沃斯有限"}]}
{"text": "中和评估于2016年7月31日为股份公司改制出具了《科沃斯机器人有限公司拟股份制改造项目资产评估报告书》（中和评报字（2016）第BJV4043号）。根据该评估报告，截至2016年6月30日，科沃斯有限经评估后的净资产为120,947.21万元。", "spo_list": [{"predicate": "出具日期", "object_type": "日期", "subject_type": "日期", "object": "2016年6月30日", "subject": "2016年7月31日"}, {"predicate": "净资产", "object_type": "金额", "subject_type": "文件", "object": "120,947.21万元", "subject": "《科沃斯机器人有限公司拟股份制改造项目资产评估报告书》"}]}
{"text": "截至2015年12月31日、2016年12月31日和2017年12月31日，公司的预付款项分别为8,600.17万元、9,936.51万元和4,233.75万元，占流动资产比例分别为科沃斯机器人股份有限公司首次公开发行股票招股说明书", "spo_list": [{"predicate": "预付款项", "object_type": "金额", "subject_type": "日期", "object": "8,600.17万元", "subject": "2015年12月31日"}, {"predicate": "预付款项", "object_type": "金额", "subject_type": "日期", "object": "9,936.51万元", "subject": "2016年12月31日"}, {"predicate": "预付款项", "object_type": "金额", "subject_type": "日期", "object": "4,233.75万元", "subject": "2017年12月31日"}]}
{"text": "2014年12月30日之前，爱瑞特为公司合并报表范围内子公司，2014年12月30日之后，爱瑞特成为公司参股公司，其长期股权投资以权益法核算。2017年7月，公司将爱瑞特10%股权以1,146.13万元转让给芜湖爱瑞投资合伙企业、芜湖爱创投资合伙企业和芜湖瑞保投资合伙企业，转让完成后公司持有爱瑞特30.3%股权。截至2017年12月31日，对爱瑞特的长期股权投资账面价值为2,826.24万元。", "spo_list": [{"predicate": "长期股权投资账面价值", "object_type": "金额", "subject_type": "日期", "object": "2,826.24万元", "subject": "2017年12月31日"}]}
{"text": "2015年，公司出资4,550,000.00元投资乐派特，占其股权比例25%，其长期股权投资以权益法核算。截至2017年12月31日，对乐派特的长期股权投资账面价值为380.53万元。", "spo_list": [{"predicate": "长期股权投资账面价值", "object_type": "金额", "subject_type": "日期", "object": "380.53万元", "subject": "2017年12月31日"}]}
{"text": "2016年，公司出资250,000.00元投资斯蒲科技，占其股权比例50%，其长期股权投资以权益法核算。截至2017年12月31日，对斯蒲科技的长期股权投资账面价值为10.68万元。", "spo_list": [{"predicate": "长期股权投资账面价值", "object_type": "金额", "subject_type": "日期", "object": "10.68万元", "subject": "2017年12月31日"}]}
{"text": "2017年，公司出资40,000,000.00元投资狗尾草科技，占其股权比例4%，并驻派一位董事，其长期股权投资以权益法核算。截至2017年12月31日，对狗尾草科技的长期股权投资账面价值为3,856.61万元。", "spo_list": [{"predicate": "长期股权投资账面价值", "object_type": "金额", "subject_type": "日期", "object": "3,856.61万元", "subject": "2017年12月31日"}]}
{"text": "2017年，公司出资32,671,000.00元投资EmotibotTechnologiesLimited（竹间科技为其全资子公司），占其股权比例5%，并驻派一位董事，其长期股权投资以权益法核算。截至2017年12月31日，对EmotibotTechnologiesLimited的长期股权投资账面价值为3,170.25万元。", "spo_list": [{"predicate": "长期股权投资账面价值", "object_type": "金额", "subject_type": "日期", "object": "3,170.25万元", "subject": "2017年12月31日"}]}
{"text": "截至2015年12月31日、2016年12月31日和2017年12月31日，本公司长期待摊费用余额分别为1,478.15万元、1,689.64万元和1,253.24万元，主要为待摊装修款，主要是由于2015年新厂区建设完成，公司对办公楼等场地进行装修而形成。", "spo_list": [{"predicate": "长期待摊费用的余额", "object_type": "金额", "subject_type": "日期", "object": "1,478.15万元", "subject": "2015年12月31日"}, {"predicate": "长期待摊费用的余额", "object_type": "金额", "subject_type": "日期", "object": "1,689.64万元", "subject": "2016年12月31日"}, {"predicate": "长期待摊费用的余额", "object_type": "金额", "subject_type": "日期", "object": "1,253.24万元", "subject": "2017年12月31日"}]}
{"text": "截至2015年12月31日、2016年12月31日和2017年12月31日，公司应付账款余额分别为64,275.53万元、79,162.85万元和91,611.02万元，应付账款占流动负债的比重为57.45%、63.57%和64.06%。", "spo_list": [{"predicate": "应付账款余额", "object_type": "金额", "subject_type": "日期", "object": "64,275.53万元", "subject": "2015年12月31日"}, {"predicate": "应付账款余额", "object_type": "金额", "subject_type": "日期", "object": "79,162.85万元", "subject": "2016年12月31日"}, {"predicate": "应付账款余额", "object_type": "金额", "subject_type": "日期", "object": "91,611.02万元", "subject": "2017年12月31日"}]}
{"text": "截至2015年12月31日、2016年12月31日和2017年12月31日，公司预收款项余额分别为3,290.54万元、8,991.66万元和10,310.70万元，预收款项占流动负债的比重为2.94%、7.22%和7.21%。报告期内各期末预收款项余额主要为预收线上、线下分销商客户的货款和代工客户新产品定金。", "spo_list": [{"predicate": "预收款项余额", "object_type": "金额", "subject_type": "日期", "object": "3,290.54万元", "subject": "2015年12月31日"}, {"predicate": "预收款项余额", "object_type": "金额", "subject_type": "日期", "object": "8,991.66万元", "subject": "2016年12月31日"}, {"predicate": "预收款项余额", "object_type": "金额", "subject_type": "日期", "object": "10,310.70万元", "subject": "2017年12月31日"}]}
{"text": "截至2015年12月31日、2016年12月31日和2017年12月31日，公司其他应付款余额分别为7,668.94万元、6,818.23万元和9,559.49万元，占流动负债的比重为6.85%、5.48%和6.68%。", "spo_list": [{"predicate": "其他应付款余额", "object_type": "金额", "subject_type": "日期", "object": "7,668.94万元", "subject": "2015年12月31日"}, {"predicate": "其他应付款余额", "object_type": "金额", "subject_type": "日期", "object": "6,818.23万元", "subject": "2016年12月31日"}, {"predicate": "其他应付款余额", "object_type": "金额", "subject_type": "日期", "object": "9,559.49万元", "subject": "2017年12月31日"}]}
{"text": "2015年、2016年和2017年，公司存货周转率分别为4.32、3.88和4.46，存货周转率先降后升。公司存货周转率变化原因与应收账款周转率变化原因类似，也与公司业务结构变化密切相关。一方面，公司清洁类小家电业务以订单生产为主，虽然应收账款周转率较低，但是存货周转较快；另一方面，公司家庭服务机器人业务根据销售预测进行生产准备，为了应对特定的销售高峰，公司需要提前准备大量的原材料以及库存商品以应对销售高峰带来的需求突增，因此虽然主要以线上销售为主的家庭服务机器人业务应收账款周转较快，但是存货周转较慢。报告期内，公司家庭服务机器人产品销售占比逐年提升，因此2015年至2016年存货周转率呈现下降趋势。2017年存货周转率有所回升，一方面为公司在2017年加强了销售预测的精准度并加强了对库存水平的管控，另一方面2017年“双十一”销售火爆使得年底库存水平处于低位。", "spo_list": [{"predicate": "存货周转率", "object_type": "日期", "subject_type": "日期", "object": "2017年", "subject": "2015年"}, {"predicate": "存货周转率", "object_type": "比率", "subject_type": "比率", "object": "3.88", "subject": "4.32"}, {"predicate": "存货周转率", "object_type": "比率", "subject_type": "日期", "object": "4.46", "subject": "2016年"}]}
{"text": "报告期内，公司业务收入呈现一定的季节性特征。2015年度、2016年度和2017年度，公司第四季度的营业收入分别为82,586.66万元、112,765.15万元和158,735.59万元，占公司全年营业收入的比例分别为30.65%和34.41%和34.88%，第四季度营业收入占比较高。", "spo_list": [{"predicate": "营业收入", "object_type": "金额", "subject_type": "日期", "object": "82,586.66万元", "subject": "2015年度"}, {"predicate": "营业收入", "object_type": "金额", "subject_type": "日期", "object": "112,765.15万元", "subject": "2016年度"}, {"predicate": "营业收入", "object_type": "金额", "subject_type": "日期", "object": "158,735.59万元", "subject": "2017年度"}]}
{"text": "2015年度、2016年度和2017年度公司的销售费用分别为36,999.49万元、51,983.04万元和72,701.30万元，占营业收入的比重分别为13.73%、15.86%和15.97%。2015年至2017年，公司的整体销售费用占营业收入的比例呈逐年上升的趋势，其主要是由于市场营销推广及广告费和销售人员职工薪酬随报告期内公司服务机器人业务收入绝对值及占比持续提升而逐年提升。报告期内，公司服务机器人业务收入占比分别为51.82%、57.46%和63.06%。相比于根据品牌商需求定制生产的代工业务，服务机器人产品需要大量的品牌、营销投入和销售\\/营销人员投入，因此其销售额绝对值和销售占比的提升使得公司报告期内销售费用持续上升。", "spo_list": [{"predicate": "销售费用", "object_type": "金额", "subject_type": "日期", "object": "36,999.49万元", "subject": "2015年度"}, {"predicate": "销售费用", "object_type": "金额", "subject_type": "日期", "object": "51,983.04万元", "subject": "2016年度"}, {"predicate": "销售费用", "object_type": "金额", "subject_type": "日期", "object": "72,701.30万元", "subject": "2017年度"}]}
{"text": "2015年度、2016年度和2017年度，公司扣除非经常性损益后归属于母公司股东的净利润分别为16,991.87万元、22,548.42万元和34,842.56万元，毛利率分别为31.71%、33.88%和36.58%，主要得益于公司营业收入持续快速增长且毛利较高的家庭服务机器人占比逐步提高，体现了公司良好的盈利能力。", "spo_list": [{"predicate": "净利润", "object_type": "金额", "subject_type": "日期", "object": "16,991.87万元", "subject": "2015年度"}, {"predicate": "净利润", "object_type": "金额", "subject_type": "日期", "object": "22,548.42万元", "subject": "2016年度"}, {"predicate": "净利润", "object_type": "金额", "subject_type": "日期", "object": "34,842.56万元", "subject": "2017年度"}]}
{"text": "公司2018年1-3月实现营业收入为121,041.19万元，同比增长27.92%。发行人服务机器人业务于国内外市场均保持良好的增长势头，带动了发行人整体收入的增长。", "spo_list": [{"predicate": "营业收入", "object_type": "金额", "subject_type": "日期", "object": "121,041.19万元", "subject": "2018年1-3月"}]}
{"text": "公司2018年1-3月归属于母公司净利润为9,203.71万元，同比增长30.04%；扣除非经常性损益后归属于母公司股东净利润为8,147.47万元，同比增长33.63%。发行人综合毛利率与上年同期基本持平，因此净利润增长幅度与营业收入增长幅度基本保持一致。", "spo_list": [{"predicate": "净利润", "object_type": "金额", "subject_type": "日期", "object": "9,203.71万元", "subject": "2018年1-3月"}]}
