{"text": "公司系由拉芳有限整体变更设立。拉芳有限于2012年5月9日召开董事会，同意将拉芳有限整体变更为股份有限公司。2012年4月28日，正中珠江出具《审计报告》（广会所审字[2012]第10004780091号），截至2012年3月31日，拉芳有限净资产值为294,139,377.03元。2012年5月9日，拉芳有限全体股东签署拉芳家化股份有限公司招股说明书", "spo_list": [{"predicate": "会议召开日期", "object_type": "日期", "subject_type": "公司", "object": "2012年5月9日", "subject": "拉芳有限"}]}
{"text": "2012年5月28日，公司召开创立大会，同意将拉芳有限整体变更为股份有限公司。正中珠江出具了《验资报告》（广会所验字[2012]第10004780136号），对公司股本予以验证。", "spo_list": [{"predicate": "会议召开日期", "object_type": "日期", "subject_type": "公司", "object": "2012年5月28日", "subject": "公司"}]}
{"text": "2011年11月20日，拉芳有限召开董事会，同意将公司注册资本增加至5,555.56万元，深圳创润及深圳盛浩开源分别认缴新增注册资本277.78万元、277.78万元。", "spo_list": [{"predicate": "会议召开日期", "object_type": "公司", "subject_type": "日期", "object": "拉芳有限", "subject": "2011年11月20日"}]}
{"text": "2012年6月13日，正中珠江出具《验资报告》（广会所验字【2012】第10004780136号），对本次整体变更后的注册资本、资本公积及各股东的出资情况进行了审验。2012年6月21日，拉芳家化在汕头市工商行政管理局办理完成工商变更登记，取得注册号为440500400001314的《企业法人营业执照》。", "spo_list": [{"predicate": "出具日期", "object_type": "文件", "subject_type": "日期", "object": "《验资报告》", "subject": "2012年6月13日"}]}
{"text": "2001年12月10日，汕头市大地会计师事务所有限公司对拉芳有限的设立出具《验资报告》（汕大地会验字[2001]182号），确认截至2001年12月10日止，拉芳有限已收到全体股东缴纳的注册资本合计5,000万元，均以货币出资。", "spo_list": [{"predicate": "出具日期", "object_type": "文件", "subject_type": "日期", "object": "《验资报告》", "subject": "2001年12月10日"}]}
{"text": "2011年12月14日，正中珠江出具《验资报告》（广会所验字[2011]第10004780068号），确认截至2011年12月14日，拉芳有限已收到深圳创润、深圳盛浩开源缴纳的新增注册资本合计555.56万元。", "spo_list": [{"predicate": "出具日期", "object_type": "文件", "subject_type": "日期", "object": "《验资报告》", "subject": "2011年12月14日"}]}
{"text": "2012年3月27日，正中珠江出具《验资报告》（广会所验字[2012]第10004780080号），确认截至2012年3月23日，拉芳有限已收到力奥盈辉、深圳瑞兰德、广东众友、广东佰乐缴纳的新增注册资本合计651.77万元。", "spo_list": []}
{"text": "2012年6月13日，正中珠江出具了《验资报告》（广会所验字[2012]第10004780136号），确认截止2012年6月13日，发行人以拉芳有限截至2012年3月31日的净资产294,139,377.03元为折股依据，按2.2488：1的比例折合发行人股份总额130,800,000股，每股面值1元，其余部分合计163,339,377.03元计入资本公积。", "spo_list": [{"predicate": "出具日期", "object_type": "文件", "subject_type": "日期", "object": "《验资报告》", "subject": "2012年6月13日"}]}
{"text": "2012年4月28日，正中珠江出具《审计报告》（广会所审字[2012]第10004780091号），载明截至2012年3月31日，拉芳有限净资产值为294,139,377.03元。2012年5月9日，拉芳有限全体股东签署《发起人协议》，同意以2012年3月31日为改制审计基准日，将公司经审计后的净资产值294,139,377.03元按2.2488:1折合成股份公司股本130,800,000股（130,800,000.00元折合为股份公司股本，163,339,377.03元计入资本公积）。", "spo_list": [{"predicate": "出具日期", "object_type": "日期", "subject_type": "日期", "object": "2012年3月31日", "subject": "2012年4月28日"}, {"predicate": "净资产", "object_type": "金额", "subject_type": "文件", "object": "294,139,377.03元", "subject": "《审计报告》"}]}
{"text": "2012年5月6日，北京天健兴业资产评估有限公司出具《广东拉芳日化有限公司拟整体变更为股份有限公司项目资产评估报告书》（天兴评报字（2012）第214号）。评估基准日2012年3月31日，公司净资产账面值29,413.94万元，评估值为33,540.29万元。", "spo_list": [{"predicate": "出具日期", "object_type": "文件", "subject_type": "日期", "object": "《广东拉芳日化有限公司拟整体变更为股份有限公司项目资产评估报告书》", "subject": "2012年5月6日"}]}
{"text": "2012年6月13日，正中珠江出具验资报告（广会所验字[2012]第10004780136号），截至2012年6月13日止，公司实收股本为13,080.00万元。", "spo_list": [{"predicate": "出具日期", "object_type": "日期", "subject_type": "文件", "object": "2012年6月13日", "subject": "验资报告"}]}
{"text": "LaurenaWu，女，1983年7月出生，澳大利亚国籍，护照号码为M601****。", "spo_list": [{"predicate": "出生日期", "object_type": "日期", "subject_type": "人物", "object": "1983年7月", "subject": "LaurenaWu"}, {"predicate": "国籍", "object_type": "国家", "subject_type": "人物", "object": "澳大利亚", "subject": "LaurenaWu"}]}
{"text": "广东法芭尚化妆品科技2011年9月9日全资设立，自设立起纳入合2,080100%", "spo_list": [{"predicate": "成立日期", "object_type": "公司", "subject_type": "日期", "object": "广东法芭尚化妆品科技", "subject": "2011年9月9日"}]}
{"text": "拉芳家化（滁州）有限2012年11月15日全资设立，自设立起纳入4,000100%", "spo_list": [{"predicate": "成立日期", "object_type": "日期", "subject_type": "公司", "object": "2012年11月15日", "subject": "拉芳家化（滁州）有限"}]}
{"text": "拉芳家化（福建）有限2013年11月20日全资设立，自设立起纳入8,000100%", "spo_list": [{"predicate": "成立日期", "object_type": "日期", "subject_type": "公司", "object": "2013年11月20日", "subject": "拉芳家化（福建）有限"}]}
{"text": "2014年末、2015年末及2016年末公司总资产分别为76,457.67万元、87,277.94万元和107,976.85万元，2015年末、2016年末分别较上期末增长14.15%和23.72%。", "spo_list": [{"predicate": "总资产", "object_type": "金额", "subject_type": "日期", "object": "76,457.67万元", "subject": "2014年末"}, {"predicate": "总资产", "object_type": "金额", "subject_type": "日期", "object": "87,277.94万元", "subject": "2015年末"}, {"predicate": "总资产", "object_type": "金额", "subject_type": "日期", "object": "107,976.85万元", "subject": "2016年末"}]}
{"text": "报告期各期末，公司的固定资产原值分别为13,992.62万元、14,519.84万元和15,701.06万元，略有增长，主要是公司因业务发展需要新购置了生产、管理及研发用设备。", "spo_list": [{"predicate": "固定资产", "object_type": "金额", "subject_type": "日期", "object": "13,992.62万元", "subject": "报告期各期末"}, {"predicate": "固定资产", "object_type": "金额", "subject_type": "日期", "object": "14,519.84万元", "subject": "报告期各期末"}, {"predicate": "固定资产", "object_type": "金额", "subject_type": "日期", "object": "15,701.06万元", "subject": "报告期各期末"}]}
{"text": "2014年末、2015年末及2016年末，公司其他非流动资产分别为830.87万元、126.76万元和37.00万元，主要是土地及设备预付款。其中，2014年末的余额较大，主要系公司支付了福建省白洋乡湖美村、阳山村、塘西村区域编号为【G2014-26】土地的预付款759.77万元，2015年该土地已交付使用，故土地预付款相应结转至无形资产致使2015年末其他非流动资产余额下降。", "spo_list": [{"predicate": "其他非流动资产", "object_type": "金额", "subject_type": "日期", "object": "830.87万元", "subject": "2014年末"}, {"predicate": "其他非流动资产", "object_type": "金额", "subject_type": "日期", "object": "126.76万元", "subject": "2015年末"}, {"predicate": "其他非流动资产", "object_type": "金额", "subject_type": "日期", "object": "37.00万元", "subject": "2016年末"}]}
{"text": "2014年度、2015年度及2016年度，公司应收账款周转率分别为16.42次、14.96次和13.77次。公司对经销渠道客户一般采取款到发货的结算方式，应收账款主要来自商超渠道的销售收入，因报告期内公司商超渠道的销售收入占比相对较低，在25%以下，应收账款的周转率相对较高。", "spo_list": [{"predicate": "应收账款周转率", "object_type": "比率", "subject_type": "日期", "object": "16.42", "subject": "2014年度"}, {"predicate": "应收账款周转率", "object_type": "比率", "subject_type": "日期", "object": "14.96", "subject": "2015年度"}, {"predicate": "应收账款周转率", "object_type": "比率", "subject_type": "日期", "object": "13.77", "subject": "2016年度"}]}
{"text": "2014年度、2015年度及2016年度，公司存货周转率分别为2.40次、2.16次和1.94次，较为平稳，关于存货的变动分析详见本节之“一、资产状况分析”之“（二）流动资产构成分析”之“2、存货”。", "spo_list": [{"predicate": "存货周转率", "object_type": "比率", "subject_type": "日期", "object": "2.40", "subject": "2014年度"}, {"predicate": "存货周转率", "object_type": "比率", "subject_type": "日期", "object": "2.16", "subject": "2015年度"}, {"predicate": "存货周转率", "object_type": "比率", "subject_type": "日期", "object": "1.94", "subject": "2016年度"}]}
{"text": "报告期各期末，公司负债总额分别为19,106.88万元、18,226.20万元和23,978.61万元，其中流动负债占负债总额的比例分别为100%、93.20%和95.03%，具体情况如下表所示：", "spo_list": [{"predicate": "总负债", "object_type": "金额", "subject_type": "日期", "object": "19,106.88万元", "subject": "报告期各期末"}, {"predicate": "总负债", "object_type": "金额", "subject_type": "日期", "object": "18,226.20万元", "subject": "报告期各期末"}, {"predicate": "总负债", "object_type": "金额", "subject_type": "日期", "object": "23,978.61万元", "subject": "报告期各期末"}]}
{"text": "公司应付账款主要为应付供应商采购款，2014年末、2015年末及2016年末，公司应付账款余额分别为7,506.52万元、6,307.49万元和8,694.14万元，2015年末应付账款较2014年末下降1,199.03万元，主要原因为受日化产品原料价格整体下降，以及公司2015年适当控制存货，减少原材料采购数量的共同影响，2015年公司原材料采购金额逐年下降。", "spo_list": [{"predicate": "应付账款余额", "object_type": "金额", "subject_type": "日期", "object": "7,506.52万元", "subject": "2014年末"}, {"predicate": "应付账款余额", "object_type": "金额", "subject_type": "日期", "object": "6,307.49万元", "subject": "2015年末"}, {"predicate": "应付账款余额", "object_type": "金额", "subject_type": "日期", "object": "8,694.14万元", "subject": "2016年末"}]}
{"text": "公司其他应付款主要为预提的广告费、应付房屋租赁费、向出租方采购水电的应付款项等，2014年末、2015年末及2016年末，公司其他应付款分别为368.36万元、233.25万元和235.34万元，占流动负债总额的比例分别为1.93%、1.37%和1.03%。", "spo_list": [{"predicate": "其他应付款", "object_type": "金额", "subject_type": "日期", "object": "368.36万元", "subject": "2014年末"}, {"predicate": "其他应付款", "object_type": "金额", "subject_type": "日期", "object": "233.25万元", "subject": "2015年末"}, {"predicate": "其他应付款", "object_type": "金额", "subject_type": "日期", "object": "235.34万元", "subject": "2016年末"}]}
{"text": "2014年、2015年及2016年，公司管理费用占当期主营业务收入的比例分别为5.49%、6.53%和6.54%，其中主要是研究与开发费用投入，占当期管理费用的比重分别为55.29%、55.37%和52.12%。报告期内，公司持续加强自主研发投入，研发费用分别为2,825.59万元、3,554.68万元和3,572.74万元。此外，公司报告期内进一步完善了员工薪酬保障体系，职工薪酬有所提升。", "spo_list": [{"predicate": "研发费用", "object_type": "金额", "subject_type": "日期", "object": "2,825.59万元", "subject": "报告期内"}, {"predicate": "研发费用", "object_type": "金额", "subject_type": "日期", "object": "3,554.68万元", "subject": "报告期内"}, {"predicate": "研发费用", "object_type": "金额", "subject_type": "日期", "object": "3,572.74万元", "subject": "报告期内"}]}
{"text": "2014年、2015年及2016年，公司投资活动产生的现金流量净额分别为-3,559.03万元、493.98万元和-15,237.96万元，主要系公司为进一步完善业务架构、提升生产效能，增加了固定资产、无形资产等投入。2015年公司投资活动现金流入为1,165.75万元，系公司在苏滁现代产业园投资建设家化产品项目，苏滁现代产业园管理委员会为促进项目建设而给予公司的项目基本建设专项补贴。2016年，公司收回投资所收到的现金37,000.00万元为公司赎回保本型银行理财产品（结构性存款）收到的现金，投资所支付的现金51,000.00万元为公司购买保本型银行理财产品（结构性存款）及产业基金投资的发生额。", "spo_list": [{"predicate": "投资活动产生的现金流量净额", "object_type": "金额", "subject_type": "日期", "object": "-3,559.03万元", "subject": "2014年"}, {"predicate": "投资活动产生的现金流量净额", "object_type": "金额", "subject_type": "日期", "object": "493.98万元", "subject": "2015年"}, {"predicate": "投资活动产生的现金流量净额", "object_type": "金额", "subject_type": "日期", "object": "-15,237.96万元", "subject": "2016年"}]}
{"text": "2014年、2015年及2016年，公司筹资活动产生的现金流量净额分别-1,935.08万元、-1,869.05万元和-741.41万元。", "spo_list": [{"predicate": "筹资活动产生的现金流量净额", "object_type": "金额", "subject_type": "日期", "object": "-1,935.08万元", "subject": "2014年"}, {"predicate": "筹资活动产生的现金流量净额", "object_type": "金额", "subject_type": "日期", "object": "-1,869.05万元", "subject": "2015年"}, {"predicate": "筹资活动产生的现金流量净额", "object_type": "金额", "subject_type": "日期", "object": "-741.41万元", "subject": "2016年"}]}
{"text": "技术方面，公司为广东省科学技术厅、广东省财政厅、广东省国家税务局和广东省地方税务局联合认定的高新技术企业。近年来，随着公司不断加大研发费用的投入，公司产品性能及品质相应提升。报告期内，公司研发费用分别为2,825.59万元、3,554.68万元和3,572.74万元。资金所投入的研发项目重点应用于针对中国人发质的研究，并不断完善产品环保性和安全性，更好地满足中国消费者的需求。经过多年的技术积累，公司拥有“含有中药本草植物的去屑养发组合物、洗发露及其制备方法”，“一种含有双去屑剂的香波组合物”，“基于非离子两亲表面活性剂透明纳米乳液及其应用”，“纳米活性祛痘化妆品组合物”等一批业内领先技术，并依托此等核心技术为国内消费者提供物美价廉的民族品牌产品。公司目前的技术储备足以支撑未来业务的发展。", "spo_list": [{"predicate": "研发费用", "object_type": "金额", "subject_type": "日期", "object": "2,825.59万元", "subject": "报告期内"}, {"predicate": "研发费用", "object_type": "金额", "subject_type": "日期", "object": "3,554.68万元", "subject": "报告期内"}, {"predicate": "研发费用", "object_type": "金额", "subject_type": "日期", "object": "3,572.74万元", "subject": "报告期内"}]}
