{"text": "截至2016年12月31日，本公司资本公积为5,280.76万元，报告期内各期末公司的资本公积情况如下：", "spo_list": [{"predicate": "资本公积", "object_type": "金额", "subject_type": "日期", "object": "5,280.76万元", "subject": "2016年12月31日"}]}
{"text": "截至2016年12月31日，本公司盈余公积为5,602.95万元，报告期内各期末公司的盈余公积情况如下：", "spo_list": [{"predicate": "盈余公积", "object_type": "金额", "subject_type": "日期", "object": "5,602.95万元", "subject": "2016年12月31日"}]}
{"text": "截至2014年12月31日、2015年12月31日及2016年12月31日，本公司的总资产分别为1,552,415,329.65元、1,763,227,920.35元和1,906,582,347.86元。", "spo_list": [{"predicate": "总资产", "object_type": "金额", "subject_type": "日期", "object": "1,552,415,329.65元", "subject": "2014年12月31日"}, {"predicate": "总资产", "object_type": "金额", "subject_type": "日期", "object": "1,763,227,920.35元", "subject": "2015年12月31日"}, {"predicate": "总资产", "object_type": "金额", "subject_type": "日期", "object": "1,906,582,347.86元", "subject": "2016年12月31日"}]}
{"text": "2014年末、2015年末及2016年末，公司应收账款账面净额分别为60,314.40万元、63,062.53万元和61,353.31万元，随着业务量的扩大，应收账款账面净额呈不断增长趋势。公司2015年、2016年应收账款账面净额同比分别增长4.56%、-2.71%，2016年发行人应收账款回收情况好于往年，应收账款账面金额略有下降。从应收账款账面净额占营业收入比重来看，2014年、2015年及2016年度分别为46.92%、45.18%和37.95%。", "spo_list": [{"predicate": "应收账款净额", "object_type": "金额", "subject_type": "日期", "object": "60,314.40万元", "subject": "2014年末"}, {"predicate": "应收账款净额", "object_type": "金额", "subject_type": "日期", "object": "63,062.53万元", "subject": "2015年末"}, {"predicate": "应收账款净额", "object_type": "金额", "subject_type": "日期", "object": "61,353.31万元", "subject": "2016年末"}]}
{"text": "本公司的预付款项主要为预付供应商的设备材料采购款。截至2014年末、2015年末和2016年末，本公司的预付款项分别为3,887.38万元、2,187.95万元和2,618.26万元，占本公司流动资产的比例分别为3.25%、1.68%和1.84%。2015年末预付款项较2014年末下降43.72%，主要系年末收到大额供应商材料所致。", "spo_list": [{"predicate": "预付款项", "object_type": "金额", "subject_type": "日期", "object": "3,887.38万元", "subject": "2014年末"}, {"predicate": "预付款项", "object_type": "金额", "subject_type": "日期", "object": "2,187.95万元", "subject": "2015年末"}, {"predicate": "预付款项", "object_type": "金额", "subject_type": "日期", "object": "2,618.26万元", "subject": "2016年末"}]}
{"text": "报告期内，公司其他应收款主要为项目投标保证金和履约保证金，源于行业惯例中项目投标阶段需向甲方交付的投标保证金或开具的投标保函以及项目实施阶段需向甲方提供的履约保证金或履约保函。截至2016年末，其他应收款中投标保证金和履约保证金为6,830.64万元，占期末其他应收款账面金额的92.91%，2014年末至2016年末，其他应收款净额分别为5,029.57万元、5,009.01万元和5,796.95万元，分别占流动资产的4.20%、3.85%和4.06%，占比较小，处于合理范围。", "spo_list": [{"predicate": "其他应收款净额", "object_type": "金额", "subject_type": "日期", "object": "5,029.57万元", "subject": "2014年末至2016年末"}, {"predicate": "其他应收款净额", "object_type": "金额", "subject_type": "日期", "object": "5,009.01万元", "subject": "2014年末至2016年末"}, {"predicate": "其他应收款净额", "object_type": "金额", "subject_type": "日期", "object": "5,796.95万元", "subject": "2014年末至2016年末"}]}
{"text": "2014年末、2015年末和2016年末，公司存货账面净额分别为34,119.51万元、41,114.86万元和46,922.20万元，分别占流动资产的28.51%、31.63%和32.89%。2014年末公司存货账面净额较2013年末增长了24.25%，2015年末公司存货账面净额较2014年末增长了20.50%，2016年末存货账面净额较2015年末增长了14.12%，除公司业务规模增长影响外，主要系由于公司部分合同项目未达到合同约定的结算条件，造成建造合同形成的已施工未结算资产增长所致。", "spo_list": [{"predicate": "存货净值", "object_type": "金额", "subject_type": "日期", "object": "34,119.51万元", "subject": "2014年末"}, {"predicate": "存货净值", "object_type": "金额", "subject_type": "日期", "object": "41,114.86万元", "subject": "2015年末"}, {"predicate": "存货净值", "object_type": "金额", "subject_type": "日期", "object": "46,922.20万元", "subject": "2016年末"}]}
{"text": "房屋及建筑物19,013.0673.6019,660.7083.339,642.6871.63专用设备5,489.9421.252,899.1012.292,640.8519.62通用设备358.871.39293.701.24269.092.00运输设备639.762.48458.661.94611.414.54其他设备330.751.28281.951.20297.192.21合计25,832.38100.0023,594.11100.0013,461.23100.002014年末、2015年末及2016年末，公司固定资产账面净额分别为13,461.23万元、23,594.11万元和25,832.38万元，分别占公司总资产的8.67%、13.38%和13.55%，与公司经营状况相符。2015年末，公司固定资产账面净额较年初增长浙江大丰实业股份有限公司首次公开发行股票招股说明书", "spo_list": [{"predicate": "固定资产净额", "object_type": "金额", "subject_type": "日期", "object": "13,461.23万元", "subject": "2014年末"}, {"predicate": "固定资产净额", "object_type": "金额", "subject_type": "日期", "object": "23,594.11万元", "subject": "2015年末"}, {"predicate": "固定资产净额", "object_type": "金额", "subject_type": "日期", "object": "25,832.38万元", "subject": "2016年末"}]}
{"text": "在建工程6.8813.287,641.99在建工程\\/总资产0.00%0.01%4.92%报告期内，公司在建工程账面金额分别为7,641.99万元、13.28万元和6.88万元，分别占各期总资产的4.92%、0.01%和0.00%。2014年末在建工程账面金额较2013年末增加247.59%，主要系新厂区工程建设投入增加所致，2015年末在建工程较2014年末下降99.83%，主要系新厂区工程完工转入固定资产所致。", "spo_list": [{"predicate": "在建工程账面价值", "object_type": "金额", "subject_type": "日期", "object": "7,641.99万元", "subject": "报告期内"}, {"predicate": "在建工程账面价值", "object_type": "金额", "subject_type": "日期", "object": "13.28万元", "subject": "报告期内"}, {"predicate": "在建工程账面价值", "object_type": "金额", "subject_type": "日期", "object": "6.88万元", "subject": "报告期内"}]}
{"text": "无形资产10,783.9711,025.7311,270.77无形资产\\/总资产5.66%6.25%7.26%报告期内，公司无形资产账面净额分别为11,270.77万元、11,025.73万元和10,783.97万元，分别占各期总资产的7.26%、6.25%和5.66%。本公司无形资产主要为土地使用权、专利权和软件等，无形资产变化金额相对较小，主要系无形资产摊销所致，与公司经营状况相符。", "spo_list": [{"predicate": "无形资产净额", "object_type": "金额", "subject_type": "日期", "object": "11,270.77万元", "subject": "报告期内"}, {"predicate": "无形资产净额", "object_type": "金额", "subject_type": "日期", "object": "11,025.73万元", "subject": "报告期内"}, {"predicate": "无形资产净额", "object_type": "金额", "subject_type": "日期", "object": "10,783.97万元", "subject": "报告期内"}]}
{"text": "截至2014年12月31日、2015年12月31日及2016年12月31日，本公司负债总额分别为、950,041,196.47元、1,021,011,584.28元和1,029,610,376.65元。报告期内各期末，本公司的负债结构如下：", "spo_list": [{"predicate": "总负债", "object_type": "金额", "subject_type": "日期", "object": "950,041,196.47元", "subject": "2014年12月31日"}, {"predicate": "总负债", "object_type": "金额", "subject_type": "日期", "object": "1,021,011,584.28元", "subject": "2015年12月31日"}, {"predicate": "总负债", "object_type": "金额", "subject_type": "日期", "object": "1,029,610,376.65元", "subject": "2016年12月31日"}]}
{"text": "2014年末、2015年末及2016年末，发行人短期借款分别为26,195.00万元、22,995.00万元和12,000.00万元。2014年较2013年上升48.84%，主要系公司因业务发展及构建新厂房的需要，增加了银行借入资金规模所致。2016年末短期借款较2015年末降低10,995.00万元，降幅为47.81%。2016年度，发行人经营活动产生的现金流量净额为22,131.26万元，同比增长72.97%，因客户回款情况较好，发行人相应归还部分短期银行借款。", "spo_list": [{"predicate": "短期借款", "object_type": "金额", "subject_type": "日期", "object": "26,195.00万元", "subject": "2014年末"}, {"predicate": "短期借款", "object_type": "金额", "subject_type": "日期", "object": "22,995.00万元", "subject": "2015年末"}, {"predicate": "短期借款", "object_type": "金额", "subject_type": "日期", "object": "12,000.00万元", "subject": "2016年末"}]}
{"text": "本公司的应付票据主要为银行承兑汇票，通过银行承兑汇票的方式对供应商货款进行结算，提高了公司资金周转效率。2014年末、2015年末和2016年末，应付票据账面金额分别为5,310.97万元、11,061.17万元和10,116.28万元，分别占对应期末总负债的5.59%、10.83%和9.83%。2015年末应付票据较2014年末增长108.27%，主要系受地区银行信贷偏好及公司多样性支付手段政策影响，为提升资金使用效率，降低资金成本，子公司大丰装饰采用银行承兑汇票方式结算货款金额增加所致。截至本招股说明书签署日，发行人不存在到期未兑付的银行承兑汇票。", "spo_list": [{"predicate": "应付票据", "object_type": "金额", "subject_type": "日期", "object": "5,310.97万元", "subject": "2014年末"}, {"predicate": "应付票据", "object_type": "金额", "subject_type": "日期", "object": "11,061.17万元", "subject": "2015年末"}, {"predicate": "应付票据", "object_type": "金额", "subject_type": "日期", "object": "10,116.28万元", "subject": "2016年末"}]}
{"text": "2014年末、2015年末及2016年末，公司应付账款账面金额分别为24,690.16万元、29,890.83万元和31,162.54万元，分别占对应期末总负债的25.99%、29.28%和30.27%。2015年末，应付账款余额较2014年上升21.06%，主要系子公司大丰装饰大额项目材料采购款年末未达结算时点，暂估入账所致。截至2016年12月31日，应付账款年末余额中无应付持本公司5%（含5%）以上表决权股份的股东单位的款项，也无应付其他关联方的款项。", "spo_list": [{"predicate": "应付账款", "object_type": "金额", "subject_type": "日期", "object": "24,690.16万元", "subject": "2014年末"}, {"predicate": "应付账款", "object_type": "金额", "subject_type": "日期", "object": "29,890.83万元", "subject": "2015年末"}, {"predicate": "应付账款", "object_type": "金额", "subject_type": "日期", "object": "31,162.54万元", "subject": "2016年末"}]}
{"text": "公司预收账款主要为项目实施期内，根据合同向客户预收的项目进度款。2014年末、2015年末及2016年末，公司预收账款金额分别为24,574.08万元、25,040.61万元和26,020.31万元，分别占总负债的25.87%、24.53%和25.27%。截至2016年12月31日，预收账款年末余额中无预收持本公司5%（含5%）以上表决权股份的股东单位的款项，也无预收其他关联方的款项。", "spo_list": [{"predicate": "预收款项", "object_type": "金额", "subject_type": "日期", "object": "24,574.08万元", "subject": "2014年末"}, {"predicate": "预收款项", "object_type": "金额", "subject_type": "日期", "object": "25,040.61万元", "subject": "2015年末"}, {"predicate": "预收款项", "object_type": "金额", "subject_type": "日期", "object": "26,020.31万元", "subject": "2016年末"}]}
{"text": "2014年末、2015年末及2016年末，发行人应付职工薪酬分别为2,894.29万元、3,277.39万元和3,409.59万元。报告期内，发行人的应付职工薪酬从2014年末的2,894.29万元增长到2016年末的3,409.59万元，这与发行人的业务规模和人员数量相符。", "spo_list": [{"predicate": "应付职工薪酬", "object_type": "金额", "subject_type": "日期", "object": "2,894.29万元", "subject": "2014年末"}, {"predicate": "应付职工薪酬", "object_type": "金额", "subject_type": "日期", "object": "3,277.39万元", "subject": "2015年末"}, {"predicate": "应付职工薪酬", "object_type": "金额", "subject_type": "日期", "object": "3,409.59万元", "subject": "2016年末"}]}
{"text": "2014年末、2015年末及2016年末，公司其他应付款金额分别为2,942.66万元、3,737.79万元和5,005.18万元，分别占对应期总负债的3.10%、3.66%和4.86%。2016年末其他应付款较2015年末增加1,267.39万元，同比增长33.91%，主要系发行人向供应商收取的保证金增加所致。截至2016年12月31日，其他应付款年末余额中无应付持本公司5%（含5%）以上表决权股份的股东单位的款项，也无应付其他关联方的款项。", "spo_list": [{"predicate": "其他应付款", "object_type": "金额", "subject_type": "日期", "object": "2,942.66万元", "subject": "2014年末"}, {"predicate": "其他应付款", "object_type": "金额", "subject_type": "日期", "object": "3,737.79万元", "subject": "2015年末"}, {"predicate": "其他应付款", "object_type": "金额", "subject_type": "日期", "object": "5,005.18万元", "subject": "2016年末"}]}
{"text": "报告期内，公司应交税费余额分别为5,903.71万元、3,939.56万元和2,697.53万元，2015年末较2014年末下降33.27%，主要系公司代缴2014年股东分红个浙江大丰实业股份有限公司首次公开发行股票招股说明书", "spo_list": [{"predicate": "应交税费余额", "object_type": "金额", "subject_type": "日期", "object": "5,903.71万元", "subject": "报告期内"}, {"predicate": "应交税费余额", "object_type": "金额", "subject_type": "日期", "object": "3,939.56万元", "subject": "报告期内"}, {"predicate": "应交税费余额", "object_type": "金额", "subject_type": "日期", "object": "2,697.53万元", "subject": "报告期内"}]}
{"text": "报告期内，公司递延收益余额分别为2,328.29万元、2,024.48万元和4,853.27万元，2016年末，公司递延收益余额较期初增长139.73%，主要系公司与远东国际租赁有限公司开展售后回租业务，将售后回租所涉固定资产转让价格与账面净值间差额（即未实现售后回租损益）于当期确认为递延收益所致。", "spo_list": []}
{"text": "报告期内，公司业务模式和信用政策未发生重大变化，流动比率相对稳定，分别为1.29、1.30和1.48，速动比率在报告期内逐渐下滑，分别为0.92、0.89和0.99，主要系公司已施工未结算建造合同金额增加所致。", "spo_list": [{"predicate": "流动比率", "object_type": "比率", "subject_type": "日期", "object": "1.29", "subject": "报告期内"}, {"predicate": "流动比率", "object_type": "比率", "subject_type": "日期", "object": "1.30", "subject": "报告期内"}, {"predicate": "流动比率", "object_type": "比率", "subject_type": "日期", "object": "1.48", "subject": "报告期内"}, {"predicate": "速动比率", "object_type": "比率", "subject_type": "日期", "object": "0.92", "subject": "报告期内"}, {"predicate": "速动比率", "object_type": "比率", "subject_type": "日期", "object": "0.89", "subject": "报告期内"}, {"predicate": "速动比率", "object_type": "比率", "subject_type": "日期", "object": "0.99", "subject": "报告期内"}]}
{"text": "2014年度、2015年度及2016年度，本公司应收账款周转率分别为2.21、2.26和2.60。由于本公司产品需要经过设计、生产、安装和验收等一系列环节，而行业惯例下项目决算进度慢于施工进度，使得应收账款高企，进而造成本公司应收账款周转率较低。", "spo_list": [{"predicate": "应收账款周转率", "object_type": "比率", "subject_type": "日期", "object": "2.21", "subject": "2014年度"}, {"predicate": "应收账款周转率", "object_type": "比率", "subject_type": "日期", "object": "2.26", "subject": "2015年度"}, {"predicate": "应收账款周转率", "object_type": "比率", "subject_type": "日期", "object": "2.60", "subject": "2016年度"}]}
{"text": "2014年度、2015年度及2016年度，本公司存货周转率分别为2.72、2.46和2.55，公司报告期内存货周转率逐年下降主要源于不断增长的存货余额，公司存货余额中已施工未结算建造合同金额平均占比约70%。随着公司业务不断增长，在实施项目金额不断提高，报告期内未达合同约定结算状态项目金额增多，造成已施工未结算建造合同金额增加，从而导致了存货余额的增长。此外，公司存货周转率还受区域市场、客户结构等因素的影响。", "spo_list": [{"predicate": "存货周转率", "object_type": "比率", "subject_type": "日期", "object": "2.72", "subject": "2014年度"}, {"predicate": "存货周转率", "object_type": "比率", "subject_type": "日期", "object": "2.46", "subject": "2015年度"}, {"predicate": "存货周转率", "object_type": "比率", "subject_type": "日期", "object": "2.55", "subject": "2016年度"}]}
{"text": "2014年度、2015年度和2016年度，公司营业外收入分别为1,175.58万元、1,131.12万元和1,090.45万元。本公司的营业外收入主要是政府补助，2014年度、2015年度和2016年度，政府补助金额分别为1,019.98万元、1,128.14万元和1,067.67万元。2014年度、2015年度和2016年度，本公司营业外支出分别为50.13浙江大丰实业股份有限公司首次公开发行股票招股说明书", "spo_list": [{"predicate": "营业外收入", "object_type": "金额", "subject_type": "日期", "object": "1,175.58万元", "subject": "2014年度"}, {"predicate": "营业外收入", "object_type": "金额", "subject_type": "日期", "object": "1,131.12万元", "subject": "2015年度"}, {"predicate": "营业外收入", "object_type": "金额", "subject_type": "日期", "object": "1,090.45万元", "subject": "2016年度"}]}
