{"text": "金华市新宏远线缆有限公司（以下简称“金华新宏远”）成立于2014年10月17日，注册资本300万元，邱铁军、厉初艳分别持股90%、10%，经营范围为：电线电缆、塑料制品、编织绳、网制造、销售；货物与技术进出口。金华新宏远于2017年初正式投产，2017年实现营业收入2,404.12万元。", "spo_list": [{"predicate": "成立日期", "object_type": "日期", "subject_type": "公司", "object": "2014年10月17日", "subject": "金华市新宏远线缆有限公司"}]}
{"text": "埃克森美孚化工商务（上海）有限公司（以下简称“埃克森上海”）成立于1997年7月29日，注册资本988.90万美元，系埃克森美孚公司在上海设立的贸易型子公司，主要从事石油化工产品进出口贸易。", "spo_list": [{"predicate": "成立日期", "object_type": "日期", "subject_type": "公司", "object": "1997年7月29日", "subject": "埃克森美孚化工商务（上海）有限公司"}]}
{"text": "NanYaPlasticsCorporation（南亚塑胶工业股份有限公司）成立于1958年，于1967年在台湾证券交易所上市（股票代码：1303.TW，股票简称：南亚塑胶），南亚塑胶是世界最大的塑料加工厂商之一，2016年实现营业收入2,752.94亿新台币元。", "spo_list": [{"predicate": "成立日期", "object_type": "日期", "subject_type": "公司", "object": "1958年", "subject": "NanYaPlasticsCorporation"}]}
{"text": "南亚塑胶工业（宁波）有限公司（以下简称“宁波南亚”）成立于2011年1月4日，注册资本7,300万美元，系台湾上市公司南亚塑胶旗下子公司。", "spo_list": [{"predicate": "成立日期", "object_type": "日期", "subject_type": "公司", "object": "2011年1月4日", "subject": "南亚塑胶工业（宁波）有限公司"}]}
{"text": "台塑工业（宁波）有限公司（以下简称“宁波台塑”）成立于2002年5月27日，注册资本72,202.30万美元，系台湾上市公司台湾塑胶工业股份有限公司（股票代码：1301.TW，股票简称：台塑）旗下子公司，台塑是世界上最大PVC粉生产厂商之一，2016年实现营业收入1,801.73亿新台币元。", "spo_list": [{"predicate": "成立日期", "object_type": "日期", "subject_type": "公司", "object": "2002年5月27日", "subject": "台塑工业（宁波）有限公司"}, {"predicate": "注册资本", "object_type": "金额", "subject_type": "公司", "object": "72,202.30万美元", "subject": "台塑工业（宁波）有限公司"}]}
{"text": "宁波和丰化工有限公司（以下简称“和丰化工”）成立于2010年10月22日，注册资本100万元，段力、段小雨分别持股80%、20%，经营范围为：化工原料及产品、机电产品、建材、五金工具的批发、零售。和丰化工是宁波地区知名化工原料贸易商之一。", "spo_list": [{"predicate": "成立日期", "object_type": "日期", "subject_type": "公司", "object": "2010年10月22日", "subject": "宁波和丰化工有限公司"}, {"predicate": "注册资本", "object_type": "金额", "subject_type": "公司", "object": "100万元", "subject": "宁波和丰化工有限公司"}]}
{"text": "DowChemicalPacificLimited（以下简称“陶氏太平洋化学”）成立于1969年，总股本7,890万港元，系全球化工巨头陶氏化学公司旗下企业。", "spo_list": [{"predicate": "成立日期", "object_type": "日期", "subject_type": "公司", "object": "1969年", "subject": "DowChemicalPacificLimited"}]}
{"text": "DuPontChinaLimited（中文名为“杜邦中国有限公司”，以下简称“杜邦中国”）成立于1992年10月20日，总股本500万港元，系杜邦公司旗下企业。", "spo_list": [{"predicate": "成立日期", "object_type": "日期", "subject_type": "公司", "object": "1992年10月20日", "subject": "DuPontChinaLimited"}]}
{"text": "DuPontTrading(Shanghai)Co.,Ltd（中文名为“杜邦贸易（上海）有限公司”，以下简称“上海杜邦”）成立于1996年8月21日，注册资本20万美元，系杜邦公司在上海成立的贸易型子公司。", "spo_list": [{"predicate": "成立日期", "object_type": "日期", "subject_type": "公司", "object": "1996年8月21日", "subject": "DuPontTrading(Shanghai)Co.,Ltd"}, {"predicate": "注册资本", "object_type": "金额", "subject_type": "公司", "object": "20万美元", "subject": "DuPontTrading(Shanghai)Co.,Ltd"}]}
{"text": "浙江佳慧线缆有限公司（以下简称“佳慧线缆”）成立于2010年9月16日，注册资本6,000万元，朱慧、朱仿林分别持股80%、20%，经营范围为：电线电缆、电缆附件、电气设备、五金件、塑料制品、橡胶制品、电器、电子元器件、汽车配件、机械设备、服装及其辅料的制造、加工、研发、批发、零售；自营或代理货物和技术的进出口，但国家限制经营或禁止进出口的货物和技术除外。", "spo_list": [{"predicate": "成立日期", "object_type": "日期", "subject_type": "公司", "object": "2010年9月16日", "subject": "浙江佳慧线缆有限公司"}, {"predicate": "注册资本", "object_type": "金额", "subject_type": "公司", "object": "6,000万元", "subject": "浙江佳慧线缆有限公司"}]}
{"text": "苏州工业园区佳乐塑料染料有限公司（以下简称“苏州佳乐”）成立于2000年9月29日，注册资本550万元，其中丁贤麟、丁润康和苏州工业园区润佳塑胶染色改性有限公司的持股比例分别为61.82%、36.36%和1.82%，经营范围为：销售塑料原料及染料（不含危险品）、橡塑制品、纺织原料（不含蚕茧、棉花）、金属材料、建筑材料、装饰装璜材料、五金交电、机电设备、百货、劳保用品、工艺美术品（不含金银饰品）；从事上述产品的进出口业务。苏州佳乐主要从事塑胶原料销售，主要客户位于江浙沪地区。", "spo_list": [{"predicate": "成立日期", "object_type": "日期", "subject_type": "公司", "object": "2000年9月29日", "subject": "苏州工业园区佳乐塑料染料有限公司"}, {"predicate": "注册资本", "object_type": "金额", "subject_type": "公司", "object": "550万元", "subject": "苏州工业园区佳乐塑料染料有限公司"}]}
{"text": "浙江三科线缆有限公司（以下简称“三科线缆”）成立于2010年8月4日，注册资本660万元，其中浙江三邦贸易有限公司、嘉兴三杰企业管理合伙企业（有限合伙）和嘉兴三科企业管理合伙企业（有限合伙）的持股比例分别为75.76%、15.15%和9.09%，经营范围为：电线电缆、塑料制品的制造、加工、销售；从事进出口业务。三科线缆主要生产环保阻燃绝缘电线电缆，具有年生产电线电缆50多万千米的生产能力。", "spo_list": [{"predicate": "成立日期", "object_type": "日期", "subject_type": "公司", "object": "2010年8月4日", "subject": "浙江三科线缆有限公司"}, {"predicate": "注册资本", "object_type": "金额", "subject_type": "公司", "object": "660万元", "subject": "浙江三科线缆有限公司"}]}
{"text": "苏州昊博成立于2012年10月15日，注册资本100万元，陈凯、刘秦、洪翔分别出资40万元、20万元、40万元，主营业务为注塑件的生产与销售。", "spo_list": [{"predicate": "成立日期", "object_type": "日期", "subject_type": "公司", "object": "2012年10月15日", "subject": "苏州昊博"}, {"predicate": "注册资本", "object_type": "金额", "subject_type": "公司", "object": "100万元", "subject": "苏州昊博"}]}
{"text": "金华市力合电器有限公司成立于2010年7月5日，注册资本30万元，张春霞、张玉梅出资比例分别为66.67%和33.33%，经营范围为家用电器、五金交电销售。", "spo_list": [{"predicate": "成立日期", "object_type": "日期", "subject_type": "公司", "object": "2010年7月5日", "subject": "金华市力合电器有限公司"}, {"predicate": "注册资本", "object_type": "金额", "subject_type": "公司", "object": "30万元", "subject": "金华市力合电器有限公司"}]}
{"text": "宁波梅山保税港区思派投资管理合伙企公司主要股东方秀宝及其儿子方东晖合计21", "spo_list": [{"predicate": "父亲", "object_type": "人物", "subject_type": "人物", "object": "方东晖", "subject": "方秀宝"}]}
{"text": "陈正明先生：1953年出生，中国国籍，无境外永久居留权，高级经济师。1969年8月至1972年11月，任职于磐安县尚湖农机厂；1972年12月至1978年4月服兵役；1978年5月至1985年4月任职于磐安县轻工机械厂；1985年5月开始自主创业，历任磐安县春光塑料厂厂长、金华市春光橡塑软管厂厂长；2000年7月至2016年9月担任金华市春光橡塑软管有限公司执行董事兼总经理；现任公司董事长兼总经理。陈正明先生系金华市第六届、第七届人大代表、浙江省材料研究学会第一届理事、浙江省塑料工程学会副会长、第六届金华市工商业联合会常委、金华市科学技术协会青少年学会副会长、第二届金磐开发区商会会长，曾荣获“浙江省中小企业优秀企业家”、“金华市优秀企业家（金牛奖）”、“金华市科技创新领军人才”、“磐安县劳动模范”、“磐安县第六批中青年专业技术拔尖人才”、“磐安县第七批中青年专业技术拔尖人才”和“磐安县第八批拔尖人才”等荣誉和称号，自1998年起连续14年被磐安县人民政府评为“优秀厂长（经理）”，自2012年起连续5年被磐安县人民政府评为“十佳工业企业家”。", "spo_list": [{"predicate": "出生日期", "object_type": "日期", "subject_type": "人物", "object": "1953年", "subject": "陈正明"}, {"predicate": "国籍", "object_type": "国家", "subject_type": "人物", "object": "中国", "subject": "陈正明"}]}
{"text": "张春霞女士：1958年出生，中国国籍，无境外永久居留权。1976年5月至1985年3月任职于磐安县尖山塑料厂；1985年5月至2000年6月，历任磐安县春光塑料厂副厂长、金华市春光橡塑软管厂副厂长；2000年7月至2016年9月，任金华市春光橡塑软管有限公司副总经理；现任公司董事。", "spo_list": [{"predicate": "出生日期", "object_type": "日期", "subject_type": "人物", "object": "1958年", "subject": "张春霞"}, {"predicate": "国籍", "object_type": "国家", "subject_type": "人物", "object": "中国", "subject": "张春霞"}]}
{"text": "陈凯先生：1980年出生，中国国籍，无境外永久居留权，本科学历。2003年1月至今，历任苏州凯弘橡塑有限公司监事、经理、执行董事；现任公司董事、副总经理。", "spo_list": [{"predicate": "出生日期", "object_type": "日期", "subject_type": "人物", "object": "1980年", "subject": "陈凯"}, {"predicate": "国籍", "object_type": "国家", "subject_type": "人物", "object": "中国", "subject": "陈凯"}]}
{"text": "王胜永先生：1974年出生，中国国籍，无境外永久居留权，本科学历，中级会计师。1997年7月至2000年7月，就职于深圳正丰利富会计师事务所，任审计经理；2000年8月至2008年3月，就职于重庆长丰通信股份有限公司，任会计核算部高级经理；2008年4月至2016年2月，就职于超捷紧固系统（上海）股份有限公司，任董事会秘书兼财务总监；现任公司董事、董事会秘书兼财务总监。", "spo_list": [{"predicate": "出生日期", "object_type": "日期", "subject_type": "人物", "object": "1974年", "subject": "王胜永"}, {"predicate": "国籍", "object_type": "国家", "subject_type": "人物", "object": "中国", "subject": "王胜永"}]}
{"text": "胡春荣先生：1965年出生，中国国籍，无境外永久居留权，本科学历，经济师。1989年8月至1993年4月，就职于嘉兴市审计局，历任科员、金融审计主管；1993年5月至2001年11月，就职于嘉兴市信托投资公司，历任证券营业部副经理、投资部经理；2001年12月至2004年10月，就职于爱建证券有限责任公司嘉兴营业部，任投资咨询部经理；2004年11月至今，就职于浙江万里扬股份有限公司，历任董事会秘书、董事、财务总监；现任公司独立董事。", "spo_list": [{"predicate": "出生日期", "object_type": "日期", "subject_type": "人物", "object": "1965年", "subject": "胡春荣"}, {"predicate": "国籍", "object_type": "国家", "subject_type": "人物", "object": "中国", "subject": "胡春荣"}]}
{"text": "赵鹏飞先生：1968年出生，中国国籍，无境外永久居留权，研究生学历。1991年7月至1999年9月，任教于杭州煤炭学校；1999年10月至今，任教于浙江工商大学，任会计学副教授；现任公司独立董事。", "spo_list": [{"predicate": "出生日期", "object_type": "日期", "subject_type": "人物", "object": "1968年", "subject": "赵鹏飞"}, {"predicate": "国籍", "object_type": "国家", "subject_type": "人物", "object": "中国", "subject": "赵鹏飞"}]}
{"text": "汪建萍女士：1960年出生，中国国籍，无境外永久居留权，本科学历，高级工程师。1982年2月至1982年12月，就职于浙江省二轻厅塑料实验厂；1983年1月至2001年12月，就职于浙江省皮革塑料工业公司；2002年1月至今，就职于浙江省塑料行业协会，历任常务副秘书长、副会长、秘书长；现任公司独立董事。", "spo_list": [{"predicate": "出生日期", "object_type": "日期", "subject_type": "人物", "object": "1960年", "subject": "汪建萍"}, {"predicate": "国籍", "object_type": "国家", "subject_type": "人物", "object": "中国", "subject": "汪建萍"}]}
{"text": "黄颜芳女士：1971年出生，中国国籍，无境外永久居留权，专科学历，中级会计师。1988年1月至2006年8月就职于金华市双龙衡器有限责任公司，任财务副经理；2006年9月至今，任公司财务部副经理，现任公司监事会主席。", "spo_list": [{"predicate": "出生日期", "object_type": "日期", "subject_type": "人物", "object": "1971年", "subject": "黄颜芳"}, {"predicate": "国籍", "object_type": "国家", "subject_type": "人物", "object": "中国", "subject": "黄颜芳"}]}
{"text": "曹建英女士：1975年出生，中国国籍，无境外永久居留权，专科学历。1996年7月至2011年6月就职于苏州英杰注塑有限公司；2011年7月至今，任苏州凯弘橡塑有限公司财务部经理，现任公司监事。", "spo_list": [{"predicate": "出生日期", "object_type": "日期", "subject_type": "人物", "object": "1975年", "subject": "曹建英"}, {"predicate": "国籍", "object_type": "国家", "subject_type": "人物", "object": "中国", "subject": "曹建英"}]}
{"text": "倪云寿先生：1987年出生，中国国籍，无境外永久居留权，专科学历，助理工程师。2004年9月至2005年10月，就职于浙江今飞集团；2005年12月至2007年12月服兵役；2008年3月至2009年3月就职于上海市馔巴黎餐厅；2009年4月至今，任公司生产部经理，现任公司监事。", "spo_list": [{"predicate": "出生日期", "object_type": "日期", "subject_type": "人物", "object": "1987年", "subject": "倪云寿"}, {"predicate": "国籍", "object_type": "国家", "subject_type": "人物", "object": "中国", "subject": "倪云寿"}]}
{"text": "徐益军先生：1976年出生，中国国籍，无境外永久居留权，专科学历，工程师。1997年9月至2000年9月，就职于浙江金华天开电子材料有限公司，任技术员；2000年10月起就职于本公司，现任公司副总经理。", "spo_list": [{"predicate": "出生日期", "object_type": "日期", "subject_type": "人物", "object": "1976年", "subject": "徐益军"}, {"predicate": "国籍", "object_type": "国家", "subject_type": "人物", "object": "中国", "subject": "徐益军"}]}
{"text": "付伟才先生：1977年出生，中国国籍，无境外永久居留权，专科学历。1996年3月至2000年6月，就职于金华市春光橡塑软管厂；2000年7月起就职于本公司，现任公司副总经理。", "spo_list": [{"predicate": "成立日期", "object_type": "日期", "subject_type": "人物", "object": "1977年", "subject": "付伟才"}, {"predicate": "国籍", "object_type": "国家", "subject_type": "人物", "object": "中国", "subject": "付伟才"}]}
{"text": "宋刚先生：1970年出生，中国国籍，无境外永久居留权，本科学历。1994年11月至1997年4月，就职于雅林眼镜（中国）制造有限公司，任研发工程师；1997年4月至2003年5月就职于巴拉斯（中国）有限公司，历任生产部经理、研发部经理、苏州分公司总经理；2003年至2005年就职于苏州豪泰塑胶有限公司，任总经理；2006年至2011年担任公司副总经理；2013年至今担任苏州凯弘副总经理。", "spo_list": [{"predicate": "出生日期", "object_type": "日期", "subject_type": "人物", "object": "1970年", "subject": "宋刚"}, {"predicate": "出生日期", "object_type": "国家", "subject_type": "人物", "object": "中国", "subject": "宋刚"}]}
{"text": "张根阳先生：1970年出生，中国国籍，无境外永久居留权，初中学历，机械工程师。1997年4月至2004年4月就职于磐安县景光塑胶制品厂，任维修工；2004年4月至2006年4月就职于浙江省磐安县磐玉塑料制品厂，任车间主任；2006年4月至今担任本公司装备部经理。", "spo_list": [{"predicate": "出生日期", "object_type": "日期", "subject_type": "人物", "object": "1970年", "subject": "张根阳"}, {"predicate": "国籍", "object_type": "国家", "subject_type": "人物", "object": "中国", "subject": "张根阳"}]}
{"text": "李爱平先生：1973年出生，中国国籍，无境外永久居留权，大专学历，机械工程师。1995年9月至2001年6月，就职于湖南省邵阳发动机厂，任技术员；2001年8月至2007年3月，就职于广东东莞星威塑胶厂，任设备工程师；2007年4月至2008年2月，就职于磐安县景光塑胶制品厂，任工程师；2010年8月至今，担任本公司工程部经理。", "spo_list": [{"predicate": "出生日期", "object_type": "日期", "subject_type": "人物", "object": "1973年", "subject": "李爱平"}, {"predicate": "国籍", "object_type": "国家", "subject_type": "人物", "object": "中国", "subject": "李爱平"}]}
{"text": "楼美良先生：1969年出生，中国国籍，无境外永久居留权，初中学历。1999年10月至2004年12月就职于磐安景光塑胶制品厂；2005年1月至今担任本公司车间主任。", "spo_list": [{"predicate": "出生日期", "object_type": "日期", "subject_type": "人物", "object": "1969年", "subject": "楼美良"}, {"predicate": "国籍", "object_type": "国家", "subject_type": "人物", "object": "中国", "subject": "楼美良"}]}
{"text": "2016年10月1日，公司召开创立大会暨首次股东大会，选举陈正明、张春霞、陈凯、王胜永、胡春荣、赵鹏飞、汪建萍为第一届董事会成员，其中胡春荣、赵鹏飞、汪建萍为独立董事。同日，公司第一届董事会第一次会议推选陈正明为第一届董事会董事长。", "spo_list": [{"predicate": "会议召开日期", "object_type": "公司", "subject_type": "日期", "object": "公司", "subject": "2016年10月1日"}]}
{"text": "2016年10月1日，公司召开创立大会暨首次股东大会，选举黄颜芳、曹建英为股东代表监事，与职工代表监事楼建军共同组成公司第一届监事会。同日，公司第一届监事会第一次会议推选黄颜芳为第一届监事会主席。", "spo_list": [{"predicate": "会议召开日期", "object_type": "公司", "subject_type": "日期", "object": "公司", "subject": "2016年10月1日"}]}
{"text": "由于楼建军因个人原因辞去公司职工代表监事，2017年3月13日，公司召开职工代表大会，改选倪云寿担任公司职工代表监事。", "spo_list": [{"predicate": "会议召开日期", "object_type": "公司", "subject_type": "日期", "object": "公司", "subject": "2017年3月13日"}]}
{"text": "2016年10月1日，公司召开第一届董事会第一次会议，聘任陈正明为公司总经理，聘任王胜永为公司董事会秘书兼财务总监，聘任陈凯、付伟才、徐益军为公司副总经理。", "spo_list": [{"predicate": "会议召开日期", "object_type": "公司", "subject_type": "日期", "object": "公司", "subject": "2016年10月1日"}]}
{"text": "2016年10月1日，公司召开创立大会，选举产生了第一届董事会，董事会成员为陈正明、陈凯、张春霞、王胜永、胡春荣、赵鹏飞、汪建萍。", "spo_list": [{"predicate": "会议召开日期", "object_type": "公司", "subject_type": "日期", "object": "公司", "subject": "2016年10月1日"}]}
{"text": "2016年10月1日，公司召开创立大会暨首次股东大会，选举黄颜芳、曹建英为股东代表监事，与职工代表监事楼建军共同组成公司第一届监事会。", "spo_list": [{"predicate": "会议召开日期", "object_type": "公司", "subject_type": "日期", "object": "公司", "subject": "2016年10月1日"}]}
{"text": "由于楼建军因个人原因辞去公司职工代表监事，2017年3月13日，公司召开职工代表大会，改选倪云寿担任公司职工代表监事。", "spo_list": [{"predicate": "会议召开日期", "object_type": "公司", "subject_type": "日期", "object": "公司", "subject": "2017年3月13日"}]}
{"text": "2016年10月1日，公司召开第一届董事会第一次会议，聘任陈正明为公司总经理，聘任陈凯、付伟才、徐益军为公司副总经理，聘任王胜永为公司董事会秘书兼财务总监。", "spo_list": [{"predicate": "会议召开日期", "object_type": "公司", "subject_type": "日期", "object": "公司", "subject": "2016年10月1日"}]}
{"text": "2015年末、2016年末和2017年末，公司货币资金余额分别为6,293.42万元、7,142.52万元和7,886.28万元。2016年末较2015年末相比，公司货币资金余额增加849.10万元，主要因为2016年公司在继续保持良好销售回款的情况下，在长期资产方面的支出较减少所致。2017年末，公司货币资金余额较2016年末增加743.76万元，主要因为2017年公司销售规模提升，收到的货款较大所致。", "spo_list": [{"predicate": "货币资金余额", "object_type": "日期", "subject_type": "日期", "object": "2017年末", "subject": "2015年末"}, {"predicate": "货币资金余额", "object_type": "金额", "subject_type": "金额", "object": "7,142.52万元", "subject": "6,293.42万元"}, {"predicate": "货币资金余额", "object_type": "金额", "subject_type": "日期", "object": "7,886.28万元", "subject": "2016年末"}]}
{"text": "报告期内，公司销售费用分别为1,236.65万元、1,262.10万元和1,487.29万元，占营业收入的比例分别为3.17%、3.42%和3.26%。公司销售费用主要为运输费、销售人员薪酬等。", "spo_list": [{"predicate": "销售费用", "object_type": "金额", "subject_type": "日期", "object": "1,236.65万元", "subject": "报告期内"}, {"predicate": "销售费用", "object_type": "金额", "subject_type": "日期", "object": "1,262.10万元", "subject": "报告期内"}, {"predicate": "销售费用", "object_type": "金额", "subject_type": "日期", "object": "1,487.29万元", "subject": "报告期内"}]}
{"text": "2015年-2016年，公司境外业务运输费占境外收入的比例基本稳定。2017年，公司境外业务运输费占收入比重较2015年度和2016年度的水平要低，主要因为2017年CGH公司开始规模化生产配件产品，形成了2,231.01万元营业收入，并且CGH公司就近运输至马来西亚同城客户的距离较短，运输成本较低，因此公司2017年境外业务的整体运输费率相比以前年度要低。", "spo_list": [{"predicate": "营业收入", "object_type": "金额", "subject_type": "日期", "object": "2,231.01万元", "subject": "2017年"}]}
{"text": "报告期内，公司管理费用分别为4,010.39万元、6,009.14万元和4,537.41万元，占营业收入的比例分别为10.27%、16.27%和9.94%。公司管理费用主要为管理人员的职工薪酬、股份支付、研发支出等。2016年公司管理费用较2015年增加较多，主要是因为：①2016年公司实施管理层和骨干员工持股，引进凯弘投资、毅宁投资、王胜永等新股东，产生股份支付相关的管理费用1,907.72万元；②2016年公司整体变更设立为股份有限公司并筹备上市事宜，聘请了相应的中介机构，中介机构费用相应增加。2017年公司管理费用较2016年减少，主要是2017年公司未发生股份支付相关费用。", "spo_list": [{"predicate": "管理费用", "object_type": "金额", "subject_type": "日期", "object": "4,010.39万元", "subject": "报告期内"}, {"predicate": "管理费用", "object_type": "金额", "subject_type": "日期", "object": "6,009.14万元", "subject": "报告期内"}, {"predicate": "管理费用", "object_type": "金额", "subject_type": "日期", "object": "4,537.41万元", "subject": "报告期内"}]}
{"text": "报告期内，公司财务费用分别为207.22万元、-209.38万元和738.75万元。2016年公司财务费用较2015年减少，主要是由于2016年人民币贬值，公司外币资产产生了较多的汇兑收益，使得公司财务费用减少。2017年公司财务费用较多，主要是由于人民币升值导致公司外币资产产生较多汇兑损失所致。", "spo_list": [{"predicate": "财务费用", "object_type": "金额", "subject_type": "日期", "object": "207.22万元", "subject": "报告期内"}, {"predicate": "财务费用", "object_type": "金额", "subject_type": "日期", "object": "-209.38万元", "subject": "报告期内"}, {"predicate": "财务费用", "object_type": "金额", "subject_type": "日期", "object": "738.75万元", "subject": "报告期内"}]}
{"text": "报告期内，公司投资收益分别为53.37万元、77.99万元和4.08万元，占当期利润总额的比例分别为0.66%、1.10%和0.04%。报告期内公司投资收益主要来源于参股公司婺商银行的分红收益以及所购理财产品的投资收益，对公司经营成果影响较小。", "spo_list": [{"predicate": "投资收益", "object_type": "金额", "subject_type": "日期", "object": "53.37万元", "subject": "报告期内"}, {"predicate": "投资收益", "object_type": "金额", "subject_type": "日期", "object": "77.99万元", "subject": "报告期内"}, {"predicate": "投资收益", "object_type": "金额", "subject_type": "日期", "object": "4.08万元", "subject": "报告期内"}]}
{"text": "报告期内，公司资产减值损失分别为282.18万元、-250.28万元和211.04万元，占当期利润总额的比例分别为3.48%、-3.52%和2.05%。2016年公司资产减值损失较2015年减少较多，主要系2016年末公司应收款项和应收商业承兑汇票较2015年末减少所致。2017年公司资产减值损失增加，主要因为2017年末应收账款余额有所增加。", "spo_list": [{"predicate": "资产减值损失", "object_type": "金额", "subject_type": "日期", "object": "282.18万元", "subject": "报告期内"}, {"predicate": "资产减值损失", "object_type": "金额", "subject_type": "日期", "object": "-250.28万元", "subject": "报告期内"}, {"predicate": "资产减值损失", "object_type": "金额", "subject_type": "日期", "object": "211.04万元", "subject": "报告期内"}]}
{"text": "报告期内，公司经营活动产生的现金流量净额分别为4,849.88万元、8,523.08万元和6,249.36万元。2017年，公司经营活动产生的现金流量净额较2016年减少2,273.72万元，主要因为2017年公司销售规模扩大使得应收账款和应收票据增加较多所致。", "spo_list": [{"predicate": "经营活动产生的现金流量净额", "object_type": "金额", "subject_type": "日期", "object": "4,849.88万元", "subject": "报告期内"}, {"predicate": "经营活动产生的现金流量净额", "object_type": "金额", "subject_type": "日期", "object": "8,523.08万元", "subject": "报告期内"}, {"predicate": "经营活动产生的现金流量净额", "object_type": "金额", "subject_type": "日期", "object": "6,249.36万元", "subject": "报告期内"}]}
{"text": "报告期内，公司投资活动产生的现金流量净额分别为-4,708.54万元、401.60万元和-4,430.69万元。2015年，公司成立马来西亚CGH公司后，增加了长期资产的投入，同时公司期末利用部分闲置资金购买短期理财产品，因此投资活动产生的现金流量金额为-4,708.54万元。2016年，公司长期资产投入规模较2015年减少，并且收回了2015年购买理财产品的资金，使得2016年投资活动产生的现金流量净额较2015年大幅增加。2017年，公司投资活动产生的现金流出金额较多，主要是因为：一方面，2017年公司因生产规模提升增加了设备投资；另一方面，2017年公司支付了土地出让款以购置本次发行募集资金投资项目所需的土地使用权。", "spo_list": [{"predicate": "投资活动产生的现金流量净额", "object_type": "金额", "subject_type": "日期", "object": "-4,708.54万元", "subject": "报告期内"}, {"predicate": "投资活动产生的现金流量净额", "object_type": "金额", "subject_type": "日期", "object": "401.60万元", "subject": "报告期内"}, {"predicate": "投资活动产生的现金流量净额", "object_type": "金额", "subject_type": "日期", "object": "-4,430.69万元", "subject": "报告期内"}]}
{"text": "报告期内，公司筹资活动产生的现金流量净额分别为1,170.21万元、-8,695.71万元和-646.79万元。报告期内，公司主要的筹资活动包括银行借款、偿还贷款、归还资金拆借款、引入新股东和支付股息红利等。2016年，公司筹资活动产生的现金流量净额为-8,695.71万元，主要是因为2016年公司向全体股东现金分红16,000.00万元所致。2017年，公司筹资活动产生的现金流量净额为-646.79万元，主要系公司偿还了部分银行借款所致。", "spo_list": [{"predicate": "筹资活动产生的现金流量净额", "object_type": "金额", "subject_type": "日期", "object": "1,170.21万元", "subject": "报告期内"}, {"predicate": "筹资活动产生的现金流量净额", "object_type": "金额", "subject_type": "日期", "object": "-8,695.71万元", "subject": "报告期内"}, {"predicate": "筹资活动产生的现金流量净额", "object_type": "金额", "subject_type": "日期", "object": "-646.79万元", "subject": "报告期内"}]}
{"text": "除上述资本支出事项外，报告期内，公司购建固定资产、无形资产和其他长期资产支付的现金分别为3,442.18万元、1,751.48万元和4,241.37万元，主要用于公司厂房、设备投入、购置募投项目用地以及马来西亚CGH公司购置土地、厂房和设备等。", "spo_list": [{"predicate": "固定资产", "object_type": "金额", "subject_type": "日期", "object": "3,442.18万元", "subject": "报告期内"}, {"predicate": "无形资产", "object_type": "金额", "subject_type": "日期", "object": "1,751.48万元", "subject": "报告期内"}]}
{"text": "公司于2017年2月28日召开第一届董事会第四次会议，审议通过了《关于首次公开发行股票募集资金投资项目及其可行性的议案》，董事会对募集资金投资项目的可行性进行了充分的研究，认为：本次募集资金投资项目有利于扩大公司生产规模、扩大市场份额、提升技术水平，以更好地服务客户，募集资金投资项目与公司现有经营规模、财务状况、技术水平和管理能力相适应，符合国家产业政策、环保政策及其他相关法律、法规的规定，投资估算及效益分析表明各项财务指标良好。", "spo_list": [{"predicate": "会议召开日期", "object_type": "公司", "subject_type": "日期", "object": "公司", "subject": "2017年2月28日"}]}
