{"text": "天健会计师对本次整体变更的注册资本及其实收情况进行了审验，并于2016年12月23日出具了天健验[2016]532号《验资报告》予以验证。坤元资产评估对本次整体变更进行了评估，并于2016年11月18日出具了坤元评报[2016]622号《资产评估报告》，评估基准日王力有限股东全部权益评估值为56,667.82万元，评估增值率为15.42%。", "spo_list": [{"predicate": "出具日期", "object_type": "报告", "subject_type": "日期", "object": "《资产评估报告》", "subject": "2016年11月18日"}]}
{"text": "王力有限成立于2005年3月29日，由亚萨合莱以美元现汇，王力集团以机器设备、存货、专利权共同出资设立的中外合资有限责任公司，注册资本为人民币18,000万元。2005年3月22日，永康市对外贸易经济合作局出具《关于同意亚萨合莱—王力保安制品有限公司合同、章程的批复》[永外经贸（2005）12号）]，批复同意设立王力有限等相关事项；2005年3月28日，王力有限获得浙江省人民政府颁发的批准号为商外资浙府资金字[2005]01092号《外商投资企业批准证书》；2005年3月29日，王力有限取得注册号为企合浙金总字第001500号的《企业法人营业执照》。", "spo_list": [{"predicate": "成立日期", "object_type": "日期", "subject_type": "公司", "object": "2005年3月29日", "subject": "王力有限"}]}
{"text": "2005年5月13日，永康市天正会计师事务所对王力有限注册资本及其实收情况进行了审验，并出具“永天会验字[2005]第64号”《验资报告》予以验证。", "spo_list": [{"predicate": "出具日期", "object_type": "报告", "subject_type": "日期", "object": "《验资报告》", "subject": "2005年5月13日"}]}
{"text": "王力有限成立于2005年3月。截至2013年2月，王力有限经上述股权转让后，其由中外合资经营企业变更为法人独资的一人有限责任公司，作为生产型外商投资企业，王力有限经营期限不足10年，需要补交之前享受的所得税减免优惠，王力有限已经实际承担补缴了其于2005年至2009年期间因享受外商投资企业“两免三减半”税收优惠政策而免征、减征的企业所得税税款2,465.48万元。", "spo_list": [{"predicate": "成立日期", "object_type": "日期", "subject_type": "公司", "object": "2005年3月", "subject": "王力有限"}]}
{"text": "2013年7月16日，永康天正会计师事务所对上述减资后的注册资本及其实收情况进行了审验，并出具“永天会验字[2013]152号”《验资报告》予以验证。", "spo_list": [{"predicate": "出具日期", "object_type": "报告", "subject_type": "日期", "object": "《验资报告》", "subject": "2013年7月16日"}]}
{"text": "2018年12月25日，永康天正会计师事务所对上述新增注册资本及其实收情况进行了审验，并出具“永天会验字[2018]009号”《验资报告》予以验证。", "spo_list": [{"predicate": "出具日期", "object_type": "报告", "subject_type": "日期", "object": "《验资报告》", "subject": "2018年12月25日"}]}
{"text": "2018年12月25日，永康天正会计师事务所对上述新增注册资本及其实收情况进行了审验，并出具“永天会验字[2018]010号”《验资报告》予以验证。", "spo_list": [{"predicate": "出具日期", "object_type": "报告", "subject_type": "日期", "object": "《验资报告》", "subject": "2018年12月25日"}]}
{"text": "2016年11月16日，天健会计师出具天健审[2016]8116号《审计报告》，确认王力有限于审计基准日经审计的净资产值为49,095.88万元。", "spo_list": [{"predicate": "出具日期", "object_type": "报告", "subject_type": "日期", "object": "《审计报告》", "subject": "2016年11月16日"}]}
{"text": "2016年11月18日，坤元资产评估有限公司出具坤元评报[2016]622号《资产评估报告》，确认王力有限的净资产于评估基准日2016年6月30日的评估价值为56,667.82万元，评估增值率为15.42%。", "spo_list": [{"predicate": "出具日期", "object_type": "报告", "subject_type": "日期", "object": "《资产评估报告》", "subject": "2016年11月18日"}]}
{"text": "2016年12月23日，天健会计师对王力有限整体变更为股份有限公司的发起人股东认缴注册资本及其实收情况进行了审验，并出具了天健验[2016]532号《验资报告》予以验证。", "spo_list": [{"predicate": "出具日期", "object_type": "报告", "subject_type": "日期", "object": "《验资报告》", "subject": "2016年12月23日"}]}
{"text": "2005年3月29日，亚萨合莱和王力集团共同出资设立王力有限，注册资本为人民币18,000万元。2005年5月13日，永康市天正会计师事务所对上述注册资本实收情况进行了审验，并出具永天会验字[2005]第64号《验资报告》，确认截至2005年4月28日止，王力有限已收到全体股东缴纳的注册资本人民币1,8000万元，其中收到王力集团投入的注册资本合计人民币5,400万元，以专利、存货、机器设备出资；收到亚萨合莱缴纳的注册资本合计人民币12,600万元，以美元现汇折合人民币出资。", "spo_list": [{"predicate": "出具日期", "object_type": "报告", "subject_type": "日期", "object": "《验资报告》", "subject": "2005年5月13日"}]}
{"text": "2013年4月19日，王力集团出具股东决定书，决定王力有限注册资本由18,000万元减至6,000万元。2013年7月16日，永康天正会计师事务所对上述减少后的注册资本及其实收资本情况进行了审验，并出具永天会验字[2013]152号《验资报告》，确认截至2013年5月31日，王力有限已减少实收资本人民币12,000万元，其中减少王力集团出资人民币12,000万元，变更后的注册资本人民币6,000万元，实收资本人民币6,000万元。", "spo_list": [{"predicate": "出具日期", "object_type": "报告", "subject_type": "日期", "object": "《验资报告》", "subject": "2013年7月16日"}]}
{"text": "2014年5月12日，王力集团签署股东决定书，决定将王力有限的注册资本由6,000万元增至12,000万元。2018年12月25日，永康天正会计师事务所对上述注册资本的实收情况进行了审验，并出具永天会验字[2018]009号《验资报告》，确认截至2015年12月31日止，变更后的累计注册资本人民币12,000万元，实收资本12,000万元。", "spo_list": [{"predicate": "出具日期", "object_type": "报告", "subject_type": "日期", "object": "《验资报告》", "subject": "2018年12月25日"}]}
{"text": "2015年12月29日，经王力有限股东会审议通过，同意王力电动车以厂房、土地、在建工程向王力有限增资3,310.3449万元，华爵投资以厂房、土地向王力有限增资1,241.3794万元。2018年12月25日，永康天正会计师事务所对上述注册资本的实收情况进行了审验，并出具永天会验字[2018]010号《验资报告》，确认截至2015年12月31日止，变更后的累计注册资本人民币16,551.7243万元，实收资本16,551.7243万元。", "spo_list": [{"predicate": "出具日期", "object_type": "日期", "subject_type": "报告", "object": "2018年12月25日", "subject": "《验资报告》"}]}
{"text": "2016年12月23日，经王力有限股东会审议通过，同意王力有限整体变更设立为股份有限公司。2016年12月23日，天健会计师对整体变更设立为股份有限公司的出资情况进行了审验，并出具天健验[2016]532号《验资报告》，确认截至2016年12月23日止，王力安防科技股份有限公司（筹）已收到全体发起人以王力有限净资产缴纳的实收资本36,900万元。", "spo_list": [{"predicate": "出具日期", "object_type": "日期", "subject_type": "报告", "object": "2016年12月23日", "subject": "《验资报告》"}]}
{"text": "2010年1月25日，永康天正会计师事务所有限公司出具永天会验字[2010]043号《验资报告》，验证：截至2010年1月20日，王力集团已减少注册资本和实收资本1,000万元，其中减少王跃斌出资333.40万元，减少王斌革出资333.30万元，减少王斌坚出资333.30万元。", "spo_list": [{"predicate": "出具日期", "object_type": "报告", "subject_type": "日期", "object": "《验资报告》", "subject": "2010年1月25日"}]}
{"text": "2010年2月8日，永康天正会计师事务所有限公司出具永天会验字[2010]061号《验资报告》，验证：截至2010年1月31日，王力集团已收到王跃斌、王斌革、王斌坚缴纳的新增注册资本1,000万元，以资本公积金转增出资1,000万元。", "spo_list": [{"predicate": "出具日期", "object_type": "日期", "subject_type": "报告", "object": "2010年2月8日", "subject": "《验资报告》"}]}
{"text": "2010年3月15日，永康天正会计师事务所有限公司出具永天会验字（2010）第096号《变更出资方式审验报告》，验证：王斌坚于2010年3月12日已将投资款1,200万元投入王力集团账户，原无形资产出资改为货币资金出资。", "spo_list": [{"predicate": "出具日期", "object_type": "日期", "subject_type": "报告", "object": "2010年3月15日", "subject": "《变更出资方式审验报告》"}]}
{"text": "2013年9月10日，永康天正会计师事务所有限公司出具永天会验字[2013]203号《验资报告》，验证：截至2013年9月10日，王力集团已减少注册资本1,000万元，其中减少王跃斌出资650万元，减少陈晓君出资350万元。", "spo_list": [{"predicate": "出具日期", "object_type": "日期", "subject_type": "报告", "object": "2013年9月10日", "subject": "《验资报告》"}]}
{"text": "2013年12月25日，永康天正会计师事务所有限公司出具永天会验字[2013]301号《验资报告》，验证：截至2013年12月25日，王力集团已收到王跃斌、陈晓君、王琛缴纳的新增注册资本1,000万元，均以货币出资。", "spo_list": [{"predicate": "出具日期", "object_type": "日期", "subject_type": "报告", "object": "2013年12月25日", "subject": "《验资报告》"}]}
{"text": "陈晓君，中国国籍，无境外永久居留权，身份证号330722197207XXXXXX，住所为浙江省永康市前仓镇宅树下村。", "spo_list": [{"predicate": "国籍", "object_type": "国家", "subject_type": "人物", "object": "中国", "subject": "陈晓君"}]}
{"text": "王斌革，中国国籍，无境外永久居留权，身份证号330722197001XXXXXX，住所为浙江省永康市前仓镇宅树下村。", "spo_list": [{"predicate": "国籍", "object_type": "国家", "subject_type": "人物", "object": "中国", "subject": "王斌革"}]}
{"text": "王斌坚，中国国籍，无境外永久居留权，身份证号330722197206XXXXXX，住所为浙江省永康市前仓镇宅树下村。", "spo_list": [{"predicate": "国籍", "object_type": "国家", "subject_type": "人物", "object": "中国", "subject": "王斌坚"}]}
{"text": "王跃斌，中国国籍，无境外永久居留权，身份证号330722196712XXXXXX，住所为浙江省永康市前仓镇宅树下村。", "spo_list": [{"predicate": "国籍", "object_type": "国家", "subject_type": "人物", "object": "中国", "subject": "王跃斌"}]}
{"text": "王琛，中国国籍，无境外永久居留权，身份证号330722199406XXXXXX，住所为浙江省永康市前仓镇宅树下村。", "spo_list": [{"predicate": "国籍", "object_type": "国家", "subject_type": "人物", "object": "中国", "subject": "王琛"}]}
{"text": "2011年5月3日，永康市天正会计师事务所有限公司出具永天会验字[2011]182号《验资报告》，验证：截至2011年5月3日，浙江能诚机械制造有限公司已收到全体股东缴纳的注册资本合计1,425万元。", "spo_list": [{"predicate": "出具日期", "object_type": "日期", "subject_type": "报告", "object": "2011年5月3日", "subject": "《验资报告》"}]}
{"text": "2011年5月15日，浙江能诚机械制造有限公司召开股东会审议同意公司名称由―浙江能诚机械制造有限公司‖变更为―能诚集团有限公司‖。", "spo_list": [{"predicate": "变更日期", "object_type": "日期", "subject_type": "公司", "object": "2011年5月15日", "subject": "浙江能诚机械制造有限公司"}]}
{"text": "2013年10月30日，永康天正会计师事务所有限公司出具永天会验字[2013]255号《验资报告》，验证：截至2013年10月16日，能诚集团已收到王斌坚、李芳原投入到浙江欣成机械制造股份有限公司的注册资本合计500.00万元，各股东原投入时出资方式为货币。", "spo_list": [{"predicate": "出具日期", "object_type": "日期", "subject_type": "报告", "object": "2013年10月30日", "subject": "《验资报告》"}]}
{"text": "1996年8月15日，永康市审计师事务所出具《验资报告》，验证：永康市王力机械制造有限公司的注册资金为60万元，其中王跃斌以厂房出资20万元，王斌革以设备出资20万元，王斌坚以货币出资20万元。", "spo_list": [{"predicate": "出具日期", "object_type": "日期", "subject_type": "报告", "object": "1996年8月15日", "subject": "《验资报告》"}]}
{"text": "1998年2月27日，永康会计师事务所出具永会师验字（98）第50号《验资报告》，验证：截至1998年2月27日，永康市王力机械制造有限公司已收到全体股东增加投入资本138万元。", "spo_list": [{"predicate": "出具日期", "object_type": "日期", "subject_type": "报告", "object": "1998年2月27日", "subject": "《验资报告》"}]}
{"text": "2001年4月26日，永康市天正会计师事务所有限公司出具永天会验字（2001）第150号《验资报告》，验证：截至2001年4月23日，永康市王力机械制造有限公司的实收资本为1,000万元。", "spo_list": [{"predicate": "出具日期", "object_type": "日期", "subject_type": "报告", "object": "2001年4月26日", "subject": "《验资报告》"}]}
{"text": "2001年5月15日，永康市天正会计师事务所有限公司出具永天会验字（2001）第169号《验资报告》，验证：截至2001年5月15日，永康市王力锁业有限公司各股东已投入的资本为600万元，均为货币资金。", "spo_list": [{"predicate": "出具日期", "object_type": "日期", "subject_type": "报告", "object": "2001年5月15日", "subject": "《验资报告》"}]}
{"text": "2012年8月16日，永康市五金会计师事务所有限公司出具永五金会验字（2012）第922号《验资报告》，验证：截至2012年8月16日，公司已收到王斌坚、李芳、能诚集团缴纳的新增注册资本合计980万元，均为货币出资。", "spo_list": [{"predicate": "出具日期", "object_type": "日期", "subject_type": "报告", "object": "2012年8月16日", "subject": "《验资报告》"}]}
{"text": "王跃斌董事长、总经理2019.12.25至2022.12.24", "spo_list": [{"predicate": "任职日期", "object_type": "人物", "subject_type": "日期", "object": "王跃斌", "subject": "2019.12.25至2022.12.24"}]}
{"text": "王琛董事、副总经理2019.12.25至2022.12.24", "spo_list": [{"predicate": "任职日期", "object_type": "日期", "subject_type": "人物", "object": "2019.12.25至2022.12.24", "subject": "王琛"}]}
{"text": "应敏董事2019.12.25至2022.12.24", "spo_list": [{"predicate": "任职日期", "object_type": "日期", "subject_type": "人物", "object": "2019.12.25至2022.12.24", "subject": "应敏"}]}
{"text": "胡迎江董事2019.12.25至2022.12.24", "spo_list": [{"predicate": "任职日期", "object_type": "日期", "subject_type": "人物", "object": "2019.12.25至2022.12.24", "subject": "胡迎江"}]}
{"text": "牟晓生独立董事2019.12.25至2022.12.24", "spo_list": [{"predicate": "任职日期", "object_type": "日期", "subject_type": "人物", "object": "2019.12.25至2022.12.24", "subject": "牟晓生"}]}
{"text": "李永明独立董事2019.12.25至2022.12.24", "spo_list": [{"predicate": "任职日期", "object_type": "日期", "subject_type": "人物", "object": "2019.12.25至2022.12.24", "subject": "李永明"}]}
{"text": "吴文仙独立董事2019.12.25至2022.12.24", "spo_list": [{"predicate": "任职日期", "object_type": "日期", "subject_type": "人物", "object": "2019.12.25至2022.12.24", "subject": "吴文仙"}]}
{"text": "王跃斌，男，1967年出生，中国国籍，无境外永久居留权，硕士研究生学历，高级经济师、中级工程师。王跃斌先生曾担任永康市现代开采机械厂厂长、王力机械总经理；2001年起任王力集团董事长；2005年起任王力有限董事长/执行董事兼总经理。现任公司董事长、总经理，任期为2019年12月至2022年12月。", "spo_list": [{"predicate": "国籍", "object_type": "国家", "subject_type": "人物", "object": "中国", "subject": "王跃斌"}, {"predicate": "最高学历", "object_type": "学历", "subject_type": "人物", "object": "研究生", "subject": "王跃斌"}]}
{"text": "王琛，女，1994年出生，中国国籍，无境外永久居留权，专科学历。现任公司董事、副总经理，任期为2019年12月至2022年12月。", "spo_list": [{"predicate": "国籍", "object_type": "国家", "subject_type": "人物", "object": "中国", "subject": "王琛"}, {"predicate": "最高学历", "object_type": "学历", "subject_type": "人物", "object": "专科", "subject": "王琛"}, {"predicate": "任职日期", "object_type": "日期", "subject_type": "人物", "object": "2019年12月至2022年12月", "subject": "王琛"}]}
{"text": "应敏，女，1966年生，中国国籍，无境外永久居留权，高中学历，经济师。", "spo_list": [{"predicate": "国籍", "object_type": "国家", "subject_type": "人物", "object": "中国", "subject": "应敏"}, {"predicate": "最高学历", "object_type": "学历", "subject_type": "人物", "object": "高中", "subject": "应敏"}]}
{"text": "应敏女士曾担任王力集团总经理助理；自2005年起任王力有限董事。现任公司董事，任期为2019年12月至2022年12月。", "spo_list": [{"predicate": "任职日期", "object_type": "日期", "subject_type": "人物", "object": "2019年12月至2022年12月", "subject": "应敏"}]}
{"text": "胡迎江，男，1966年生，中国国籍，无境外永久居留权，高中学历。胡迎江曾担任王力集团市场部经理、王力有限市场部经理、浙江浩力门业有限公司副总经理；自2013年起任王力有限产品总监。现任公司董事，任期为2019年12月至2022年12月。", "spo_list": [{"predicate": "国籍", "object_type": "国家", "subject_type": "人物", "object": "中国", "subject": "胡迎江"}, {"predicate": "最高学历", "object_type": "学历", "subject_type": "人物", "object": "高中", "subject": "胡迎江"}, {"predicate": "任职日期", "object_type": "日期", "subject_type": "人物", "object": "2019年12月至2022年12月", "subject": "胡迎江"}]}
{"text": "牟晓生，男，1953年生，中国国籍，无境外永久居留权，本科学历。牟晓生先生曾任公安部第三研究所第二研究室高级工程师、主任、公安部安防检测中心常务副主任。现任北京东华宏泰科技股份有限公司独立董事和公司独立董事，公司独立董事任期为2019年12月至2022年12月。", "spo_list": [{"predicate": "国籍", "object_type": "国家", "subject_type": "人物", "object": "中国", "subject": "牟晓生"}, {"predicate": "最高学历", "object_type": "学历", "subject_type": "人物", "object": "本科", "subject": "牟晓生"}, {"predicate": "任职日期", "object_type": "日期", "subject_type": "人物", "object": "2019年12月至2022年12月", "subject": "牟晓生"}]}
{"text": "李永明，男，1961年生，中国国籍，无境外永久居留权，硕士研究生学历，教授、博士生导师。李永明先生曾任浙江大学光华法学院助教、讲师、副教授；自2001年至今任浙江大学光华法学院教授、博士生导师。现任浙江大学控股集团有限公司董事、浙江中南卡通股份有限公司和公司独立董事。公司独立董事任期为2019年12月至2022年12月。", "spo_list": [{"predicate": "出生日期", "object_type": "国家", "subject_type": "人物", "object": "中国", "subject": "李永明"}, {"predicate": "国籍", "object_type": "日期", "subject_type": "人物", "object": "1961年", "subject": "李永明"}, {"predicate": "最高学历", "object_type": "学历", "subject_type": "人物", "object": "研究生", "subject": "李永明"}, {"predicate": "任职日期", "object_type": "日期", "subject_type": "人物", "object": "2019年12月至2022年12月", "subject": "李永明"}]}
{"text": "吴文仙，女，1961年生，中国国籍，无境外永久居留权，硕士研究生学历，注册会计师、注册资产评估师、国际注册内部审计师。吴文仙女士曾任安徽淮南审计局科长、安徽金海会计师事务所所长、浙江金鹰股份有限公司财务总监、豪舟控股集团股份有限公司副总经理兼财务总监、浙江华业塑料机械有限公司副总经理兼财务总监。现任公司独立董事，任期为2019年12月至2022年12月。", "spo_list": [{"predicate": "出生日期", "object_type": "国家", "subject_type": "人物", "object": "中国", "subject": "吴文仙"}, {"predicate": "国籍", "object_type": "学历", "subject_type": "人物", "object": "研究生", "subject": "吴文仙"}, {"predicate": "最高学历", "object_type": "日期", "subject_type": "人物", "object": "1961年", "subject": "吴文仙"}, {"predicate": "任职日期", "object_type": "日期", "subject_type": "人物", "object": "2019年12月至2022年12月", "subject": "吴文仙"}]}
{"text": "徐建阳，男，1970年生，中国国籍，无境外永久居留权，专科学历。徐建阳先生曾任永康市物资局科长；自2013年起担任王力有限总经办总经理助理。现任公司监事会主席，任期为2019年12月至2022年12月。", "spo_list": [{"predicate": "出生日期", "object_type": "日期", "subject_type": "人物", "object": "1970年", "subject": "徐建阳"}, {"predicate": "国籍", "object_type": "国家", "subject_type": "人物", "object": "中国", "subject": "徐建阳"}, {"predicate": "任职日期", "object_type": "学历", "subject_type": "人物", "object": "专科", "subject": "徐建阳"}, {"predicate": "最高学历", "object_type": "日期", "subject_type": "人物", "object": "2019年12月至2022年12月", "subject": "徐建阳"}]}
{"text": "肖红建，男，1979年生，中国国籍，无境外永久居留权，硕士研究生学历。肖红建先生曾任海通证券股份有限公司柜台市场部总经理助理，自2016年起任尚融资本管理有限公司董事总经理。现任公司监事，任期为2019年12月至2022年12月。", "spo_list": [{"predicate": "出生日期", "object_type": "日期", "subject_type": "人物", "object": "1979年", "subject": "肖红建"}, {"predicate": "国籍", "object_type": "国家", "subject_type": "人物", "object": "中国", "subject": "肖红建"}, {"predicate": "最高学历", "object_type": "学历", "subject_type": "人物", "object": "研究生", "subject": "肖红建"}, {"predicate": "任职日期", "object_type": "日期", "subject_type": "人物", "object": "2019年12月至2022年12月", "subject": "肖红建"}]}
{"text": "王挺，男，1981年生，中国国籍，无境外永久居留权，专科学历。王挺先生曾任永康市鼎成工贸有限公司总经理助理，自2007年起任王力有限董事长助理。现任公司监事，任期为2019年12月至2022年12月。", "spo_list": [{"predicate": "出生日期", "object_type": "学历", "subject_type": "人物", "object": "专科", "subject": "王挺"}, {"predicate": "国籍", "object_type": "日期", "subject_type": "人物", "object": "1981年", "subject": "王挺"}, {"predicate": "最高学历", "object_type": "日期", "subject_type": "人物", "object": "2019年12月至2022年12月", "subject": "王挺"}, {"predicate": "任职日期", "object_type": "国家", "subject_type": "人物", "object": "中国", "subject": "王挺"}]}
{"text": "陈泽鹏，男，1990年生，中国国籍，无境外永久居留权，硕士研究生学历。陈泽鹏先生曾任招商银行股份有限公司金华永康支行对公客户经理、同业客户经理；2017年11月加入公司。现任公司董事会秘书，任期为2019年12月至2022年12月。", "spo_list": [{"predicate": "出生日期", "object_type": "日期", "subject_type": "人物", "object": "1990年", "subject": "陈泽鹏"}, {"predicate": "国籍", "object_type": "日期", "subject_type": "人物", "object": "2019年12月至2022年12月", "subject": "陈泽鹏"}, {"predicate": "最高学历", "object_type": "国家", "subject_type": "人物", "object": "中国", "subject": "陈泽鹏"}, {"predicate": "任职日期", "object_type": "学历", "subject_type": "人物", "object": "研究生", "subject": "陈泽鹏"}]}
{"text": "陈智贤，男，1970年生，中国国籍，无境外永久居留权，初中学历。陈智贤先生曾担任王力集团上海办事处负责人、王力门业采购总监。现任公司副总经理，任期为2019年12月至2022年12月。", "spo_list": [{"predicate": "出生日期", "object_type": "学历", "subject_type": "人物", "object": "初中", "subject": "陈智贤"}, {"predicate": "国籍", "object_type": "日期", "subject_type": "人物", "object": "1970年", "subject": "陈智贤"}, {"predicate": "最高学历", "object_type": "日期", "subject_type": "人物", "object": "2019年12月至2022年12月", "subject": "陈智贤"}, {"predicate": "任职日期", "object_type": "国家", "subject_type": "人物", "object": "中国", "subject": "陈智贤"}]}
{"text": "王李霞，女，1988年生，中国国籍，无境外永久居留权，大专学历。王李霞女士曾任王力门业客服主任，2013年起历任王力有限营销总监助理、生产中心副总监、审计中心副总监。现任公司副总经理，任期为2019年12月至2022年12月。", "spo_list": [{"predicate": "出生日期", "object_type": "国家", "subject_type": "人物", "object": "中国", "subject": "王李霞"}, {"predicate": "国籍", "object_type": "日期", "subject_type": "人物", "object": "1988年", "subject": "王李霞"}, {"predicate": "最高学历", "object_type": "日期", "subject_type": "人物", "object": "2019年12月至2022年12月", "subject": "王李霞"}, {"predicate": "任职日期", "object_type": "学历", "subject_type": "人物", "object": "大专", "subject": "王李霞"}]}
{"text": "王顺达，男，1978年生，中国国籍，无境外永久居留权，中专学历。王顺达先生曾担任王力机械厂长；2005年起历任王力有限生产总监、生产管理事业部总经理。现任公司副总经理，任期为2019年12月至2022年12月。", "spo_list": [{"predicate": "出生日期", "object_type": "国家", "subject_type": "人物", "object": "中国", "subject": "王顺达"}, {"predicate": "国籍", "object_type": "日期", "subject_type": "人物", "object": "1978年", "subject": "王顺达"}, {"predicate": "最高学历", "object_type": "日期", "subject_type": "人物", "object": "2019年12月至2022年12月", "subject": "王顺达"}, {"predicate": "任职日期", "object_type": "学历", "subject_type": "人物", "object": "中专", "subject": "王顺达"}]}
{"text": "李琼杏，女，1980年生，中国国籍，无境外永久居留权，大专学历。自2006年起历任王力有限客服经理、营销事业部总经理。现任公司副总经理，任期为2019年12月至2022年12月。", "spo_list": [{"predicate": "出生日期", "object_type": "日期", "subject_type": "人物", "object": "1980年", "subject": "李琼杏"}, {"predicate": "国籍", "object_type": "国家", "subject_type": "人物", "object": "中国", "subject": "李琼杏"}, {"predicate": "最高学历", "object_type": "学历", "subject_type": "人物", "object": "大专", "subject": "李琼杏"}, {"predicate": "任职日期", "object_type": "日期", "subject_type": "人物", "object": "2019年12月至2022年12月", "subject": "李琼杏"}]}
{"text": "支崇铮，男，1981年生，中国国籍，无境外永久居留权，大专学历。支崇铮先生曾任王力门业生产副总助理、冰神科技生产经理、加彩工贸执行董事、王力有限研发总监助理。现任公司副总经理，任期为2019年12月至2022年12月。", "spo_list": [{"predicate": "出生日期", "object_type": "学历", "subject_type": "人物", "object": "大专", "subject": "支崇铮"}, {"predicate": "国籍", "object_type": "国家", "subject_type": "人物", "object": "中国", "subject": "支崇铮"}, {"predicate": "最高学历", "object_type": "日期", "subject_type": "人物", "object": "1981年", "subject": "支崇铮"}, {"predicate": "任职日期", "object_type": "日期", "subject_type": "人物", "object": "2019年12月至2022年12月", "subject": "支崇铮"}]}
{"text": "陈俐，女，1982年生，中国国籍，无境外永久居留权，专科学历。陈俐女士曾任中运物流、王力电动车、冰神科技、王力集团财务经理，2018年5月起，历任发行人财务副经理、财务经理、财务部门负责人和财务副总监，现任公司财务总监，任期为2020年6月至2022年12月。", "spo_list": [{"predicate": "出生日期", "object_type": "日期", "subject_type": "人物", "object": "1982年", "subject": "陈俐"}, {"predicate": "国籍", "object_type": "国家", "subject_type": "人物", "object": "中国", "subject": "陈俐"}, {"predicate": "最高学历", "object_type": "学历", "subject_type": "人物", "object": "专科", "subject": "陈俐"}, {"predicate": "任职日期", "object_type": "日期", "subject_type": "人物", "object": "2020年6月至2022年12月", "subject": "陈俐"}]}
{"text": "公司于2016年12月25日召开创立大会暨首次股东大会，根据《公司法》、《上市公司章程指引》的相关规定制定了《公司章程》，建立了股东大会制度，审议通过了《股东大会议事规则》，进一步规范了股东大会的运作机制。", "spo_list": [{"predicate": "会议召开日期", "object_type": "日期", "subject_type": "公司", "object": "2016年12月25日", "subject": "公司"}]}
{"text": "公司于2016年12月25日召开创立大会暨首次股东大会，根据《公司法》、《上市公司章程指引》的相关规定制定了《公司章程》，建立了董事会制度，审议通过《董事会议事规则》，进一步规范董事会的运行。公司董事会由7名董事组成，其中独立董事3名。董事会设董事长1名。董事由股东大会选举或更换，任期三年。董事任期届满，可连选连任。", "spo_list": [{"predicate": "会议召开日期", "object_type": "日期", "subject_type": "公司", "object": "2016年12月25日", "subject": "公司"}]}
{"text": "公司于2016年12月25日召开创立大会暨首次股东大会，根据《公司法》、《上市公司章程指引》的相关规定制定了《公司章程》，建立了监事会制度，监事会是公司内部的监督机构，对股东大会负责。同日，审议通过《监事会议事规则》，进一步规范了监事会的运行。公司监事会由三名监事组成，设监事会主席一名。监事会主席由全体监事过半数选举产生。监事会包括两名股东代表监事和一名由职工代表大会选举产生的职工代表监事。", "spo_list": [{"predicate": "会议召开日期", "object_type": "日期", "subject_type": "公司", "object": "2016年12月25日", "subject": "公司"}]}
{"text": "公司于2016年12月25日召开的创立大会暨首次股东大会审议通过《独立董事工作制度》。《独立董事工作制度》的主要内容包括：公司董事会设独立董事三名，其中至少包括一名会计专业人士。会计专业人士是指具有高级职称或注册会计师资格的人士。", "spo_list": [{"predicate": "会议召开日期", "object_type": "日期", "subject_type": "公司", "object": "2016年12月25日", "subject": "公司"}]}
{"text": "公司于2016年12月25日召开的第一届董事会第一次会议审议通过了《董事会秘书工作细则》，《董事会秘书工作细则》对董事会秘书的任职资格、主要职责、聘任与解聘和培训与考核等内容作了详细规定。董事会秘书应具备以下条件：具有良好的职业道德和个人品质；具备履行职责所必需的财务、管理、法律等专业知识；具备履行职责所必需的工作经验；取得上海证券交易所认可的董事会秘书资格证书。", "spo_list": [{"predicate": "会议召开日期", "object_type": "日期", "subject_type": "公司", "object": "2016年12月25日", "subject": "公司"}]}
{"text": "经公司于2016年12月25日召开的第一届董事会第一次会议审议通过，公司董事会制定了相应的《战略委员会实施细则》、《审计委员会实施细则》、《提名委员会实施细则》和《薪酬与考核委员会实施细则》，确定了战略委员会、审计委员会、提名委员会和薪酬与考核委员会各成员。", "spo_list": [{"predicate": "会议召开日期", "object_type": "日期", "subject_type": "公司", "object": "2016年12月25日", "subject": "公司"}]}
{"text": "报告期各期末，发行人资产总额分别为186,755.38万元、196,417.97万元、194,984.84万元和208,214.09万元，资产总额规模及其变动情况如下图所示：", "spo_list": [{"predicate": "总资产", "object_type": "金额", "subject_type": "日期", "object": "186,755.38万元", "subject": "报告期各期末"}, {"predicate": "总资产", "object_type": "金额", "subject_type": "日期", "object": "196,417.97万元", "subject": "报告期各期末"}, {"predicate": "总资产", "object_type": "金额", "subject_type": "日期", "object": "194,984.84万元", "subject": "报告期各期末"}, {"predicate": "总资产", "object_type": "金额", "subject_type": "日期", "object": "208,214.09万元", "subject": "报告期各期末"}]}
{"text": "报告期各期末，发行人应收票据账面价值分别为1,624.63万元、4,039.01万元和5,627.06万元和4,136.30万元。具体情况如下表所示：", "spo_list": [{"predicate": "应收票据", "object_type": "金额", "subject_type": "日期", "object": "1,624.63万元", "subject": "报告期各期末"}, {"predicate": "应收票据", "object_type": "金额", "subject_type": "日期", "object": "4,039.01万元", "subject": "报告期各期末"}, {"predicate": "应收票据", "object_type": "金额", "subject_type": "日期", "object": "5,627.06万元", "subject": "报告期各期末"}, {"predicate": "应收票据", "object_type": "金额", "subject_type": "日期", "object": "4,136.30万元", "subject": "报告期各期末"}]}
{"text": "报告期各期末，发行人应收账款账面价值分别为47,862.47万元、51,940.09万元、46,444.94万元和46,656.13万元，占流动资产比重分别为39.83%、41.90%、43.82%和43.73%，为流动资产最为重要的组成部分。", "spo_list": [{"predicate": "应收账款", "object_type": "金额", "subject_type": "日期", "object": "47,862.47万元", "subject": "报告期各期末"}, {"predicate": "应收账款", "object_type": "金额", "subject_type": "日期", "object": "51,940.09万元", "subject": "报告期各期末"}, {"predicate": "应收账款", "object_type": "金额", "subject_type": "日期", "object": "46,444.94万元", "subject": "报告期各期末"}, {"predicate": "应收账款", "object_type": "金额", "subject_type": "日期", "object": "46,656.13万元", "subject": "报告期各期末"}]}
{"text": "报告期内，发行人账龄1年以内的应收账款占比分别为63.00%、60.94%、61.00%和60.56%。账龄1-2年的应收账款占比分别为22.09%、18.73%、21.31%和16.61%，账龄2-5年的占比分别为14.40%、19.27%、16.14%和20.63%，账龄5年以上的占比分别为0.50%、1.06%、1.54%和2.20%,报告期各期末计提的坏账准备余额分别为5,477.60万元、7,073.21万元、6,528.27万元和7,574.16万元，坏账准备整体计提比例分别为10.27%、11.99%、12.32%和13.97%。", "spo_list": [{"predicate": "坏账准备", "object_type": "金额", "subject_type": "金额", "object": "5,477.60万元", "subject": "报告期各期末"}, {"predicate": "坏账准备", "object_type": "金额", "subject_type": "金额", "object": "7,073.21万元", "subject": "报告期各期末"}, {"predicate": "坏账准备", "object_type": "金额", "subject_type": "金额", "object": "6,528.27万元", "subject": "报告期各期末"}, {"predicate": "坏账准备", "object_type": "金额", "subject_type": "金额", "object": "7,574.16万元", "subject": "报告期各期末"}]}
{"text": "最近三年及一期，发行人计提应收账款坏账准备的金额分别为1,986.96万元、1,602.01万元、-544.94万元和1,045.89万元，未核销过应收账款。", "spo_list": [{"predicate": "坏账准备", "object_type": "金额", "subject_type": "日期", "object": "1,986.96万元", "subject": "最近三年及一期"}, {"predicate": "坏账准备", "object_type": "金额", "subject_type": "日期", "object": "1,602.01万元", "subject": "最近三年及一期"}, {"predicate": "坏账准备", "object_type": "金额", "subject_type": "日期", "object": "-544.94万元", "subject": "最近三年及一期"}, {"predicate": "坏账准备", "object_type": "金额", "subject_type": "日期", "object": "1,045.89万元", "subject": "最近三年及一期"}]}
{"text": "报告期各期末，发行人预付款项账面值分别为3,333.38万元、3,165.41万元、4,223.23万元和4,839.60万元，预付款项主要由预付货款等构成，发行人生产经营的主要原材料为钢材等大宗物资，其供应商一般为钢铁生产企业或者钢材商贸企业，一般不赊账且需要预付。", "spo_list": [{"predicate": "预付款项", "object_type": "金额", "subject_type": "日期", "object": "3,333.38万元", "subject": "报告期各期末"}, {"predicate": "预付款项", "object_type": "金额", "subject_type": "日期", "object": "3,165.41万元", "subject": "报告期各期末"}, {"predicate": "预付款项", "object_type": "金额", "subject_type": "日期", "object": "4,223.23万元", "subject": "报告期各期末"}, {"predicate": "预付款项", "object_type": "金额", "subject_type": "日期", "object": "4,839.60万元", "subject": "报告期各期末"}]}
{"text": "报告期各期末，发行人其他应收款账面价值分别为1,006.43万元、1,415.88万元、1,396.22万元和1,882.96万元，其他应收款主要由押金、保证金、应收暂付款等构成。", "spo_list": [{"predicate": "应收账款", "object_type": "金额", "subject_type": "金额", "object": "1,006.43万元", "subject": "报告期各期末"}, {"predicate": "应收账款", "object_type": "金额", "subject_type": "金额", "object": "1,415.88万元", "subject": "报告期各期末"}, {"predicate": "应收账款", "object_type": "金额", "subject_type": "金额", "object": "1,396.22万元", "subject": "报告期各期末"}, {"predicate": "应收账款", "object_type": "金额", "subject_type": "金额", "object": "1,882.96万元", "subject": "报告期各期末"}]}
{"text": "报告期内，发行人期末存货账面价值分别为26,789.79万元、26,146.94万元、23,525.00万元和24,810.86万元，占流动资产的比例分别为22.30%、21.09%、22.20%和23.26%，为流动资产重要组成部分。", "spo_list": [{"predicate": "存货", "object_type": "金额", "subject_type": "日期", "object": "26,789.79万元", "subject": "报告期内"}, {"predicate": "存货", "object_type": "金额", "subject_type": "日期", "object": "26,146.94万元", "subject": "报告期内"}, {"predicate": "存货", "object_type": "金额", "subject_type": "日期", "object": "23,525.00万元", "subject": "报告期内"}, {"predicate": "存货", "object_type": "金额", "subject_type": "日期", "object": "24,810.86万元", "subject": "报告期内"}]}
{"text": "报告期各期末，发出商品余额分别为8,663.12万元、9,391.82万元、8,338.74万元和7,200.22万元，主要为已发至工程业务客户处但尚未经验收通过的发出商品；发行人发出商品与工程业务客户支付的进度款等预收款项及经销商缴纳的工程保证金相匹配。", "spo_list": [{"predicate": "在产品余额", "object_type": "金额", "subject_type": "日期", "object": "8,663.12万元", "subject": "报告期各期末"}, {"predicate": "在产品余额", "object_type": "金额", "subject_type": "日期", "object": "9,391.82万元", "subject": "报告期各期末"}, {"predicate": "在产品余额", "object_type": "金额", "subject_type": "日期", "object": "8,338.74万元", "subject": "报告期各期末"}, {"predicate": "在产品余额", "object_type": "金额", "subject_type": "日期", "object": "7,200.22万元", "subject": "报告期各期末"}]}
{"text": "报告期各期，发行人管理费用分别为5,172.56万元、6,295.37万元、7,674.63万元和3,267.79万元，占营业收入的比例分别为3.02%、3.64%、3.93%和4.82%。管理费用的结构如下表所示：", "spo_list": [{"predicate": "管理费用", "object_type": "金额", "subject_type": "日期", "object": "5,172.56万元", "subject": "报告期各期"}, {"predicate": "管理费用", "object_type": "金额", "subject_type": "日期", "object": "6,295.37万元", "subject": "报告期各期"}, {"predicate": "管理费用", "object_type": "金额", "subject_type": "日期", "object": "7,674.63万元", "subject": "报告期各期"}, {"predicate": "管理费用", "object_type": "金额", "subject_type": "日期", "object": "3,267.79万元", "subject": "报告期各期"}]}
{"text": "3、研发费用报告期内，发行人研发费用发生额分别为5,241.23万元、3,604.48万元、4,304.06万元和2,366.04万元，占营业收入的比例分别为3.06%、2.09%、2.21%和3.49%，研发费用具体构成如下表所示：", "spo_list": [{"predicate": "研发费用", "object_type": "金额", "subject_type": "日期", "object": "5,241.23万元", "subject": "报告期内"}, {"predicate": "研发费用", "object_type": "金额", "subject_type": "日期", "object": "3,604.48万元", "subject": "报告期内"}, {"predicate": "研发费用", "object_type": "金额", "subject_type": "日期", "object": "4,304.06万元", "subject": "报告期内"}, {"predicate": "研发费用", "object_type": "金额", "subject_type": "日期", "object": "2,366.04万元", "subject": "报告期内"}]}
{"text": "报告期内，发行人财务费用发生额分别为-242.91万元、-548.16万元、-952.08万元和-475.27万元，占营业收入的比例分别为-0.14%、-0.32%、-0.49%和-0.70%，财务费用具体构成如下表所示：", "spo_list": [{"predicate": "财务费用", "object_type": "金额", "subject_type": "日期", "object": "-242.91万元", "subject": "报告期内"}, {"predicate": "财务费用", "object_type": "金额", "subject_type": "日期", "object": "-548.16万元", "subject": "报告期内"}, {"predicate": "财务费用", "object_type": "金额", "subject_type": "日期", "object": "-952.08万元", "subject": "报告期内"}, {"predicate": "财务费用", "object_type": "金额", "subject_type": "日期", "object": "-475.27万元", "subject": "报告期内"}]}
{"text": "报告期内，发行人税金及附加发生额分别为2,017.24万元、1,708.27万元、1,320.97万元和691.18万元，占营业收入的比例分别为1.18%、0.99%、0.68%和1.02%。税金及附加主要包括城市维护建设税、教育费附加及地方教育费附加、房产税、土地使用税、印花税和车船使用税等。", "spo_list": [{"predicate": "税金及附加", "object_type": "金额", "subject_type": "日期", "object": "2,017.24万元", "subject": "报告期内"}, {"predicate": "税金及附加", "object_type": "金额", "subject_type": "日期", "object": "1,708.27万元", "subject": "报告期内"}, {"predicate": "税金及附加", "object_type": "金额", "subject_type": "日期", "object": "1,320.97万元", "subject": "报告期内"}, {"predicate": "税金及附加", "object_type": "金额", "subject_type": "日期", "object": "691.18万元", "subject": "报告期内"}]}
