{"text": "2011年9月29日，公司第一届薪酬与考核委员会第二次会议通过了公司薪酬福利管理制度，具体如下：“一、坚持员工薪酬总量增长与公司经济效益增长相符、员工平均实际收入的增长与劳动生产率增长相符的原则；坚持经济性、合法性、公平性、激励性和竞争性的原则；坚持“效率优先、兼顾公平”的按劳分配原则；坚持员工收入与公司经济效益和岗位业绩挂钩的原则。二、薪酬体系分为：年薪工资制、岗位绩效工资制和计件工资制。三、年薪工资制是以公司年度经营目标为依据，根据经营者的经营责任、经营业绩、经营风险，按年度考核确定薪酬的分配制度。适用公司高层管理人员、中层管理人员及特殊岗位员工。四、年薪工资制由岗位基本年薪和绩效考核年薪构成。岗位基本年薪主要依据岗位重要程度、人才价位以及所承担的责任、风险等因素确定。绩效考核年薪依据公司年度经营目标完成情况和个人工作业绩，按照公司绩效考核办法考核确定。五、岗位绩效工资制适用公司从事管理、技术、业务、生产等管理岗位人员，以及协助管理的现场操作人员。六、岗位绩效工资制由岗位工资、绩效工资及津补贴构成。岗位工资是是按岗位的责任大小、技能要求、工作条件和工作强度等要素综合评价确定的工资。实行一岗多档、动态管理，岗变薪变。绩效工资是根据部门和员工工作业绩确定的工资。七、计件工资是按照生产作业的劳动定额，结合实际作业量确定收入的工资制度。适用按劳动定额和作业量确定的收入的现场操作岗位人员。”", "spo_list": [{"predicate": "会议召开日期", "object_type": "公司", "subject_type": "日期", "object": "公司", "subject": "2011年9月29日"}]}
{"text": "2012年末、2013年末及2014年末，公司应收新港船务的款项系盈利港务对新港船务的借款。2011年3月11日，新港船务第一届董事会第二次会议通过决议，由新港船务向各股东按其持股比例借款共计1,150万元，用于购买“港鑫10”轮以开展其拖轮服务，盈利港务按照其持股比例向新港船务提供借款460万元。2013年，新港船务归还了60万元。2014年，新港船务归还了285万元。", "spo_list": [{"predicate": "会议召开日期", "object_type": "公司", "subject_type": "日期", "object": "新港船务", "subject": "2011年3月11日"}]}
{"text": "2008年3月12日，盈利港务董事会作出决议，将注册资本由500万美元增至3,500万美元，其中，万林木业以人民币现金方式认缴2,625万美元新增注册资本，盈利国际（鸿富香港持有其100%股权）以美元现汇方式认缴375万美元新增注册资本；认缴增资价格等额于认缴新增注册资本金额。", "spo_list": [{"predicate": "会议召开日期", "object_type": "公司", "subject_type": "日期", "object": "盈利港", "subject": "2008年3月12日"}]}
{"text": "1、黄保忠，男，1957年1月出生，硕士。1989年至1993年任上海东申进出口公司副总经理；1993年至1999年任上海申实进出口有限公司部门经理；1999年至2004年任上海上实国际贸易（集团）有限公司部门经理；2004年至2006年任上海富安进出口有限公司董事长；2006年至2007年9月任上海中艺励安进出口有限公司董事长；2007年9月至2011年4月历任万林木业总经理、董事长及盈利港务董事长；2011年4月至今任公司董事长，盈利港务董事长。", "spo_list": [{"predicate": "出生日期", "object_type": "日期", "subject_type": "人物", "object": "1957年1月", "subject": "黄保忠"}]}
{"text": "2、孙玉峰，男，1961年5月出生，博士，高级经济师。2003年至2011年任日照港股份有限公司董事、副总经理、董事会秘书；2011年至今任公司董事、总经理，万林运输董事长，万林产业园执行董事；2013年11月至今任上海铉林国际物流有限公司董事。", "spo_list": [{"predicate": "出生日期", "object_type": "日期", "subject_type": "人物", "object": "1961年5月", "subject": "孙玉峰"}]}
{"text": "3、蔡磊，男，1949年7月出生，EMBA，高级经济师。1997年至2009年任上1-1-289海上实国际贸易（集团）有限公司总裁；2010年至今历任公司董事、常务副总经理，上海迈林董事长，万林香港执行董事。", "spo_list": [{"predicate": "出生日期", "object_type": "日期", "subject_type": "人物", "object": "1949年7月", "subject": "蔡磊"}]}
{"text": "4、黄智华，男，1967年12月出生，硕士。2007年至2008年任张家港保税物流园区苏润集装箱码头有限公司总经理；2009年至今任公司董事、副总经理，盈利港务董事、总经理，万林运输董事。", "spo_list": [{"predicate": "出生日期", "object_type": "日期", "subject_type": "人物", "object": "1967年12月", "subject": "黄智华"}]}
{"text": "5、张伟，男，1962年4月出生，大专。2004年至2006年任上海富安进出口有限公司副总经理；2006年至2007年任职于上海中艺励安进出口有限公司；2006年至今任上海祁祥董事长；2007年至今任公司董事。", "spo_list": [{"predicate": "出生日期", "object_type": "日期", "subject_type": "人物", "object": "1962年4月", "subject": "张伟"}]}
{"text": "6、阎建明，男，1965年7月出生，本科。2002年至2008年任山西太钢不锈钢股份有限公司总会计师；2008年至今任山西太钢投资有限公司经理；2010年至今任太钢创投经理；2010年4月至今任公司董事。", "spo_list": [{"predicate": "出生日期", "object_type": "日期", "subject_type": "人物", "object": "1965年7月", "subject": "阎建明"}]}
{"text": "7、钟廉，男，1960年7月出生，硕士。2005年至2008年任深圳市人民政府发展和改革局高技术产业处处长；2008年至今任深圳市创新投资集团有限公司副总经理；2011年10月至今任公司董事。", "spo_list": [{"predicate": "出生日期", "object_type": "日期", "subject_type": "人物", "object": "1960年7月", "subject": "钟廉"}]}
{"text": "8、佘廉，男，1959年9月出生，管理学教授、博士生导师。1995年至2000年任武汉交通科技大学教授、系副主任，1995年至2006年任《交通企业管理》杂志主编，2000年至2005年任武汉理工大学教授、主任、博士生导师；2005年至2013年任华中科技大学教授、主任、博士生导师；2008年7月至2014年7月任日照港股份有限公司的独立董事；2013年至今任国家行政学院教授、博士生导师；2013年5月至今任上海振华重工（集团）股份有限公司的独立董事；2014年6月至今任山东天业恒基股份有限公司的独立董事；2011年6月至今任公司独立董事。", "spo_list": [{"predicate": "出生日期", "object_type": "日期", "subject_type": "人物", "object": "1959年9月", "subject": "佘廉"}]}
{"text": "9、刘寿培，男，1948年3月出生，工商管理硕士，高级国际商务师。1995年至2012年3月任上海市五金矿产进出口有限公司党委副书记、总经理；2012年3月至今任上海市五金矿产进出口有限公司顾问；2011年6月至今任公司独立董事。", "spo_list": [{"predicate": "出生日期", "object_type": "日期", "subject_type": "人物", "object": "1948年3月", "subject": "刘寿培"}]}
{"text": "10、江秋霞，女，1948年8月出生，本科，高级会计师，非执业注册会计师。1999年9月至2009年9月退休前任上海华谊（集团）公司财务总监；现任上海仪电控股（集团）公司外部董事；2011年6月至今任公司独立董事。", "spo_list": [{"predicate": "出生日期", "object_type": "日期", "subject_type": "人物", "object": "1948年8月", "subject": "江秋霞"}]}
{"text": "11、罗剑烨，男，1969年12月出生，硕士。2000年至2004年任职于北京市金1-1-290杜律师事务所；2004年至2007年任北京市铸成律师事务所合伙人律师；2007年至今任北京市汉鼎联合律师事务所合伙人律师；2013年2月至今任华仪电气股份有限公司独立董事；2014年3月至今任中棉种业科技股份有限公司的独立董事；2011年6月至今任公司独立董事。", "spo_list": [{"predicate": "出生日期", "object_type": "日期", "subject_type": "人物", "object": "1969年12月", "subject": "罗剑烨"}]}
{"text": "1、盛波，男，1961年11月出生，硕士，软件工程师。2006年至今，历任深圳市创新投资集团投资管理总部、项目管理总部总经理助理、投资副总监、基金管理总部副部长、投资决策委员会委员；2007年至今任南通红土等董事、总经理；2010年4月至今任公司监事会主席。", "spo_list": [{"predicate": "出生日期", "object_type": "日期", "subject_type": "人物", "object": "1961年11月", "subject": "盛波"}]}
{"text": "2、孙跃峰，男，1975年2月出生，大专，助理经济师。1994年至2007年任张家港港务集团公司港埠分公司团委书记、安监科科长、库场队队长、生产商务部经理；2008年1月至2008年7月任张家港保税区捷信物流公司副总经理；2008年7月至今任盈利港务副总经理；2011年6月至今任公司监事。", "spo_list": [{"predicate": "出生日期", "object_type": "日期", "subject_type": "人物", "object": "1975年2月", "subject": "孙跃峰"}]}
{"text": "3、王智强，男，1972年11月出生，本科。2004年至2009年任北京中辉传媒发展有限公司运营总监；2009年至2010年任上海中艺励安进出口有限公司业务经理；2010年4月至今历任公司职工监事、总经理助理，万林产业园总经理。", "spo_list": [{"predicate": "出生日期", "object_type": "日期", "subject_type": "人物", "object": "1972年11月", "subject": "王智强"}]}
{"text": "4、吴江渝，男，1967年7月出生，硕士，工程师职称。2000年1月至2010年12月历任江苏申龙高科集团股份有限公司总裁助理、董事会秘书；2011年1月至今任公司副总经理、董事会秘书。", "spo_list": [{"predicate": "出生日期", "object_type": "日期", "subject_type": "人物", "object": "1967年7月", "subject": "吴江渝"}, {"predicate": "最高学历", "object_type": "学历", "subject_type": "人物", "object": "硕士", "subject": "吴江渝"}]}
{"text": "5、沈简文，男，1978年1月出生，双学士，中国注册会计师。2000年6月至2011年6月任德勤华永会计师事务所有限公司审计部高级经理；2011年6月至今任公司副总经理、财务总监；2013年11月至今任上海铉林国际物流有限公司董事长。", "spo_list": [{"predicate": "出生日期", "object_type": "学历", "subject_type": "人物", "object": "1978年1", "subject": "沈简文"}, {"predicate": "最高学历", "object_type": "学历", "subject_type": "人物", "object": "双学士", "subject": "沈简文"}]}
{"text": "6、李执峰，男，1973年12月出生，硕士。2004年至2005年任上海富安进出口有限公司总经理；2005年至2010年任上海中艺励安进出口有限公司总经理；2011年至今任公司副总经理，上海迈林董事、总经理。", "spo_list": [{"predicate": "出生日期", "object_type": "日期", "subject_type": "人物", "object": "1973年12月", "subject": "李执峰"}, {"predicate": "最高学历", "object_type": "学历", "subject_type": "人物", "object": "硕士", "subject": "李执峰"}]}
{"text": "2011年6月15日，公司创立大会暨第一次股东大会通过决议，选举黄保忠、孙玉峰、张万林、张伟、黄智华、蔡磊、阎建明、佘廉、刘寿培、江秋霞、罗剑烨为公司第一届董事会成员，任期三年，其中，佘廉、刘寿培、江秋霞、罗剑烨为独立董事。第一届董事会成员中，黄保忠由上海沪瑞提名，张伟由上海祁祥提名，阎建明由太钢创投提名，张万林由深圳创投提名，孙玉峰、黄智华、蔡磊、佘廉、刘寿培、江秋霞、罗剑烨由公司发起人共同提名。同日，公司第一届第一次董事会通过决议，选举黄保忠为公司第一届董事会董事长，任期三年。2011年10月16日，公司2011年第一次临时股东大会通过决议，同意张万林辞去公司董事职务，选举深圳创投提名的董事候选人钟廉为公司董事，任期为公司第一届董事会剩余任期期间。", "spo_list": [{"predicate": "会议召开日期", "object_type": "公司", "subject_type": "日期", "object": "公司", "subject": "2011年6月15日"}]}
{"text": "2014年6月15日，公司2014年第二次临时股东大会通过决议，根据公司董事会的提名选举黄保忠、孙玉峰、钟廉、张伟、黄智华、蔡磊、阎建明、佘廉、刘寿1-1-293培、江秋霞、罗剑烨为公司第二届董事会成员，任期三年。同日，公司第二届第一次董事会通过决议，选举黄保忠为公司第二届董事会董事长，任期三年。", "spo_list": [{"predicate": "会议召开日期", "object_type": "公司", "subject_type": "日期", "object": "公司", "subject": "2014年6月15日"}]}
{"text": "2011年6月15日，公司创立大会暨第一次股东大会通过决议，选举盛波、孙跃峰为公司第一届监事会成员，与由职工代表民主选举的监事王智强组成公司第一届监事会，任期三年。其中，盛波由深圳创投提名、孙跃峰由公司发起人共同提名。同日，公司第一届第一次监事会通过决议，选举盛波为公司第一届监事会主席，任期三年。", "spo_list": [{"predicate": "会议召开日期", "object_type": "公司", "subject_type": "日期", "object": "公司", "subject": "2011年6月15日"}]}
{"text": "2014年6月15日，公司2014年第二次临时股东大会通过决议，根据监事会的提名选举盛波、孙跃峰为公司第二届监事会成员，与由职工代表民主选举的监事王智强组成公司第二届监事会，任期三年。同日，公司第二届第一次监事会通过决议，选举盛波为公司第二届监事会主席，任期三年。", "spo_list": [{"predicate": "会议召开日期", "object_type": "公司", "subject_type": "日期", "object": "公司", "subject": "2014年6月15日"}]}
{"text": "2011年6月15日，公司第一届董事会第一次会议作出决议，聘任孙玉峰为股份有限公司总经理，聘任吴江渝为股份有限公司董事会秘书兼副总经理，聘任蔡磊、黄智华、李执峰为股份有限公司副总经理，聘任沈简文为股份有限公司财务总监兼1-1-303副总经理。上述高管变动主要系公司在变更设立股份有限公司时，为完善内部治理结构而重新设定岗位分工，聘任高级管理人员所致。实际上，2011年6月前，蔡磊、黄智华即已出任万林木业副总经理一职，李执峰作为公司重要的控股子公司上海迈林的总经理，实际承担了公司在木材进口代理业务方面的重要管理职务。", "spo_list": [{"predicate": "会议召开日期", "object_type": "公司", "subject_type": "日期", "object": "公司", "subject": "2011年6月15日"}]}
{"text": "2011年6月15日，公司召开了创立大会暨首次股东大会、第一届董事会第一次会议和第一届监事会第一次会议。公司创立大会暨首次股东大会审议通过了根据《公司法》、《上市公司章程指引》等法律法规制定的《公司章程》；选举产生了改制为股份有限公司后公司的第一届董事会、监事会成员，董事会成员中独立董事占董事会人数的比例超过1/3。公司董事会选举了董事长，聘请了总经理、董事会秘书、副总经理以及财务总监。公司监事会选举了监事会主席。公司法人治理结构得到了进一步加强。", "spo_list": [{"predicate": "会议召开日期", "object_type": "公司", "subject_type": "日期", "object": "公司", "subject": "2011年6月15日"}]}
{"text": "2011年6月15日，公司召开首次股东大会及第一届董事会第一次会议，审议通过了《股东大会议事规则》、《董事会议事规则》、《监事会议事规则》、《独1-1-305立董事工作制度》及《董事会秘书制度》。公司议事规则及工作制度符合《公司法》、《证券法》等相关法律、法规和规范性文件及《公司章程》等有关上市公司治理的规范性文件的要求，不存在差异。公司已依法建立健全了公司股东大会、董事会、监事会、独立董事、董事会秘书等制度。股东大会、董事会和监事会的召开、决议的内容及签署均符合相关制度要求，管理层、董事会均按照《公司法》、公司章程及相关制度等要求行使职权。", "spo_list": [{"predicate": "会议召开日期", "object_type": "公司", "subject_type": "日期", "object": "公司", "subject": "2011年6月15日"}]}
{"text": "2011年10月16日，公司召开2011年第一次临时股东大会，审议通过了《关于更换公司董事的议案》。", "spo_list": [{"predicate": "会议召开日期", "object_type": "日期", "subject_type": "公司", "object": "2011年10月16日", "subject": "公司"}]}
{"text": "2012年4月19日，公司召开2011年度股东大会，审议通过了《关于公司申请首次向社会公众公开发行人民币普通股股票并上市的议案》、《关于授权公司董事会办理公司本次发行上市有关具体事宜的议案》、《关于公司首次公开发行股票募集资金使用计划的议案》、《关于公司首次公开发行股票前滚存利润分配政策的议案》、《关于公司首次公开发行股票并上市后适用的<江苏万林现代物流股份有限公司章程(草案)>的议案》、《关于公司2009年度、2010年度及2011年度关联交易情况说明的议案》、《关于<江苏万林现代物流股份有限公司募集资金管理制度>的议案》等议案。", "spo_list": [{"predicate": "会议召开日期", "object_type": "日期", "subject_type": "公司", "object": "2012年4月19日", "subject": "公司"}]}
{"text": "2012年10月18日，公司召开2012年第一次临时股东大会，审议通过了《关于修改<江苏万林现代物流股份有限公司章程（草案）>的议案》、《关于公司2009年度、2010年度及2011年度关联交易情况说明的议案》。", "spo_list": [{"predicate": "会议召开日期", "object_type": "公司", "subject_type": "日期", "object": "公司", "subject": "2012年10月18日"}]}
{"text": "2012年12月6日，公司召开2012年第二次临时股东大会，审议通过了《关于变更公司经营范围的议案》、《关于公司章程修正案的议案》。", "spo_list": [{"predicate": "会议召开日期", "object_type": "公司", "subject_type": "日期", "object": "公司", "subject": "2012年12月6日"}]}
{"text": "2013年4月15日，公司召开2012年度股东大会，审议通过了《关于修改<江1-1-311苏万林现代物流股份有限公司章程(草案)>的议案》、《公司2012年度董事会工作报告》、《公司2012年度监事会工作报告》、《公司2012年度利润分配方案》、《公司2012年度决算报告》、《关于续聘德勤华永会计师事务所(特殊普通合伙)为公司2013年度财务报告审计机构的议案》、《关于调整公司独立董事津贴的议案》、《关于<江苏万林现代物流股份有限公司2013年度高级管理人员薪酬及绩效考核方案>的议案》、《关于公司及子公司2013年度向金融机构申请综合授信额度及为综合授信额度内贷款提供担保的议案》。", "spo_list": [{"predicate": "会议召开日期", "object_type": "公司", "subject_type": "日期", "object": "公司", "subject": "2013年4月15日"}]}
{"text": "2013年10月16日，公司召开2013年第一次临时股东大会，审议通过了《关于延长公司申请首次向社会公众公开发行人民币普通股股票并上市决议有效期的议案》、《关于变更公司经营范围的议案》、《关于修改公司章程的议案》、《关于修改<江苏万林现代物流股份有限公司章程（草案）>的议案》。", "spo_list": [{"predicate": "会议召开日期", "object_type": "公司", "subject_type": "日期", "object": "公司", "subject": "2013年10月16日"}]}
{"text": "2014年2月10日，公司召开2014年第一次临时股东大会，审议通过了《关于修订<关于公司申请首次向社会公众公开发行人民币普通股股票并上市的议案>的议案》、《关于授权公司董事会办理公司本次发行上市有关具体事宜的议案》、《关于公司首次公开发行股票并上市后三年内稳定股价预案的议案》、《关于公司就首次公开发行股票并上市事项出具有关承诺并提出相应约束措施的议案》、《关于公司上市后未来分红回报规划的议案》、《关于公司上市后股利分配政策的议案》、《关于修改<江苏万林现代物流股份有限公司章程(草案)>的议案》和《关于全体股东同意并委托发行人代为签署与本次发行上市相关的所有文件的议案》。", "spo_list": [{"predicate": "会议召开日期", "object_type": "公司", "subject_type": "日期", "object": "公司", "subject": "2014年2月10日"}]}
{"text": "2014年3月17日，公司召开2013年度股东大会，审议通过了《公司2013年度董事会工作报告》、《公司2013年度监事会工作报告》、《公司2013年度利润分配方案》、《关于续聘德勤华永会计师事务所（特殊普通合伙）为公司2014年度财务报告审计机构的议案》、《关于公司及子公司2014年度向金融机构申请综合授信额度及为综合授信额度内贷款提供担保的议案》、《关于修订<公司募集资金管理制度>的议案》。", "spo_list": [{"predicate": "会议召开日期", "object_type": "公司", "subject_type": "日期", "object": "公司", "subject": "2014年3月17日"}]}
{"text": "2014年6月15日，公司召开2014年第二次临时股东大会，审议通过了《关于选举黄保忠为公司第二届董事会非独立董事的议案》、《关于选举孙玉峰为公司第二届董事会非独立董事的议案》、《关于选举蔡磊为公司第二届董事会非独立董事1-1-312的议案》、《关于选举黄智华为公司第二届董事会非独立董事的议案》、《关于选举张伟为公司第二届董事会非独立董事的议案》、《关于选举阎建明为公司第二届董事会非独立董事的议案》、《关于选举钟廉为公司第二届董事会非独立董事的议案》、《关于选举佘廉为公司第二届董事会独立董事的议案》、《关于选举江秋霞为公司第二届董事会独立董事的议案》、《关于选举刘寿培为公司第二届董事会独立董事的议案》、《关于选举罗剑烨为公司第二届董事会独立董事的议案》、《关于选举盛波为公司第二届监事会监事的议案》、《关于选举孙跃峰为公司第二届监事会监事的议案》、《关于调整公司独立董事津贴的议案》、《关于<公司首次公开发行股票后填补被摊薄即期回报的措施>的议案》、《关于<公司首次公开发行股票中股东公开发售股份的具体方案>的议案》、《江苏万林现代物流股份有限公司股东大会网络投票管理制度》。", "spo_list": [{"predicate": "会议召开日期", "object_type": "日期", "subject_type": "公司", "object": "2014年6月15日", "subject": "公司"}]}
{"text": "2014年7月8日，公司召开2014年第三次临时股东大会，审议通过了《关于修改<江苏万林现代物流股份有限公司章程(草案)>的议案》。", "spo_list": [{"predicate": "会议召开日期", "object_type": "日期", "subject_type": "公司", "object": "2014年7月8日", "subject": "公司"}]}
{"text": "2012年3月29日，公司召开第一届董事会第三次会议，审议通过了《关于公司申请首次向社会公众公开发行人民币普通股股票并上市的议案》、《关于提请股东大会授权公司董事会办理公司本次发行上市有关具体事宜的议案》、《关于公司1-1-316首次公开发行股票募集资金使用计划的议案》、《关于公司首次公开发行股票前滚存利润分配政策的议案》、《关于公司首次公开发行股票并上市后适用的<江苏万林现代物流股份有限公司章程(草案)>的议案》等议案。", "spo_list": []}
{"text": "2012年9月29日，公司召开第一届董事会第四次会议，审议通过了《关于修改<江苏万林现代物流股份有限公司章程（草案）>的议案》、《关于公司2009年度、2010年度及2011年度关联交易情况说明的议案》议案。", "spo_list": []}
{"text": "2012年10月23日，公司召开第一届董事会第五次会议，审议通过了《关于<公司高级管理人员薪酬及绩效考核方案>的议案》、《关于审议公司2009年度、2010年度、2011年度及2012年1月-6月审计报告、财务报表及财务报表附注的议案》。", "spo_list": [{"predicate": "会议召开日期", "object_type": "公司", "subject_type": "日期", "object": "公司", "subject": "2012年10月23日"}]}
{"text": "2012年11月20日，公司召开了第一届董事会第六次会议，审议通过了《关于变更公司经营范围的议案》、《关于公司章程修正案的议案》、《关于召开公司2012年第二次临时股东大会的议案》。", "spo_list": [{"predicate": "会议召开日期", "object_type": "公司", "subject_type": "日期", "object": "公司", "subject": "2012年11月20日"}]}
{"text": "2013年3月25日，公司召开第一届董事会第七次会议，审议通过了《关于修改<江苏万林现代物流股份有限公司章程（草案）>的议案》、《关于公司2013年度关联交易计划的议案》、《公司2012年度董事会工作报告》、《公司2012年度总经理工作报告》、《公司2012年度利润分配方案》、《公司2012年度决算报告》、《关于续聘德勤华永会计师事务所（特殊普通合伙）为公司2013年度财务报告审计机构的议案》、《关于公司2010-2012年度审计报告、财务报表及财务报表附注的议案》、《公司2012年度内部控制自我评价报告》、《关于调整公司独立董事津贴的议案》、《关于<江苏万林现代物流股份有限公司2013年度高级管理人员薪酬及绩效考核方案>的议案》、《关于公司及子公司2013年度向金融机构申请综合授信额度及为综合授信额度内贷款提供担保的议案》、《关于召开公司2012年度股东大会的议案》。", "spo_list": [{"predicate": "会议召开日期", "object_type": "日期", "subject_type": "公司", "object": "2013年3月25日", "subject": "公司"}]}
{"text": "2013年5月6日，公司召开第一届董事会第八次会议，审议通过了《关于公司向上海迈林国际贸易有限公司增资的议案》。", "spo_list": [{"predicate": "会议召开日期", "object_type": "公司", "subject_type": "日期", "object": "公司", "subject": "2013年5月6日"}]}
{"text": "2013年8月26日，公司召开第一届董事会第九次会议，审议通过了《关于<公司2010-2012年度及2013年1-6月审计报告、财务报表及财务报表附注>的议案》及《关于<公司2013年半年度内部控制自我评价报告>的议案》。", "spo_list": [{"predicate": "会议召开日期", "object_type": "公司", "subject_type": "日期", "object": "公司", "subject": "2013年8月26日"}]}
{"text": "1-1-3172013年9月30日，公司召开第一届董事会第十次会议，审议通过了《关于延长公司申请首次向社会公众公开发行人民币普通股股票并上市决议有效期的议案》、《关于变更公司经营范围的议案》、《关于修改公司章程的议案》、《关于修改<江苏万林现代物流股份有限公司章程（草案）>的议案》、《关于召开公司2013年第一次临时股东大会的议案》。", "spo_list": [{"predicate": "会议召开日期", "object_type": "公司", "subject_type": "日期", "object": "公司", "subject": "2013年9月30日"}]}
{"text": "2014年1月26日，公司召开第一届董事会第十一次会议，审议通过了《关于修订<关于公司申请首次向社会公众公开发行人民币普通股股票并上市的议案>的议案》、《关于提请股东大会授权公司董事会办理公司本次发行上市有关具体事宜的议案》、《关于公司首次公开发行股票并上市后三年内稳定股价预案的议案》、《关于公司就首次公开发行股票并上市事项出具有关承诺并提出相应约束措施的议案》、《关于公司上市后未来分红回报规划的议案》、《关于公司上市后股利分配政策的议案》、《关于修改<江苏万林现代物流股份有限公司章程(草案)>的议案》、《关于全体股东同意并委托发行人代为签署与本次发行上市相关的所有文件的议案》和《关于召开公司2014年第一次临时股东大会的议案》。", "spo_list": [{"predicate": "会议召开日期", "object_type": "公司", "subject_type": "日期", "object": "公司", "subject": "2014年1月26日"}]}
{"text": "2014年2月24日，公司召开第一届董事会第十二次会议，审议通过了《关于公司2014年度关联交易计划的议案》、《公司2013年度董事会工作报告》、《公司2013年度总经理工作报告》、《公司2013年度利润分配方案》、《关于续聘德勤华永会计师事务所（特殊普通合伙）为公司2014年度财务报告审计机构的议案》、《关于公司2011-2013年度审计报告、财务报表及财务报表附注的议案》、《关于<公司2013年度内部控制自我评价报告>的议案》、《关于<江苏万林现代物流股份有限公司2014年度高级管理人员薪酬及绩效考核方案>的议案》、《关于公司及子公司2014年度向金融机构申请综合授信额度及为综合授信额度内贷款提供担保的议案》、《关于修订<公司募集资金管理制度>的议案》和《关于召开公司2013年度股东大会的议案》。", "spo_list": [{"predicate": "会议召开日期", "object_type": "公司", "subject_type": "日期", "object": "公司", "subject": "2014年2月24日"}]}
{"text": "2014年5月29日，公司召开第一届董事会第十三次会议，审议通过了《关于提名黄保忠为公司第二届董事会非独立董事候选人的议案》、《关于提名孙玉峰为公司第二届董事会非独立董事候选人的议案》、《关于提名蔡磊为公司第二届董事会非独立董事候选人的议案》、《关于提名黄智华为公司第二届董事会非独立董事1-1-318候选人的议案》、《关于提名张伟为公司第二届董事会非独立董事候选人的议案》、《关于提名阎建明为公司第二届董事会非独立董事候选人的议案》、《关于提名钟廉为公司第二届董事会非独立董事候选人的议案》、《关于提名佘廉为公司第二届董事会独立董事候选人的议案》、《关于提名江秋霞为公司第二届董事会独立董事候选人的议案》、《关于提名刘寿培为公司第二届董事会独立董事候选人的议案》、《关于提名罗剑烨为公司第二届董事会独立董事候选人的议案》、《关于调整公司独立董事津贴的议案》、《关于<公司首次公开发行股票后填补被摊薄即期回报的措施>的议案》、《关于<公司首次公开发行股票中股东公开发售股份的具体方案>的议案》、《江苏万林现代物流股份有限公司股东大会网络投票管理制度》、《江苏万林现代物流股份有限公司投资者投诉处理工作制度》、《关于召开公司2014年第二次临时股东大会的议案》。", "spo_list": [{"predicate": "会议召开日期", "object_type": "公司", "subject_type": "日期", "object": "公司", "subject": "2014年5月29日"}]}
{"text": "2014年6月15日，公司召开第二届董事会第一次会议，审议通过了《关于选举公司第二届董事会董事长的议案》、《关于选举薪酬与考核委员会委员的议案》、《关于选举提名委员会委员的议案》、《关于选举除主任委员之外的其他战略委员会委员的议案》、《关于选举审计委员会委员的议案》、《关于聘请公司总经理的议案》、《关于聘请公司董事会秘书的议案》、《关于聘请公司副总经理的议案》、《关于聘请财务负责人的议案》、《关于同意江秋霞担任审计委员会主任委员的议案》、《关于同意佘廉担任薪酬与考核委员会主任委员的议案》、《关于同意刘寿培担任提名委员会主任委员的议案》。", "spo_list": [{"predicate": "会议召开日期", "object_type": "日期", "subject_type": "公司", "object": "2014年6月15日", "subject": "公司"}]}
{"text": "2014年6月23日，公司召开第二届董事会第二次会议，审议通过了《关于修改<江苏万林现代物流股份有限公司章程(草案)>的议案》及《关于召开公司2014年第三次临时股东大会的议案》。", "spo_list": [{"predicate": "会议召开日期", "object_type": "日期", "subject_type": "公司", "object": "2014年6月23日", "subject": "公司"}]}
{"text": "2014年7月28日，公司召开第二届董事会第三次会议，审议通过了《关于审议<公司2014年1-6月内部控制自我评价报告>的议案》及《关于审议公司2011-2013年度及2014年1-6月审计报告、财务报表及财务报表附注的议案》。", "spo_list": [{"predicate": "会议召开日期", "object_type": "公司", "subject_type": "日期", "object": "公司", "subject": "2014年7月28日"}]}
{"text": "2014年11月26日，公司召开第二届董事会第四次会议，审议通过了《关于审议<公司2014年1-9月内部控制自我评价报告>的议案》及《关于审议公司2011-2013年度及2014年1-9月审计报告、财务报表及财务报表附注的议案》。", "spo_list": [{"predicate": "会议召开日期", "object_type": "日期", "subject_type": "公司", "object": "2014年11月26日", "subject": "公司"}]}
{"text": "1-1-3192015年1月25日，公司召开第二届董事会第五次会议，审议通过了《关于修订<关于公司申请首次向社会公众公开发行人民币普通股股票并上市的议案>中相关条款的议案》。", "spo_list": [{"predicate": "会议召开日期", "object_type": "日期", "subject_type": "公司", "object": "2015年1月25日", "subject": "公司"}]}
{"text": "2015年3月27日，公司召开第二届董事会第六次会议，审议通过了《关于公司2015年度关联交易计划的议案》、《公司2014年度董事会工作报告》、《公司总经理2014年度工作报告》、《公司2014年度利润分配方案》、《关于续聘德勤华永会计师事务所（特殊普通合伙）为公司2015年度财务报告审计机构的议案》、《关于公司2012-2014年度审计报告、财务报表及财务报表附注的议案》、《关于<公司2014年度内部控制自我评价报告>的议案》、《关于<公司2015年度高级管理人员薪酬及绩效考核方案>的议案》、《关于公司及子公司2015年度向金融机构申请综合授信额度及为综合授信额度内贷款提供担保的议案》及《关于召开公司2014年度股东大会的议案》。", "spo_list": [{"predicate": "会议召开日期", "object_type": "公司", "subject_type": "日期", "object": "公司", "subject": "2015年3月27日"}]}
{"text": "2011年6月15日，公司召开第一届监事会第一次会议，审议通过了《关于选举监事会主席的议案》。", "spo_list": [{"predicate": "会议召开日期", "object_type": "公司", "subject_type": "日期", "object": "公司", "subject": "2011年6月15日"}]}
{"text": "2011年10月5日，公司召开第一届监事会第二次会议，审议通过了《关于就公司董事更换事项进行监督的议案》。", "spo_list": [{"predicate": "会议召开日期", "object_type": "日期", "subject_type": "公司", "object": "2011年10月5日", "subject": "公司"}]}
{"text": "2012年3月29日，公司召开第一届监事会第三次会议，审议通过了《公司2011年度监事会工作报告》、《公司2009年度、2010年度及2011年度关联交易情况说明1-1-322的议案》、《关于上市公司股东未来分红回报规划的议案》等议案。", "spo_list": [{"predicate": "会议召开日期", "object_type": "日期", "subject_type": "公司", "object": "2012年3月29日", "subject": "公司"}]}
{"text": "2012年9月29日，公司召开第一届监事会第四次会议，审议通过了《关于修改<江苏万林现代物流股份有限公司章程（草案）>的议案》、《公司2009年度、2010年度及2011年度关联交易情况说明的议案》。", "spo_list": [{"predicate": "会议召开日期", "object_type": "日期", "subject_type": "公司", "object": "2012年9月29日", "subject": "公司"}]}
{"text": "2013年3月25日，公司召开第一届监事会第五次会议，审议通过了《公司2012年度监事会工作报告》、《关于公司2010-2012年度审计报告、财务报表及财务报表附注的议案》、《关于公司2013年度关联交易计划的议案》、《公司2012年度利润分配方案》、《关于<公司2012年度内部控制自我评价报告>的议案》。", "spo_list": [{"predicate": "会议召开日期", "object_type": "日期", "subject_type": "公司", "object": "2013年3月25日", "subject": "公司"}]}
{"text": "2013年8月26日，公司召开第一届监事会第六次会议，审议通过了《关于<公司2010-2012年度及2013年1-6月审计报告、财务报表及财务报表附注>的议案》及《关于<公司2013年半年度内部控制自我评价报告>的议案》。", "spo_list": [{"predicate": "会议召开日期", "object_type": "公司", "subject_type": "日期", "object": "公司", "subject": "2013年8月26日"}]}
{"text": "2014年2月24日，公司召开第一届监事会第七次会议，审议通过了《关于<公司2013年度监事会工作报告>的议案》、《关于公司2011-2013年度审计报告、财务报表及财务报表附注的议案》、《关于公司2014年度关联交易计划的议案》、《关于<公司2013年度利润分配方案>的议案》和《关于<公司2013年度内部控制自我评价报告>的议案》。", "spo_list": [{"predicate": "会议召开日期", "object_type": "公司", "subject_type": "日期", "object": "公司", "subject": "2014年2月24日"}]}
{"text": "2014年5月29日，公司召开第一届监事会第八次会议，审议通过了《关于提名盛波为公司第二届监事会监事候选人的议案》、《关于提名孙跃峰为公司第二届监事会监事候选人的议案》。", "spo_list": [{"predicate": "会议召开日期", "object_type": "日期", "subject_type": "公司", "object": "2014年5月29日", "subject": "公司"}]}
{"text": "2014年6月15日，公司召开第二届监事会第一次会议，审议通过了《关于选举公司第二届监事会主席的议案》。", "spo_list": [{"predicate": "会议召开日期", "object_type": "日期", "subject_type": "公司", "object": "2014年6月15日", "subject": "公司"}]}
{"text": "2014年7月28日，公司召开第二届监事会第二次会议，审议通过了《关于审议<公司2014年1-6月内部控制自我评价报告>的议案》及《关于审议公司2011-2013年度及2014年1-6月审计报告、财务报表及财务报表附注的议案》。", "spo_list": [{"predicate": "会议召开日期", "object_type": "公司", "subject_type": "日期", "object": "公司", "subject": "2014年7月28日"}]}
{"text": "2014年11月26日，公司召开第二届监事会第三次会议，审议通过了《关于审议<公司2014年1-9月内部控制自我评价报告>的议案》及《关于审议公司2011-2013年度及2014年1-9月审计报告、财务报表及财务报表附注的议案》。", "spo_list": [{"predicate": "会议召开日期", "object_type": "日期", "subject_type": "公司", "object": "2014年11月26日", "subject": "公司"}]}
{"text": "2015年3月27日，公司召开第二届监事会第四次会议，审议通过了《关于<公司1-1-3232014年度监事会工作报告>的议案》、《关于公司2012-2014年度审计报告、财务报表及财务报表附注的议案》、《关于公司2015年度关联交易计划的议案》、《关于<公司2014年度利润分配方案>的议案》及《关于<公司2014年度内部控制自我评价报告>的议案》。", "spo_list": [{"predicate": "会议召开日期", "object_type": "日期", "subject_type": "公司", "object": "2015年3月27日", "subject": "公司"}]}
{"text": "2014年6月15日，公司召开第二届董事会第一次会议，会议选举孙玉峰、罗剑烨为战略委员会委员，黄保忠为主任委员；会议选举黄保忠、刘寿培及江秋霞为提名委员会委员，其中刘寿培为主任委员；会议选举孙玉峰、佘廉及罗剑烨为薪酬与考核委员会委员，其中佘廉为主任委员；会议选举孙玉峰、江秋霞及罗剑烨为审计委员会委员，其中江秋霞为主任委员。", "spo_list": [{"predicate": "会议召开日期", "object_type": "日期", "subject_type": "公司", "object": "2014年6月15日", "subject": "公司"}]}
{"text": "2012年3月28日，公司召开第一届董事会战略委员会2012年第一次会议，审议通过了《关于<江苏万林现代物流股份有限公司推进木材物流配送中心和木材装卸扩能项目建设的方案>的议案》。", "spo_list": [{"predicate": "会议召开日期", "object_type": "日期", "subject_type": "公司", "object": "2012年3月28日", "subject": "公司"}]}
{"text": "2012年12月20日，公司召开第一届董事会战略委员会2012年第二次会议，审议通过了《关于公司本次募集资金投资项目进展情况的议案》。", "spo_list": [{"predicate": "会议召开日期", "object_type": "日期", "subject_type": "公司", "object": "2012年12月20日", "subject": "公司"}]}
{"text": "1-1-3342013年1月28日，公司召开第一届董事会战略委员会2013年第一次会议，审议通过了《关于公司未来发展战略及业务发展规划的议案》。", "spo_list": [{"predicate": "会议召开日期", "object_type": "日期", "subject_type": "公司", "object": "2013年1月28日", "subject": "公司"}]}
{"text": "2013年4月25日，公司召开第一届董事会战略委员会2013年第二次会议，审议通过了《关于公司向上海迈林国际贸易有限公司增资的议案》。", "spo_list": [{"predicate": "会议召开日期", "object_type": "公司", "subject_type": "日期", "object": "公司", "subject": "2013年4月25日"}]}
{"text": "2014年2月12日，公司召开第一届董事会战略委员会2014年第一次会议，审议通过了《关于研究制定公司未来发展战略及业务发展规划的议案》。", "spo_list": [{"predicate": "会议召开日期", "object_type": "日期", "subject_type": "公司", "object": "2014年2月12日", "subject": "公司"}]}
{"text": "2014年11月26日，公司召开第一届董事会战略委员会2014年第二次会议，审议通过了《关于加快建设公司基础设施服务项目的议案》。", "spo_list": [{"predicate": "会议召开日期", "object_type": "日期", "subject_type": "公司", "object": "2014年11月26日", "subject": "公司"}]}
{"text": "2015年3月27日，公司召开第二届董事会战略委员会2015年第一次会议，审议提供了《关于探索公司未来发展方向及推进重点项目建设的议案》。", "spo_list": [{"predicate": "会议召开日期", "object_type": "日期", "subject_type": "公司", "object": "2015年3月27日", "subject": "公司"}]}
{"text": "2011年6月15日，公司召开第一届董事会审计委员会2011年第一次会议，选举江秋霞担任本届董事会审计委员会主任委员。", "spo_list": [{"predicate": "会议召开日期", "object_type": "公司", "subject_type": "日期", "object": "公司", "subject": "2011年6月15日"}]}
{"text": "2011年10月21日，公司召开第一届董事会审计委员会2011年第二次会议，审议通过了《公司2011年三季度财务报告》。", "spo_list": [{"predicate": "会议召开日期", "object_type": "日期", "subject_type": "公司", "object": "2011年10月21日", "subject": "公司"}]}
{"text": "2012年2月10日，公司召开第一届董事会审计委员会2011年度会议，审议通过了《江苏万林现代物流股份有限公司2011年度财务报告》。", "spo_list": [{"predicate": "会议召开日期", "object_type": "日期", "subject_type": "公司", "object": "2012年2月10日", "subject": "公司"}]}
{"text": "2012年3月28日，公司召开第一届董事会审计委员会2012年第一次会议，审议通过了《关于续聘外部审计机构的议案》、《关于江苏万林现代物流股份有限公司2009年度、2010年度及2011年度关联交易情况说明的议案》。", "spo_list": [{"predicate": "会议召开日期", "object_type": "日期", "subject_type": "公司", "object": "2012年3月28日", "subject": "公司"}]}
{"text": "2012年7月20日，公司召开第一届董事会审计委员会2012年第二次会议，审议通过了《关于<江苏万林现代物流股份有限公司2012年上半年度财务报告>的议案》。", "spo_list": [{"predicate": "会议召开日期", "object_type": "公司", "subject_type": "日期", "object": "公司", "subject": "2012年7月20日"}]}
{"text": "2012年9月28日，公司召开第一届董事会审计委员会2012年第三次会议，审议通过了《关于公司2009年度、2010年度及2011年度关联交易情况说明的议案》。", "spo_list": [{"predicate": "会议召开日期", "object_type": "日期", "subject_type": "公司", "object": "2012年9月28日", "subject": "公司"}]}
{"text": "2013年1月28日，公司召开第一届董事会审计委员会2013年第一次会议，审议通过了《关于2012年度内部审计工作总结的议案》、《关于公司2012年度财务报告的议案》、《关于公司2013年度内部审计工作计划的议案》、《关于续聘德勤华永会计师事务所（特殊普通合伙）为公司2013年度财务报告审计机构的议案》。", "spo_list": [{"predicate": "会议召开日期", "object_type": "日期", "subject_type": "公司", "object": "2013年1月28日", "subject": "公司"}]}
{"text": "1-1-3352013年3月25日，公司召开第一届董事会审计委员会2013年第二次会议，审议通过了《关于公司2010-2012年度审计报告、财务报表及财务报表附注的议案》、《关于<公司2012年度内部控制自我评价报告>的议案》。", "spo_list": [{"predicate": "会议召开日期", "object_type": "日期", "subject_type": "公司", "object": "2013年3月25日", "subject": "公司"}]}
{"text": "2013年5月10日，公司召开第一届董事会审计委员会2013年第三次会议，审议通过了《关于公司2013年第一季度财务报表的议案》。", "spo_list": [{"predicate": "会议召开日期", "object_type": "日期", "subject_type": "公司", "object": "2013年5月10日", "subject": "公司"}]}
{"text": "2013年8月26日，公司召开第一届董事会审计委员会2013年第四次会议，审议通过了《关于<公司2010-2012年度及2013年1-6月审计报告、财务报表及财务报表附注>的议案》及《关于<公司2013年半年度内部控制自我评价报告>的议案》。", "spo_list": [{"predicate": "会议召开日期", "object_type": "日期", "subject_type": "公司", "object": "2013年8月26日", "subject": "公司"}]}
{"text": "2013年10月29日，公司召开第一届董事会审计委员会2013年第五次会议，审议通过了《关于公司2013年三季度财务报表的议案》。", "spo_list": [{"predicate": "会议召开日期", "object_type": "日期", "subject_type": "公司", "object": "2013年10月29日", "subject": "公司"}]}
{"text": "2014年2月12日，公司召开第一届董事会审计委员会2014年第一次会议，审议通过了《关于公司2013年度内部审计工作总结的议案》、《关于公司2013年度财务报告的议案》、《关于公司2014年度内部审计工作计划的议案》和《关于续聘德勤华永会计师事务所（特殊普通合伙）为公司2014年度财务报告审计机构的议案》。", "spo_list": [{"predicate": "会议召开日期", "object_type": "日期", "subject_type": "公司", "object": "2014年2月12日", "subject": "公司"}]}
{"text": "2014年2月24日，公司召开第一届董事会审计委员会2014年第二次会议，审议通过了《关于公司2011-2013年度审计报告、财务报表及财务报表附注的议案》和《关于<公司2013年度内部控制自我评价报告>的议案》。", "spo_list": [{"predicate": "会议召开日期", "object_type": "日期", "subject_type": "公司", "object": "2014年2月24日", "subject": "公司"}]}
{"text": "2014年4月28日，公司召开第一届董事会审计委员会2014年第三次会议，审议通过了《关于公司2014年第一季度财务报表的议案》。", "spo_list": [{"predicate": "会议召开日期", "object_type": "日期", "subject_type": "公司", "object": "2014年4月28日", "subject": "公司"}]}
{"text": "2014年6月15日，公司召开第二届董事会审计委员会2014年第一次会议，审议通过了《关于选举审计委员会主任委员的议案》。", "spo_list": [{"predicate": "会议召开日期", "object_type": "日期", "subject_type": "公司", "object": "2014年6月15日", "subject": "公司"}]}
{"text": "2014年7月23日，公司召开第二届董事会审计委员会2014年第二次会议，审议通过了《关于审议<公司2014年1-6月内部控制自我评价报告>的议案》及《关于审议公司2011-2013年度及2014年1-6月审计报告、财务报表及财务报表附注的议案》。", "spo_list": [{"predicate": "会议召开日期", "object_type": "日期", "subject_type": "公司", "object": "2014年7月23日", "subject": "公司"}]}
{"text": "2014年11月26日，公司召开第二届董事会审计委员会2014年第三次会议，审议通过了《关于审议<公司2014年1-9月内部控制自我评价报告>的议案》及《关于审议公司2011-2013年度及2014年1-9月审计报告、财务报表及财务报表附注的议案》。", "spo_list": [{"predicate": "会议召开日期", "object_type": "日期", "subject_type": "公司", "object": "2014年11月26日", "subject": "公司"}]}
{"text": "2015年3月27日，公司召开第二届董事会审计委员会2015年第一次会议，审议通1-1-336过了《关于公司2014年度内部审计工作总结的议案》、《关于公司2015年度内部审计工作计划的议案》、《关于续聘德勤华永会计师事务所（特殊普通合伙）为公司2015年度财务报告审计机构的议案》、《关于公司2012-2014年度审计报告、财务报表及财务报表附注的议案》、《关于<公司2014年度内部控制自我评价报告>的议案》。", "spo_list": [{"predicate": "会议召开日期", "object_type": "日期", "subject_type": "公司", "object": "2015年3月27日", "subject": "公司"}]}
{"text": "2011年6月15日，公司召开第一届董事会薪酬与考核委员会2011年第一次会议，选举佘廉担任本届董事会薪酬与考核委员会主任委员。", "spo_list": [{"predicate": "会议召开日期", "object_type": "公司", "subject_type": "日期", "object": "公司", "subject": "2011年6月15日"}]}
{"text": "2011年9月29日，公司召开第一届董事会薪酬与考核委员会2011年第二次会议，审议通过《关于<江苏万林现代物流股份有限公司薪酬福利管理制度>的议案》。", "spo_list": [{"predicate": "会议召开日期", "object_type": "日期", "subject_type": "公司", "object": "2011年9月29日", "subject": "公司"}]}
{"text": "2012年10月22日，公司召开第一届董事会薪酬与考核委员会2012年第一次会议，审议通过《关于<江苏万林现代物流股份有限公司高级管理人员薪酬及绩效考核方案>的议案》。", "spo_list": [{"predicate": "会议召开日期", "object_type": "日期", "subject_type": "公司", "object": "2012年10月22日", "subject": "公司"}]}
{"text": "2013年1月28日，公司召开第一届董事会薪酬与考核委员会2013年第一次会议，审议通过了《关于审核公司高级管理人员2012年度绩效考评及薪酬事项的议案》、《关于<江苏万林现代物流股份有限公司2013年度高级管理人员薪酬及绩效考核方案>的议案》、《关于调整公司独立董事津贴的议案》。", "spo_list": [{"predicate": "会议召开日期", "object_type": "日期", "subject_type": "公司", "object": "2013年1月28日", "subject": "公司"}]}
{"text": "2013年10月29日，公司召开第一届董事会薪酬与考核委员会2013年第二次会议，审议通过了《关于研究完善薪酬体系与绩效考核方案的议案》。", "spo_list": [{"predicate": "会议召开日期", "object_type": "日期", "subject_type": "公司", "object": "2013年10月29日", "subject": "公司"}]}
{"text": "2014年2月12日，公司召开第一届董事会薪酬与考核委员会2014年第一次会议，审议通过了《关于审核公司高级管理人员2013年度绩效考评及薪酬事项的议案》和《关于<江苏万林现代物流股份有限公司2014年度高级管理人员薪酬及绩效考核方案>的议案》。", "spo_list": [{"predicate": "会议召开日期", "object_type": "日期", "subject_type": "公司", "object": "2014年2月12日", "subject": "公司"}]}
{"text": "2014年6月15日，公司召开第二届董事会薪酬与考核委员会2014年第一次会议，审议通过了《关于选举薪酬与考核委员会主任委员的议案》。", "spo_list": [{"predicate": "会议召开日期", "object_type": "日期", "subject_type": "公司", "object": "2014年6月15日", "subject": "公司"}]}
{"text": "2015年3月27日，公司召开第二届董事会薪酬与考核委员会2015年第一次会议，审议通过了《关于审核公司高级管理人员2014年度绩效考评及薪酬事项的议案》、《关于<公司2015年度高级管理人员薪酬及绩效考核方案>的议案》", "spo_list": [{"predicate": "会议召开日期", "object_type": "日期", "subject_type": "公司", "object": "2015年3月27日", "subject": "公司"}]}
{"text": "1-1-3372011年6月15日，公司召开第一届董事会提名委员会2011年第一次会议，选举刘寿培担任本届董事会提名委员会主任委员。", "spo_list": [{"predicate": "会议召开日期", "object_type": "日期", "subject_type": "公司", "object": "2011年6月15日", "subject": "公司"}]}
{"text": "2011年9月29日，公司召开第一届董事会提名委员会2011年第二次会议，审议通过了《关于更换公司董事的议案》。", "spo_list": [{"predicate": "会议召开日期", "object_type": "日期", "subject_type": "公司", "object": "2011年9月29日", "subject": "公司"}]}
{"text": "2012年7月20日，公司召开第一届董事会提名委员会2012年第一次会议，审议通过了《关于<江苏万林现代物流股份有限公司董事及经理人员选聘管理办法>的议案》。", "spo_list": [{"predicate": "会议召开日期", "object_type": "日期", "subject_type": "公司", "object": "2012年7月20日", "subject": "公司"}]}
{"text": "2013年1月28日，公司召开第一届董事会提名委员会2013年第一次会议，审议通过了《关于审核公司董事会及高级管理层构成情况的议案》。", "spo_list": [{"predicate": "会议召开日期", "object_type": "日期", "subject_type": "公司", "object": "2013年1月28日", "subject": "公司"}]}
{"text": "2013年10月29日，公司召开第一届董事会提名委员会2013年第二次会议，审议通过了《关于研究制定公司人力资源规划体制的议案》。", "spo_list": [{"predicate": "会议召开日期", "object_type": "日期", "subject_type": "公司", "object": "2013年10月29日", "subject": "公司"}]}
{"text": "2014年2月12日，公司召开第一届董事会提名委员会2014年第一次会议，审议通过了《关于审核公司董事会及高级管理层构成情况的议案》。", "spo_list": [{"predicate": "会议召开日期", "object_type": "公司", "subject_type": "日期", "object": "公司", "subject": "2014年2月12日"}]}
{"text": "2014年5月23日，公司召开第一届董事会提名委员会2014年第二次会议，审议通过了《关于提名公司第二届董事会董事候选人的议案》。", "spo_list": [{"predicate": "会议召开日期", "object_type": "日期", "subject_type": "公司", "object": "2014年5月23日", "subject": "公司"}]}
{"text": "2014年6月15日，公司召开第二届董事会提名委员会2014年第一次会议，审议通过了《关于选举提名委员会主任委员的议案》。", "spo_list": [{"predicate": "会议召开日期", "object_type": "日期", "subject_type": "公司", "object": "2014年6月15日", "subject": "公司"}]}
{"text": "2015年3月27日，公司召开第二届董事会提名委员会2015年第一次会议，审议通过了《关于审核公司董事会及高级管理层构成情况的议案》。", "spo_list": [{"predicate": "会议召开日期", "object_type": "日期", "subject_type": "公司", "object": "2015年3月27日", "subject": "公司"}]}
{"text": "截至2014年末、2013年末和2012年末，本公司未分配利润余额中包括子公司已提取的盈余公积分别为34,076,597.74元、25,761,018.18元和17,074,893.39元。", "spo_list": [{"predicate": "盈余公积", "object_type": "金额", "subject_type": "日期", "object": "34,076,597.74元", "subject": "2014年末"}, {"predicate": "盈余公积", "object_type": "金额", "subject_type": "日期", "object": "25,761,018.18元", "subject": "2013年末"}, {"predicate": "盈余公积", "object_type": "金额", "subject_type": "日期", "object": "17,074,893.39元", "subject": "2012年末"}]}
{"text": "公司于2012年4月19日召开2011年度股东大会审议通过了《关于首次公开发行股票完成前滚存未分配利润处置的议案》。根据上述议案，公司本次公开发行前历年滚存的利润将由发行后的新老股东按持股比例共享。", "spo_list": [{"predicate": "会议召开日期", "object_type": "日期", "subject_type": "公司", "object": "2012年4月19日", "subject": "公司"}]}
{"text": "截至2014年末、2013年末及2012年末，公司应收账款余额分别为4,566.44万元、4,781.68万元和4,813.96万元，占流动资产的比例分别为1.65%、1.76%、和2.95%。公司的应收账款主要系港口装卸业务与基础物流业务所产生的应收装卸费和应收堆1-1-397存费等服务收入。公司一般给予港口装卸服务与基础物流服务的客户60天到90天的信用期，而进口代理业务的应收账款较少。", "spo_list": [{"predicate": "应收账款余额", "object_type": "金额", "subject_type": "日期", "object": "4,566.44万元", "subject": "2014年末"}, {"predicate": "应收账款余额", "object_type": "金额", "subject_type": "日期", "object": "4,781.68万元", "subject": "2013年末"}, {"predicate": "应收账款余额", "object_type": "金额", "subject_type": "日期", "object": "4,813.96万元", "subject": "2012年末"}]}
