{"text": "张翼飞先生：男，1970年出生，中国国籍，本科学历，拥有美国永久居留权。1992年7月至1994年12月，任北京市华晖环境保护公司工程部经理；1994年12月至2008年12月，历任北京建工金源环保发展有限公司总经理助理、技术总监、副总经理；2009年1月至2009年12月，任中持环保副总经理；2009年12月至2013年12月，任中持有限总经理；2014年1月至2014年6月，任中持有限副总经理。2014年6月至今任发行人董事、副总经理、董事会秘书。", "spo_list": [{"predicate": "出生日期", "object_type": "日期", "subject_type": "人物", "object": "1970年", "subject": "张翼飞"}, {"predicate": "国籍", "object_type": "国家", "subject_type": "人物", "object": "中国", "subject": "张翼飞"}, {"predicate": "最高学历", "object_type": "学历", "subject_type": "人物", "object": "本科", "subject": "张翼飞"}]}
{"text": "陈德清先生：男，1969年出生，中国国籍，本科学历，拥有加拿大永久居留权。1990年9月至1992年12月，任福建省直机关文明办科员；1992年12月至1994年4月，任福建冠顺房地产有限公司总经理秘书；1994年5月至1997年7月，任浙江华顺房地产投资有限公司副总经理；1997年8月至2005年3月，任北京冠海房地产有限公司副总经理；2005年4月至2007年12月，任北京海亚金源环保有限公司总经理；2008年1月至今，任中持环保董事；2014年2月至今，任中持检测董事，2015年2月至今，任中持检测总经理。2014年6月至今任发行人董事。", "spo_list": [{"predicate": "出生日期", "object_type": "学历", "subject_type": "人物", "object": "本科", "subject": "陈德清"}, {"predicate": "国籍", "object_type": "日期", "subject_type": "人物", "object": "1969年", "subject": "陈德清"}, {"predicate": "最高学历", "object_type": "国家", "subject_type": "人物", "object": "中国", "subject": "陈德清"}]}
{"text": "张勇先生：男，1973年出生，中国国籍，博士研究生学历，无境外永久居留权。2000年9月至2009年1月，任通用电气（中国）有限公司高新技术总监；2009年2月至今任启明维创创业投资管理（上海）有限公司投资合伙人。2013年4月至2014年6月，任中持有限董事；2014年6月至今任发行人董事。", "spo_list": [{"predicate": "出生日期", "object_type": "日期", "subject_type": "人物", "object": "1973年", "subject": "张勇"}, {"predicate": "国籍", "object_type": "国家", "subject_type": "人物", "object": "中国", "subject": "张勇"}, {"predicate": "最高学历", "object_type": "学历", "subject_type": "人物", "object": "研究生", "subject": "张勇"}]}
{"text": "于立峰先生：男，1965年出生，中国国籍，硕士研究生学历，无境外永久居留权。1986年8月至1996年5月，历任江西铜业股份有限公司德兴铜矿技术员、工段长、副厂长；1997年8月至1999年12月，任江西铜业股份有限公司董事会秘书处副处长；2000年1月至2003年5月，任上海科技创业投资股份有限公司总经理助理、投资部经理；2003年6月至2005年5月，任上海德馨医疗投资管理有限公司董事、总经理；2005年6月至今任上海亿创投资有限公司董事长、总经理；2011年6月至今，任纪源科星投委会委员。2013年4月至2014年6月，任中持有限董事；2014年6月至今任发行人董事。", "spo_list": [{"predicate": "出生日期", "object_type": "日期", "subject_type": "人物", "object": "1965年", "subject": "于立峰"}, {"predicate": "国籍", "object_type": "国家", "subject_type": "人物", "object": "中国", "subject": "于立峰"}, {"predicate": "最高学历", "object_type": "学历", "subject_type": "人物", "object": "研究生", "subject": "于立峰"}]}
{"text": "彭永臻先生：男，1949年出生，中国国籍，博士研究生学历，中国工程院土木、水利与建筑工程学部院士，无境外永久居留权，2007年全国模范教师，2009年获国家教学名师，2012年全国优秀科技工作者，2013年国家高层次人才特殊支持计划，2004年、2009年和2012年国家科技进步奖二等奖，2013年北京市科技进步奖一等奖，2015年全国先进工作者,2016年全国优秀共产党员，2016年北京市师德榜样，享受国务院特殊津贴。1976年9月至2000年2月，历任哈尔滨工业大学城市建设系助教、讲师、副教授、教授；2000年2月至今，任北京工业大学环境与能源工程学院环境工程研究所所长、教授、博士生导师；2015年2月至今，任康达国际环保有限公司独立非执行董事。2016年3月至今任发行人独立董事。", "spo_list": [{"predicate": "出生日期", "object_type": "日期", "subject_type": "人物", "object": "1949年", "subject": "彭永臻"}, {"predicate": "国籍", "object_type": "国家", "subject_type": "人物", "object": "中国", "subject": "彭永臻"}, {"predicate": "最高学历", "object_type": "学历", "subject_type": "人物", "object": "研究生", "subject": "彭永臻"}]}
{"text": "倪俊骥先生：男，1978年出生，中国国籍，本科学历，无境外永久居留权。2000年8月起在国浩律师集团（上海）事务所工作至今，历任律师助理、律师、合伙人、管理合伙人。2014年3月至今任江苏中南建设集团股份有限公司独立董事。2014年6月至今任发行人独立董事。", "spo_list": [{"predicate": "出生日期", "object_type": "日期", "subject_type": "人物", "object": "1978年", "subject": "倪俊骥"}, {"predicate": "国籍", "object_type": "国家", "subject_type": "人物", "object": "中国", "subject": "倪俊骥"}, {"predicate": "最高学历", "object_type": "学历", "subject_type": "人物", "object": "本科", "subject": "倪俊骥"}]}
{"text": "汪平先生：男，1963年出生，中国国籍，博士研究生学历，无境外永久居留权。1984年7月至2000年10月，先后任山东经济学院讲师、副教授、教授；2000年10月至今，任首都经济贸易大学会计学院教授、博士生导师。2014年6月至今任发行人独立董事。", "spo_list": [{"predicate": "出生日期", "object_type": "日期", "subject_type": "人物", "object": "1963年", "subject": "汪平"}, {"predicate": "国籍", "object_type": "国家", "subject_type": "人物", "object": "中国", "subject": "汪平"}, {"predicate": "最高学历", "object_type": "学历", "subject_type": "人物", "object": "研究生", "subject": "汪平"}]}
{"text": "潘旻先生：男，1975年出生，中国国籍，硕士研究生学历，无境外永久居留权。2000年4月至2006年2月，历任中国国际金融有限公司经理、副总裁；2006年3月至2008年9月，任SequoiaCapitalChinaAdvisors(HongKong)Limited副总裁；2008年10月至今，任红杉资本投资管理（天津）有限公司副总裁。2014年6月至今任发行人监事。", "spo_list": [{"predicate": "出生日期", "object_type": "日期", "subject_type": "人物", "object": "1975年", "subject": "潘旻"}, {"predicate": "国籍", "object_type": "国家", "subject_type": "人物", "object": "中国", "subject": "潘旻"}, {"predicate": "最高学历", "object_type": "学历", "subject_type": "人物", "object": "研究生", "subject": "潘旻"}]}
{"text": "周健先生：男，1969年出生，中国国籍，硕士研究生学历，无境外永久居留权。1990年9月至1996年6月，任华东电业管理局总调度局调度员；1996年7月至1997年11月，任君安证券有限公司项目经理；2000年3月至2000年9月,任加拿大PACIFICAPAPERSINC.分析师；2001年1月至2003年5月,任上海联和投资有限公司分析师、高级分析师、副经理；2004年1月至2009年1月,任加拿大P&JINVESTMENTCOMPANY咨询顾问、总裁；2012年10月至今，任上海联新投资咨询有限公司副总裁、高级副总裁。2015年1月至今任发行人监事。", "spo_list": [{"predicate": "出生日期", "object_type": "日期", "subject_type": "人物", "object": "1969年", "subject": "周健"}, {"predicate": "国籍", "object_type": "国家", "subject_type": "人物", "object": "中国", "subject": "周健"}, {"predicate": "最高学历", "object_type": "学历", "subject_type": "人物", "object": "研究生", "subject": "周健"}]}
{"text": "孙召强先生：男，1973年出生，中国国籍，硕士研究生学历，高级工程师，无境外永久居留权。1996年7月至2000年9月，任北京晓清环保技术公司主任；2000年10月至2004年3月，任北京永新环保有限公司经理；2004年4月至2007年7月，任北京建工金源环保发展有限公司经理；2007年8月至2015年8月，任中持盈佰利（北京）环境工程有限公司总经理；2012年1月至2014年6月，任中持有限副总经理。2014年6月至今任发行人副总经理。", "spo_list": [{"predicate": "出生日期", "object_type": "日期", "subject_type": "人物", "object": "1973年", "subject": "孙召强"}, {"predicate": "国籍", "object_type": "国家", "subject_type": "人物", "object": "中国", "subject": "孙召强"}, {"predicate": "最高学历", "object_type": "学历", "subject_type": "人物", "object": "研究生", "subject": "孙召强"}]}
{"text": "朱向东先生：男，1970年出生，中国国籍，硕士研究生学历，教授级高级工程师，无境外永久居留权，2013年“海英人才”。1992年7月至2010年9月，历任北京城市排水集团有限责任公司高碑店污水处理厂技术员、运行科长、副厂长、厂长及酒仙桥污水处理厂厂长；2010年10月至2014年6月，任中持有限副总经理。2014年6月至今任发行人副总经理。", "spo_list": [{"predicate": "出生日期", "object_type": "日期", "subject_type": "人物", "object": "1970年", "subject": "朱向东"}, {"predicate": "国籍", "object_type": "国家", "subject_type": "人物", "object": "中国", "subject": "朱向东"}, {"predicate": "最高学历", "object_type": "学历", "subject_type": "人物", "object": "研究生", "subject": "朱向东"}]}
{"text": "王志立先生：男，1971年出生，中国国籍，硕士研究生学历，无境外永久居留权。1993年9月至2001年12月，任邢台机械轧辊（集团）动力厂办公室主任；2004年2月至2009年9月，任北京桑德环境工程有限公司副总经理、总经理；2009年10月至2011年1月，任中国环保产业有限公司总经理；2011年3月至2013年12月，任北京中持绿色能源环境技术有限公司副总经理；2014年1月至2014年6月，任中持有限副总经理。2014年6月至今任发行人副总经理。", "spo_list": [{"predicate": "出生日期", "object_type": "国家", "subject_type": "人物", "object": "中国", "subject": "王志立"}, {"predicate": "国籍", "object_type": "日期", "subject_type": "人物", "object": "1971年", "subject": "王志立"}, {"predicate": "最高学历", "object_type": "学历", "subject_type": "人物", "object": "研究生", "subject": "王志立"}]}
{"text": "喻正昕先生：男，1979年出生，中国国籍，硕士研究生学历，无境外永久居留权。2003年5月至2008年3月，任北京建工金源环保发展有限公司运营事业部经理；2008年4月至2010年1月，任中持环保生产管理部经理；2010年1月至2011年6月，任沧州中持副总经理；2011年7月至今，任沧州中持总经理。2014年6月至2016年2月，任发行人监事会主席。2016年2月至今任发行人副总经理。", "spo_list": [{"predicate": "出生日期", "object_type": "日期", "subject_type": "人物", "object": "1979年", "subject": "喻正昕"}, {"predicate": "国籍", "object_type": "国家", "subject_type": "人物", "object": "中国", "subject": "喻正昕"}, {"predicate": "最高学历", "object_type": "学历", "subject_type": "人物", "object": "研究生", "subject": "喻正昕"}]}
{"text": "王海云女士：女，1979年出生，中国国籍，硕士研究生学历，无境外永久居留权。2005年7月至2013年6月，历任德勤华永会计师事务所有限公司审计部审计员、高级审计员、审计经理；2013年7月至2014年3月，任中国化工集团公司财务部会计处副处长；2014年3月至2014年11月，任中持有限/发行人财务经理。2014年11月至今任发行人财务总监。", "spo_list": [{"predicate": "出生日期", "object_type": "日期", "subject_type": "人物", "object": "1979年", "subject": "王海云"}, {"predicate": "国籍", "object_type": "国家", "subject_type": "人物", "object": "中国", "subject": "王海云"}, {"predicate": "最高学历", "object_type": "学历", "subject_type": "人物", "object": "研究生", "subject": "王海云"}]}
{"text": "孙庆峰先生：男，1977年出生，中国国籍，博士研究生学历，高级工程师，无境外永久居留权。2008年2月至2010年9月，任中持环保技术部工艺工程师；2010年10月至2014年6月，任中持有限技术部运营工程师、研发工程师；2014年6月至今任发行人研发部经理。孙庆峰参与撰写的学术著作有SunQ.,DengS.,", "spo_list": [{"predicate": "出生日期", "object_type": "日期", "subject_type": "人物", "object": "1977年", "subject": "孙庆峰"}, {"predicate": "国籍", "object_type": "国家", "subject_type": "人物", "object": "中国", "subject": "孙庆峰"}, {"predicate": "最高学历", "object_type": "学历", "subject_type": "人物", "object": "研究生", "subject": "孙庆峰"}]}
{"text": "吴飞先生：男，1979年出生，中国国籍，硕士研究生学历，高级工程师，无境外永久居留权。2004年7月至2008年2月，任北京建工金源环保发展有限公司工艺工程师；2008年3月至2010年2月，任中持环保技术发展部设计经理；2010年3月至2011年6月，任中持有限技术部副经理；2011年7月至2013年1月，任中持有限运营管理中心部门副总经理；2013年2月至2014年6月，任中持有限石家庄中持、沧州中持副总经理；2014年6月至今任发行人石家庄中持、沧州中持副总经理。吴飞为“序批式污水处理装置”、“一种波浪式生化污水处理装置”及“一种网孔自动捞毛设备”等专利发明人之一。", "spo_list": [{"predicate": "出生日期", "object_type": "日期", "subject_type": "人物", "object": "1979年", "subject": "吴飞"}, {"predicate": "国籍", "object_type": "国家", "subject_type": "人物", "object": "中国", "subject": "吴飞"}, {"predicate": "最高学历", "object_type": "学历", "subject_type": "人物", "object": "研究生", "subject": "吴飞"}]}
{"text": "郑淑文女士：女，1981年出生，中国国籍，硕士研究生学历，无境外永久居留权。2006年6月至2010年8月，任北京建工金源环保发展公司工艺工程师；2010年9月至2010年12月，任中持盈佰利（北京）环境工程有限公司技术部经理；2011年1月至2014年2月，任中持有限工程技术中心技术部经理；2014年2月至2014年10月，任中持有限/发行人工程事业部副总经理、技术部经理。2014年10月至今任发行人污泥事业部副总经理。2016年2月至今，任发行人监事会主席。郑淑文为“滤料拦截装置及安装有该滤料拦截装置的曝气生物滤池”、“滤料切割装置及安装有该滤料切割装置的曝气生物滤池”、“一种陶瓷超滤膜智能清洗装置”、“一种乳化液废水的预处理设备”、“一种污水流量调节装置及包含该装置的污水处理系统”及“无承托层曝气生物滤池”等专利发明人之一。", "spo_list": [{"predicate": "出生日期", "object_type": "日期", "subject_type": "人物", "object": "1981年", "subject": "郑淑文"}, {"predicate": "国籍", "object_type": "国家", "subject_type": "人物", "object": "中国", "subject": "郑淑文"}, {"predicate": "最高学历", "object_type": "学历", "subject_type": "人物", "object": "研究生", "subject": "郑淑文"}]}
{"text": "截至2016年12月31日，公司合并资产负债表货币资金余额为15,455.41万元、应收账款账面价值为16,552.29万元，存货账面价值为6,084.32万元，具体情况参见本招股说明书“第十一节管理层讨论与分析”之“一、财务状况分析”。", "spo_list": [{"predicate": "货币资金余额", "object_type": "金额", "subject_type": "日期", "object": "15,455.41万元", "subject": "2016年12月31日"}, {"predicate": "存货", "object_type": "金额", "subject_type": "日期", "object": "6,084.32万元", "subject": "2016年12月31日"}]}
{"text": "截至2016年12月31日，公司合并资产负债表长期应收款账面价值为4,433.09万元。本公司长期应收款主要为部分ROT项目特许经营权确认为长期应收款核算。此外，2016年6月，公司与山东石大科技石化有限公司签订项目终止合同，应收该公司的相关款项分别计入长期应收款与一年内到期的长期应收款核算。具体情况参见本招股说明书“第十一节管理层讨论与分析”之“一、财务状况分析”。", "spo_list": [{"predicate": "长期应付款", "object_type": "金额", "subject_type": "公司", "object": "4,433.09万元", "subject": "2016年12月31日"}]}
{"text": "截至2016年12月31日，公司长期股权投资账面价值为3,880.88万元，系持有中州水务控股有限公司15%的股权、北京金州恒基环保工程技术有限公司15%的股权和太原市泓源环境工程有限公司30%的股权。", "spo_list": [{"predicate": "长期股权投资账面价值", "object_type": "金额", "subject_type": "日期", "object": "3,880.88万元", "subject": "2016年12月31日"}]}
{"text": "截至2016年12月31日，公司短期借款余额为10,099.30万元，均为保证借款。", "spo_list": [{"predicate": "短期借款", "object_type": "金额", "subject_type": "日期", "object": "10,099.30万元", "subject": "2016年12月31日"}]}
{"text": "截至2016年12月31日，公司应付账款余额为10,076.96万元，主要为应付设备采购款及工程款。公司应付账款中无持有本公司5%以上（含5%）表决权股份的股东账款。", "spo_list": [{"predicate": "应付账款", "object_type": "金额", "subject_type": "日期", "object": "10,076.96万元", "subject": "2016年12月31日"}]}
{"text": "截至2016年12月31日，公司预收账款余额为58.40万元，公司预收账款中无持有本公司5%以上（含5%）表决权股份的股东账款。", "spo_list": [{"predicate": "预收款项", "object_type": "金额", "subject_type": "日期", "object": "58.40万元", "subject": "2016年12月31日"}]}
{"text": "截至2016年12月31日，公司长期借款账面余额为7,239.58万元。", "spo_list": [{"predicate": "长期借款", "object_type": "金额", "subject_type": "日期", "object": "7,239.58万元", "subject": "2016年12月31日"}]}
{"text": "截至2016年12月31日，公司预计负债账面余额为2,358.39万元，为公司特许经营权项目设备后续更新支出计提结余额。具体情况参见本招股说明书“第十一节管理层讨论与分析”之“一、财务状况分析”。", "spo_list": [{"predicate": "预计负债", "object_type": "金额", "subject_type": "日期", "object": "2,358.39万元", "subject": "2016年12月31日"}]}
{"text": "2014年末、2015年末及2016年末，公司货币资金余额分别为3,686.23万元、9,334.63万元和15,455.41万元，占资产总额的比例分别为7.43%、13.37%和19.01%，具体情况如下：单位：万元", "spo_list": [{"predicate": "货币资金余额", "object_type": "金额", "subject_type": "日期", "object": "3,686.23万元", "subject": "2014年末"}, {"predicate": "货币资金余额", "object_type": "金额", "subject_type": "日期", "object": "9,334.63万元", "subject": "2015年末"}, {"predicate": "货币资金余额", "object_type": "金额", "subject_type": "日期", "object": "15,455.41万元", "subject": "2016年末"}]}
{"text": "2014年末、2015年末及2016年末，应收账款净额分别为11,897.27万元、16,914.26万元和16,552.29万元，占当期营业收入的比例分别为34.83%、51.27%和40.46%。具体情况如下：", "spo_list": [{"predicate": "应收账款净额", "object_type": "金额", "subject_type": "日期", "object": "11,897.27万元", "subject": "2014年末"}, {"predicate": "应收账款净额", "object_type": "金额", "subject_type": "日期", "object": "16,914.26万元", "subject": "2015年末"}, {"predicate": "应收账款净额", "object_type": "金额", "subject_type": "日期", "object": "16,552.29万元", "subject": "2016年末"}]}
{"text": "2014年末、2015年末及2016年末，公司污水处理委托运营业务应收账款余额分别为1,985.69万元、3,085.04万元和880.90万元，分别占当期应收账款余额的15.77%、17.15%和4.96%。", "spo_list": [{"predicate": "应收账款余额", "object_type": "金额", "subject_type": "日期", "object": "1,985.69万元", "subject": "2014年末"}, {"predicate": "应收账款余额", "object_type": "金额", "subject_type": "日期", "object": "3,085.04万元", "subject": "2015年末"}, {"predicate": "应收账款余额", "object_type": "金额", "subject_type": "日期", "object": "880.90万元", "subject": "2016年末"}]}
{"text": "2014年末、2015年末及2016年末，公司污水处理投资运营业务应收账款余额分别为2,249.78万元、5,112.50万元和3,931.56万元，分别占当期应收账款余额的17.87%、28.43%和22.14%。", "spo_list": [{"predicate": "应收账款余额", "object_type": "金额", "subject_type": "日期", "object": "2,249.78万元", "subject": "2014年末"}, {"predicate": "应收账款余额", "object_type": "金额", "subject_type": "日期", "object": "5,112.50万元", "subject": "2015年末"}, {"predicate": "应收账款余额", "object_type": "金额", "subject_type": "日期", "object": "3,931.56万元", "subject": "2016年末"}]}
{"text": "2014年末、2015年末及2016年末，公司污水及污泥处理EPC业务应收账款余额分别为4,715.89万元、5,814.82万元和6,240.02万元，分别占当期应收账款余额的37.46%、32.33%和35.14%。", "spo_list": [{"predicate": "应收账款余额", "object_type": "金额", "subject_type": "日期", "object": "4,715.89万元", "subject": "2014年末"}, {"predicate": "应收账款余额", "object_type": "金额", "subject_type": "日期", "object": "5,814.82万元", "subject": "2015年末"}, {"predicate": "应收账款余额", "object_type": "金额", "subject_type": "日期", "object": "6,240.02万元", "subject": "2016年末"}]}
{"text": "2014年末、2015年末及2016年末，公司技术产品销售业务应收账款余额分别为2,650.98万元、3,303.16万元和6,656.80万元，分别占当期应收账款余额的21.06%、18.37%和37.49%。", "spo_list": [{"predicate": "应收账款余额", "object_type": "金额", "subject_type": "日期", "object": "2,650.98万元", "subject": "2014年末"}, {"predicate": "应收账款余额", "object_type": "金额", "subject_type": "日期", "object": "3,303.16万元", "subject": "2015年末"}, {"predicate": "应收账款余额", "object_type": "金额", "subject_type": "日期", "object": "6,656.80万元", "subject": "2016年末"}]}
{"text": "2014年末、2015年末及2016年末，公司其他综合服务业务应收账款余额分别为987.19万元、667.99万元和49.00万元，分别占当期应收账款余额的7.84%、3.71%和0.28%。", "spo_list": [{"predicate": "应收账款余额", "object_type": "金额", "subject_type": "日期", "object": "987.19万元", "subject": "2014年末"}, {"predicate": "应收账款余额", "object_type": "金额", "subject_type": "日期", "object": "667.99万元", "subject": "2015年末"}, {"predicate": "应收账款余额", "object_type": "金额", "subject_type": "日期", "object": "49.00万元", "subject": "2016年末"}]}
{"text": "公司预付款项主要为公司预付的设备采购款等。2014年末、2015年末及2016年末，公司预付款项余额分别为454.32万元、1,134.49万元和807.86万元，占资产总额的比例分别为0.92%、1.62%和0.99%。公司预付款项中无预付持有公司5%（含5%）以上表决权股份的股东单位的款项。", "spo_list": [{"predicate": "预付款项", "object_type": "金额", "subject_type": "日期", "object": "454.32万元", "subject": "2014年末"}, {"predicate": "预付款项", "object_type": "金额", "subject_type": "日期", "object": "1,134.49万元", "subject": "2015年末"}, {"predicate": "预付款项", "object_type": "金额", "subject_type": "日期", "object": "807.86万元", "subject": "016年末"}]}
{"text": "2014年末、2015年末及2016年末，公司其他应收款分别为760.05万元、1,373.84万元和1,088.23万元，占资产总额的比例分别为1.53%、1.97%和1.34%，比例较低。其他应收款主要是公司对外支付的履约保证金、投标保证金以及应收增值税退税款。", "spo_list": [{"predicate": "其他应收款净额", "object_type": "金额", "subject_type": "日期", "object": "760.05万元", "subject": "2014年末"}, {"predicate": "其他应收款净额", "object_type": "金额", "subject_type": "日期", "object": "1,373.84万元", "subject": "2015年末"}, {"predicate": "其他应收款净额", "object_type": "金额", "subject_type": "日期", "object": "1,088.23万元", "subject": "2016年末"}]}
{"text": "2014年末、2015年末及2016年末，公司存货余额分别为4,637.48万元、7,193.88万元和6,084.32万元，占资产总额的比例分别为9.34%、10.30%和7.48%。具体情况如下：", "spo_list": [{"predicate": "存货", "object_type": "金额", "subject_type": "日期", "object": "4,637.48万元", "subject": "2014年末"}, {"predicate": "存货", "object_type": "金额", "subject_type": "日期", "object": "7,193.88万元", "subject": "2015年末"}, {"predicate": "存货", "object_type": "金额", "subject_type": "日期", "object": "6,084.32万元", "subject": "2016年末"}]}
{"text": "2014年末、2015年末及2016年末，公司长期应收款账面价值分别为973.62万元、2,452.35万元和4,433.09万元，占资产总额的比例分别为1.96%、3.51%和5.45%。", "spo_list": [{"predicate": "长期应收款", "object_type": "金额", "subject_type": "日期", "object": "973.62万元", "subject": "2014年末"}, {"predicate": "长期应收款", "object_type": "金额", "subject_type": "日期", "object": "2,452.35万元", "subject": "2015年末"}, {"predicate": "长期应收款", "object_type": "金额", "subject_type": "日期", "object": "4,433.09万元", "subject": "2016年末"}]}
{"text": "2014年末、2015年末及2016年末，本公司无形资产账面价值分别为17,014.08万元、22,677.72万元和23,533.18万元，占资产总额的比例分别为34.27%、32.48%和28.95%。本公司无形资产主要为ROT、BOT项目特许经营权。", "spo_list": [{"predicate": "无形资产", "object_type": "金额", "subject_type": "日期", "object": "17,014.08万元", "subject": "2014年末"}, {"predicate": "无形资产", "object_type": "金额", "subject_type": "日期", "object": "22,677.72万元", "subject": "2015年末"}, {"predicate": "无形资产", "object_type": "金额", "subject_type": "日期", "object": "23,533.18万元", "subject": "2016年末"}]}
{"text": "2016年末，本公司其他非流动资产账面价值分别为1,990.21万元，占资产总额的比例为2.45%。其他非流动资产主要是购买土地及其他长期资产的预付款。", "spo_list": [{"predicate": "其他非流动资产", "object_type": "金额", "subject_type": "日期", "object": "1,990.21万元", "subject": "2016年末"}]}
{"text": "2014年末、2015年末及2016年末，公司应付账款分别为7,034.05万元、7,451.60万元和10,076.96万元，占负债总额的比例分别为31.14%、24.56%和27.19%。应付账款余额呈上升趋势，系随着公司业务快速增长，设备采购以及土建工程相应增加，使得公司应付账款逐步增长。报告期各期末，公司应付账款账龄结构及变动如下：", "spo_list": [{"predicate": "应付账款", "object_type": "金额", "subject_type": "日期", "object": "7,034.05万元", "subject": "2014年末"}, {"predicate": "应付账款", "object_type": "金额", "subject_type": "日期", "object": "7,451.60万元", "subject": "2015年末"}, {"predicate": "应付账款", "object_type": "金额", "subject_type": "日期", "object": "10,076.96万元", "subject": "2016年末"}]}
{"text": "2014年末、2015年末及2016年末，公司应付职工薪酬余额分别为1,005.21万元、912.05万元和1,275.45万元，占负债总额的比例分别为4.45%、3.01%和3.44%。", "spo_list": [{"predicate": "应付职工薪酬", "object_type": "日期", "subject_type": "日期", "object": "2016年末", "subject": "2014年末"}, {"predicate": "应付职工薪酬", "object_type": "金额", "subject_type": "金额", "object": "912.05万元", "subject": "1,005.21万元"}, {"predicate": "应付职工薪酬", "object_type": "金额", "subject_type": "日期", "object": "1,275.45万元", "subject": "2015年末"}]}
{"text": "2014年末、2015年末及2016年末，公司应交税费余额分别为1,087.89万元、2,146.98万元和1,375.27万元，占负债总额的比例分别为4.82%、7.08%和3.71%。", "spo_list": [{"predicate": "应交税费", "object_type": "金额", "subject_type": "日期", "object": "1,087.89万元", "subject": "2014年末"}, {"predicate": "应交税费", "object_type": "金额", "subject_type": "日期", "object": "2,146.98万元", "subject": "2015年末"}, {"predicate": "应交税费", "object_type": "金额", "subject_type": "日期", "object": "1,375.27万元", "subject": "2016年末"}]}
{"text": "2014年末、2015年末及2016年末，公司应交税费余额分别为0万元、100.00万元和1,148.65万元，占负债总额的比例分别为0%、0.33%和3.10%。", "spo_list": [{"predicate": "应交税费", "object_type": "金额", "subject_type": "日期", "object": "0万元", "subject": "2014年末"}, {"predicate": "应交税费", "object_type": "金额", "subject_type": "日期", "object": "100.00万元", "subject": "2015年末"}, {"predicate": "应交税费", "object_type": "金额", "subject_type": "日期", "object": "1,148.65万元", "subject": "2016年末"}]}
{"text": "2016年末，公司其他流动负债余额为2,144.28万元，占负债总额的比例为5.79%，主要是预提的增值税。", "spo_list": [{"predicate": "其他流动资产", "object_type": "金额", "subject_type": "日期", "object": "2,144.28万元", "subject": "2016年末"}]}
{"text": "2016年末预计负债余额2,358.39万元，为特许经营权项目设备后续更新支出计提结余额。", "spo_list": [{"predicate": "预计负债", "object_type": "金额", "subject_type": "日期", "object": "2,358.39万元", "subject": "2016年末"}]}
{"text": "单位：万元2014年度、2015年度及2016年度，公司净利润分别为3,985.67万元、4,666.54万元、4,837.61万元，复合增长率为10.17%，公司业绩具有良好的成长性。", "spo_list": [{"predicate": "净利润", "object_type": "金额", "subject_type": "日期", "object": "3,985.67万元", "subject": "2014年度、2015年度及2016年度"}, {"predicate": "净利润", "object_type": "金额", "subject_type": "日期", "object": "4,666.54万元", "subject": "2014年度、2015年度及2016年度"}, {"predicate": "净利润", "object_type": "金额", "subject_type": "日期", "object": "4,837.61万元", "subject": "2014年度、2015年度及2016年度"}]}
{"text": "2014年度、2015年度及2016年度，公司各项业务毛利额合计分别为10,478.47万元、10,038.12万元和11,053.51万元，其中污水处理运营业务毛利分别为6,742.63万元、5,303.02万元和5,170.34万元，占毛利总额的比例分别达到了64.35%、52.83%和46.78%，是公司主要利润来源。公司按照“中资产、重服务、区域经营”的经营理念，持续发展污水处理运营业务，随着公司污水处理运营业务的拓展以及公司运营技术能力、运营管理水平的不断提升，污水处理运营业务将为公司提供稳定利润来源。", "spo_list": [{"predicate": "毛利额", "object_type": "金额", "subject_type": "日期", "object": "10,478.47万元", "subject": "2014年度、2015年度及2016年度"}, {"predicate": "毛利额", "object_type": "金额", "subject_type": "日期", "object": "10,038.12万元", "subject": "2014年度、2015年度及2016年度"}, {"predicate": "毛利额", "object_type": "金额", "subject_type": "日期", "object": "11,053.51万元", "subject": "2014年度、2015年度及2016年度"}]}
{"text": "2014年度、2015年度及2016年度，公司销售费用分别为1,514.88万元、1,344.84万元和1,317.91万元，占同期营业收入的比例分别为4.43%、4.08%和3.22%。", "spo_list": [{"predicate": "销售费用", "object_type": "日期", "subject_type": "金额", "object": "2014年度", "subject": "1,514.88万元"}, {"predicate": "销售费用", "object_type": "日期", "subject_type": "金额", "object": "2015年度", "subject": "1,344.84万元"}, {"predicate": "销售费用", "object_type": "日期", "subject_type": "金额", "object": "2016年度", "subject": "1,317.91万元"}]}
{"text": "2014年度、2015年度及2016年度，公司管理费用分别为3,710.54万元、4,017.98万元和4,086.82万元，占同期营业收入的比例分别为10.86%、12.18%和9.99%。报告期内公司管理费用规模和占营业收入的比重总体稳定。", "spo_list": [{"predicate": "管理费用", "object_type": "日期", "subject_type": "金额", "object": "2014年度", "subject": "3,710.54万元"}, {"predicate": "管理费用", "object_type": "日期", "subject_type": "金额", "object": "2015年度", "subject": "4,017.98万元"}, {"predicate": "管理费用", "object_type": "日期", "subject_type": "金额", "object": "2016年度", "subject": "4,086.82万元"}]}
{"text": "2014年度、2015年度及2016年度，公司财务费用分别为412.92万元、414.33万元和724.54万元，占同期营业收入的比例分别为1.21%、1.26%和1.77%。", "spo_list": [{"predicate": "财务费用", "object_type": "日期", "subject_type": "金额", "object": "2014年度", "subject": "412.92万元"}, {"predicate": "财务费用", "object_type": "日期", "subject_type": "金额", "object": "2015年度", "subject": "414.33万元"}, {"predicate": "财务费用", "object_type": "日期", "subject_type": "金额", "object": "2016年度", "subject": "724.54万元"}]}
{"text": "2014年度、2015年度及2016年度，公司资产减值损失分别为362.18万元、393.24万元和260.31万元，均为计提的坏账准备金。", "spo_list": [{"predicate": "资产减值损失", "object_type": "日期", "subject_type": "金额", "object": "2014年度", "subject": "362.18万元"}, {"predicate": "资产减值损失", "object_type": "日期", "subject_type": "金额", "object": "2015年度", "subject": "393.24万元"}, {"predicate": "资产减值损失", "object_type": "日期", "subject_type": "金额", "object": "2016年度", "subject": "260.31万元"}]}
{"text": "报告期内，公司投资活动产生的现金流量净额均为负数，与公司处于快速发展阶段的特点相符合。2014年度、2015年度及2016年度，投资活动产生的现金流量净额分别为-10,478.09万元、-7,596.57万元和-5,005.79万元。", "spo_list": [{"predicate": "投资活动产生的现金流量净额", "object_type": "金额", "subject_type": "日期", "object": "-10,478.09万元", "subject": "2014年度"}, {"predicate": "投资活动产生的现金流量净额", "object_type": "金额", "subject_type": "日期", "object": "-7,596.57万元", "subject": "2015年度"}, {"predicate": "投资活动产生的现金流量净额", "object_type": "金额", "subject_type": "日期", "object": "-5,005.79万元", "subject": "2016年度"}]}
{"text": "2014年度、2015年度及2016年度，公司筹资活动产生的现金流量净额分别为6,115.04万元、13,072.12万元和1,435.02万元，公司融资能力较强，主要通过银行借款与股权融资满足业务快速发展的资金需求。", "spo_list": [{"predicate": "筹资活动产生的现金流量净额", "object_type": "金额", "subject_type": "日期", "object": "6,115.04万元", "subject": "2014年度"}, {"predicate": "筹资活动产生的现金流量净额", "object_type": "金额", "subject_type": "日期", "object": "13,072.12万元", "subject": "2015年度"}, {"predicate": "筹资活动产生的现金流量净额", "object_type": "金额", "subject_type": "日期", "object": "1,435.02万元", "subject": "2016年度"}]}
{"text": "发行人营业收入由2014年的34,158.95万元增长到2016年的40,914.28万元，年复合增长率为9.44%，2014年度、2015年度及2016年度实现的归属于母公司股东的净利润分别3,891.34万元、4,532.71万元、4,675.13万元，年复合增长率为9.61%，公司盈利规模持续增长，未来三年，鉴于水污染治理行业市场空间将进一步扩大，以及公司现有的已在运营期的10个特许经营权和17个污水处理委托运营项目会给公司带来稳定收入，公司有能力持续为股东提供良好的回报。", "spo_list": [{"predicate": "净利润", "object_type": "日期", "subject_type": "日期", "object": "2015年度", "subject": "2014年度"}, {"predicate": "净利润", "object_type": "日期", "subject_type": "日期", "object": "2016年度", "subject": "2014年度"}, {"predicate": "净利润", "object_type": "金额", "subject_type": "日期", "object": "3,891.34万元", "subject": "2014年度"}, {"predicate": "净利润", "object_type": "金额", "subject_type": "日期", "object": "4,532.71万元", "subject": "2014年度"}, {"predicate": "净利润", "object_type": "金额", "subject_type": "日期", "object": "4,675.13万元", "subject": "2014年度"}, {"predicate": "净利润", "object_type": "公司", "subject_type": "日期", "object": "母公司", "subject": "2014年度"}]}
