{"text": "4、股份公司成立日期：2008年6月30日", "spo_list": [{"predicate": "成立日期", "object_type": "公司", "subject_type": "日期", "object": "股份公司", "subject": "2008年6月30日"}]}
{"text": "根据毕马威华振会计师事务所于1994年9月10日和1995年5月16日分别出具的关于中新有限首期和第二期出资的《验资报告》，中新有限设立时的注册资本已经足额缴清。", "spo_list": [{"predicate": "出具日期", "object_type": "日期", "subject_type": "日期", "object": "1995年5月16日", "subject": "994年9月10日"}, {"predicate": "出具日期", "object_type": "文件", "subject_type": "日期", "object": "《验资报告》", "subject": "994年9月10日"}]}
{"text": "中新有限设立时的注册资本为5,000万美元，投资总额为10,000万美元，住所为苏州市三新路（金鸡湖度假村），法定代表人为林子安，经营范围为：（1）中新苏州工业园区开发集团股份有限公司首次公开发行股票招股说明书", "spo_list": [{"predicate": "注册资本", "object_type": "金额", "subject_type": "日期", "object": "5,000万美元", "subject": "设立时"}]}
{"text": "根据毕马威华振会计师事务所于1996年7月9日出具的《验资报告（第三期）》，增加的注册资本于1996年6月26日前已经足额缴清。1996年3月15日，中新有限领取了投资总额变更后的《外商投资企业批准证书》，1996年3月29日，取得变更后的“企合苏总字第020111号”《企业法人营业执照》。", "spo_list": [{"predicate": "出具日期", "object_type": "文件", "subject_type": "日期", "object": "《验资报告（第三期）》", "subject": "1996年7月9日"}]}
{"text": "中联资产评估有限公司于2005年4月25日出具了“中联评报字[2005]第48号”《中新苏州工业园区开发有限公司增资扩股项目资产评估报告书》，截至评估基准日2004年12月31日，中新有限经评估的净资产为人民币137,871.91万元。中新有限本次增资价格是以公司截至2004年12月31日的净资产评估值为基础确定。根据“中联评报字[2005]第48号”《评估报告》，中新有限本次增资时每一元注册资本的认缴价格高于其对应的净资产评估值。2005年5月8日，苏州工业园区财政税务局出具《资产评估项目核准意见的批复》，对上述评估报告予以确认。", "spo_list": [{"predicate": "出具日期", "object_type": "文件", "subject_type": "日期", "object": "《中新苏州工业园区开发有限公司增资扩股项目资产评估报告书》", "subject": "2005年4月25日"}]}
{"text": "就本次整体变更为股份有限公司，江苏仁合资产评估有限公司于2008年2月28日出具《评估报告》（苏仁评报字[2008]第015号）。该评估报告已于2008年3月12日报经江苏省国资委备案，备案编号为：苏国资评备[2008]5号。2008年3月27日，江苏省国资委以“苏国资复[2008]27号”《关于中新苏州工业园区开发股份有限公司（筹）国有股权管理有关问题的批复》，批准了中新有限变更设立为股份有限公司的折股方案和国有股权管理方案。", "spo_list": [{"predicate": "出具日期", "object_type": "文件", "subject_type": "日期", "object": "《评估报告》", "subject": "2008年2月28日"}]}
{"text": "2005年8月4日，苏州立信会计师事务所有限公司出具“苏立会验字[2005]第1212号”《验资报告》，验证截至2005年8月2日，中新公用的新增注册资本中新苏州工业园区开发集团股份有限公司首次公开发行股票招股说明书", "spo_list": [{"predicate": "出具日期", "object_type": "文件", "subject_type": "日期", "object": "苏立会验字[2005]第1212号”《验资报告》，", "subject": "2005年8月4日"}]}
{"text": "2005年9月6日，经清源水务股东会审议通过股权转让和增资扩股事项，中新苏州工业园区开发集团股份有限公司首次公开发行股票招股说明书", "spo_list": [{"predicate": "会议召开日期", "object_type": "公司", "subject_type": "日期", "object": "清源水务", "subject": "2005年9月6日"}]}
{"text": "2008年12月22日，中新豪生股东会决议同意发行人及中新智地公开转让所持该公司95%和5%的股权，价格以产权交易所公开转让价格为准。2009年1月15日，江苏华星会计所出具《苏州工业园区中新豪生酒店管理有限公司资产评估报告》（华星会评报字[2008]39号），同时上述报告经园区国资办以《资产评估项目核准意见的批复》核准。2009年3月11日，发行人及中新智地通过《新华日报》和苏州产权交易所发布《公开转让公告》。2009年4月8日，苏州产权交易所出具《苏州工业园区中新豪生酒店管理有限公司国有股权公开转让竞买意向人征集情况的函》，确认至有效公告期结束，征集到的竞买意向人为苏州工业园区建屋酒店投资管理有限公司。苏州产权交易所出具《鉴证报告书》（苏产企字[2009]第006号）对上述国有产权转让及成交进行鉴证。2009年4月9日，园区国资办批准上述股权转让。同日，发行人、中新智地与苏州工业园区建屋酒店投资管理有限公司签订《股权转让协议》，发行人、中新智地以399.68万元价格转让中新豪生100%股权。上述股权转让事宜已于2009年7月28日办理完毕工商变更登记手续。", "spo_list": [{"predicate": "出具日期", "object_type": "日期", "subject_type": "日期", "object": "2009年4月8日", "subject": "2009年1月15日"}, {"predicate": "出具日期", "object_type": "文件", "subject_type": "文件", "object": "《苏州工业园区中新豪生酒店管理有限公司国有股权公开转让竞买意向人征集情况的函》", "subject": "《苏州工业园区中新豪生酒店管理有限公司资产评估报告》"}]}
{"text": "1994年9月10日，毕马威华振会计师事务所对中新有限设立时的首期出资情况进行了审验，并出具《验资报告》。根据验资报告，截至1994年7月30日，中新有限已收到发起股东投入的资本2,500万美元，占应缴注册资本的50%。", "spo_list": [{"predicate": "出具日期", "object_type": "文件", "subject_type": "日期", "object": "《验资报告》", "subject": "1994年9月10日"}]}
{"text": "1995年5月16日，毕马威华振会计师事务所对中新有限设立时的第二期出资情况进行了审验，并出具《验资报告》。根据验资报告，截至1994年10月18日，中新有限剩余的应缴注册资本2,500万美元由发起人股东足额缴清。", "spo_list": [{"predicate": "出具日期", "object_type": "日期", "subject_type": "文件", "object": "1995年5月16日", "subject": "《验资报告》"}]}
{"text": "1996年7月9日，毕马威华振会计师事务所对中新有限第一次增资的情况进行了审验，并出具《验资报告》，根据验资报告，截至1996年6月26日，新增的5,000万美元注册资本已经由股东按比例足额缴清。本次增资全部以现金投入。", "spo_list": [{"predicate": "出具日期", "object_type": "文件", "subject_type": "日期", "object": "《验资报告》", "subject": "1996年7月9日"}]}
{"text": "2005年8月24日，安永大华会计师事务所对中新有限第二次增资的情况进行了审验，并出具“安永大华业字[2005]第0709号”《验资报告》，根据验资报中新苏州工业园区开发集团股份有限公司首次公开发行股票招股说明书", "spo_list": [{"predicate": "出具日期", "object_type": "文件", "subject_type": "日期", "object": "《验资报告》", "subject": "2005年8月24日"}]}
{"text": "1996年3月10日，苏州资产评估事务所出具“苏资评字（96）010号”《苏州工业园区投资实业有限公司资产评估报告书》，苏州工业园区投资实业有限公司的唯一资产为其持有的中新有限35%股权，截至1995年12月31日，园区实业经评估的净资产为人民币183,708,156.27元。1996年3月，苏州市国有资产管理局以“国评字（1996）年第04号”《资产评估认定书》，确认上述评估报告所述评估结果。1996年4月16日，经苏州市国有资产管理局下发的“苏国产字[1996]35号”《关于苏州工业园区股份有限公司股权设置的批复》批准：同意苏州工业园区股份有限公司净资产1,750万美元按1:1比例全部折成1,750万股，均为国有法人股。", "spo_list": [{"predicate": "出具日期", "object_type": "文件", "subject_type": "日期", "object": "《苏州工业园区投资实业有限公司资产评估报告书》", "subject": "1996年3月10日"}]}
{"text": "1996年4月16日，江苏华星会计师事务所出具“华星验字（96）018号”《验资报告》，中方财团的股本总额为7,200万股，注册资本为7,200万美元，其中园区经发、江苏省投资公司分别以各自拥有的苏州工业园区投资实业有限公司经评估后的净资产加部分美元或等值的人民币现金认购2,672万股和1,000万股，其余发起人以美元或等值人民币现金认购其余股份。1996年4月19日，办理完毕工商登记手续。苏州工业园区股份有限公司设立后，苏州工业园区投资实业有限公司亦已自行终止，其全部资产均投入改组后的苏州工业园区股份有限公司，其所有权利、义务也均由苏州工业园区股份有限公司继承，中方财团设立时的股权结构如下所示：", "spo_list": [{"predicate": "出具日期", "object_type": "日期", "subject_type": "文件", "object": "1996年4月16日", "subject": "《验资报告》"}]}
{"text": "（3）1997年5月13日，中方财团第二次股东大会审议通过《关于公司增资、增加新股东亦及调整各股东单位股权比例》的决议：①同意新增股东农银财务有限公司、及部分股东变更（苏州工业园区经济发展有限公司经江苏省人民政中新苏州工业园区开发集团股份有限公司首次公开发行股票招股说明书", "spo_list": [{"predicate": "会议召开日期", "object_type": "公司", "subject_type": "日期", "object": "中方财团", "subject": "1997年5月13日"}]}
{"text": "2001年5月10日，江苏华星会计师事务所出具“华星会验二字[2001]第063号”《验资报告》，中方财团的注册资本已足额缴纳。2001年5月11日，办理完毕工商变更手续。本次增资后中方财团股权结构如下所示：", "spo_list": [{"predicate": "出具日期", "object_type": "日期", "subject_type": "文件", "object": "2001年5月10日", "subject": "《验资报告》"}]}
{"text": "（10）2012年3月30日，经中方财团2011年度股东大会审议通过，鉴于股东单位中国长城工业总公司已更名为中国长城工业集团有限公司，中国节能投资公司已更名为中国节能环保集团公司，对该公司章程第一章第三条和第四章第三十条作相应更改，并于2012年5月25日办理完毕工商变更手续。", "spo_list": [{"predicate": "会议召开日期", "object_type": "公司", "subject_type": "日期", "object": "中方财团", "subject": "2012年3月30日"}]}
{"text": "（11）2014年3月18日，经中方财团2014年第二次临时股东大会审议通过：①同意农银国际控股有限公司将其持有中方财团400万美元股权划转给农银（苏州）投资管理有限公司；②根据上述的变动修订公司章程。2014年6月26日，办理完毕工商变更手续。", "spo_list": [{"predicate": "会议召开日期", "object_type": "公司", "subject_type": "日期", "object": "中方财团", "subject": "2014年3月18日"}]}
{"text": "（12）2014年8月8日，经中方财团2014年第三次临时股东大会审议通过，鉴于股东单位中化国际信息公司已更名为中化资产管理公司，对该公司章程第一章第三条、第四章第三十条作相应更改，并于2014年9月17日办理完毕工商变更手续。", "spo_list": [{"predicate": "会议召开日期", "object_type": "公司", "subject_type": "日期", "object": "中方财团", "subject": "2014年8月8日"}]}
{"text": "（13）2018年5月18日，经中方财团2017年度股东大会审议通过，鉴于股东单位中国远洋运输（集团）总公司已更名为中国远洋运输有限公司，对该公司章程第一章第三条、第四章第十四条作相应更改，并于2018年7月3日办理完毕工商变更手续。", "spo_list": [{"predicate": "会议召开日期", "object_type": "公司", "subject_type": "日期", "object": "中方财团", "subject": "2018年5月18日"}]}
{"text": "苏州工业园区中鑫能源发展有限公司（以下简称“中鑫发展”）成立于2017年1月10日，注册资本100,000万元，实收资本55,440万元，注册地址为苏州工业园区置业商务广场1幢16楼，主营业务为能源项目投资、投资咨询；合同能源管理；承装、承修、承试：供电设施和受电设施；工程项目管理。（依法须经批准的项目，经相关部门批准后方可开展经营活动）。中方财团持有其100%的股权。", "spo_list": [{"predicate": "成立日期", "object_type": "公司", "subject_type": "日期", "object": "苏州工业园区中鑫能源发展有限公司", "subject": "2017年1月10日"}, {"predicate": "注册资本", "object_type": "金额", "subject_type": "日期", "object": "100,000万元", "subject": "2017年1月10日"}]}
{"text": "苏州工业园区中鑫配售电有限公司（以下简称“中鑫配售电”）成立于2016年4月18日，注册资本20,500万元，实收资本6,363.13万元，注册地址为苏州工业园区置业商务广场1幢1501室，主营业务为电站、充电设施、储能设施、配电设施的投资、建设与运营；风电设备、光伏设备、储能设备及其他电气设备的销售；售电服务；能源信息服务；互联网、物联网、智慧能源领域的软硬件平台研发与应用；承装、承修、承试供电设施和受电设施；新能源领域内的技术开发、技术咨询、技术转让；合同能源管理、综合能源服务。（依法须经批准的项目，经相关部门批准后方可开展经营活动）。中方财团全资子公司中鑫发展持有其51.86%的股权。", "spo_list": [{"predicate": "成立日期", "object_type": "日期", "subject_type": "公司", "object": "2016年4月18日", "subject": "苏州工业园区中鑫配售电有限公司"}, {"predicate": "注册资本", "object_type": "金额", "subject_type": "公司", "object": "20,500万元", "subject": "苏州工业园区中鑫配售电有限公司"}]}
{"text": "上杭县伟光新能源科技有限公司成立于2016年12月15日，注册资本10万元，注册地址为上杭县临城镇石塘路9号，主营业务为新能源技术研发与推广、咨询服务；太阳能光伏发电及其应用系统工程设计、咨询、集成、工程安装、调试、技术服务；电力工程设计服务；能源管理服务；售电服务；机电设备安装服务；充电桩的安装、销售和运营；电气设备销售；光伏工程施工。（依法须经批准的项目，经相关部门批准后方可开展经营活动）。中方财团通过二级全资子公司苏州工业园区中鑫配售电有限公司间接持有其100%股权。", "spo_list": [{"predicate": "成立日期", "object_type": "公司", "subject_type": "日期", "object": "上杭县伟光新能源科技有限公司", "subject": "2016年12月15日"}, {"predicate": "注册资本", "object_type": "金额", "subject_type": "日期", "object": "10万元", "subject": "2016年12月15日"}]}
{"text": "南通首佳能源科技有限公司成立于2017年7月18日，注册资本100万元，注册地址为南通高新区九华路888号3号楼，主营业务为太阳能发电技术研发；太阳能电站、储能电站、微电网的建设及运营；承装、承修、承试供电设施和受电设施；太阳能光伏系统工程服务；蓄电池的销售；售电。（依法须经批准的项目，经相关部门批准后方可开展经营活动）。中方财团通过二级全资子公司苏州工业园区中鑫配售电有限公司间接持有其100%股权。", "spo_list": [{"predicate": "成立日期", "object_type": "日期", "subject_type": "公司", "object": "2017年7月18日", "subject": "南通首佳能源科技有限公司"}, {"predicate": "注册资本", "object_type": "金额", "subject_type": "公司", "object": "100万元", "subject": "南通首佳能源科技有限公司"}]}
{"text": "太仓北港电力能源有限公司成立于2017年8月11日，注册资本150万元，实收资本150万元，注册地址为太仓市双凤镇幸福路12号，主营业务为太阳能发电；光伏设备销售、维护；光伏设备安装工程设计及施工；智能化安装工程设计及施工；自营和代理各类商品及技术的进出口业务（国家限定企业经营或禁止进出口的商品和技术除外）。（依法须经批准的项目，经相关部门批准后方可开展经营活动）。中方财团通过二级全资子公司苏州工业园区中鑫配售电有限公司间接持有其100%股权。", "spo_list": [{"predicate": "成立日期", "object_type": "日期", "subject_type": "公司", "object": "2017年8月11日", "subject": "太仓北港电力能源有限公司"}, {"predicate": "注册资本", "object_type": "金额", "subject_type": "公司", "object": "150万元", "subject": "太仓北港电力能源有限公司"}]}
{"text": "苏州北江电力能源有限公司成立于2017年9月29日，注册资本82万元，实收资本82万元，注册地址为吴江经济技术开发区江陵东路8号华东国际商业城3号地块1号楼212，主营业务为新能源发电项目开发、投资及相关技术转让；光伏电站建设、维护；电力节能工程施工、设计；电力运行维护服务；售电服务。（依法须经批准的项目，经相关部门批准后方可开展经营活动）。中方财团通过二级全资子公司苏州工业园区中鑫配售电有限公司间接持有其100%股权。", "spo_list": [{"predicate": "成立日期", "object_type": "日期", "subject_type": "公司", "object": "2017年9月29日", "subject": "苏州北江电力能源有限公司"}, {"predicate": "注册资本", "object_type": "金额", "subject_type": "公司", "object": "82万元", "subject": "苏州北江电力能源有限公司"}]}
{"text": "苏州鑫北致同光伏能源有限公司成立于2018年1月4日，注册资本50万元，实收资本50万元，注册地址为苏州工业园区置业商务广场1幢1501室，主营业务为光伏能源科技领域内的技术开发、技术服务、技术咨询、技术转让；光伏电站建设；承装、承修、承试：供电设施和受电设施；售电服务。（依法须经批准的项目，经相关部门批准后方可开展经营活动）。中鑫北辰原持有苏州鑫北致同光伏能源有限公司100%股权，于2019年4月将其持有的全部股权转让给中鑫配售电，转让后中鑫配售电持有苏州鑫北致同光伏能源有限公司100%股权。2019年6月28日，苏州鑫北致同光伏能源有限公司完成工商登记变更手续。", "spo_list": [{"predicate": "成立日期", "object_type": "日期", "subject_type": "公司", "object": "2018年1月4日", "subject": "苏州鑫北致同光伏能源有限公司"}, {"predicate": "注册资本", "object_type": "金额", "subject_type": "公司", "object": "50万元", "subject": "苏州鑫北致同光伏能源有限公司"}]}
{"text": "苏州鑫北源汇电力能源有限公司成立于2018年1月30日，注册资本50万元，实收资本50万元，注册地址为苏州工业园区置业商务广场1幢1501室，主营业务为电力能源科技领域内的技术开发、技术服务、技术咨询、技术转让；光伏电站建设；承装、承修、承试：供电设施和受电设施；售电服务。（依法须经批准的项目，经相关部门批准后方可开展经营活动）。中鑫北辰原持有苏州鑫北源汇电力能源有限公司100%股权，于2019年4月将其持有的全部股权转让给中鑫配售电，转让后中鑫配售电持有苏州鑫北源汇电力能源有限公司100%股权。2019年6月28日，苏州鑫北源汇电力能源有限公司完成工商登记变更手续。", "spo_list": [{"predicate": "成立日期", "object_type": "日期", "subject_type": "公司", "object": "2018年1月30日", "subject": "苏州鑫北源汇电力能源有限公司"}, {"predicate": "注册资本", "object_type": "金额", "subject_type": "公司", "object": "50万元", "subject": "苏州鑫北源汇电力能源有限公司"}]}
{"text": "扬州鑫北伟创能源发展有限公司成立于2018年3月15日，注册资本50万元，注册地址为扬州市广陵区李典镇泰李西路李典科创园（青苹果创客空间），主营业务为新能源领域内的技术开发、技术服务、技术咨询、技术转让；承装、承修、承试供电设施和受电设施；合同能源管理。（依法须经批准的项目，经相关部门批准后方可开展经营活动）。中鑫北辰原持有扬州鑫北伟创能源发展有限公司100%股权，于2019年4月将其持有的全部股权转让给中鑫配售电，转让后中鑫配售电持有扬州鑫北伟创能源发展有限公司100%股权。2019年6月28日，扬州鑫北伟创能源发展有限公司完成工商登记变更手续。", "spo_list": [{"predicate": "成立日期", "object_type": "日期", "subject_type": "公司", "object": "2018年3月15日", "subject": "扬州鑫北伟创能源发展有限公"}, {"predicate": "注册资本", "object_type": "金额", "subject_type": "公司", "object": "50万元", "subject": "扬州鑫北伟创能源发展有限公"}]}
{"text": "江苏大器共成苏鑫能源发展有限公司成立于2018年3月15日，注册资本10000万，注册地址为南京市建邺区河西大街198号三单元10层1001室，主营业务为新能源技术开发、技术转让；承装、承修、承试供电设施和受电设施（须取得许可或批准后方可经营）；合同能源管理。（依法须经批准的项目，经相关部门批准后方可开展经营活动）。中鑫北辰原持有江苏大器共成苏鑫能源发展有限公司70%股权，于2019年4月将其持有的全部股权转让给中鑫配售电，转让后中鑫配售电持有江苏大器共成苏鑫能源发展有限公司70%股权。2019年6月28日，江苏大器共成苏鑫能源发展有限公司完成工商登记变更手续。", "spo_list": [{"predicate": "成立日期", "object_type": "公司", "subject_type": "日期", "object": "江苏大器共成苏鑫能源发展有限公司", "subject": "2018年3月15日"}, {"predicate": "注册资本", "object_type": "金额", "subject_type": "日期", "object": "10000万", "subject": "2018年3月15日"}]}
{"text": "苏州鑫北展业新能源有限公司成立于2018年5月2日，注册资本50万元，实收资本50万元，注册地址为苏州工业园区置业商务广场1幢1501室，主营业务为新能源科技领域内的技术开发、技术转让、技术咨询；光伏电站建设；承装、承修、承试：供电设施和受电设施；售电服务。（依法须经批准的项目，经相关中新苏州工业园区开发集团股份有限公司首次公开发行股票招股说明书", "spo_list": [{"predicate": "成立日期", "object_type": "日期", "subject_type": "公司", "object": "2018年5月2日", "subject": "苏州鑫北展业新能源有限公司"}, {"predicate": "注册资本", "object_type": "金额", "subject_type": "公司", "object": "50万元", "subject": "苏州鑫北展业新能源有限公司"}]}
{"text": "苏州工业园区鑫北正帆新能源有限公司成立于2018年5月4日，注册资本50万元，实收资本50万元，注册地址为苏州工业园区旺墩路158号置业商务广场1501室，主营业务为新能源领域内的技术开发、技术转让；承装、承修、承试：供电设施和受电设施；合同能源管理。（依法须经批准的项目，经相关部门批准后方可开展经营活动）。中方财团通过二级全资子公司苏州工业园区中鑫配售电有限公司间接持有其100%股权。", "spo_list": [{"predicate": "成立日期", "object_type": "日期", "subject_type": "公司", "object": "2018年5月4日", "subject": "苏州工业园区鑫北正帆新能源有限公司"}, {"predicate": "注册资本", "object_type": "金额", "subject_type": "公司", "object": "50万元", "subject": "苏州工业园区鑫北正帆新能源有限公司"}]}
{"text": "南京中鑫旺新能源有限公司成立于2018年5月7日，注册资本50万元，实收资本50万元，注册地址为南京市溧水区东屏镇工业集中区，主营业务为光伏能源科技领域内技术开发、技术服务、技术咨询、技术转让；光伏电站建设；承装、承修、承试供电设施和受电设施；售电服务。（依法须经批准的项目，经相关部门批准后方可开展经营活动）。中鑫北辰原持有南京中鑫旺新能源有限公司100%股权，于2019年4月将其持有的全部股权转让给中鑫配售电。转让后中鑫配售电持有南京中鑫旺新能源有限公司100%股权。2019年6月28日，南京中鑫旺新能源有限公司完成工商登记变更手续。", "spo_list": [{"predicate": "成立日期", "object_type": "日期", "subject_type": "公司", "object": "2018年5月7日", "subject": "南京中鑫旺新能源有限公司"}, {"predicate": "注册资本", "object_type": "金额", "subject_type": "公司", "object": "50万元", "subject": "南京中鑫旺新能源有限公司"}]}
{"text": "上海沃储能源科技有限公司成立于2018年6月12日，注册资本200万元，注册地址为上海市嘉定工业区叶城路925号B区4幢J3319室，主营业务为从事新能源技术、储能技术、节能技术领域内的技术开发、技术转让、技术咨询、技术服务，新能源技术推广服务，合同能源管理，电力设备安装（除承装、承修、承试电力设施），环保设备、电力设备、机械设备、机电设备、环保设备的销售。（依法须经批准的项目，经相关部门批准后方可开展经营活动）。中方财团通过二级全资子公司苏州工业园区中鑫配售电有限公司间接持有其100%股权。", "spo_list": [{"predicate": "成立日期", "object_type": "日期", "subject_type": "公司", "object": "2018年6月12日", "subject": "上海沃储能源科技有限公司"}, {"predicate": "注册资本", "object_type": "金额", "subject_type": "公司", "object": "200万元", "subject": "上海沃储能源科技有限公司"}]}
{"text": "溧阳市图南新能源科技有限公司成立于2018年7月19日，注册资本2,000万元，实收资本50万元，注册地址为溧阳市溧城镇燕山中路28号福田中心一层中新苏州工业园区开发集团股份有限公司首次公开发行股票招股说明书", "spo_list": [{"predicate": "成立日期", "object_type": "日期", "subject_type": "公司", "object": "2018年7月19日", "subject": "溧阳市图南新能源科技有限公司"}, {"predicate": "注册资本", "object_type": "金额", "subject_type": "公司", "object": "2,000万元", "subject": "溧阳市图南新能源科技有限公司"}]}
{"text": "太仓中鑫新能源有限公司成立于2018年8月16日，注册资本50万元，实收资本50万元，注册地址为太仓市浮桥镇陆公路1号6幢，主营业务为光伏能源科技领域内技术开发、技术服务、技术咨询、技术转让；光伏电站建设；承装、承修、承试供电设施和受电设施；售电服务。（依法须经批准的项目，经相关部门批准后方可开展经营活动）。中方财团通过二级全资子公司苏州工业园区中鑫配售电有限公司间接持有其100%股权。", "spo_list": [{"predicate": "成立日期", "object_type": "公司", "subject_type": "日期", "object": "太仓中鑫新能源有限公司", "subject": "2018年8月16日"}, {"predicate": "注册资本", "object_type": "金额", "subject_type": "日期", "object": "50万元", "subject": "2018年8月16日"}]}
{"text": "常州市鑫和阳新能源有限公司成立于2018年9月20日，注册资本50万元，注册地址为武进国家高新技术产业开发区常武北路1号南洋商贸广场1号楼4楼401，主营业务为光伏能源科技领域内技术开发、技术服务、技术咨询、技术转让；光伏电站建设；承装、承修、承试供电设施和受电设施（限《承装（修、试）电力设施许可证》核定范围）；售电服务。（依法须经批准的项目，经相关部门批准后方可开展经营活动）。中方财团通过二级全资子公司苏州工业园区中鑫配售电有限公司间接持有其100%股权。", "spo_list": [{"predicate": "成立日期", "object_type": "公司", "subject_type": "日期", "object": "常州市鑫和阳新能源有限公司", "subject": "2018年9月20日"}, {"predicate": "注册资本", "object_type": "金额", "subject_type": "日期", "object": "50万元", "subject": "2018年9月20日"}]}
{"text": "东台中鑫光伏有限公司成立于2018年9月27日，注册资本50万元，注册地址为东台市五烈镇胡家堡居委会（江苏鑫盛瑞机械制造有限公司内），主营业务为光伏电站建设，新能源科技领域内的技术开发、技术转让、技术咨询，供电设施和受电设施承装、承修、承试，售电服务，合同能源管理（除投资管理）。（依法须经批准的项目，经相关部门批准后方可开展经营活动）。中方财团通过二级全资子公司苏州工业园区中鑫配售电有限公司间接持有其100%股权。", "spo_list": [{"predicate": "成立日期", "object_type": "日期", "subject_type": "公司", "object": "2018年9月27日", "subject": "东台中鑫光伏有限公司"}, {"predicate": "注册资本", "object_type": "金额", "subject_type": "公司", "object": "50万元", "subject": "东台中鑫光伏有限公司"}]}
{"text": "苏州中鑫旺储能科技有限公司成立于2018年10月23日，注册资本50万元，注册地址为吴江经济技术开发区运东大道1058号，主营业务为从事储能技术、中新苏州工业园区开发集团股份有限公司首次公开发行股票招股说明书", "spo_list": [{"predicate": "成立日期", "object_type": "日期", "subject_type": "公司", "object": "2018年10月23日", "subject": "苏州中鑫旺储能科技有限公司"}, {"predicate": "注册资本", "object_type": "金额", "subject_type": "公司", "object": "50万元", "subject": "苏州中鑫旺储能科技有限公司"}]}
{"text": "溧阳市鑫金新能源有限公司成立于2018年12月13日，注册资本800万元，注册地址为溧阳市天目湖镇云眉路9号，主营业务为光伏发电。（依法须经批准的项目，经相关部门批准后方可开展经营活动）。中方财团通过二级全资子公司中鑫配售电间接持有其100%股权。", "spo_list": [{"predicate": "成立日期", "object_type": "日期", "subject_type": "公司", "object": "2018年12月13日", "subject": "溧阳市鑫金新能源有限公司"}, {"predicate": "注册资本", "object_type": "金额", "subject_type": "公司", "object": "800万元", "subject": "溧阳市鑫金新能源有限公司"}]}
{"text": "广州连和新能源有限公司成立于2018年11月14日，注册资本450万元，实收资本218.16万元，注册地址为广州市番禺区桥南街逸祥横街21号314，主营业务为可再生能源领域技术咨询、技术服务；能源管理服务；太阳能发电站投资；太阳能技术研究、开发、技术服务；软件批发；计算机零售；计算机房维护服务；计算机技术开发、技术服务；计算机信息安全产品设计；电池销售；为电动汽车提供电池充电服务；商品批发贸易（许可审批类商品除外）；软件零售；软件开发；软件服务；软件测试服务；软件技术推广服务；信息系统集成服务；信息技术咨询服务；数据处理和存储服务；数据处理和存储产品设计；汽车销售；汽车租赁；汽车固定式压力容器安装；太阳能发电站建设；充电桩销售；充电桩设施安装、管理；能源技术咨询服务；能源技术研究、技术开发服务；场地租赁（不含仓储）；电力供应。中方财团通过二级全资子公司中鑫配售电间接持有其90%股权。", "spo_list": [{"predicate": "成立日期", "object_type": "公司", "subject_type": "日期", "object": "广州连和新能源有限公司", "subject": "2018年11月14日"}, {"predicate": "注册资本", "object_type": "金额", "subject_type": "日期", "object": "450万元", "subject": "2018年11月14日"}]}
{"text": "昆山鑫桥新能源科技有限公司成立于2018年8月27日，注册资本50万元，注册地址为昆山市巴城镇石牌金凤凰路633号10号房，主营业务为新能源科技、环保科技、太阳能光伏科技领域内的技术开发、技术咨询、技术转让、技术服务；系统集成；合同能源管理；发电设备及零配件、电力设备及配件、光伏设备及配件批发、零售、安装、调试及维修；电子设备、电气设备、金属制品、五金配件、塑料制品、电线电缆、桥架、阀门、制冷设备、管道设备、建筑材料、计算机、通讯设备（不含卫星广播电视地面接收设施）、清洁用品、日用百货、环保设备中新苏州工业园区开发集团股份有限公司首次公开发行股票招股说明书", "spo_list": [{"predicate": "成立日期", "object_type": "日期", "subject_type": "公司", "object": "2018年8月27日", "subject": "昆山鑫桥新能源科技有限公司"}, {"predicate": "注册资本", "object_type": "金额", "subject_type": "公司", "object": "50万元", "subject": "昆山鑫桥新能源科技有限公司"}]}
{"text": "泰州市锦晟清洁能源科技有限公司成立于2019年1月2日，注册资本500万元，注册地址为泰州市姜堰区三水街道科技路999号，主要从事清洁能源科技领域内的技术咨询、技术服务、技术开发、技术转让；企业管理咨询，一般商务信息咨询（不含投资、理财类）；太阳能发电、风力发电技术服务。（依法须经批准的项目,经相关部门批准后方可开展经营活动）。中方财团通过二级全资子公司中鑫配售电间接持有其100%股权。", "spo_list": [{"predicate": "成立日期", "object_type": "日期", "subject_type": "公司", "object": "2019年1月2日", "subject": "泰州市锦晟清洁能源科技有限公司"}, {"predicate": "注册资本", "object_type": "金额", "subject_type": "公司", "object": "500万元", "subject": "泰州市锦晟清洁能源科技有限公司"}]}
{"text": "南京大器共成红鑫能源发展有限公司成立于2018年7月6日，注册资本2,000万元，注册地址为南京市鼓楼区江东北路289号1501室，主营业务为风力发电设备研发、技术服务、技术转让、技术咨询、销售、安装调试及维修（须取得许可证后方可经营）；风力发电场开发、建设、管理及技术服务；太阳能发电技术、新能源技术、节能环保技术开发、技术服务、技术转让及技术咨询；环境监测与分析软件开发、设计及技术服务；水与大气污染治理；电力工程设计、施工与电力销售（须取得许可证后方可经营）；工程项目管理；企业管理咨询；知识产权代理。（依法须经批准的项目，经相关部门批准后方可开展经营活动）。中方财团通过三级全资子公司苏鑫能源间接持有其100%股权。", "spo_list": [{"predicate": "成立日期", "object_type": "日期", "subject_type": "公司", "object": "2018年7月6日", "subject": "南京大器共成红鑫能源发展有限公司"}, {"predicate": "注册资本", "object_type": "金额", "subject_type": "公司", "object": "2,000万元", "subject": "南京大器共成红鑫能源发展有限公司"}]}
{"text": "无锡鑫美新能源有限公司成立于2019年8月15日，注册资本240万元，注册地址为无锡市新吴区菱湖大道111号天鹅座D栋2502室004，主要从事新能源领域内的技术开发、技术转让；承装、承修、承试供电设施和受电设施；合同能源管理。（依法须经批准的项目，经相关部门批准后方可开展经营活动）。中方财团通过二级全资子公司中鑫配售电间接持有其100%股权。", "spo_list": [{"predicate": "成立日期", "object_type": "日期", "subject_type": "公司", "object": "2019年8月15日", "subject": "无锡鑫美新能源有限公司"}, {"predicate": "注册资本", "object_type": "金额", "subject_type": "公司", "object": "240万元", "subject": "无锡鑫美新能源有限公司"}]}
{"text": "太仓鑫建隆新能源有限公司成立于2019年9月5日，注册资本50万元，注册地址为太仓市娄东街道上海东路168号1幢1007室，主要从事光伏能源科技中新苏州工业园区开发集团股份有限公司首次公开发行股票招股说明书", "spo_list": [{"predicate": "成立日期", "object_type": "日期", "subject_type": "公司", "object": "2019年9月5日", "subject": "太仓鑫建隆新能源有限公司"}, {"predicate": "注册资本", "object_type": "金额", "subject_type": "公司", "object": "50万元", "subject": "太仓鑫建隆新能源有限公司"}]}
{"text": "马鞍山鑫玖新能源科技有限公司成立于2019年9月27日，注册资本500万元，注册地址为马鞍山市雨山区永丰河路391号，主要从事光伏能源科技领域内的技术开发、技术服务、技术咨询、技术转让;光伏发电工程;电力工程;售电业务。（依法须经批准的项目,经相关部门批准后方可开展经营活动)。中方财团通过二级全资子公司中鑫配售电间接持有其80%股权。", "spo_list": [{"predicate": "成立日期", "object_type": "日期", "subject_type": "公司", "object": "2019年9月27日", "subject": "马鞍山鑫玖新能源科技有限公司"}, {"predicate": "注册资本", "object_type": "金额", "subject_type": "公司", "object": "500万元", "subject": "马鞍山鑫玖新能源科技有限公司"}]}
{"text": "苏州工业园区机关事务管理中心成立于1998年7月7日，注册资本473.95万元，实收资本473.95万元，注册地址为苏州工业园区现代大道999号现代大厦，主营业务为物业管理、餐饮服务（限分支机构）、汽车租赁、礼品营销、房屋租赁（依法须经批准的项目，经相关部门批准后方可开展经营活动）。园区国控持有其100%的股权。", "spo_list": [{"predicate": "成立日期", "object_type": "日期", "subject_type": "公司", "object": "1998年7月7日", "subject": "苏州工业园区机关事务管理中心"}, {"predicate": "注册资本", "object_type": "金额", "subject_type": "公司", "object": "473.95万元", "subject": "苏州工业园区机关事务管理中心"}]}
{"text": "苏州工业园区疾病防治中心成立于1994年6月1日，注册资本500万元，中新苏州工业园区开发集团股份有限公司首次公开发行股票招股说明书", "spo_list": [{"predicate": "成立日期", "object_type": "日期", "subject_type": "公司", "object": "1994年6月1日", "subject": "苏州工业园区疾病防治中心"}, {"predicate": "注册资本", "object_type": "金额", "subject_type": "公司", "object": "500万元", "subject": "苏州工业园区疾病防治中心"}]}
{"text": "苏州工业园区公共交通有限公司成立于2006年2月20日，注册资本10,500万元，实收资本10,500万元，注册地址为苏州工业园区独墅湖大道600号，主营业务为公共汽车客运；自有房屋出租；设计、制作：路牌、灯箱、车身、候车亭广告；代理、发布自有媒体广告（依法须经批准的项目，经相关部分批准后方可开展经营活动）。园区国控通过直接控制的苏州工业园区市政服务集团有限公司持有其90.29%的股权。", "spo_list": [{"predicate": "成立日期", "object_type": "日期", "subject_type": "公司", "object": "2006年2月20日", "subject": "苏州工业园区公共交通有限公司"}, {"predicate": "注册资本", "object_type": "金额", "subject_type": "公司", "object": "10,500万元", "subject": "苏州工业园区公共交通有限公司"}]}
{"text": "苏州物流中心有限公司成立于1997年8月6日，注册资本119,629.14万元，实收资本119,629.14万元，注册地址为苏州工业园区现代大道66号，主营业务为货物专用运输（集装箱），普通货运；制售中式快餐，不含冷菜、生食海产品、裱花蛋糕；批发预包装食品；二、三类医疗器械（不含塑形角膜接触镜、植入性医疗器械和体外诊断试剂）；货物存储及咨询服务、设备租赁；保税仓储；物业管理；销售日用百货、家具、电子产品、纺织品、机电产品、电器、汽车零部件；自营和代理各类商品和技术的进出口；承办海运、陆运、空运、快递进出口货物的国际运输代理业务；旅游信息咨询，展览展示服务，物流培训咨询；接受委托从事动产抵押物监管的服务；销售：电子器材、有色金属、矿产品、化工原料及产品、一类医疗器械；木托盘、木容器的生产加工；自有房屋租赁（依法须经批准的项目，经相关部门批准后方可开展经营活动）。园区国控持有其85.16%的股权。", "spo_list": [{"predicate": "成立日期", "object_type": "日期", "subject_type": "公司", "object": "1997年8月6日", "subject": "苏州物流中心有限公司"}, {"predicate": "注册资本", "object_type": "金额", "subject_type": "公司", "object": "119,629.14万元", "subject": "苏州物流中心有限公司"}]}
{"text": "苏州工业园区报关有限公司成立于1996年3月15日，注册资本1,000万元，实收资本1,000万元，注册地址为苏州工业园区现代大道66号综合保税大厦21层2101室，主营业务为普通货运、货物专用运输（急装箱、冷藏保鲜）；报关；办理进出口货物和进出境运输工具的报关、代理报检手续、代办相关证照、代办中新苏州工业园区开发集团股份有限公司首次公开发行股票招股说明书", "spo_list": [{"predicate": "成立日期", "object_type": "日期", "subject_type": "公司", "object": "1996年3月15日", "subject": "苏州工业园区报关有限公司"}, {"predicate": "注册资本", "object_type": "金额", "subject_type": "公司", "object": "1,000万元", "subject": "苏州工业园区报关有限公司"}]}
{"text": "苏州得尔达国际物流有限公司（以下简称“得尔达物流”）成立于2005年4月18日，注册资本7,200万元，实收资本7,200万元，注册地址为苏州工业园区唯胜公路物流大厦，主营业务为报关；普通货运；承办海运、陆运、空运进出口货物的国际货物运输代理业务，包括：揽货、托运、订舱、仓储、中转、集装箱拼装拆箱、结算运杂费、报检、保险、相关运输咨询业务；保税仓储；物流咨询服务，转口贸易、进出口贸易、保税上门维修检测（限综合保税区内）；自有仓库及设备租赁；货物的分拣、整理、吹洗（依法须经批准的项目，经相关部门批准后方可开展经营活动）。园区国控通过控股的苏州物流中心有限公司持有其75%的股权。", "spo_list": [{"predicate": "成立日期", "object_type": "日期", "subject_type": "公司", "object": "2005年4月18日", "subject": "苏州得尔达国际物流有限公司"}, {"predicate": "注册资本", "object_type": "金额", "subject_type": "公司", "object": "7,200万元", "subject": "苏州得尔达国际物流有限公司"}]}
{"text": "苏州工业园区航港物流有限公司成立于2009年11月12日，注册资本7,000万元，实收资本7,000万元，注册地址为苏州工业园区现代大道88号，主营业务为普通货运；综合货运站（场）（仓储）；批发与零售；预包装食品、乳制品（含婴幼儿配方乳粉）；进出口货物（包括集装箱）在综保区口岸内理货服务，搬运装卸服务，有关搬运装卸及普通货运的咨询；承办陆运、空运、海运进出口货物的国际运输代理业务；货物储存及咨询服务；设备租赁；保税仓储；自营和代理各类商品和技术的进出口；物流信息软件开发及管理咨询；展览展示服务，物流信息咨询；自有房屋出租；销售：日用百货、化妆品、卫生用品、针纺织品、电子产品、汽车配件、木材、五金交电、机械产品及配件、非危险化工产品、机电产品、包装材料、鲜活食用农产品（依法须经批准的项目，经相关部门批准后方可开展经营活动）。园区国控通过间接控制的苏州得尔达国际物流有限公司持有其100%的股权。", "spo_list": [{"predicate": "成立日期", "object_type": "日期", "subject_type": "公司", "object": "2009年11月12日", "subject": "苏州工业园区航港物流有限公司"}, {"predicate": "注册资本", "object_type": "金额", "subject_type": "公司", "object": "7,000万元", "subject": "苏州工业园区航港物流有限公司"}]}
{"text": "苏州工业园区物流信息平台有限公司成立于2010年3月19日，注册资本1,000万元，实收资本1,000万元，注册地址为苏州工业园区现代大道88号现代物流大厦3层311室，主营业务为计算机软件系统设计、开发、销售、运营及售后服务；计算机系统集成；通讯设备、电子信息产品销售和服务；技术经济信息咨询；计算机软件租赁；货物及技术的进出口业务；供应链管理服务；高新技术开发及咨询；机房租赁；接受委托从事动产质押物监管服务；电子产品交易。园区国控通过直接控制的苏州物流中心有限公司持有其100%的股权。", "spo_list": [{"predicate": "成立日期", "object_type": "日期", "subject_type": "公司", "object": "2010年3月19日", "subject": "苏州工业园区物流信息平台有限公司"}, {"predicate": "注册资本", "object_type": "金额", "subject_type": "公司", "object": "1,000万元", "subject": "苏州工业园区物流信息平台有限公司"}]}
{"text": "苏州纳米科技发展有限公司成立于2010年9月1日，注册资本146,900万元，实收资本146,900万元，注册地址为苏州工业园区金鸡湖大道99号苏州纳米城中北区23幢综合楼，主营业务为开发建设管理纳米技术相关载体（不含房地产开发项目）；自有房屋租赁；提供以纳米技术为主的高新科技企业技术服务平台，对相关项目和产业提供管理、咨询；会议展览服务，非学历职业技能培训；对纳米技术项目进行投资；销售：实验室耗材、器材及仪器设备、办公设备；停车场管理；以服务外包方式从事软件开发、销售办公室设备及耗材，并提供相关售后服务；承接弱电工程、建筑智能化工程；提供物业管理服务。（依法须经批准的项目，经相关部门批准后方可开展经营活动）。园区国控持有其100%的股权。", "spo_list": [{"predicate": "成立日期", "object_type": "日期", "subject_type": "公司", "object": "2010年9月1日", "subject": "苏州纳米科技发展有限公司"}, {"predicate": "成立日期", "object_type": "金额", "subject_type": "公司", "object": "146,900万元", "subject": "苏州纳米科技发展有限公司"}]}
{"text": "苏州工业园区纳米产业技术研究院有限公司成立于2011年9月5日，注册资本16,500万元，实收资本16,500万元，注册地址为苏州工业园区金鸡湖大道99号苏州纳米城中北区23幢3楼，主营业务为提供纳米技术及其它相关技术领域的项目研发服务，工程化技术与工艺研发服务，对相关项目和产业提供技术与咨询服务；从事相关设备的进出口业务；设计、加工（中试）、销售：纳米技术相关产品，并提供相关服务；微纳制造的相关设备租赁服务；微机电器件的制造（依法须经批准的项目，经相关部门批准后方可开展经营活动）。园区国控通过直接控制的苏州纳米科技发展有限公司持有其93.94%的股权。", "spo_list": [{"predicate": "成立日期", "object_type": "公司", "subject_type": "日期", "object": "苏州工业园区纳米产业技术研究院有限公司", "subject": "2011年9月5日"}, {"predicate": "注册资本", "object_type": "金额", "subject_type": "日期", "object": "16,500万元", "subject": "2011年9月5日"}]}
{"text": "苏州工业园区启纳创业投资有限公司成立于2011年7月13日，注册资本5,000万元，实收资本5,000万元，注册地址为苏州工业园区金鸡湖大道99号苏州纳米城中北区23幢综合楼，主营业务为创业投资业务；代理其他创业投资企业等机构或个人的创业投资业务；创业投资咨询业务；为创业企业提供创业管理服务业务；参与设立创业投资企业与创业投资管理顾问机构（依法须经批准的项目，经相关部门批准后方可开展经营活动）。园区国控通过直接控制的苏州纳米科技发展有限公司持有其100%的股权。", "spo_list": [{"predicate": "成立日期", "object_type": "日期", "subject_type": "公司", "object": "2011年7月13日", "subject": "苏州工业园区启纳创业投资有限公司"}, {"predicate": "注册资本", "object_type": "金额", "subject_type": "公司", "object": "5,000万元", "subject": "苏州工业园区启纳创业投资有限公司"}]}
{"text": "伊犁得尔达国际物流有限公司成立于2012年4月23日，注册资本500万元，实收资本500万元，注册地址为新疆伊犁州霍尔果斯口岸工业园区上海路以西东部产业转移园标准厂房二楼201号，主营业务为国际货运代理；仓储；商务咨询服务；货物与技术的进出口业务，并开展边境小额贸易。园区国控通过间接控制的苏州得尔达国际物流有限公司持有其100%的股权。", "spo_list": [{"predicate": "成立日期", "object_type": "日期", "subject_type": "公司", "object": "2012年4月23日", "subject": "伊犁得尔达国际物流有限公司"}, {"predicate": "注册资本", "object_type": "金额", "subject_type": "公司", "object": "500万元", "subject": "伊犁得尔达国际物流有限公司"}]}
{"text": "苏相国际物流（苏州）有限公司成立于2012年11月22日，注册资本500万元，实收资本500万元，注册地址为苏州相城经济开发区漕湖大厦1512-1513室，主营业务为承办海运、陆运、空运、快递进出口货物的国际运输代理业务，包括：揽运、托运、订舱、中转、集装箱拼装拆箱、结算运杂费、报关、报检；仓储（不含危险品）；物流咨询服务；自有仓库及设备租赁；自营和代理各类商品及技术的进出口业务（国家限定企业经营或禁止进出口的商品和技术除外）；批发；预包装食品（依法须经批准的项目，经相关部门批准后方可开展经营活动）。园区国控通过间接控制的苏州得尔达国际物流有限公司持有其100%的股权。", "spo_list": [{"predicate": "成立日期", "object_type": "日期", "subject_type": "公司", "object": "2012年11月22日", "subject": "苏相国际物流（苏州）有限公司"}, {"predicate": "注册资本", "object_type": "金额", "subject_type": "公司", "object": "500万元", "subject": "苏相国际物流（苏州）有限公司"}]}
{"text": "苏州漕湖物流园开发有限公司成立于2013年3月25日，注册资本4,800万元，实收资本4,800万元，注册地址为苏州相城经济开发区漕湖产业园朝阳工业坊B8厂房，主营业务为物流园开发，仓储设施和相关工业设施开发建设，提供相关咨询及设备租赁；自营和代理各类商品和技术的进出口业务（国家限定企业经营或禁止进出口的商品和技术除外）。园区国控通过直接控制的苏州物流中心有限公司持有其100%的股权。", "spo_list": [{"predicate": "成立日期", "object_type": "日期", "subject_type": "公司", "object": "2013年3月25日", "subject": "苏州漕湖物流园开发有限公司"}, {"predicate": "注册资本", "object_type": "金额", "subject_type": "公司", "object": "4,800万元", "subject": "苏州漕湖物流园开发有限公司"}]}
{"text": "西安得尔达物流有限公司成立于2013年8月12日，注册资本500万元，实收资本500万元，注册地址为西安市高新综合保税区通关服务中心主楼607室，主营业务为物流咨询服务；海上、航空、陆路的国际货运代理业务；保险、相关运输的咨询服务；集装箱拼箱、拆箱；仓库及设备租赁；货物与技术的进出口经营（国家限制和禁止进出口的货物和技术除外）。（以上经营范围除国家规定的专控及前置许可证项目）。园区国控通过间接控制的苏州得尔达国际物流有限公司持有其100%的股权。", "spo_list": [{"predicate": "成立日期", "object_type": "日期", "subject_type": "公司", "object": "2013年8月12日", "subject": "西安得尔达物流有限公司"}, {"predicate": "注册资本", "object_type": "金额", "subject_type": "公司", "object": "500万元", "subject": "西安得尔达物流有限公司"}]}
{"text": "苏州工业园区市政服务集团有限公司成立于2013年11月14日，注册资本12,000万元，实收资本12,000万元，注册地址为苏州工业园区苏州大道东289号广融大厦11楼，主营业务为市政道路、桥梁、管道、河道的维护、整治；垃圾清运、废旧物资处理；园林及绿化养护、路灯维护、经营性停车（不含占用机动车或非机动车道）、物业管理及相关咨询服务（以上凡涉及资质的按资质证经营）；提供城市照明设施的管理保障、监控、维护；喷泉水景设施维护、管理；路灯广告维护、管理；照明建设项目可行性研究与技术咨询；接受政府部门下达的城市照明设施配套建设任务及路灯安装代办业务；设备租赁；房屋及场地租赁；对公共交通进行投资管理；资产管理；水产、水利设施的安装、运行、维护及管理。（依法须经批准的项目，经相关部门批准后方可开展经营活动）。园区国控持有其100%的股权。", "spo_list": [{"predicate": "成立日期", "object_type": "日期", "subject_type": "公司", "object": "2013年11月14日", "subject": "苏州工业园区市政服务集团有限公司"}, {"predicate": "注册资本", "object_type": "金额", "subject_type": "公司", "object": "12,000万元", "subject": "苏州工业园区市政服务集团有限公司"}]}
{"text": "苏州工业园区金鸡湖物业管理有限公司成立于1999年6月3日，注册资本500万元，实收资本500万元，注册地址为苏州工业园区现代大道东999号现代大厦，主营业务为为园区机关提供物业管理服务；停车场管理；汽车租赁；零售：食品、日用百货、文体用品、玩具、鞋帽服装、针纺织品、家居用品、家用电器、五金交电、工艺美术品、通讯器材、卷烟、雪茄烟。（依法须经批准的项目,经相关部门批准后方可开展经营活动）。园区国控通过直接控制的苏州工业园区机关事务管理中心持有其100%的股权。", "spo_list": [{"predicate": "成立日期", "object_type": "日期", "subject_type": "公司", "object": "1999年6月3日", "subject": "苏州工业园区金鸡湖物业管理有限公司"}, {"predicate": "注册资本", "object_type": "金额", "subject_type": "公司", "object": "500万元", "subject": "苏州工业园区金鸡湖物业管理有限公司"}]}
{"text": "苏州敏创智慧健康科技发展有限公司成立于2018年1月15日，注册资本12,000万元，实收资本12,000万，注册地址为苏州工业园区金鸡湖大道99号苏州纳米城中北区23幢综合楼，主营业务为健康科技领域内的技术开发、技术服务、技术咨询、技术转让；自有房屋租赁；健康管理咨询、企业管理咨询；健康产业投资；停车场管理；物业管理服务；代收水电费；停车场管理；物业管理服务；代收水电费。（依法须经批准的项目，经相关部门批准后方可开展经营活动）。园区国控通过直接控制的苏州纳米科技发展有限公司持有其100%的股权。", "spo_list": [{"predicate": "成立日期", "object_type": "日期", "subject_type": "公司", "object": "2018年1月15日", "subject": "苏州敏创智慧健康科技发展有限公司"}, {"predicate": "注册资本", "object_type": "金额", "subject_type": "公司", "object": "12,000万元", "subject": "苏州敏创智慧健康科技发展有限公司"}]}
{"text": "松桃物通咨询有限公司成立于2018年1月3日，注册资本为100万元，实收资本100万元，注册地址为贵州省铜仁市松桃苗族自治县蓼皋街道七星大道行政中心三楼，主营业务为物流信息咨询、供应链管理咨询、经济贸易咨询、企业管理咨询、投资咨询、企业策划。园区国控通过直接控制的苏州物流中心有限公司持有其100%的股权。", "spo_list": [{"predicate": "成立日期", "object_type": "日期", "subject_type": "公司", "object": "2018年1月3日", "subject": "松桃物通咨询有限公司"}, {"predicate": "注册资本", "object_type": "金额", "subject_type": "公司", "object": "100万元", "subject": "松桃物通咨询有限公司"}]}
{"text": "苏州跨境电子商务有限公司成立于2017年6月26日，注册资本为2,000万元，实收资本20万元，注册地址为苏州工业园区现代大道66号4楼401室，主营业务为电子商务技术开发；计算机软件研发、设计、租赁、销售；计算机信息系统集成；销售：通讯设备、电子产品；商务信息咨询、供应链管理、市场调查；自营和代理各类商品和技术的进出口。园区国控通过直接控制的苏州物流中心有限公司持有其65%的股权。", "spo_list": [{"predicate": "成立日期", "object_type": "金额", "subject_type": "日期", "object": "2,000万元", "subject": "2017年6月26日"}, {"predicate": "注册资本", "object_type": "公司", "subject_type": "日期", "object": "苏州跨境电子商务有限公司", "subject": "2017年6月26日"}]}
{"text": "苏州工业园区新惠巴士有限公司成立于2018年4月13日，注册资本为3000中新苏州工业园区开发集团股份有限公司首次公开发行股票招股说明书", "spo_list": [{"predicate": "成立日期", "object_type": "日期", "subject_type": "公司", "object": "2018年4月13日", "subject": "苏州工业园区新惠巴士有限公司"}, {"predicate": "注册资本", "object_type": "金额", "subject_type": "公司", "object": "3000", "subject": "苏州工业园区新惠巴士有限公司"}]}
{"text": "苏州工业园区得创通物流有限公司成立于2019年3月25日，注册资本为300万元，实收资本0万元，注册地址为苏州工业园区祁村路8号贸易功能园A4仓库，主营业务为道路货运经营、仓储服务（不含冷库）；承办海运、陆运进出口货物的国际运输代理业务,包括:揽货、订舱、仓储、中转、集装箱拼装拆箱、结算运杂费、报关、报验、报检、保险及相关的咨询服务；报关服务；物流信息咨询；转口贸易；自有仓库及设备租赁。园区国控通过间接控制的苏州得尔达国际物流有限公司持有其100%的股权。", "spo_list": [{"predicate": "成立日期", "object_type": "日期", "subject_type": "公司", "object": "2019年3月25日", "subject": "苏州工业园区得创通物流有限公司"}, {"predicate": "注册资本", "object_type": "金额", "subject_type": "公司", "object": "300万元", "subject": "苏州工业园区得创通物流有限公司"}]}
{"text": "经中新智地于2003年5月16日召开的股东会通过，中新智地注册资本由33,000万元增加至39,600万元，新增的6,600万元注册资本由发行人单方以现金认购，认购价格与新增注册资本相等。本次增资完成后，发行人持有中新智地75%的股权，兆润控股（原名地产公司）持有中新智地25%的股权。江苏华星会计师事务所有限公司对于本次增资出具了“华星会验字[2003]0431号”《验资报告》，截至2003年5月19日，中新智地的新增注册资本已足额缴纳。2003年5月27日，中新智地办理完毕工商变更手续。", "spo_list": [{"predicate": "会议召开日期", "object_type": "公司", "subject_type": "日期", "object": "中新智地", "subject": "2003年5月16日"}]}
{"text": "经中新智地于2003年8月20日召开的股东会通过，中新智地注册资本由39,600万元增加至60,000万元，新增20,400万元注册资本由发行人认购18,300万元，兆润控股（原名地产公司）认购2,100万元，均以现金认购且认购价格与所认购的增资相等。本次增资完成后，发行人持有中新智地80%的股权，兆润控股（原名地产公司）持有中新智地20%的股权。苏州立信会计师事务所有限公司对于本次增资出具了“苏立会验字[2003]3358号”《验资报告》，截至2003年9月4日，中新智地的新增注册资本已足额缴纳。同日，中新智地办理完毕工商变更手续。2003年9月9日，中新智地办理完毕工商变更手续。", "spo_list": [{"predicate": "会议召开日期", "object_type": "公司", "subject_type": "日期", "object": "中新智地", "subject": "2003年8月20日"}]}
{"text": "经中新智地于2006年2月7日召开的股东会通过，中新智地注册资本由60,000万元增加至120,000万元，新增的60,000万元注册资本由发行人以18,536中新苏州工业园区开发集团股份有限公司首次公开发行股票招股说明书", "spo_list": [{"predicate": "会议召开日期", "object_type": "日期", "subject_type": "公司", "object": "2006年2月7日", "subject": "中新智地"}]}
{"text": "经中新智地于2013年7月2日召开的股东会决议通过，中新智地的营业期限由“二十年”变更为“长期”。2013年7月16日，中新智地办理完毕工商变更手续。", "spo_list": [{"predicate": "会议召开日期", "object_type": "日期", "subject_type": "公司", "object": "2013年7月16日", "subject": "中新智地"}, {"predicate": "变更日期", "object_type": "公司", "subject_type": "日期", "object": "中新智地", "subject": "2013年7月2日"}]}
{"text": "经中新智地股东会审议通过，2019年4月16日苏州工业园区市场监督管理局出具《公司准予变更登记通知书》，中新智地变更经营范围为“房地产开发与经营（不含除长租公寓以外的住宅）；物业管理；建设工程项目管理；投资与资产管理；企业管理咨询；园区管理服务；以下经营范围限分支机构经营：住宿服务、健身服务；制售中餐、西餐，含冷菜、生食海产品、裱花蛋糕；相关机器设备的租赁；酒店管理；建设工程项目管理服务；提供会议服务；汽车租赁；零售：工艺品；销售:食品、旅游用品、针纺织品；停车场管理服务；订房服务；订餐服务。（依法须经批准的项目，经相关部门批准后方可开展经营活动）”。", "spo_list": [{"predicate": "出具日期", "object_type": "文件", "subject_type": "日期", "object": "《公司准予变更登记通知书》", "subject": "2019年4月16日"}]}
{"text": "经中新智地股东会审议通过，2019年8月20日苏州工业园区市场监督管理局出具《公司准予变更登记通知书》，中新智地变更经营范围为“房地产开发与经营（不含除长租公寓以外的住宅）；物业管理；建设工程项目管理；投资与资产管理；企业管理咨询；园区管理服务；仓储服务；信息技术咨询服务；面向成年人开展的培训服务（不含国家统一认可的职业证书类培训）；以下经营范围限分支机构经营：住宿服务、健身服务；制售中餐、西餐，含冷菜、生食海产品、裱花蛋糕；相关机器设备的租赁；酒店管理；建设工程项目管理服务；提供会议服务；汽车租赁；零售：工艺品；销售：食品、旅游用品、针纺织品；停车场管理服务；订房服务；订餐服务。（依法须经批准的项目，经相关部门批准后方可开展经营活动）”，公司名称由“中新苏州工业园区置地有限公司”更名为“中新中新苏州工业园区开发集团股份有限公司首次公开发行股票招股说明书", "spo_list": [{"predicate": "出具日期", "object_type": "文件", "subject_type": "日期", "object": "《公司准予变更登记通知书》", "subject": "2019年8月20日"}]}
{"text": "苏滁办理完毕工商登记手续。2013年10月13日，滁州鸿基会计师事务所出具“滁鸿会验字[2013]129号”《验资报告》，确认中新苏滁的第二期注册资本48,000万元已于2013年10月11日缴纳完毕，至此中新苏滁累计实缴注册资本为80,000万元。", "spo_list": [{"predicate": "出具日期", "object_type": "文件", "subject_type": "日期", "object": "《验资报告》", "subject": "2013年10月13日"}]}
{"text": "华园恒升原系本公司间接控股子公司中新华园控股的子公司，中新华园持有其60%的股权。该公司履行了国有资产项目评估备案手续，2018年12月17日，苏州工业园区市场监督管理局出具《公司准予注销登记通知书》（05940237公司注销[2018]第12170015号）。至此，华园恒升不再为本公司的控股子公司。", "spo_list": [{"predicate": "出具日期", "object_type": "文件", "subject_type": "日期", "object": "《公司准予注销登记通知书》", "subject": "2018年12月17日"}]}
{"text": "华园东方原系本公司间接控股子公司中新华园控股的子公司，中新华园持有其95%的股权。该公司履行了国有资产项目评估备案手续，2018年12月18日，苏州工业园区市场监督管理局出具《公司准予注销登记通知书》（05940130公司注销[2018]第12180008号）。至此，华园东方不再为本公司的控股子公司。", "spo_list": [{"predicate": "出具日期", "object_type": "日期", "subject_type": "文件", "object": "2018年12月18日", "subject": "《公司准予注销登记通知书》"}]}
{"text": "苏宿市政原系本公司直接控股子公司中新公用的全资子公司。该公司履行了国有资产项目评估备案手续，2018年10月11日，苏州工业园区市场监督管理局出具《公司准予注销登记通知书》。至此，苏宿市政不再为本公司的控股子公司。", "spo_list": [{"predicate": "出具日期", "object_type": "文件", "subject_type": "日期", "object": "《公司准予注销登记通知书》", "subject": "2018年10月11日"}]}
{"text": "吴中置地原系本公司直接控股子公司中新智地的全资子公司。2019年3月16日，中新智地召开临时股东会，同意中新智地通过公开挂牌转让其持有的吴中新苏州工业园区开发集团股份有限公司首次公开发行股票招股说明书", "spo_list": [{"predicate": "会议召开日期", "object_type": "公司", "subject_type": "日期", "object": "中新智地", "subject": "2019年3月16日"}]}
{"text": "2019年1月7日，苏州君和诚信会计师事务所有限公司出具《专项审计报告》（君和专审字[2019]第001号）。依据2019年3月4日出具的《资产评估报告》（中通评报字[2019]21080），截至评估基准日（即2018年11月30日），吴中置地净资产评估值为32,589.87万元。本次公开转让的股权挂牌转让参考价为32,589.87万元。2019年3月18日，中新智地取得了苏州工业园区国有资产监督管理办公室出具的关于其拟对外公开转让吴中置地股权评估项目国资备案的批复。经过相关程序，最终由苏州恒珏企业管理咨询有限公司获得吴中置地100%股权。2019年6月6日，中新智地与苏州恒珏签订《股权转让协议》，中新智地将其持有的吴中置地100%股权转让给苏州恒珏，转让对价为人民币32,589.87万元，苏州恒珏已于2019年6月6日以一次性付款方式支付全部转让价款至苏州市公共资源交易中心指定监管账户，同日，苏州市公共资源交易中心出具《苏州吴中中新置地有限公司股权公开转让鉴证报告书》（苏公源产[2019]37号）。2019年6月12日，吴中置地办理完毕本次股权转让的工商变更登记手续。2019年6月14日，中新智地收到苏州市公共资源交易中心划付的股权转让价款32,589.87万元。", "spo_list": [{"predicate": "出具日期", "object_type": "日期", "subject_type": "日期", "object": "2019年3月4日", "subject": "2019年1月7日"}, {"predicate": "出具日期", "object_type": "文件", "subject_type": "文件", "object": "《资产评估报告》", "subject": "《专项审计报告》"}]}
{"text": "和瑞地产原系本公司直接控股子公司中新智地控股的子公司，中新智地持有其51%的股权。2019年3月16日，中新智地召开临时股东会，同意中新智地通过产权交易所公开转让其持有的和瑞地产51%股权，转让价格不低于其评估价值。2019年4月17日，和瑞地产召开临时股东会，同意股东中新智地通过公开挂牌转让其持有的和瑞地产51%股权。", "spo_list": [{"predicate": "会议召开日期", "object_type": "公司", "subject_type": "日期", "object": "中新智地", "subject": "2019年4月17日"}, {"predicate": "会议召开日期", "object_type": "日期", "subject_type": "公司", "object": "2019年3月16日", "subject": "和瑞地产"}]}
{"text": "2019年1月14日，苏州君和诚信会计师事务所有限公司出具《专项审计报告》（君和专审字[2019]第005号）。依据2019年3月4日出具的《评估报告》（苏新评咨字[2019]第A010号），截至评估基准日2018年11月30日，和瑞地产净资产评估值为4,306.99万元。以此计算，中新智地持有的和瑞地产51%股权评估价值为2,196.56万元。2019年3月18日，中新智地取得了苏州工业园区国有资产监督管理办公室出具的关于其拟对外公开转让和瑞地产股权评估项目国资备中新苏州工业园区开发集团股份有限公司首次公开发行股票招股说明书", "spo_list": [{"predicate": "会议召开日期", "object_type": "文件", "subject_type": "日期", "object": "《评估报告》", "subject": "2019年1月14日"}, {"predicate": "会议召开日期", "object_type": "日期", "subject_type": "文件", "object": "2019年3月4日", "subject": "《专项审计报告》"}]}
{"text": "张家港中新原系本公司直接控股子公司中新智地控股的子公司，中新智地持有其90%的股权。该公司履行了国有资产项目评估备案手续，2019年8月15日，张家港市行政审批局出具《公司准予注销登记通知书》（05821001公司注销[2019]第08150004号）。至此，张家港中新不再为本公司的控股子公司。", "spo_list": [{"predicate": "出具日期", "object_type": "文件", "subject_type": "日期", "object": "《公司准予注销登记通知书》", "subject": "2019年8月15日"}]}
{"text": "华之相原系本公司间接控股子公司中新华园控股的子公司，中新华园持有其95%的股权。2019年9月30日，苏州相城区行政审批局出具《公司准予注销登记通知书》（05070064公司注销[2019]第09300002号）。至此，华之相不再为本公司的控股子公司。", "spo_list": [{"predicate": "出具日期", "object_type": "日期", "subject_type": "文件", "object": "2019年9月30日", "subject": "《公司准予注销登记通知书》"}]}
{"text": "苏州新加坡国际学校经国家教育委员会于1996年6月5日出具的“教外综（1996）328号”《关于同意开办苏州新加坡国际学校的批复》批准成立。本公司为新加坡国际学校的举办人，新加坡国际学校统一社会信用代码为52320591711528979Q。国际学校的法定代表人为唐筱卫，住所为苏州工业园区钟南街208号，开办资金为209,526,800元人民币，主要从事面向外籍人员子女的基础教育服务。", "spo_list": [{"predicate": "出具日期", "object_type": "文件", "subject_type": "日期", "object": "《关于同意开办苏州新加坡国际学校的批复》", "subject": "1996年6月5日"}]}
{"text": "中新集团原持有圆融集团25%股权。2019年4月2日，圆融集团召开临时股东会，同意股东中新集团通过公开挂牌转让其持有的圆融集团25%股权。", "spo_list": [{"predicate": "会议召开日期", "object_type": "公司", "subject_type": "日期", "object": "圆融集团", "subject": "2019年4月2日"}]}
{"text": "2019年3月22日，苏州金鼎会计师事务所有限公司出具《审计报告》（金中新苏州工业园区开发集团股份有限公司首次公开发行股票招股说明书", "spo_list": [{"predicate": "出具日期", "object_type": "文件", "subject_type": "日期", "object": "《审计报告》", "subject": "2019年3月22日"}]}
{"text": "鼎会审字[2019]第1021号）。依据2019年3月22日出具的《资产评估报告》（苏中资评报字（2019）第9029号），截至评估基准日2018年12月31日，圆融集团净资产评估值为239,713.27万元。以此计算，中新集团持有的圆融集团25%股权评估价值为59,928.32万元。2019年4月8日，中新集团取得了苏州工业园区国有资产监督管理办公室出具的关于其拟对外公开转让圆融集团股权评估项目国资备案的批复。经过公开转让程序，苏州新建元控股集团有限公司获得圆融集团25%股权。2019年5月27日，中新集团与苏州新建元签订《股权转让协议》，中新集团将所持有圆融集团25%股权以59,928.3175万元转让给苏州新建元，同日，苏州新建元以一次性付款方式支付全部转让价款至苏州市公共资源交易中心指定监管账户。2019年5月30日，苏州市公共资源交易中心出具《苏州圆融发展集团有限公司股权公开转让鉴证报告书》（苏公源产[2019]028号）。2019年5月29日，圆融集团办理完毕工商变更手续。2019年5月31日，发行人收到苏州市公共资源交易中心划付的股权转让价款59,928.3175万元。", "spo_list": [{"predicate": "出具日期", "object_type": "日期", "subject_type": "日期", "object": "2019年5月30日", "subject": "2019年3月22日"}, {"predicate": "出具日期", "object_type": "文件", "subject_type": "文件", "object": "《苏州圆融发展集团有限公司股权公开转让鉴证报告书》", "subject": "《资产评估报告》"}]}
{"text": "中新智地原持有恒熠咨询30%股权。2019年3月16日，中新智地召开临时股东会，同意中新智地通过公开挂牌转让其持有的恒熠咨询30%股权，转让价格不低于其评估价值。2019年3月17日，恒熠咨询召开临时股东会，同意股东中新智地公开转让其持有的恒熠咨询30%股权。", "spo_list": [{"predicate": "会议召开日期", "object_type": "公司", "subject_type": "日期", "object": "恒熠咨询", "subject": "2019年3月16日"}, {"predicate": "会议召开日期", "object_type": "日期", "subject_type": "公司", "object": "2019年3月17日", "subject": "中新智地"}]}
{"text": "2019年2月22日，苏州君和诚信会计师事务所有限公司出具《专项审计报告》（君和专审字[2019]第039号）。依据2019年3月6日出具的《资产评估报告》（中通评报字[2019]21077号），截至评估基准日2018年11月30日，恒熠咨询净资产评估值为12,291.66万元。以此计算，中新智地持有的恒熠咨询30%股权评估价值为3,687.50万元。2019年3月18日，中新智地取得了苏州工业园区国有资产监督管理办公室出具的关于其拟对外公开转让恒熠咨询股权评估项目国资备案的批复。经过公开转让程序，苏州万科企业有限公司获得恒熠咨询30%股权。2019年6月6日，中新智地与苏州万科签订《股权按转让协议》，中新智地将所持有恒熠咨询30%股权以3,687.50万元转让给苏州万科，苏州万科已于2019年6月6日以一次性付款方式支付全部转让价款至苏州市公共资源交易中心指定监管账户，同日，苏州市公共资源交易中心出具《苏州恒熠企业管理咨询中新苏州工业园区开发集团股份有限公司首次公开发行股票招股说明书", "spo_list": [{"predicate": "出具日期", "object_type": "日期", "subject_type": "文件", "object": "2019年3月6日", "subject": "《专项审计报告》"}, {"predicate": "出具日期", "object_type": "文件", "subject_type": "日期", "object": "《资产评估报告》", "subject": "2019年2月22日"}]}
{"text": "中新智地原持有联鑫置业16.66%股权。2019年3月16日，中新智地召开临时股东会，同意中新智地通过公开挂牌转让其持有的联鑫置业16.66%股权，转让价格不低于其评估价值。2019年3月17日，联鑫置业召开临时股东会，同意股东中新智地公开转让其持有的联鑫置业16.66%股权。", "spo_list": [{"predicate": "会议召开日期", "object_type": "公司", "subject_type": "日期", "object": "联鑫置业", "subject": "2019年3月16日"}, {"predicate": "会议召开日期", "object_type": "日期", "subject_type": "公司", "object": "2019年3月17日", "subject": "中新智地"}]}
{"text": "2018年12月26日，苏州君和诚信会计师事务所有限公司出具《专项审计报告》（君和专审字[2018]第301号）。依据2019年3月4日出具的《资产评估报告》（中通评报字[2019]21079号），截至评估基准日2018年11月30日，联鑫置业净资产评估值为9,774.38万元。以此计算，中新智地持有的联鑫置业16.66%股权评估价值为1,628.41万元。2019年3月18日，中新智地取得了苏州工业园区国有资产监督管理办公室出具的关于其拟对外公开转让联鑫置业股权评估项目国资备案的批复。经过公开转让程序，苏州碧桂园房地产开发有限公司获得联鑫置业16.66%股权。2019年5月20日，中新智地与苏州碧桂园签订《股权转让协议》，中新智地将所持有联鑫置业16.66%股权以1,628.41万元转让给苏州碧桂园，同日，苏州碧桂园以一次性付款方式支付全部转让价款至苏州市公共资源交易中心指定监管账户。2019年5月23日，苏州市公共资源交易中心出具《苏州联鑫置业有限公司股权公开转让鉴证报告书》（苏公源产[2019]023号）。2019年5月27日，联鑫置业办理完毕工商变更手续。2019年5月30日，中新智地收到苏州市公共资源交易中心划付的股权转让价款1,628.41万元。", "spo_list": [{"predicate": "出具日期", "object_type": "日期", "subject_type": "文件", "object": "2019年3月4日", "subject": "《专项审计报告》"}, {"predicate": "出具日期", "object_type": "文件", "subject_type": "日期", "object": "《资产评估报告》", "subject": "2018年12月26日"}, {"predicate": "出具日期", "object_type": "文件", "subject_type": "日期", "object": "苏州联鑫置业有限公司股权公开转让鉴证报告书》", "subject": "2019年5月23日"}]}
{"text": "中新智地原持有尚源房产19.4%股权。2019年3月16日，中新智地召开临时股东会，同意中新智地通过公开挂牌转让其持有的尚源房产19.4%股权，转让价格不低于其评估价值。2019年4月4日，尚源房产召开临时股东会，同意股东中新智地公开转让其持有的尚源房产19.4%股权。", "spo_list": [{"predicate": "会议召开日期", "object_type": "公司", "subject_type": "日期", "object": "中新智地", "subject": "2019年3月16日"}, {"predicate": "会议召开日期", "object_type": "公司", "subject_type": "日期", "object": "尚源房产", "subject": "2019年4月4日"}]}
{"text": "2019年1月18日，苏州君和诚信会计师事务所有限公司出具《专项审计报告》（君和专审字[2019]第007号）。依据2019年3月4日出具的《资产评估报中新苏州工业园区开发集团股份有限公司首次公开发行股票招股说明书", "spo_list": [{"predicate": "出具日期", "object_type": "文件", "subject_type": "日期", "object": "《资产评估报中新苏州工业园区开发集团股份有限公司首次公开发行股票招股说明书", "subject": "2019年1月18日"}, {"predicate": "出具日期", "object_type": "日期", "subject_type": "文件", "object": "2019年3月4日", "subject": "《专项审计报告》"}]}
{"text": "中新智地原持有左岸地产30%股权。2019年3月16日，中新智地召开临时股东会，同意中新智地通过公开挂牌转让其持有的左岸地产30%股权，转让价格不低于其评估价值。2019年3月17日，左岸地产召开临时股东会，同意股东中新智地公开转让其持有的左岸地产30%股权。", "spo_list": [{"predicate": "会议召开日期", "object_type": "公司", "subject_type": "日期", "object": "中新智地", "subject": "2019年3月16日"}, {"predicate": "会议召开日期", "object_type": "公司", "subject_type": "日期", "object": "左岸地产", "subject": "2019年3月17日"}]}
{"text": "2018年12月28日，苏州君和诚信会计师事务所有限公司出具《专项审计报告》（君和专审字[2018]第306号）依据2019年3月4日出具的《资产评估报告》（中通评报字[2019]21081号），截至评估基准日2018年11月30日，左岸地产净资产评估值为30,727.61万元。以此计算，中新智地持有的左岸地产30%股权评估价值为9,218.28万元。2019年3月18日，中新智地取得了苏州工业园区国有资产监督管理办公室出具的关于其拟对外公开转让左岸地产股权评估项目国资备案的批复。经过公开转让程序，苏州万科企业有限公司获得左岸地产30%股权。2019年6月6日，中新智地与苏州万科签订《股权转让协议》，中新智地将所持有左岸地产30%股权以9,218.29万元转让给苏州万科，苏州万科已于2019年6月6日以一次性付款方式支付全部转让价款至苏州市公共资源交易中心指定监管账户，同日，苏州市公共资源交易中心出具《苏州工业园区左岸房地产开发有限公司股权公开转让鉴证报告书》（苏公源产[2019]36号）。2019年6月14日，中新苏州工业园区开发集团股份有限公司首次公开发行股票招股说明书", "spo_list": [{"predicate": "出具日期", "object_type": "日期", "subject_type": "日期", "object": "2019年3月4日", "subject": "2018年12月28日"}, {"predicate": "出具日期", "object_type": "文件", "subject_type": "文件", "object": "《资产评估报告》", "subject": "《专项审计报告》"}]}
{"text": "《关于环保引导资金补助的函》，发行人的污泥干化工程为苏州工业园区生态环境亮点工程，苏州工业园区环境保护局于2010年给予环保专项补助，作为递延收益后根据受益期逐步计入当期损益，于2016年度计入营业外收入114.42万元，于2017年度计入其他收益114.42万元，于2018年度计入其他收益114.42万元，于2019年1-6月计入其他收益57.21万元。", "spo_list": [{"predicate": "营业收入", "object_type": "日期", "subject_type": "日期", "object": "2019年1-6月", "subject": "2016年度"}, {"predicate": "其他收益", "object_type": "金额", "subject_type": "金额", "object": "114.42万元", "subject": "114.42万元"}, {"predicate": "其他收益", "object_type": "金额", "subject_type": "日期", "object": "114.42万元", "subject": "2017年度"}, {"predicate": "其他收益", "object_type": "金额", "subject_type": "日期", "object": "57.21万元", "subject": "2018年度"}]}
{"text": "为改善太湖流域水质及生态环境，国家对位于三河三湖流域符合条件的企业给予防治补助。根据江苏省财政厅办公室《关于下达2010年度中央三河三湖水污染防治财政专项补助资金项目（太湖流域）预算指标的通知》，发行人为符合获取防治补助条件的企业，江苏省财政厅于2010年给予三河三湖水污染防治专项资金，作为递延收益根据收益期逐步进入当期损益，于2016年度计入营业外收入53.33万元，于2017年度计入其他收益53.33万元，于2018年度计入其他收益95.33万元，于2019年1-6月计入其他收益47.67万元。", "spo_list": [{"predicate": "营业外收入", "object_type": "日期", "subject_type": "日期", "object": "2019年1-6月", "subject": "2016年度"}, {"predicate": "其他收益", "object_type": "金额", "subject_type": "金额", "object": "53.33万元", "subject": "53.33万元"}, {"predicate": "其他收益", "object_type": "金额", "subject_type": "日期", "object": "95.33万元", "subject": "2017年度"}, {"predicate": "其他收益", "object_type": "金额", "subject_type": "日期", "object": "47.67万元", "subject": "2018年度"}]}
{"text": "为促进苏州工业园区高新技术产业的发展，根据《苏州工业园区科技计划项目配套资助操作管理细则》，中新智地基于“筑家会”客户服务平台开发项目申请获得苏州工业园区科技发展局发放的高新产业发展资金，于2016年度计入营业外收入13.67万元，于2017年度计入其他收益13.67万元，于2018年度计入其他收益13.67万元，于2019年1-6月计入其他收益6.84万元。", "spo_list": [{"predicate": "营业外收入", "object_type": "金额", "subject_type": "日期", "object": "6.84万元", "subject": "2016年度"}, {"predicate": "其他收益", "object_type": "日期", "subject_type": "金额", "object": "2017年度", "subject": "13.67万元"}, {"predicate": "其他收益", "object_type": "日期", "subject_type": "金额", "object": "2019年1-6月", "subject": "13.67万元"}, {"predicate": "其他收益", "object_type": "日期", "subject_type": "金额", "object": "2018年度", "subject": "13.67万元"}]}
{"text": "注4：2017年4月6日，春兴新能源电力（苏州）有限公司股东会作出决议，引入新股东中新公用，并将注册资本由人民币5,000万元增加至人民币10,000万元，其中，中新公用认缴出资人民币3,400万元，占注册资本比例为34%。2017年5月8日，春兴新能源电力（苏州）有限公司股东会作出决议，公司名称变更为“中新春兴新能源电力（苏州）有限公司”。2017年6月21日，中新春兴办理完毕工商变更手续。根据公司章程按实缴比例决定表决权，2017年7月3日，中新公用实际出资人民币1,700万元，拥有中新春兴34%表决权。2018年4月13日，中新春兴各股东同比例增资，中新公用实际出资人民币1,700万元，仍拥有中新春兴34%表决权。", "spo_list": [{"predicate": "会议召开日期", "object_type": "公司", "subject_type": "日期", "object": "春兴新能源电力（苏州）有限公司", "subject": "2017年4月6日"}]}
{"text": "截至2019年6月30日，本公司其他应付款总计1,745,939,053.17元，其中，账龄超过1年的大额款项如下：中新苏州工业园区开发集团股份有限公司首次公开发行股票招股说明书", "spo_list": [{"predicate": "其他应付款", "object_type": "金额", "subject_type": "日期", "object": "1,745,939,053.17元", "subject": "2019年6月30日"}]}
{"text": "作为中新两国政府重要的合作项目、苏州工业园区的开发主体，公司经过20余年的发展，凭借中新合作的平台及丰富的城市开发运营经验，逐步发展成为国内园区开发运营领军企业。本公司各项业务发展迅速，2016年度、2017年度、2018年度及2019年1-6月公司实现的归属于母公司股东净利润分别为60,374.70万元、82,368.71万元、97,815.92万元及97,824.53万元。", "spo_list": [{"predicate": "净利润", "object_type": "金额", "subject_type": "日期", "object": "60,374.70万元", "subject": "2016年度"}, {"predicate": "净利润", "object_type": "金额", "subject_type": "日期", "object": "82,368.71万元", "subject": "2017年度"}, {"predicate": "净利润", "object_type": "金额", "subject_type": "日期", "object": "97,815.92万元", "subject": "2018年度"}, {"predicate": "净利润", "object_type": "金额", "subject_type": "日期", "object": "97,824.53万元", "subject": "2019年1-6月"}]}
{"text": "注3：轨新置地经2018年12月26日股东会决议决定增加注册资本，将其注册资本由原来50,000万人民币变更为70,000万人民币，变更后原股东苏州轨道交通资产有限公司出资额由40,000万人民币增加至56,000万人民币，仍占注册资本的80%，本公司子公司中新智地出资额由10,000万人民币增加至14,000万人民币，仍占注册资本的20%。2019年3月，本公司之子公司中新智地完成上述增资。", "spo_list": [{"predicate": "会议召开日期", "object_type": "公司", "subject_type": "日期", "object": "轨新置地", "subject": "2018年12月26日"}]}
{"text": "注4：2017年4月6日，春兴新能源电力（苏州）有限公司股东会作出决议，引入新股东中新公用，并将注册资本由人民币5,000万元增加至人民币10,000万元，其中，中新公用认缴出资人民币3,400万元，占注册资本比例为34%。2017年5月8日，春兴新能源电力（苏州）有限公司股东会作出决议，公司名称变更为“中新春兴新能源电力（苏州）有限公司”。2017年6月21日，中新春兴办理完毕工商变更手续。根据公司章程按实缴比例决定表决权，2017年7月3日，中新公用实际出资人民币1,700万元，拥有中新春兴34%表决权。2018年4月13日，中新春兴各股东同比例增资，中新公用实际出资人民币1,700万元，仍拥有中新春兴34%表决权。", "spo_list": [{"predicate": "会议召开日期", "object_type": "日期", "subject_type": "公司", "object": "2017年4月6日", "subject": "春兴新能源电力（苏州）有限公司"}]}
{"text": "注5：金辉华园经2018年5月2日股东会决议决定减少注册资本，将其注册资本由原来70,000万人民币变更为2,000万人民币，变更后原股东苏州金辉居业有限公司出资额由49,000万人民币减少至1,400万人民币，仍占注册资本的70%，本公司之子公司中新苏州工业园区市政公用发展集团有限公司出资额由21,000万人民币减少至600万人民币，仍占注册资本的30%。金辉华园于2018年6月25日领取了换发的工商营业执照。", "spo_list": [{"predicate": "会议召开日期", "object_type": "公司", "subject_type": "日期", "object": "金辉华园", "subject": "2018年5月2日"}]}
{"text": "2018年公司经营活动产生的现金流量净额为125,369.49万元，较上年同期减少113,011.08万元，主要系本期房产销售项目少，回款较上期减少导致。", "spo_list": [{"predicate": "现金流量净额", "object_type": "金额", "subject_type": "日期", "object": "125,369.49万元", "subject": "2018年"}]}
{"text": "2019年1-6月公司经营活动产生的现金流量净额为8,894.14万元，较上年同期减少46,775.13万元，主要系本期公司加大了斜塘项目、中新嘉善现代产业园PPP项目、苏通产业园项目和苏滁产业园项目的投入所致。", "spo_list": [{"predicate": "现金流量净额", "object_type": "金额", "subject_type": "日期", "object": "8,894.14万元", "subject": "2019年1-6月"}]}
{"text": "2016年度、2017年度、2018年度及2019年1-6月，公司投资活动产生的现金流量净额分别为13,412.78万元、-41,940.42万元、24,984.62万元及152,898.65万元。", "spo_list": [{"predicate": "现金流量净额", "object_type": "金额", "subject_type": "日期", "object": "13,412.78万元", "subject": "2016年度"}, {"predicate": "现金流量净额", "object_type": "金额", "subject_type": "日期", "object": "-41,940.42万元", "subject": "2017年度"}, {"predicate": "现金流量净额", "object_type": "金额", "subject_type": "日期", "object": "24,984.62万元", "subject": "2018年度"}, {"predicate": "现金流量净额", "object_type": "金额", "subject_type": "日期", "object": "152,898.65万元", "subject": "2019年1-6月"}]}
{"text": "2016年度公司投资活动现金流量净额为13,412.78万元，主要原因是本期投资支出较少，以及出售子公司市政工程收回投资。", "spo_list": [{"predicate": "现金流量净额", "object_type": "金额", "subject_type": "日期", "object": "13,412.78万元", "subject": "2016年"}]}
{"text": "2017年度公司投资活动现金流量净额为-41,940.42万元，主要系本期增加对中新苏州工业园区开发集团股份有限公司首次公开发行股票招股说明书", "spo_list": [{"predicate": "现金流量净额", "object_type": "金额", "subject_type": "日期", "object": "-41,940.42万元", "subject": "2017年"}]}
{"text": "2018年度公司投资活动现金流量净额为24,984.62万元，较上年同期增加66,925.04万元，主要系本期收回投资及取得投资收益流入增加。", "spo_list": [{"predicate": "现金流量净额", "object_type": "金额", "subject_type": "日期", "object": "24,984.62万元", "subject": "2018年度"}]}
{"text": "2019年1-6月公司投资活动现金流量净额为152,898.65万元，较上年同期有所增加152,301.41万元，主要系公司本期处置子公司和其他营业单位及收回投资收到的现金增加较多所致。", "spo_list": [{"predicate": "现金流量净额", "object_type": "金额", "subject_type": "日期", "object": "152,898.65万元", "subject": "2019年1-6月"}]}
{"text": "2019年1-9月，公司总体经营情况较为良好，实现营业收入453,067.61万元，较上年同期增长61.95%，归属于母公司所有者的净利润105,782.43万元，较上年同期增长37.83%，扣除非经常性损益后归属于母公司所有者的净利润70,954.80万元，较上年同期增长6.44%，主要原因系公司于2019年1-9月集中处置住宅及商业房地产资产所致。", "spo_list": [{"predicate": "营业收入", "object_type": "金额", "subject_type": "日期", "object": "453,067.61万元", "subject": "2019年1-9月"}]}
{"text": "公司2019年1-6月营业收入为359,597.96万元，较上年同期增长77.60%。其中，公司因处置住宅和商业房地产资产实现销售收入248,745.89万元，占2019年1-6月营业收入比例为69.17%。", "spo_list": [{"predicate": "营业收入", "object_type": "金额", "subject_type": "日期", "object": "359,597.96万元", "subject": "2019年1-6月"}]}
{"text": "2019年1-6月净利润为136,392.29万元，较上年同期增长88.55%，其中，公司因处置住宅和商业房地产资产实现净利润99,664.42万元，占2019年1-6月净利润比例为73.07%。", "spo_list": [{"predicate": "净利润", "object_type": "金额", "subject_type": "日期", "object": "136,392.29万元", "subject": "2019年1-6月"}]}
{"text": "2019年1-6月归属于母公司股东的净利润为97,824.53万元，较上年同期增长98.70%。其中，公司因处置住宅和商业房地产资产实现归母净利润74,742.59万元，占2019年1-6月归母净利润比例为76.40%。", "spo_list": [{"predicate": "净利润", "object_type": "金额", "subject_type": "日期", "object": "97,824.53万元", "subject": "2019年1-6月"}]}
{"text": "公司2019年1-9月营业收入为453,067.61万元，较上年同期增长61.95%。其中，公司处置住宅及商业房地产项目资产实现销售收入304,327.57万元，占2019年1-9月营业收入比例为67.17%。", "spo_list": [{"predicate": "营业收入", "object_type": "金额", "subject_type": "日期", "object": "453,067.61万元", "subject": "2019年1-9月"}]}
{"text": "公司2019年1-9月净利润为150,071.56万元，较上年同期增长33.59%，主要因公司处置住宅及商业房地产资产实现净利润103,418.98万元，占2019年1-9月净利润比例为68.91%。", "spo_list": [{"predicate": "净利润", "object_type": "金额", "subject_type": "日期", "object": "150,071.56万元", "subject": "2019年1-9月"}]}
{"text": "公司2019年1-9月归属于母公司股东的净利润为105,782.43万元，较上年同期增长37.83%，主要因公司处置住宅及商业房地产资产实现归母净利润78,074.09万元，占2019年1-9月归母净利润比例为73.81%。", "spo_list": [{"predicate": "净利润", "object_type": "金额", "subject_type": "日期", "object": "105,782.43万元", "subject": "2019年1-9月"}]}
