{"text": "2003年8月12日，浙江东方资产评估有限公司出具浙东评（2003）字第70号《资产评估报告书》，杰克缝纫机有限公司用于出资新杰克有限的机器设备的评估值为12,720,401.00元（评估增值-1,429,123.54元，增值率-10.10%）。浙江杰克缝纫机股份有限公司首次公开发行股票并上市招股说明书", "spo_list": [{"predicate": "出生日期", "object_type": "报告", "subject_type": "日期", "object": "浙东评（2003）字第70号《资产评估报告书》", "subject": "2003年8月12日"}]}
{"text": "2003年8月19日，浙江东方会计师事务所有限公司出具浙东会验[2003]第122号《验资报告》，截至2003年8月19日，新杰克有限已收到全体股东缴纳的注册资本合计人民币壹仟陆佰万元。各股东以货币资金出资3,279,599.00元，实物出资12,720,401.00元。", "spo_list": [{"predicate": "出生日期", "object_type": "报告", "subject_type": "日期", "object": "浙东会验[2003]第122号《验资报告》", "subject": "2003年8月19日"}]}
{"text": "为搭建境外上市股权架构，2004年12月，阮福德、阮积明、阮积祥将其持有的新杰克有限的全部股权转让给山水公司，转让价以台州中天资产评估有限公司于2004年11月19日出具的中天评报（2004）278号《资产评估报告书》中新杰克有限截至2004年10月31日的净资产评估值16,388,177.59元为参考，确认每元出资额转让价为1.025元，转让总价为16,400,000.00元（折合1,981,500美元）。", "spo_list": [{"predicate": "出具日期", "object_type": "日期", "subject_type": "报告", "object": "2004年11月19日", "subject": "中天评报（2004）278号《资产评估报告书》"}]}
{"text": "2005年1月13日，台州鼎力联合会计师事务所出具台鼎验[2004]275号《验资报告》，转让股权后新杰克有限注册资本为美元193万元，截至2005年1月12日，新杰克有限已收到山水公司投入的注册资本美元壹佰玖拾叁万元，并已按修改后章程的规定变更公司股权结构。", "spo_list": [{"predicate": "出具日期", "object_type": "报告", "subject_type": "日期", "object": "台鼎验[2004]275号《验资报告》", "subject": "2005年1月13日"}]}
{"text": "2006年12月29日，台州鼎力联合会计师事务所出具台鼎验[2006]370号《验资报告》，截至2006年12月29日，新杰克有限已将未分配利润人民币1,680万元折合215万美元转增注册资本。", "spo_list": [{"predicate": "出具日期", "object_type": "报告", "subject_type": "日期", "object": "台鼎验[2006]370号《验资报告》", "subject": "2006年12月29日"}]}
{"text": "立信会计师事务所有限公司杭州分所2007年4月28日出具了信会师杭验（2007）第4号《验资报告》，截至2007年4月28日止，公司已收到认缴增资各方新增注册资本合计72万美元。", "spo_list": [{"predicate": "出具日期", "object_type": "报告", "subject_type": "日期", "object": "信会师杭验（2007）第4号《验资报告》", "subject": "2007年4月28日"}]}
{"text": "2007年5月25日，立信会计师事务所出具了信会师报字（2007）第11519号《审计报告》，确认新杰克有限截至2007年4月30日的净资产审计值为156,780,998.19元。", "spo_list": [{"predicate": "出具日期", "object_type": "报告", "subject_type": "日期", "object": "信会师报字（2007）第11519号《审计报告》", "subject": "2007年5月25日"}]}
{"text": "2007年5月25日，北京中企华资产评估有限责任公司出具了中企华评报字（2007）第165号《资产评估报告书》，确认新杰克有限截至2007年4月30日的净资产评估值为175,618,870.73元。", "spo_list": [{"predicate": "出具日期", "object_type": "日期", "subject_type": "报告", "object": "2007年5月25日", "subject": "中企华评报字（2007）第165号《资产评估报告书》"}]}
{"text": "2007年5月25日，新杰克有限召开董事会，同意新杰克有限组织形式变更为外商投资股份有限公司，并更名为浙江新杰克缝纫机股份有限公司；根据立信会计师事务所出具的信会师报字（2007）第11519号《审计报告》，新杰克有限截至2007年4月30日的净资产156,780,998.19元，同意以其中15,500万元折合为变更后股份公司的注册资本15,500万元，总股本为15,500万股，每股1杰克缝纫机股份有限公司首次公开发行股票并上市招股说明书", "spo_list": [{"predicate": "出具日期", "object_type": "日期", "subject_type": "报告", "object": "2007年5月25日", "subject": "信会师报字（2007）第11519号《审计报告》"}]}
{"text": "2007年6月29日，立信会计师事务所有限公司出具了信会师报字（2007）第11601号《验资报告》，对新杰克有限整体变更为外商投资股份有限公司的注册资本变更进行了审验。新杰克有限截至2007年4月30日止经审计的净资产为人民币156,780,998.19元，其中15,500万元折合成股本，每股面值1元，折合15,500万股，共计股本人民币壹亿伍仟伍佰万元，净资产大于股本部分1,780,998.19元作为股本溢价计入资本公积。", "spo_list": [{"predicate": "出具日期", "object_type": "日期", "subject_type": "报告", "object": "2007年6月29日", "subject": "信会师报字（2007）第11601号《验资报告》"}]}
{"text": "2005年1月13日，台州鼎力联合会计师事务所出具台鼎验[2004]275号《验资报告》，转让股权后新杰克有限注册资本为美元193万元，截至2005年1月12日，新杰克有限已收到山水公司投入的注册资本美元壹佰玖拾叁万元，并已按修改后章程的规定变更公司股权结构。", "spo_list": [{"predicate": "出具日期", "object_type": "日期", "subject_type": "报告", "object": "2005年1月13日", "subject": "台鼎验[2004]275号《验资报告》"}]}
{"text": "2006年12月29日，台州鼎力联合会计师事务所出具台鼎验[2006]370号《验资报告》，截至2006年12月29日，新杰克有限已将未分配利润人民币1,680万元折合215万美元转增注册资本。", "spo_list": [{"predicate": "出具日期", "object_type": "报告", "subject_type": "日期", "object": "台鼎验[2006]370号《验资报告》", "subject": "2006年12月29日"}]}
{"text": "立信会计师事务所有限公司杭州分所2007年4月28日出具了信会师杭验（2007）第4号《验资报告》，截至2007年4月28日止，公司已收到认缴增资各方新增注册资本合计72万美元。", "spo_list": [{"predicate": "出具日期", "object_type": "报告", "subject_type": "日期", "object": "信会师杭验（2007）第4号《验资报告》", "subject": "2007年4月28日"}]}
{"text": "2007年6月29日，立信会计师事务所有限公司出具了信会师报字（2007）第11601号《验资报告》，对新杰克有限整体变更为外商投资股份有限公司的注杰克缝纫机股份有限公司首次公开发行股票并上市招股说明书", "spo_list": [{"predicate": "出具日期", "object_type": "报告", "subject_type": "日期", "object": "信会师报字（2007）第11601号《验资报告》", "subject": "2007年6月29日"}]}
{"text": "台州中天资产评估有限公司对上述转让的资产进行了评估并于2004年9月30日出具“中天评报[2004]264号”《评估报告》。上述经营性资产的具体内容、评估的基本情况如下：", "spo_list": [{"predicate": "出具日期", "object_type": "报告", "subject_type": "日期", "object": "“中天评报[2004]264号”《评估报告》", "subject": "2004年9月30日"}]}
{"text": "台州中天资产评估有限公司对上述转让的资产进行了评估并于2004年9月30日出具“中天评报[2004]264号”《评估报告》。", "spo_list": [{"predicate": "出具日期", "object_type": "报告", "subject_type": "日期", "object": "“中天评报[2004]264号”《评估报告》", "subject": "2004年9月30日"}]}
{"text": "1994年11月9日，椒江市审计师事务所出具《注册资金验证报告书》（390），截至1994年11月9日，公司股东阮积祥和胡彩芳已缴纳出资58万元，分别出资50%。", "spo_list": [{"predicate": "出具日期", "object_type": "报告", "subject_type": "日期", "object": "《注册资金验证报告书》（390）", "subject": "1994年11月9日"}]}
{"text": "1999年10月12日，台州安信会计师事务所有限公司出具了《验资报告》（台安会验（1999）第63号），截至1999年8月31日，阮积祥缴足279.00万元；阮福德缴足114.50万元；阮积明缴足114.50万元。", "spo_list": [{"predicate": "出具日期", "object_type": "报告", "subject_type": "日期", "object": "《验资报告》（台安会验（1999）第63号）", "subject": "1999年10月12日"}]}
{"text": "2002年12月18日，台州中天会计师事务所有限公司出具《验资报告》（中天验字[2002]804号），截至2002年12月13日，浙江杰克缝纫机有限公司已收到四位股东缴纳的注册资本4,492万元，各股东以货币出资2,550.69万元，其中实缴注册资本2,542.69万元，其余计入其他应付款；实物出资1,949.31万元。各股东投入情况如下：", "spo_list": [{"predicate": "出具日期", "object_type": "报告", "subject_type": "日期", "object": "《验资报告》（中天验字[2002]804号）", "subject": "2002年12月18日"}]}
{"text": "2003年7月16日，台州中天会计师事务所有限公司于出具《验资报告》（中天会验[2003]349号），截至2003年7月16日，杰克精密已收到全体股东以货币方式缴纳的注册资本500万元。", "spo_list": [{"predicate": "出具日期", "object_type": "报告", "subject_type": "日期", "object": "《验资报告》（中天会验[2003]349号）", "subject": "2003年7月16日"}]}
{"text": "2004年3月12日，台州中天会计师事务所有限公司出具《验资报告》（中天会验[2004]45号），截至2004年3月8日，杰克精密已收到全体股东以货币方式缴纳的新增注册资本300万元。", "spo_list": [{"predicate": "出具日期", "object_type": "报告", "subject_type": "日期", "object": "《验资报告》（中天会验[2004]45号）", "subject": "2004年3月12日"}]}
{"text": "2008年8月13日，公司以270万元认购浙江众邦190.91万元出资额（1.41元\\/单位出资额，由于浙江众邦的产品具有创新性且取得了相关专利，公司与浙江众邦原股东协商确定该增资价格），占浙江众邦注册资本的56%，溢价部分79.09万元计入浙江众邦资本公积，浙江众邦注册资本由150万元增加至340.91万元。奉化广平会计师事务所于2008年8月14日出具了“奉广内验字[2008]371号”《验资报告》。", "spo_list": [{"predicate": "出具日期", "object_type": "报告", "subject_type": "日期", "object": "“奉广内验字[2008]371号”《验资报告》", "subject": "2008年8月14日"}]}
{"text": "2004年11月25日，奉化广平会计师事务所有限公司出具“奉广内验字[2004]339号”《验资报告》，截至2004年11月24日，浙江众邦已收到全体股东以货币缴纳的注册资本150万元。", "spo_list": [{"predicate": "出具日期", "object_type": "报告", "subject_type": "日期", "object": "“奉广内验字[2004]339号”《验资报告》", "subject": "2004年11月25日"}]}
{"text": "2008年8月14日，奉化广平会计师事务所出具《验资报告》（奉广内验字[2008]371号），截至2008年8月13日，浙江众邦已收到公司缴纳的出资270万元，占注册资本的56%，溢价部分79.09万元计入资本公积。", "spo_list": [{"predicate": "出具日期", "object_type": "报告", "subject_type": "日期", "object": "《验资报告》（奉广内验字[2008]371号）", "subject": "2008年8月14日"}]}
{"text": "2010年11月26日，台州鼎力联合会计师事务所出具《验资报告》（台鼎验[2010]568号），截至2010年11月25日，浙江众邦已收到杰克投资和任奕彪以货币方式缴纳的新增注册资本（实收资本）459.09万元。", "spo_list": [{"predicate": "出具日期", "object_type": "报告", "subject_type": "日期", "object": "《验资报告》（台鼎验[2010]568号）", "subject": "2010年11月26日"}]}
{"text": "2007年4月23日，台州鼎力联合会计师事务所出具《验资报告》（台鼎验杰克缝纫机股份有限公司首次公开发行股票并上市招股说明书", "spo_list": [{"predicate": "出具日期", "object_type": "报告", "subject_type": "日期", "object": "《验资报告》", "subject": "2007年4月23日"}]}
{"text": "2010年11月10日，台州鼎力联合会计师事务所出具《验资报告》（台鼎验[2010]535号），截至2010年11月10日止，椒江迅轮已收到全体股东以货币方式缴纳的累计注册资本102.86万元。", "spo_list": [{"predicate": "出具日期", "object_type": "报告", "subject_type": "日期", "object": "《验资报告》（台鼎验[2010]535号）", "subject": "2010年11月10日"}]}
{"text": "2011年2月27日，台州鼎力联合会计师事务所出具了台鼎验[2011]107号《验资报告》，截至2011年2月24日，椒江迅轮已收到全部新增的注册资本350.5685万元。", "spo_list": [{"predicate": "出具日期", "object_type": "报告", "subject_type": "日期", "object": "台鼎验[2011]107号《验资报告》", "subject": "2011年2月27日"}]}
{"text": "2011年2月26日，台州宏诚资产评估事务所出具了宏诚评报字[2011]第006号《台州市椒江迅轮企业管理咨询有限公司资产评估报告书》、宏诚评报字[2011]杰克缝纫机股份有限公司首次公开发行股票并上市招股说明书", "spo_list": [{"predicate": "出具日期", "object_type": "报告", "subject_type": "日期", "object": "宏诚评报字[2011]第006号《台州市椒江迅轮企业管理咨询有限公司资产评估报告书》", "subject": "2011年2月26日"}]}
{"text": "报告期各期末，公司货币资金余额分别为15,514.21万元、13,172.78万元、14,468.28万元和18,087.94万元，货币资金占流动资产的比例分别为18.09%、17.23%、18.67%和21.87%。2014年末，公司货币资金余额较2013年末减少2,341.43万元，主要系公司其他货币资金减少所致。2015年末公司货币资金余额较2014年末增加1,295.50万元，主要系其他货币资金增加。2016年6月末公司货币资金余额较2015年末增加3,619.67万元，主要系银行存款余额增加。", "spo_list": [{"predicate": "货币资金余额", "object_type": "金额", "subject_type": "日期", "object": "15,514.21万元", "subject": "报告期各期末"}, {"predicate": "货币资金余额", "object_type": "金额", "subject_type": "日期", "object": "13,172.78万元", "subject": "报告期各期末"}, {"predicate": "货币资金余额", "object_type": "金额", "subject_type": "日期", "object": "14,468.28万元", "subject": "报告期各期末"}, {"predicate": "货币资金余额", "object_type": "金额", "subject_type": "日期", "object": "18,087.94万元", "subject": "报告期各期末"}]}
{"text": "报告期各期末，公司其他应收款账面价值分别为1,456.48万元、2,712.48万元、3,151.19万元和3,180.11万元，占公司期末流动资产的比例分别为1.70%、3.55%、4.07%和3.85%。公司的其他应收款主要包括退税款、各类保证金、保险理赔款和职工领用的备用金等。", "spo_list": [{"predicate": "应收账款账面价值", "object_type": "金额", "subject_type": "日期", "object": "1,456.48万元", "subject": "报告期各期末"}, {"predicate": "应收账款账面价值", "object_type": "金额", "subject_type": "日期", "object": "2,712.48万元", "subject": "报告期各期末"}, {"predicate": "应收账款账面价值", "object_type": "金额", "subject_type": "日期", "object": "3,151.19万元", "subject": "报告期各期末"}, {"predicate": "应收账款账面价值", "object_type": "金额", "subject_type": "日期", "object": "3,180.11万元", "subject": "报告期各期末"}]}
{"text": "报告期各期末，公司预付款项余额分别为1,092.04万元、1,060.75万元、1,090.55万元和718.49万元，占公司期末流动资产的比例分别为1.27%、1.39%、1.41%和0.87%。公司预付款项主要包括预付的采购料件款、尚未入库的进口采购物料的报关关税和增值税，以及咨询服务费用。", "spo_list": [{"predicate": "预付款项余额", "object_type": "金额", "subject_type": "日期", "object": "1,092.04万元", "subject": "报告期各期末"}, {"predicate": "预付款项余额", "object_type": "金额", "subject_type": "日期", "object": "1,060.75万元", "subject": "报告期各期末"}, {"predicate": "预付款项余额", "object_type": "金额", "subject_type": "日期", "object": "1,090.55万元", "subject": "报告期各期末"}, {"predicate": "预付款项余额", "object_type": "金额", "subject_type": "日期", "object": "718.49万元", "subject": "报告期各期末"}]}
