{"text": "2012年8月1日泰瑞有限董事会通过公司整体变更为股份有限公司的决议。泰瑞有限根据天健会计师事务所2012年7月31日出具的天健审[2012]5373号《审计报告》，以截至2012年6月30日经审计的净资产人民币226,119,513.80元折为股份公司120,000,000.00股，每股面值1元，股本总额120,000,000.00元，溢价部分106,119,513.80元计入资本公积。2012年8月16日，泰瑞机器创立大会暨2012年第一次临时股东大会审议通过了上述决议。", "spo_list": [{"predicate": "会议召开日期", "object_type": "日期", "subject_type": "日期", "object": "2012年7月31日", "subject": "2012年8月1日"}, {"predicate": "出具日期", "object_type": "文件", "subject_type": "公司", "object": "《审计报告》", "subject": "泰瑞有限"}]}
{"text": "2012年9月11日，天健会计师事务所对前述整体变更为股份有限公司事项出具了天健验[2012]307号《验资报告》。", "spo_list": [{"predicate": "出具日期", "object_type": "文件", "subject_type": "日期", "object": "《验资报告》", "subject": "2012年9月11日"}]}
{"text": "2012年9月17日，公司依法取得浙江省工商行政管理局注册号为330000400000463的《企业法人营业执照》，住所为杭州市杭州经济技术开发区下沙街道文泽北路245号，法定代表人为郑建国，注册资本为12,000万元，实收资本为12,000万元，公司类型为股份有限公司（中外合资、未上市），经营范围为生产、销售全电动（四轴联动伺服控制）塑料成型机及各类注塑机械、机械设备及配件。上述产品的售前培训、售后服务及同类产品的咨询服务。营业期限自2006年8月8日至长期。", "spo_list": [{"predicate": "注册资本", "object_type": "金额", "subject_type": "日期", "object": "12,000万元", "subject": "2012年9月17日"}]}
{"text": "2006年6月30日，浙江省对外贸易经济合作厅出具《浙江省对外贸易经济合作厅关于设立泰瑞机器制造（中国）有限公司的批复》（浙外经贸资函[2006]282号），同意设立中外合资经营企业泰瑞有限；公司投资总额4,000万美元，注册资本1,380万美元；注册资本中方投资者以人民币折合美元出资，外方投资者以美元现汇投入，由投资各方自营业执照签发之日起3个月内缴付15%，其余部分在2年内缴清。公司章程同时约定，缴付15%的首期出资后，在2007年7月1日前缴付第二期出资，并在2007年12月31日前缴付全部剩余出资。", "spo_list": [{"predicate": "出具日期", "object_type": "文件", "subject_type": "日期", "object": "《浙江省对外贸易经济合作厅关于设立泰瑞机器制造（中国）有限公司的批复》", "subject": "2006年6月30日"}]}
{"text": "2006年8月8日，泰瑞有限在浙江省工商行政管理局注册成立，领取了注册号为“企合浙总副字第002458号”的《企业法人营业执照》。法定代表人为郑建国，注册资本为1,380万美元，企业类型为有限责任公司（中外合资），经营范围为生产、销售全电动（四轴联动伺服控制）塑料成形机及各类注塑机械、机械设备及配件。上述产品的售前培训、售后服务及同类产品的咨询服务。", "spo_list": [{"predicate": "成立日期", "object_type": "公司", "subject_type": "日期", "object": "泰瑞有限", "subject": "2006年8月8日"}]}
{"text": "2006年10月13日，杭州英泰会计师事务所有限公司出具了杭英验字（2006）第399号《验资报告》。截至2006年10月10日，公司已收到股东缴纳的注册资本合计2,098,161.28美元，各股东以人民币折合美元出资880,851.28美元，以美元现汇出资1,217,310.00美元。本次新增实收资本占已登记注册资本总额的比例为15.20%。", "spo_list": [{"predicate": "出具日期", "object_type": "文件", "subject_type": "日期", "object": "《验资报告》", "subject": "2006年10月13日"}]}
{"text": "2007年7月16日，泰瑞有限召开第二次董事会决议通过公司章程对注册资本的缴付时间的修改。2007年8月23日，浙江省对外贸易经济合作厅出具《关于泰瑞机器制造（中国）有限公司变更出资时间并修改公司合同章程的批复》（浙外经贸资函[2007]392号)，同意公司第二期注册资本出资在2007年7月1日之前到位变更为自公司营业执照颁发之日起2年内缴清。", "spo_list": [{"predicate": "会议召开日期", "object_type": "日期", "subject_type": "公司", "object": "2007年8月23日", "subject": "泰瑞有限"}, {"predicate": "出具日期", "object_type": "文件", "subject_type": "日期", "object": "《关于泰瑞机器制造（中国）有限公司变更出资时间并修改公司合同章程的批复》", "subject": "2007年7月16日"}]}
{"text": "2007年7月17日，杭州英泰会计师事务所出具了杭英验字（2007）第996号《验资报告》。截至2007年7月16日止，公司已收到出资者缴纳的第二期出资合计3,466,912.51美元，各股东以人民币折合美元出资1,465,846.51美元，以美元现汇出资2,001,066.00美元。本次出资完成后，泰瑞有限实缴注册资本占已登记注册资本总额的比例为40.33%。", "spo_list": [{"predicate": "出具日期", "object_type": "文件", "subject_type": "日期", "object": "《验资报告》", "subject": "2007年7月17日"}]}
{"text": "2008年2月26日，杭州英杰会计师事务所出具杭英验（2008）第81号《验资报告》。截至2008年2月25日，公司已收到出资者缴纳的第三期出资合计3,956,555.08美元，各股东以人民币折合美元出资1,607,475.08美元，以美元现汇出资2,349,080.00美元。本次出资完成后，泰瑞有限实缴注册资本占已登记注册资本总额的比例为69.00%。", "spo_list": [{"predicate": "出具日期", "object_type": "文件", "subject_type": "日期", "object": "《验资报告》", "subject": "2008年2月26日"}]}
{"text": "2008年6月19日，杭州英杰会计师事务所出具杭英验字（2008）第426号《验资报告》。截至报告日，公司已收到出资者缴纳的第四期出资额360,000.00美元，各股东以美元现汇出资360,000.00美元。本次出资完成后，泰瑞有限实缴注册资本占已登记注册资本总额的比例为71.61%。", "spo_list": [{"predicate": "出具日期", "object_type": "文件", "subject_type": "日期", "object": "《验资报告》", "subject": "2008年6月19日"}]}
{"text": "2010年3月16日，杭州经济技术开发区招商局出具了《关于同意泰瑞机器制造（中国）有限公司股权变更的批复》（杭经开商[2010]68号），同意公司股东泰瑞机械将其持有公司2%股权，TEDERICBVI将其持有公司33%股权转让给泰德瑞克。股权转让后，公司注册资本仍为1,380万美元，其中，泰德瑞克出资1,035万美元，占注册资本75%；TEDERICBVI出资345万美元，占注册资本25%。", "spo_list": [{"predicate": "出具日期", "object_type": "文件", "subject_type": "日期", "object": "《关于同意泰瑞机器制造（中国）有限公司股权变更的批复》", "subject": "2010年3月16日"}]}
{"text": "2011年8月1日，杭州金孚资产评估有限公司出具了杭金资评字[2011]第169号资产评估报告，对泰瑞有限净资产进行评估。确定以2009年12月31日为评估基准日，泰瑞有限净资产账面值114,404,643.21元，调整后账面值114,404,643.21元，评估值129,438,346.42元，评估增值15,033,703.21元。", "spo_list": [{"predicate": "净资产", "object_type": "金额", "subject_type": "日期", "object": "114,404,643.21元", "subject": "2009年12月31日"}, {"predicate": "净资产评估值", "object_type": "金额", "subject_type": "日期", "object": "129,438,346.42元", "subject": "2009年12月31日"}]}
{"text": "2011年10月16日，杭州经济技术开发区招商局出具了《关于泰瑞机器制造（中国）有限公司股权转让事宜的函》（杭经开商[2011]218号）同意泰瑞有限的股权转让价格按上述补充协议约定的以第三方资产评估中介对目标公司进行评估后的净资产评估值作为确定股权转让价的依据，评估基准日为2009年12月31日。", "spo_list": [{"predicate": "出具日期", "object_type": "文件", "subject_type": "日期", "object": "《关于泰瑞机器制造（中国）有限公司股权转让事宜的函》", "subject": "2011年10月16日"}]}
{"text": "2011年7月31日，泰瑞有限董事会决议通过增加注册资本的议案。公司注册资本将由1,380.00万美元增加到1,533.34万美元。增加的注册资本153.34万美元由以下部分构成：新股东海通开元出资3,600万元人民币，认购新增注册资本92万美元，按缴款当日汇率计入注册资本，其余计入资本公积；悦海伟祺出资900万元人民币，认购新增注册资本23万美元，按缴款当日汇率计入注册资泰瑞机器股份有限公司首次公开发行股票招股说明书", "spo_list": [{"predicate": "会议召开日期", "object_type": "公司", "subject_type": "日期", "object": "泰瑞有限", "subject": "2011年7月31日"}]}
{"text": "2011年8月19日，杭州经济技术开发区招商局出具了《关于同意泰瑞机器制造（中国）有限公司增资的批复》（杭经开商[2011]第177号），同意泰瑞有限本次增资。", "spo_list": [{"predicate": "出具日期", "object_type": "日期", "subject_type": "文件", "object": "2011年8月19日", "subject": "《关于同意泰瑞机器制造（中国）有限公司增资的批复》"}]}
{"text": "2011年9月14日，天健会计师事务所出具了天健验（2011）386号《验资报告》。截至2011年9月9日，公司已收到海通开元、悦海伟祺和GSCBVI缴纳新增出资款9,376,282.30美元，各股东以人民币45,000,000.00元折合美元缴纳出资款7,033,492.30美元，以美元现汇出资2,342,790.00美元。", "spo_list": [{"predicate": "出具日期", "object_type": "日期", "subject_type": "文件", "object": "2011年9月14日", "subject": "《验资报告》"}]}
{"text": "2012年3月12日，经泰瑞有限董事会决议通过：", "spo_list": [{"predicate": "会议召开日期", "object_type": "日期", "subject_type": "公司", "object": "2012年3月12日", "subject": "泰瑞有限"}]}
{"text": "2012年4月16日，杭州经济技术开发区招商局出具了《准予变更泰瑞机器制造（中国）有限公司行政许可决定书》（杭经开商许[2012]36号）同意本次股权转让。同日，公司取得浙江省人民政府新核发的《中华人民共和国外商投资企业批准证书》（商外资浙府资字[2006]00689号），投资总额为4,000万美元，注册资本为1,533.34万美元。", "spo_list": [{"predicate": "出具日期", "object_type": "日期", "subject_type": "文件", "object": "2012年4月16日", "subject": "《准予变更泰瑞机器制造（中国）有限公司行政许可决定书》"}]}
{"text": "2012年6月29日，泰瑞有限董事会作出决议，同意将公司组织形式变更为股份有限公司并更名为“泰瑞机器股份有限公司”；同意本次股份制改制，确认以2012年6月30日为审计及评估基准日。委托天健会计师事务所为本次改制审计机构，委托坤元评估为本次改制评估机构。", "spo_list": [{"predicate": "会议召开日期", "object_type": "日期", "subject_type": "公司", "object": "2012年6月29日", "subject": "泰瑞有限"}]}
{"text": "为本次整体变更设立股份有限公司，2012年7月31日，天健会计师事务所出具了天健审[2012]5373号《审计报告》，经审计，截至2012年6月30日泰瑞有限（母公司）的净资产为226,119,513.80元。", "spo_list": [{"predicate": "出具日期", "object_type": "日期", "subject_type": "文件", "object": "2012年6月30日", "subject": "《审计报告》"}, {"predicate": "净资产", "object_type": "金额", "subject_type": "日期", "object": "226,119,513.80元", "subject": "2012年7月31日"}]}
{"text": "2012年8月1日，坤元评估出具了坤元评报[2012]279号《泰瑞机器制造（中国）有限公司拟变更设立为股份有限公司涉及的股东全部权益价值评估项目资产评估报告》，报告评估基准日为2012年6月30日，评估方法采用资产基础法进行评估。经评估，泰瑞有限股东全部权益账面价值226,119,513.80元，评估价值259,426,604.52元，评估增值33,307,090.72元，增值率为14.73%。", "spo_list": [{"predicate": "会议召开日期", "object_type": "日期", "subject_type": "文件", "object": "2012年8月1日", "subject": "《泰瑞机器制造（中国）有限公司拟变更设立为股份有限公司涉及的股东全部权益价值评估项目资产评估报告》"}]}
{"text": "2012年8月16日，泰瑞机器召开创立大会暨2012年第一次临时股东大会，审议通过了以整体变更方式发起设立泰瑞机器及筹办情况、设立费用等议案，并选举了公司董事会、监事会成员。", "spo_list": [{"predicate": "会议召开日期", "object_type": "公司", "subject_type": "日期", "object": "泰瑞机器", "subject": "2012年8月16日"}]}
{"text": "2012年9月5日，杭州经济技术开发区管理委员会出具了《关于同意泰瑞机器制造（中国）有限公司变更为泰瑞机器股份有限公司的批复》（杭经开管发[2012]167号），同意泰瑞有限经营方式变更为外商投资股份有限公司，并更名为“泰瑞机器股份有限公司”，公司注册资本为12,000万元人民币，股份总数为12,000万股，每股面值1元人民币。", "spo_list": [{"predicate": "出具日期", "object_type": "日期", "subject_type": "文件", "object": "2012年9月5日", "subject": "《关于同意泰瑞机器制造（中国）有限公司变更为泰瑞机器股份有限公司的批复》"}]}
{"text": "2012年9月11日，天健会计师事务所出具了天健验[2012]307号《验资报告》，根据该报告，截至2012年9月10日，公司已收到全体出资者以泰瑞有限净资产缴纳的实收资本人民币120,000,000.00元。", "spo_list": [{"predicate": "出具日期", "object_type": "日期", "subject_type": "文件", "object": "2012年9月11日", "subject": "《验资报告》"}]}
{"text": "2013年5月13日，泰瑞机器召开了2013年第一次临时股东大会，审议通过《关于变更公司注册资本的议案》。公司年末资本公积余额106,119,513.80元，会议确认以2012年末总股本为基数，全体股东以资本公积金转增股本，每10股转增2.75股，共计资本公积金转增股本3,300万股，公司总股本由12,000万股增加至15,300万股，全体股东持股比例保持不变。", "spo_list": [{"predicate": "会议召开日期", "object_type": "日期", "subject_type": "日期", "object": "年末", "subject": "2013年5月13日"}, {"predicate": "资本公积余额", "object_type": "金额", "subject_type": "公司", "object": "106,119,513.80元", "subject": "泰瑞机器"}]}
{"text": "2013年5月27日，杭州经济技术开发区管理委员会出具了《关于同意泰瑞机器股份有限公司章程变更的批复》（杭经开管发[2013]153号）同意公司注册资本增加3,300万元人民币。增资后，公司总股本为15,300万股，注册资本为15,300万元人民币。", "spo_list": [{"predicate": "出具日期", "object_type": "日期", "subject_type": "文件", "object": "2013年5月27日", "subject": "《关于同意泰瑞机器股份有限公司章程变更的批复》"}]}
{"text": "2013年11月11日，杭州经济技术开发区管理委员会出具了《准予变更泰瑞机器股份有限公司行政许可决定书》（杭经开商许[2013]152号），同意本次股权转让事项，转让后，公司注册资本仍为15,300万元人民币。", "spo_list": [{"predicate": "出具日期", "object_type": "文件", "subject_type": "日期", "object": "《准予变更泰瑞机器股份有限公司行政许可决定书》", "subject": "2013年11月11日"}]}
{"text": "2014年12月22日，杭州经济技术开发区管理委员会出具了《准予变更泰瑞机器行政许可决定书》（杭经开商许[2014]159号），同意上述股权转让事项。", "spo_list": [{"predicate": "出具日期", "object_type": "日期", "subject_type": "文件", "object": "2014年12月22日", "subject": "《准予变更泰瑞机器行政许可决定书》"}]}
{"text": "2001年2月19日，杭州市上城区对外贸易经济合作局出具了《关于同意杭州泰瑞机械有限公司合同、章程的批复》（上外贸经[2001]7号）同意设立泰瑞机械，合资双方为郑建国与TEDERICBVI。合资公司总投资10万美元，注册资本10万美元。其中：郑建国出资6.5万美元，占注册资本的65%，以人民币现汇出资；TEDERICBVI出资3.5万美元，占注册资本的35%，以美元现汇出资，合资双方出资额在合资公司营业执照签发之日起1个月内缴付完毕。", "spo_list": [{"predicate": "出具日期", "object_type": "日期", "subject_type": "文件", "object": "2001年2月19日", "subject": "《关于同意杭州泰瑞机械有限公司合同、章程的批复》"}]}
{"text": "2001年3月16日，浙江江南会计师事务所有限公司出具了浙江南会验字（2001）192号《验资报告》，经审验，截至2001年3月15日，泰瑞机械已收到了其投资者投入的资本10万美元。", "spo_list": [{"predicate": "出具日期", "object_type": "日期", "subject_type": "文件", "object": "2001年3月16日", "subject": "《验资报告》"}]}
{"text": "2003年7月11日，杭州市上城区对外贸易经济合作局出具了《杭州市上城区外商投资企业变更批复》（[2003]上外资更字21号），同意泰瑞机械的上述事项变更。", "spo_list": [{"predicate": "出具日期", "object_type": "日期", "subject_type": "文件", "object": "2003年7月11日", "subject": "《杭州市上城区外商投资企业变更批复》"}]}
{"text": "2003年7月17日，浙江兴合会计师事务所出具了浙兴验字（2003）第482号《验资报告》。经审验，截至报告日，公司已收到本次新增注册资本40万美元，均以货币资金出资。", "spo_list": [{"predicate": "出具日期", "object_type": "日期", "subject_type": "文件", "object": "2003年7月17日", "subject": "《验资报告》"}]}
{"text": "2012年3月15日，泰瑞机械董事会决议成立清算组，同意公司注销并停止营业。泰瑞机械于2012年3月24日在《浙江工人日报》上刊登相关注销公告。2012年7月23日，杭州市上城区商务局出具《关于对泰瑞机械有限公司提前终止经营的批复》（上商务[2012]23号），原则同意泰瑞机械提前终止经营的申请。", "spo_list": [{"predicate": "会议召开日期", "object_type": "日期", "subject_type": "日期", "object": "2012年7月23日", "subject": "2012年3月15日"}, {"predicate": "出具日期", "object_type": "文件", "subject_type": "公司", "object": "《关于对泰瑞机械有限公司提前终止经营的批复》", "subject": "泰瑞机械"}]}
{"text": "2012年8月15日，杭州海关出具《外商投资企业办结海关手续通知书》，泰瑞机械已办结海关监管、税款清理等事宜，完成海关注销手续。2012年9月13日，杭州市国家税务局出具了《税务事项通知书》（杭国通[2012]87901号），同意泰瑞机械的注销申请。2012年9月28日，杭州市地方税务局出具了《注销泰瑞机器股份有限公司首次公开发行股票招股说明书", "spo_list": [{"predicate": "出具日期", "object_type": "日期", "subject_type": "文件", "object": "2012年9月13日", "subject": "《外商投资企业办结海关手续通知书》"}, {"predicate": "出具日期", "object_type": "文件", "subject_type": "日期", "object": "《税务事项通知书》", "subject": "2012年8月15日"}]}
{"text": "税务（缴费）登记通知书》（杭地税纳税费注通[2012]1125号），准予泰瑞机械注销税务登记申请。2012年11月20日，杭州市工商行政管理局出具（杭）准予注销[2012]第085052号《工商企业注销证明》，泰瑞机械正式注销。", "spo_list": [{"predicate": "出具日期", "object_type": "文件", "subject_type": "日期", "object": "《工商企业注销证明》", "subject": "2012年11月20日"}]}
{"text": "泰瑞重机原名为“浙江辉能风电科技有限公司”，成立于2010年4月26日，为公司的全资子公司，注册于德清县工商行政管理局，统一社会信用代码为913305215540448063，注册资本为5,000万元，实收资本为5,000万元。注册地及主要经营地址为德清县经济开发区双山路东，法定代表人为何英，经营范围：重型机械设备研发，风力发电设备、智能化全闭环伺服驱动注塑机研发、生产，自产产品的销售，精密铸造及机械加工技术研发和相关技术咨询。（依法须经批准的项目，经相关部门批准后方可开展经营活动）。目前主营业务为生产注塑机的部分零部件。", "spo_list": [{"predicate": "成立日期", "object_type": "日期", "subject_type": "公司", "object": "2010年4月26日", "subject": "泰瑞重机"}, {"predicate": "注册资本", "object_type": "金额", "subject_type": "公司", "object": "5,000万元", "subject": "泰瑞重机"}]}
{"text": "2011年9月30日浙江辉能风电科技有限公司召开股东会，同意林福云将其持有的49%股权合计2,450万元（其中：已完成出资735万元，未完成出资1,715万元）以735万元价格全部转让给泰瑞有限，未完成出资部分由泰瑞有限履行出资义务。本次转让后，浙江辉能风电科技有限公司由泰瑞有限100%控股。同日，双方签订了股权转让协议。", "spo_list": [{"predicate": "会议召开日期", "object_type": "公司", "subject_type": "日期", "object": "浙江辉能风电科技有限公司", "subject": "2011年9月30日"}]}
{"text": "2011年10月20日，天健会计师事务所出具了天健验（2011）431号《验资报告》，经审验，浙江辉能风电科技有限公司已收到泰瑞有限缴纳的第二期出资共计3,500万元。至此公司注册资本为5,000万元，实收资本5,000万元，占已登记注册资本总额的100%，出资全额缴足。", "spo_list": [{"predicate": "出具日期", "object_type": "日期", "subject_type": "文件", "object": "2011年10月20日", "subject": "《验资报告》"}]}
{"text": "2012年7月20日，浙江辉能风电科技有限公司召开股东会，决定公司名称变更为“浙江泰瑞重型机械有限公司”。经营范围变更为“重型机械设备研发，风力发电设备、智能化全闭环伺服驱动注塑机研发、生产，自产产品的销售，精密铸造及机械加工技术研发和相关技术咨询”。", "spo_list": [{"predicate": "会议召开日期", "object_type": "公司", "subject_type": "日期", "object": "浙江辉能风电科技有限公司", "subject": "2012年7月20日"}]}
{"text": "2012年8月3日，浙江省发展和改革委员会出具了浙发改外资[2012]952号《省发改委关于泰瑞机器制造（中国）有限公司在香港投资开展注塑机等产品营销项目核准的批复》，同意泰瑞有限在香港投资开展注塑机等产品营销项目。公司于2012年11月1日在香港特别行政区投资设立了泰瑞香港。", "spo_list": [{"predicate": "出具日期", "object_type": "文件", "subject_type": "日期", "object": "《省发改委关于泰瑞机器制造（中国）有限公司在香港投资开展注塑机等产品营销项目核准的批复》", "subject": "2012年8月3日"}]}
{"text": "2016年12月31日总资产为101,391,077.32元、净资产为101,262,577.32主要财务数据", "spo_list": [{"predicate": "总资产", "object_type": "金额", "subject_type": "日期", "object": "101,391,077.32元", "subject": "2016年12月31日"}, {"predicate": "净资产", "object_type": "金额", "subject_type": "日期", "object": "101,262,577.32", "subject": "2016年12月31日"}]}
{"text": "元、2016年度净利润为4,937,967.64元。", "spo_list": [{"predicate": "净利润", "object_type": "金额", "subject_type": "日期", "object": "4,937,967.64元", "subject": "2016年度"}]}
{"text": "2016年12月31日总资产为19,055,011.61元、净资产为15,104,055.25元、2016年度净利润为4,060.27元。", "spo_list": [{"predicate": "总资产", "object_type": "金额", "subject_type": "日期", "object": "19,055,011.61元", "subject": "2016年12月31日"}, {"predicate": "净资产", "object_type": "金额", "subject_type": "日期", "object": "15,104,055.25元", "subject": "2016年12月31日"}, {"predicate": "净利润", "object_type": "金额", "subject_type": "日期", "object": "4,060.27元", "subject": "2016年12月31日"}]}
{"text": "金泰投资成立于2012年2月29日，法定代表人为罗昌尧，住所为：温岭市城东街道三星大道650号碧湖山庄玉桂苑148号，注册资本为518万元，实收资本为518万元，经营范围：国家法律、法规和政策允许的投资业务，主要股东为罗素青（持股90%）和罗昌尧（持股10%）。金泰投资为泰瑞机器原股东、发起人。2014年10月30日，金泰投资向聚拓投资和泰德瑞克转让其持有泰瑞机器2%股份，详见本节“三、发行人股本形成与历次变化情况、历次重大资产重组情况”之“（三）发行人整体变更后的股本变化情况”。转让后，金泰投资不再持有泰瑞机器股份。金泰投资于2015年6月18日股东会决议解散，并办理完成注销程序。", "spo_list": [{"predicate": "成立日期", "object_type": "公司", "subject_type": "日期", "object": "金泰投资", "subject": "2012年2月29日"}, {"predicate": "注册资本", "object_type": "金额", "subject_type": "日期", "object": "518万元", "subject": "2012年2月29日"}]}
{"text": "公司持股5%以上的股东包括泰德瑞克、TEDERICBVI、海通开元，基本情况详见本节“七、公司发起人、持股5%以上的主要股东及实际控制人基本情况”之“（一）公司股东和发起人基本情况”。", "spo_list": [{"predicate": "持有5%以上股份的主要股东", "object_type": "公司", "subject_type": "公司", "object": "泰德瑞克", "subject": "公司"}, {"predicate": "持有5%以上股份的主要股东", "object_type": "公司", "subject_type": "公司", "object": "TEDERICBVI", "subject": "公司"}, {"predicate": "持有5%以上股份的主要股东", "object_type": "公司", "subject_type": "公司", "object": "海通开元", "subject": "公司"}]}
{"text": "实际控制人郑建国，身份证号5226011970********，中国国籍，无永久境外居留权。本科学历，中国塑料机械工业协会副会长、浙江省机械工业联合会副会长。1991年至2000年，就职于浙江塑料机械总厂（后更名为浙江申达塑料机械有限公司）；2001年至2012年担任泰瑞机械董事长、总经理；2006年至2012年担任泰瑞有限董事长、总经理，现任公司董事长、总经理。", "spo_list": [{"predicate": "国籍", "object_type": "国家", "subject_type": "人物", "object": "中国", "subject": "郑建国"}, {"predicate": "最高学历", "object_type": "学历", "subject_type": "人物", "object": "本科学历", "subject": "郑建国"}]}
{"text": "实际控制人何英，身份证号5226011970********，中国国籍，无永久境外居留权。本科学历，1991年至2002年，就职于浙江塑料机械总厂（后改名为浙江申达塑料机械有限公司）；2003年至2008年担任泰瑞机械副总经理；2006年至2012年担任泰瑞有限董事、副总经理，现任公司董事、副总经理。", "spo_list": [{"predicate": "国籍", "object_type": "国家", "subject_type": "学历", "object": "中国", "subject": "本科"}, {"predicate": "最高学历", "object_type": "人物", "subject_type": "学历", "object": "何英", "subject": "本科"}]}
{"text": "2017年7月20日，杭州经济技术开发区劳动监察大队出具《证明》：“2014年1月1日至今，我大队未对泰瑞机器进行行政处罚或行政处理。”", "spo_list": [{"predicate": "出具日期", "object_type": "文件", "subject_type": "日期", "object": "《证明》", "subject": "2017年7月20日"}]}
{"text": "2017年7月11日，德清县人力资源和社会保障局出具《证明》：“泰瑞重机自2014年1月1日至今严格遵守劳动保障法律法规，未发生重大劳资纠纷和立案查处的情况。”", "spo_list": [{"predicate": "出具日期", "object_type": "日期", "subject_type": "文件", "object": "2017年7月11日", "subject": "《证明》"}]}
{"text": "2014年4月6日，公司2013年度股东大会审议并通过了上述议案。", "spo_list": [{"predicate": "会议召开日期", "object_type": "日期", "subject_type": "公司", "object": "2014年4月6日", "subject": "公司"}]}
{"text": "2015年5月15日，公司2014年度股东大会审议并通过了上述议案。", "spo_list": [{"predicate": "会议召开日期", "object_type": "日期", "subject_type": "公司", "object": "2015年5月15日", "subject": "公司"}]}
{"text": "2016年10月27日，公司2016年第二次临时股东大会审议并通过了上述议案。", "spo_list": [{"predicate": "会议召开日期", "object_type": "公司", "subject_type": "日期", "object": "公司", "subject": "2016年10月27日"}]}
{"text": "2017年3月15日，公司2016年年度股东大会审议并通过了上述议案。", "spo_list": [{"predicate": "会议召开日期", "object_type": "日期", "subject_type": "公司", "object": "2017年3月15日", "subject": "公司"}]}
{"text": "截至2017年6月30日，发行人资产总额为81,744.44万元，其中：货币资金20,038.37万元、应收账款18,733.24万元、预付款项201.39万元、存货17,967.69万元、固定资产15,575.01万元、无形资产2,390.64万元。", "spo_list": [{"predicate": "货币资金", "object_type": "金额", "subject_type": "日期", "object": "20,038.37万元", "subject": "2017年6月30日"}, {"predicate": "应收账款", "object_type": "金额", "subject_type": "日期", "object": "18,733.24万元", "subject": "2017年6月30日"}, {"predicate": "预付款项", "object_type": "金额", "subject_type": "日期", "object": "201.39万元", "subject": "2017年6月30日"}, {"predicate": "存货", "object_type": "金额", "subject_type": "日期", "object": "17,967.69万元", "subject": "2017年6月30日"}, {"predicate": "固定资产", "object_type": "金额", "subject_type": "日期", "object": "15,575.01万元", "subject": "2017年6月30日"}, {"predicate": "无形资产", "object_type": "金额", "subject_type": "日期", "object": "2,390.64万元", "subject": "2017年6月30日"}]}
{"text": "截至2017年6月30日，发行人负债总额为32,944.14万元，其中短期借款1,000.00万元、应付票据6,758.99万元、应付账款20,244.09万元、预收款项2,716.29万元等。", "spo_list": [{"predicate": "短期借款", "object_type": "金额", "subject_type": "日期", "object": "1,000.00万元", "subject": "2017年6月30日"}, {"predicate": "应付票据", "object_type": "金额", "subject_type": "日期", "object": "6,758.99万元", "subject": "2017年6月30日"}, {"predicate": "应付账款", "object_type": "金额", "subject_type": "日期", "object": "20,244.09万元", "subject": "2017年6月30日"}, {"predicate": "预收款项", "object_type": "金额", "subject_type": "日期", "object": "2,716.29万元", "subject": "2017年6月30日"}]}
{"text": "2015年度，（1）根据2015年4月25日公司董事会一届二十次会议审议通过，并经股东大会审议批准的2014年度利润分配方案，公司以截至2015年4月30日止的总股本15,300.00万股为基数，每10股派发现金股利0.5元（含税）；（2）根据公司章程规定，公司按2015年度母公司实现净利润的10%提取法定盈余公积500.57万元。", "spo_list": [{"predicate": "会议召开日期", "object_type": "公司", "subject_type": "日期", "object": "公司", "subject": "2015年4月25日"}]}
{"text": "2016年度，（1）根据2016年3月1日公司董事会二届四次会议审议通过，并经股东大会审议批准的2015年度利润分配方案，公司以截至2016年2月29日止的总股本15,300.00万股为基数，每10股派发现金股利0.5元（含税）。（2）根据公司章程规定，公司按2016年度母公司实现净利润的10%提取法定盈余公积681.76万元。", "spo_list": [{"predicate": "会议召开日期", "object_type": "公司", "subject_type": "日期", "object": "公司", "subject": "2016年3月1日"}]}
{"text": "根据2017年3月15日公司董事会二届九次会议审议通过，并经股东大会审议批准的2016年度利润分配方案，公司以截至2017年1月31日止的总股本153,000,000股为基数，每10股派发现金股利0.8元（含税）。", "spo_list": [{"predicate": "会议召开日期", "object_type": "日期", "subject_type": "公司", "object": "2017年3月15日", "subject": "公司"}]}
{"text": "报告期内，随着业务的不断拓展，公司主营业务规模持续扩大，资产总额总体保持稳步增长态势。2014年末、2015年末、2016年末及2017年6月末，资产总额分别为58,977.55万元、60,750.01万元、74,441.87万元和81,744.44万元。2015年末较2014年末、2016年末较2015年末、2017年6月末较2016年末资产总额分别较上年末增长了3.01%、22.54%和9.81%。主要资产图示如下：泰瑞机器股份有限公司首次公开发行股票招股说明书", "spo_list": [{"predicate": "总资产", "object_type": "金额", "subject_type": "日期", "object": "58,977.55万元", "subject": "2014年末"}, {"predicate": "总资产", "object_type": "金额", "subject_type": "日期", "object": "60,750.01万元", "subject": "2015年末"}, {"predicate": "总资产", "object_type": "金额", "subject_type": "日期", "object": "74,441.87万元", "subject": "2016年末"}, {"predicate": "总资产", "object_type": "金额", "subject_type": "日期", "object": "81,744.44万元", "subject": "2017年6月末"}]}
{"text": "2014年末、2015年末、2016年末和2017年6月末，公司货币资金分别为13,844.26万元、10,628.65万元、18,947.62万元和20,038.37万元，占各期末流动资产的比例分别为34.46%、24.83%、33.90%和32.04%。货币资金主要由银行存款、其他货币资金构成，具体明细如下：", "spo_list": [{"predicate": "货币资金", "object_type": "金额", "subject_type": "日期", "object": "13,844.26万", "subject": "2014年末"}, {"predicate": "货币资金", "object_type": "金额", "subject_type": "日期", "object": "10,628.65万元", "subject": "2015年末"}, {"predicate": "货币资金", "object_type": "金额", "subject_type": "日期", "object": "18,947.62万元", "subject": "2016年末"}, {"predicate": "货币资金", "object_type": "金额", "subject_type": "日期", "object": "20,038.37万元", "subject": "2017年6月末"}]}
{"text": "2014年末、2015年末、2016年末和2017年6月末，公司应收票据分别为854.28万元、5.00万元、3,284.91万元和5,038.86，占流动资产的比例分别为2.13%、0.01%、5.88%和8.06%。报告期内，公司收到客户以承兑汇票的方式支付货款后，根据资金使用情况，通常会将部分票据背书转让给供应商，或到期兑付。", "spo_list": [{"predicate": "应收票据", "object_type": "金额", "subject_type": "日期", "object": "854.28万元", "subject": "2014年末"}, {"predicate": "应收票据", "object_type": "金额", "subject_type": "日期", "object": "5.00万元", "subject": "2015年末"}, {"predicate": "应收票据", "object_type": "金额", "subject_type": "日期", "object": "3,284.91万元", "subject": "2016年末"}, {"predicate": "应收票据", "object_type": "金额", "subject_type": "日期", "object": "5,038.86", "subject": "2017年6月末"}]}
{"text": "2014年末、2015年末、2016年末和2017年6月末，公司应收账款净额分别为11,709.21万元、16,839.29万元、17,146.96万元和18,733.24万元，占各期末流动资产的比例分别为29.15%、39.34%、30.68%和29.95%，应收账款账面净额增长较快。报告期内，应收账款与同期营业收入的匹配情况具体如下：", "spo_list": [{"predicate": "应收账款净额", "object_type": "金额", "subject_type": "日期", "object": "11,709.21万元", "subject": "2014年末"}, {"predicate": "应收账款净额", "object_type": "金额", "subject_type": "日期", "object": "16,839.29万元", "subject": "2015年末"}, {"predicate": "应收账款净额", "object_type": "金额", "subject_type": "日期", "object": "17,146.96万元", "subject": "2016年末"}, {"predicate": "应收账款净额", "object_type": "金额", "subject_type": "日期", "object": "18,733.24万元", "subject": "2017年6月末"}]}
{"text": "2014年、2015年、2016年和2017年1-6月，公司应收账款周转率分别为4.55倍、2.84倍、3.01倍和3.63倍，应收账款的周转天数分别为80天、129天、121天和101天。2015年周转速度放缓受到国内宏观经济的影响导致客户回款普泰瑞机器股份有限公司首次公开发行股票招股说明书", "spo_list": [{"predicate": "应收账款周转率", "object_type": "比率", "subject_type": "日期", "object": "4.55倍", "subject": "2014年"}, {"predicate": "应收账款周转率", "object_type": "比率", "subject_type": "日期", "object": "2.84倍", "subject": "2015年"}, {"predicate": "应收账款周转率", "object_type": "比率", "subject_type": "日期", "object": "3.01倍", "subject": "2016年"}, {"predicate": "应收账款周转率", "object_type": "比率", "subject_type": "日期", "object": "3.63倍", "subject": "2017年1-6月"}]}
{"text": "2014年末、2015年末、2016年末和2017年6月末，公司预付款项分别为235.54万元、256.16万元、183.65万元和201.39万元，占流动资产的比例分别为0.59%、0.60%、0.33%和0.32%，占比较小。报告期内各期末，公司预付款项主要为预付的出口信用保险费、材料款、会展费等相关费用。", "spo_list": [{"predicate": "预付款项", "object_type": "金额", "subject_type": "日期", "object": "235.54万元", "subject": "2014年末"}, {"predicate": "预付款项", "object_type": "金额", "subject_type": "日期", "object": "256.16万元", "subject": "2015年末"}, {"predicate": "预付款项", "object_type": "金额", "subject_type": "日期", "object": "183.65万元", "subject": "2016年末"}, {"predicate": "预付款项", "object_type": "金额", "subject_type": "日期", "object": "201.39万元", "subject": "2017年6月末"}]}
{"text": "公司其他应收款主要由暂支款、备用金等构成。2014年末、2015年末、2016年末和2017年6月末，公司其他应收款净额分别为324.51万元、122.72万元、106.76万元和111.93万元，占流动资产的比例分别为0.81%、0.29%、0.19%和0.18%。", "spo_list": [{"predicate": "其他应收款净额", "object_type": "金额", "subject_type": "日期", "object": "324.51万元", "subject": "2014年末"}, {"predicate": "其他应收款净额", "object_type": "金额", "subject_type": "日期", "object": "122.72万元", "subject": "2015年末"}, {"predicate": "其他应收款净额", "object_type": "金额", "subject_type": "日期", "object": "106.76万元", "subject": "2016年末"}, {"predicate": "其他应收款净额", "object_type": "金额", "subject_type": "日期", "object": "111.93万元", "subject": "2017年6月末"}]}
{"text": "2014年末、2015年末、2016年末和2017年6月末，公司在建工程余额分别为295.00万元、197.82万元、659.42万元和51.16万元，占非流动资产的比例为1.57%、1.10%、3.55%和0.27%。公司在建工程项目情况如下表所示：", "spo_list": [{"predicate": "在建工程余额", "object_type": "金额", "subject_type": "日期", "object": "295.00万元", "subject": "2014年末"}, {"predicate": "在建工程余额", "object_type": "金额", "subject_type": "日期", "object": "197.82万元", "subject": "2015年末"}, {"predicate": "在建工程余额", "object_type": "金额", "subject_type": "日期", "object": "659.42万元", "subject": "2016年末"}, {"predicate": "在建工程余额", "object_type": "金额", "subject_type": "日期", "object": "51.16万元", "subject": "2017年6月末"}]}
{"text": "2014年末、2015年末、2016年末和2017年6月末，长期待摊费用余额分别为57.14万元、59.63万元、21.93万元和10.51万元，主要系2014年起泰瑞机器车间地坪重漆支出及泰瑞重机办公区装修费用，余额及占比情况如下：", "spo_list": [{"predicate": "长期待摊费用的余额", "object_type": "金额", "subject_type": "日期", "object": "57.14万元", "subject": "2014年末"}, {"predicate": "长期待摊费用的余额", "object_type": "金额", "subject_type": "日期", "object": "59.63万元", "subject": "2015年末"}, {"predicate": "长期待摊费用的余额", "object_type": "金额", "subject_type": "日期", "object": "21.93万元", "subject": "2016年末"}, {"predicate": "长期待摊费用的余额", "object_type": "金额", "subject_type": "日期", "object": "10.51万元", "subject": "2017年6月末"}]}
{"text": "2014年末、2015年末、2016年末和2017年6月末，公司的递延所得税资产账面价值分别为209.29万元、294.22万元、392.93万元和432.12万元，占非流动资产的比例分别为1.11%、1.64%、2.12%和2.25%。各报告期末，公司已确认的递延所得税资产如下：", "spo_list": [{"predicate": "递延所得税资产", "object_type": "金额", "subject_type": "日期", "object": "209.29万元", "subject": "2014年末"}, {"predicate": "递延所得税资产", "object_type": "金额", "subject_type": "日期", "object": "294.22万元", "subject": "2015年末"}, {"predicate": "递延所得税资产", "object_type": "金额", "subject_type": "日期", "object": "392.93万元", "subject": "2016年末"}, {"predicate": "递延所得税资产", "object_type": "金额", "subject_type": "日期", "object": "432.12万元", "subject": "2017年6月末"}]}
{"text": "2014年末、2015年末、2016年末和2017年6月末，公司负债总额分别为24,064.42万元、21,253.05万元、28,346.01万元及32,944.14万元。2015年末、2016年末和2017年6月末，负债总额分别较上年末增长了-11.68%、33.37%和16.22%。2015年末较2014年末负债总额下降了2,811.37万元，主要系应付票据的减少所致；2017年6月末较2016年末负债总额上升了4,598.12万元，2016年末较2015年末负债总额上升了7,092.96万元，主要系公司原材料采购量的增加带来应付账款和应付票据的增加所致。", "spo_list": [{"predicate": "总负债", "object_type": "金额", "subject_type": "日期", "object": "24,064.42万元", "subject": "2014年末"}, {"predicate": "总负债", "object_type": "金额", "subject_type": "日期", "object": "21,253.05万元", "subject": "2015年末"}, {"predicate": "总负债", "object_type": "金额", "subject_type": "日期", "object": "28,346.01万元", "subject": "2016年末"}, {"predicate": "总负债", "object_type": "金额", "subject_type": "日期", "object": "32,944.14万元", "subject": "2017年6月末"}]}
{"text": "2014年末、2015年末、2016年末和2017年6月末公司短期借款余额分别为3,181.88万元、3,000.00万元、1,500.00万元及1,000.00万元，占流动负债合计的比例分别为13.41%、14.44%、5.38%及3.07%。报告期末，短期借款均为抵押借款，用于公司日常经营活动。", "spo_list": [{"predicate": "短期借款余额", "object_type": "金额", "subject_type": "日期", "object": "3,181.88万元", "subject": "2014年末"}, {"predicate": "短期借款余额", "object_type": "金额", "subject_type": "日期", "object": "3,000.00万元", "subject": "2015年末"}, {"predicate": "短期借款余额", "object_type": "金额", "subject_type": "日期", "object": "1,500.00万元", "subject": "2016年末"}, {"predicate": "短期借款余额", "object_type": "金额", "subject_type": "日期", "object": "1,000.00万元", "subject": "2017年6月末"}]}
{"text": "2014年末、2015年末、2016年末和2017年6月末公司应付账款余额分别为11,401.27万元、12,679.83万元、16,400.21万元和20,244.09万元，占流动负债合计的比例分别为48.05%、61.04%、58.77%和62.24%。公司应付账款和应付票据合计与公司经营和采购规模基本一致。公司应付账款账龄绝大部分在一年以内。", "spo_list": [{"predicate": "应付账款余额", "object_type": "金额", "subject_type": "日期", "object": "11,401.27万元", "subject": "2014年末"}, {"predicate": "应付账款余额", "object_type": "金额", "subject_type": "日期", "object": "12,679.83万元", "subject": "2015年末"}, {"predicate": "应付账款余额", "object_type": "金额", "subject_type": "日期", "object": "16,400.21万元", "subject": "2016年末"}, {"predicate": "应付账款余额", "object_type": "金额", "subject_type": "日期", "object": "20,244.09万元", "subject": "2017年6月末"}]}
{"text": "2014年末、2015年末、2016年末和2017年6月末，公司预收款项余额分别为931.61万元、953.04万元、2,313.46万元和2,716.29万元，占流动负债合计泰瑞机器股份有限公司首次公开发行股票招股说明书", "spo_list": [{"predicate": "预收款项余额", "object_type": "金额", "subject_type": "日期", "object": "931.61万元", "subject": "2014年末"}, {"predicate": "预收款项余额", "object_type": "金额", "subject_type": "日期", "object": "953.04万元", "subject": "2015年末"}, {"predicate": "预收款项余额", "object_type": "金额", "subject_type": "日期", "object": "2,313.46万元", "subject": "2016年末"}, {"predicate": "预收款项余额", "object_type": "金额", "subject_type": "日期", "object": "2,716.29万元", "subject": "2017年6月末"}]}
{"text": "2014年末、2015年末、2016年末和2017年6月末公司应付职工薪酬余额分别为685.12万元、699.95万元、801.69万元和724.60万元，占流动负债合计的比例分别2.89%、3.37%、2.87%和2.23%。公司应付职工薪酬主要为短期薪酬，主要包括工资、奖金、津贴和补贴，及职工奖励和福利基金。截至2017年6月末，公司应付职工薪酬中不存在拖欠性质的款项。", "spo_list": [{"predicate": "应付职工薪酬余额", "object_type": "金额", "subject_type": "日期", "object": "685.12万元", "subject": "2014年末"}, {"predicate": "应付职工薪酬余额", "object_type": "金额", "subject_type": "日期", "object": "699.95万元", "subject": "2015年末"}, {"predicate": "应付职工薪酬余额", "object_type": "金额", "subject_type": "日期", "object": "801.69万元", "subject": "2016年末"}, {"predicate": "应付职工薪酬余额", "object_type": "金额", "subject_type": "日期", "object": "724.60万元", "subject": "2017年6月"}]}
{"text": "2014年末、2015年末、2016年末和2017年6月末公司应交税费余额分别为540.89万元、595.90万元、817.72万元和540.45万元，占流动负债合计的比例分别为2.28%、2.87%、2.93%和1.66%。", "spo_list": [{"predicate": "应交税费余额", "object_type": "金额", "subject_type": "日期", "object": "540.89万元", "subject": "2014年末"}, {"predicate": "应交税费余额", "object_type": "金额", "subject_type": "日期", "object": "595.90万元", "subject": "2015年末"}, {"predicate": "应交税费余额", "object_type": "金额", "subject_type": "日期", "object": "817.72万元", "subject": "2016年末"}, {"predicate": "应交税费余额", "object_type": "金额", "subject_type": "日期", "object": "540.45万元", "subject": "2017年6月末"}]}
{"text": "2014年末、2015年末、2016年末和2017年6月末公司其他应付款余额分别为167.22万元、136.17万元、355.10万元和514.83万元，占流动负债合计的比例分别为0.70%、0.66%、1.27%和1.58%。公司其他应付款主要为应付的销售服务费等。", "spo_list": [{"predicate": "应交税费余额", "object_type": "金额", "subject_type": "日期", "object": "167.22万元", "subject": "2014年末"}, {"predicate": "应交税费余额", "object_type": "金额", "subject_type": "日期", "object": "136.17万元", "subject": "2015年末"}, {"predicate": "应交税费余额", "object_type": "金额", "subject_type": "日期", "object": "355.10万元", "subject": "2016年末"}, {"predicate": "应交税费余额", "object_type": "金额", "subject_type": "日期", "object": "514.83万元", "subject": "2017年6月末"}]}
{"text": "2014年末、2015年末、2016年末和2017年6月末，公司资产负债率（母公司）分别为39.52%、34.06%、37.53%和40.23%，负债水平合理。", "spo_list": [{"predicate": "资产负债率", "object_type": "比率", "subject_type": "公司", "object": "39.52%", "subject": "母公司"}, {"predicate": "资产负债率", "object_type": "比率", "subject_type": "公司", "object": "34.06%", "subject": "母公司"}, {"predicate": "资产负债率", "object_type": "比率", "subject_type": "公司", "object": "37.53%", "subject": "母公司"}, {"predicate": "资产负债率", "object_type": "比率", "subject_type": "公司", "object": "40.23%", "subject": "母公司"}]}
{"text": "报告期内，公司息税折旧摊销前利润总体保持上升，2014年度、2015年度、2016年度和2017年1-6月，公司息税折旧摊销前利润分别9,309.84万元、7,657.24万元、10,106.57万元和5,345.18万元；利息保障倍数分别为48.21倍、53.46倍、64.10倍和144.51倍，利息保障倍数保持较高水平，说明公司的借款利息支出占公司经营利润的比例较小，公司息税折旧摊销前利润完全可以足额偿还借款利息。", "spo_list": [{"predicate": "息税折旧摊销前利润", "object_type": "金额", "subject_type": "日期", "object": "9,309.84万元", "subject": "2014年度"}, {"predicate": "息税折旧摊销前利润", "object_type": "金额", "subject_type": "日期", "object": "7,657.24万元", "subject": "2015年度"}, {"predicate": "息税折旧摊销前利润", "object_type": "金额", "subject_type": "日期", "object": "10,106.57万元", "subject": "2016年度"}, {"predicate": "息税折旧摊销前利润", "object_type": "金额", "subject_type": "日期", "object": "5,345.18万元", "subject": "2017年1-6月"}]}
{"text": "2014年度、2015年度、2016年度和2017年1-6月，公司营业收入分别为46,733.71万元、40,517.23万元、51,212.01万元和32,554.93万元，2015年度、2016年度和2017年1-6月营业收入分别较上年同期增长-13.30%、26.40%和54.04%。", "spo_list": [{"predicate": "营业收入", "object_type": "金额", "subject_type": "日期", "object": "46,733.71万元", "subject": "2014年度"}, {"predicate": "营业收入", "object_type": "金额", "subject_type": "日期", "object": "40,517.23万元", "subject": "2015年度"}, {"predicate": "营业收入", "object_type": "金额", "subject_type": "日期", "object": "51,212.01万元", "subject": "2016年度"}, {"predicate": "营业收入", "object_type": "金额", "subject_type": "日期", "object": "32,554.93万元", "subject": "2017年1-6月"}]}
{"text": "2014年度、2015年度、2016年度和2017年1-6月，公司主营业务收入分别为46,714.13万元、40,511.79万元、51,209.37万元和32,554.93万元，2017年1-6月、2016年度主营业务收入持续增长，2015年度主营业务收入因受到宏观经济因素影响出现一定幅度的下降，公司利润与主营业务收入呈现正相关变动。", "spo_list": [{"predicate": "主营业务收入", "object_type": "金额", "subject_type": "日期", "object": "46,714.13万元", "subject": "2014年度"}, {"predicate": "主营业务收入", "object_type": "金额", "subject_type": "日期", "object": "40,511.79万元", "subject": "2015年度"}, {"predicate": "主营业务收入", "object_type": "金额", "subject_type": "日期", "object": "51,209.37万元", "subject": "2016年度"}, {"predicate": "主营业务收入", "object_type": "金额", "subject_type": "日期", "object": "32,554.93万元", "subject": "2017年1-6月"}]}
{"text": "2014年度、2015年度、2016年度和2017年1-6月，公司税金及附加分别为264.02万元、285.97万元、476.40万元和302.58万元，占营业收入的比例分别为0.56%、0.71%、0.93%和0.93%。报告期内，税金及附加随营业收入尤其是内销收入的增长而相应增长。此外，2016年占比提高还有一部分原因系根据财政部《增值税会计处理规定》（财会〔2016〕22号）以及《关于<增值税会计处理规定>有关问题的解读》规定公司将2016年5月之后的土地使用税、房产税和印花税的发生额列报于“税金及附加”项目核算所致，2016年5月之前的发生额仍列报于“管理费用”项目。具体税收政策详见本招股说明书“第十节财务会计信息”之“五、发行人适用的主要税收政策及享受的主要财税优惠政策”之“（一）发行人适用的主要税种及税率”的部分。", "spo_list": [{"predicate": "税金及附加", "object_type": "金额", "subject_type": "日期", "object": "264.02万元", "subject": "2014年度"}, {"predicate": "税金及附加", "object_type": "金额", "subject_type": "日期", "object": "285.97万元", "subject": "2015年度"}, {"predicate": "税金及附加", "object_type": "金额", "subject_type": "日期", "object": "476.40万元", "subject": "2016年度"}, {"predicate": "税金及附加", "object_type": "金额", "subject_type": "日期", "object": "302.58万元", "subject": "2017年1-6月"}]}
{"text": "2014年度、2015年度、2016年度和2017年1-6月，公司销售费用分别为3,640.25万元、4,032.19万元、4,883.34万元和2,540.26万元，占营业收入的比例分别为7.79%、9.95%、9.54%和7.80%，报告期内，销售费用保持增长。", "spo_list": [{"predicate": "销售费用", "object_type": "金额", "subject_type": "日期", "object": "3,640.25万元", "subject": "2014年度"}, {"predicate": "销售费用", "object_type": "金额", "subject_type": "日期", "object": "4,032.19万元", "subject": "2015年度"}, {"predicate": "销售费用", "object_type": "金额", "subject_type": "日期", "object": "4,883.34万元", "subject": "2016年度"}, {"predicate": "销售费用", "object_type": "金额", "subject_type": "日期", "object": "2,540.26万元", "subject": "2017年1-6月"}]}
{"text": "2014年度、2015年度、2016年度和2017年1-6月，公司管理费用分别为3,353.80万元、3,572.10万元、3,579.42万元和2,323.59万元，占营业收入的比例分别为7.18%、8.82%、6.99%和7.14%。报告期内，公司管理费用金额保持稳定。", "spo_list": [{"predicate": "管理费用", "object_type": "金额", "subject_type": "日期", "object": "3,353.80万元", "subject": "2014年度"}, {"predicate": "管理费用", "object_type": "金额", "subject_type": "日期", "object": "3,572.10万元", "subject": "2015年度"}, {"predicate": "管理费用", "object_type": "金额", "subject_type": "日期", "object": "3,579.42万元", "subject": "2016年度"}, {"predicate": "管理费用", "object_type": "金额", "subject_type": "日期", "object": "2,323.59万元", "subject": "2017年1-6月"}]}
{"text": "报告期内，公司研发费用分别为2,032.89万元、2,125.98万元、2,296.76万元及1,387.50万元，主要由研发人员工资、研发材料费用、研发设备折旧和无形泰瑞机器股份有限公司首次公开发行股票招股说明书", "spo_list": [{"predicate": "研发费用", "object_type": "金额", "subject_type": "日期", "object": "2,032.89万元", "subject": "报告期内"}, {"predicate": "研发费用", "object_type": "金额", "subject_type": "日期", "object": "2,125.98万元", "subject": "报告期内"}, {"predicate": "研发费用", "object_type": "金额", "subject_type": "日期", "object": "2,296.76万元", "subject": "报告期内"}, {"predicate": "研发费用", "object_type": "金额", "subject_type": "日期", "object": "1,387.50万元", "subject": "报告期内"}]}
{"text": "2014年度、2015年度、2016年度和2017年1-6月，公司投资活动产生的现金流量净额分别为-2,169.19万元、-664.96万元、-2,162.00万元和-1,763.65万元。报告期内投资性现金流量持续为负数的主要原因是公司为提高和满足自身的生产供应能力、产品质量，而以自有资金对公司办公楼进行装修、子公司泰瑞重机进行的厂房改扩建及增加生产设备投资。具体情况详见本节之“四、资本性支出的分析”部分。", "spo_list": [{"predicate": "投资活动产生的现金流量净额", "object_type": "金额", "subject_type": "日期", "object": "-2,169.19万元", "subject": "2014年度"}, {"predicate": "投资活动产生的现金流量净额", "object_type": "金额", "subject_type": "日期", "object": "-664.96万元", "subject": "2015年度"}, {"predicate": "投资活动产生的现金流量净额", "object_type": "金额", "subject_type": "日期", "object": "、-2,162.00万元", "subject": "2016年度"}, {"predicate": "投资活动产生的现金流量净额", "object_type": "金额", "subject_type": "日期", "object": "-1,763.65万元", "subject": "2017年1-6月"}]}
{"text": "2014年度、2015年度、2016年度和2017年1-6月，公司筹资活动产生的现金流量净额分别为-2,568.41万元、-1,139.29万元、-2,403.83万元和-1,756.20万元，主要是由银行借款等债权筹资额的净减少引起。", "spo_list": [{"predicate": "筹资活动产生的现金流量净额", "object_type": "金额", "subject_type": "日期", "object": "-2,568.41万元", "subject": "2014年度"}, {"predicate": "筹资活动产生的现金流量净额", "object_type": "金额", "subject_type": "日期", "object": "-1,139.29万元", "subject": "2015年度"}, {"predicate": "筹资活动产生的现金流量净额", "object_type": "金额", "subject_type": "日期", "object": "-2,403.83万元", "subject": "2016年度"}, {"predicate": "筹资活动产生的现金流量净额", "object_type": "金额", "subject_type": "日期", "object": "-1,756.20万元", "subject": "2017年1-6月"}]}
{"text": "2015年4月15日，公司董事会审议通过《关于审议2015年公司拟提供日常对外担保的议案》，2015年公司拟提供日常对外担保累计发生额人民币8,000万元，日常对外担保包括：客户以银行按揭贷款方式购买公司注塑机等相关产品，公司对客户的按揭贷款提供对外担保。客户按揭贷款一般以12个月期、18个月期、24个月期不等，均采用每月等额本息还款方式归还银行贷款。", "spo_list": [{"predicate": "会议召开日期", "object_type": "日期", "subject_type": "公司", "object": "2015年4月15日", "subject": "公司"}]}
{"text": "2016年3月1日，公司董事会审议通过《关于审议2016年公司拟提供日常对外担保的议案》，2016年公司拟提供日常对外担保累计发生额人民币8,000万元，主要是买方信贷项下两类形式的对外担保：第一类，客户以银行按揭贷款方式购买公司注塑机等相关产品，公司对客户的按揭贷款提供对外担保。客户按揭贷款一般以12个月期、18个月期、24个月期不等，均采用每月等额本息还款方式归还银行贷款。第二类，客户引入融资租赁公司，融资租赁公司作为购买方购买公司注塑机等相关产品，客户以融资租赁方式向融资租赁公司租赁公司注塑机产品，公司对客户的融资租赁费提供对外担保。客户融资租赁期限一般18个月期、24个月期、36个月期不等，均采用每月等额支付融资租赁费用。", "spo_list": [{"predicate": "会议召开日期", "object_type": "公司", "subject_type": "日期", "object": "公司", "subject": "2016年3月1日"}]}
{"text": "2016年10月11日，公司董事会审议通过《关于审议追加2016年度公司提供日常对外担保金额的议案》及《关于与中国农业银行有限公司下沙支行开展金穗贷记卡专项商户分期付款业务的议案》,在2016年度公司拟提供日常对外担保累积发生额人民币8,000万元的基础上，根据公司章程和《对外担保管理制度》，拟追加2016年度公司提供日常对外担保金额不超过2000万元人民币，即2016年度提供日常对外担保累计发生额不超过1亿元人民币。同时，“买方信贷”方式又引入中国农业银行股份有限公司下沙支行“金穗贷记卡专项商户分期付款业务”第三类形式。", "spo_list": [{"predicate": "会议召开日期", "object_type": "日期", "subject_type": "公司", "object": "2016年10月11日", "subject": "公司"}]}
{"text": "2017年2月23日，公司董事会审议通过《关于审议公司2017年度拟提供日常对外担保的议案》，2017年公司拟提供日常对外担保累计发生额人民币20,000万元，日常对外担保包括：（1）客户以银行按揭贷款方式购买公司注塑机等相关产品，公司对客户的按揭贷款提供对外担保。客户按揭贷款一般以12个月期、18个月期、24个月期不等，均采用每月等额本息还款方式归还银行贷款。（2）客户引入融资租赁公司，融资租赁公司作为购买方购买公司注塑机等相关产品，客户以融资租赁方式向融资租赁公司租赁公司注塑机产品，公司对客户的融资租赁费提供对外担保。客户融资租赁期限一般以12个月期、18个月期、24个月期、30个月期、36个月期不等，均采用每月等额支付融资租赁费用。（3）金穗贷记卡专项商户分期付款业务，中国农业银行股份有限公司下沙支行提供专项商户分期额度，供持卡人购买公司注塑机及周边设备，并按照约定按期偿还分期金额，公司为持卡人提供专项商户分期付款业务全程连带担保责任的业务。贷记卡分期一般以12个月期、18个月期、24个月期、36个月期不等，均采用每月等额还款方式归还银行贷款。", "spo_list": [{"predicate": "会议召开日期", "object_type": "日期", "subject_type": "公司", "object": "2017年2月23日", "subject": "公司"}]}
{"text": "2015年9月30日，公司2015年第二次临时股东大会审议并通过了《有关公司上市后三年分红回报规划的议案》，公司未来分红规划如下：", "spo_list": [{"predicate": "会议召开日期", "object_type": "日期", "subject_type": "公司", "object": "2015年9月30日", "subject": "公司"}]}
{"text": "公司属于注塑机制造行业，下游市场规模较大，具有广阔的市场前景。公司报告期内盈利能力良好，2014年、2015年、2016年及2017年1-6月，公司营业收入分别为46,733.71万元、40,517.23万元、51,212.01万元和32,554.93万元；扣除非经常性损益后归属于母公司股东的净利润分别为6,361.14万元、4,980.86万元、6,949.81万元和3,835.40万元。稳定的行业发展前景及公司良好的经营业绩为实施持续稳定的股利分配政策奠定了基础。", "spo_list": [{"predicate": "营业收入", "object_type": "金额", "subject_type": "日期", "object": "46,733.71万元", "subject": "2014年"}, {"predicate": "营业收入", "object_type": "金额", "subject_type": "日期", "object": "40,517.23万元", "subject": "2015年"}, {"predicate": "营业收入", "object_type": "金额", "subject_type": "日期", "object": "51,212.01万元", "subject": "2016年"}, {"predicate": "营业收入", "object_type": "金额", "subject_type": "日期", "object": "32,554.93万元", "subject": "2017年1-6月"}]}
